step,agent_daily_return,transaction_penality,agent_cumulative_return,benchmark_cumulative_return,weight_AAPL,weight_AMT,weight_AMZN,weight_BRK-B,weight_CAT,weight_COST,weight_CVX,weight_DBC,weight_GLD,weight_GOOG,weight_JPM,weight_LIN,weight_LLY,weight_MSFT,weight_NEE,weight_PG,weight_UNH,weight_UNP,weight_V,weight_WMT,weight_XOM,benchmark_daily_return
0,-0.011472628451883793,0.0,-0.011472628451883793,-0.006390832364559174,0.10000000149011612,0.10000000149011612,0.0,0.10000000149011612,0.0,0.10000000149011612,0.0,0.0,0.0,0.0,0.0,0.0,0.10000000149011612,0.10000000149011612,0.10000000149011612,0.10000000149011612,0.0,0.10000000149011612,0.10000000149011612,0.0,0.0,
1,-0.005510299000889063,0.0,-0.016919709742069244,-0.009554513730108738,0.10000000149011612,0.10000000149011612,0.0,0.10000000149011612,0.0,0.10000000149011612,0.0,0.0,0.0,0.0,0.0,0.0,0.10000000149011612,0.10000000149011612,0.10000000149011612,0.10000000149011612,0.0,0.10000000149011612,0.10000000149011612,0.0,0.0,-0.0031840299673143724
2,-0.006479754112660885,0.0,-0.02328982762992382,-0.012019048444926739,0.10000000149011612,0.10000000149011612,0.0,0.10000000149011612,0.0,0.10000000149011612,0.0,0.0,0.0,0.0,0.0,0.0,0.10000000149011612,0.10000000149011612,0.10000000149011612,0.10000000149011612,0.0,0.10000000149011612,0.10000000149011612,0.0,0.0,-0.0024883093001913936
3,0.020338384434580803,0.0,-0.0034251215402036905,0.00135676353238523,0.10000000149011612,0.10000000149011612,0.0,0.10000000149011612,0.0,0.10000000149011612,0.0,0.0,0.0,0.0,0.0,0.0,0.10000000149011612,0.10000000149011612,0.10000000149011612,0.10000000149011612,0.0,0.10000000149011612,0.10000000149011612,0.0,0.0,0.013538532252325819
4,0.010577431879937649,0.0,0.0071160816587507725,0.012957037426531315,0.10000000149011612,0.10000000149011612,0.0,0.10000000149011612,0.0,0.10000000149011612,0.0,0.0,0.0,0.0,0.0,0.0,0.10000000149011612,0.10000000149011612,0.10000000149011612,0.10000000149011612,0.0,0.10000000149011612,0.10000000149011612,0.0,0.0,0.011584556390496603
5,0.0014408630086109042,0.0,0.008567198179662228,0.013017741963267326,0.10000000149011612,0.10000000149011612,0.0,0.10000000149011612,0.0,0.10000000149011612,0.0,0.0,0.0,0.0,0.0,0.0,0.10000000149011612,0.10000000149011612,0.10000000149011612,0.10000000149011612,0.0,0.10000000149011612,0.10000000149011612,0.0,0.0,5.992804679078034e-05
6,-0.016165893524885178,0.0,-0.007737193256616592,-0.003349473001435399,0.10000000149011612,0.10000000149011612,0.0,0.10000000149011612,0.0,0.10000000149011612,0.0,0.0,0.0,0.0,0.0,0.0,0.10000000149011612,0.10000000149011612,0.10000000149011612,0.10000000149011612,0.0,0.10000000149011612,0.10000000149011612,0.0,0.0,-0.016156888755948562
7,0.006720657926052809,0.0,-0.0010685340967029333,0.0003823897859547287,0.10000000149011612,0.10000000149011612,0.0,0.10000000149011612,0.0,0.10000000149011612,0.0,0.0,0.0,0.0,0.0,0.0,0.10000000149011612,0.10000000149011612,0.10000000149011612,0.10000000149011612,0.0,0.10000000149011612,0.10000000149011612,0.0,0.0,0.003744404569401727
8,-0.01406104490160942,0.0,-0.0151145551353693,-0.016806310042738914,0.10000000149011612,0.10000000149011612,0.0,0.10000000149011612,0.0,0.10000000149011612,0.0,0.0,0.0,0.0,0.0,0.0,0.10000000149011612,0.10000000149011612,0.10000000149011612,0.10000000149011612,0.0,0.10000000149011612,0.10000000149011612,0.0,0.0,-0.017182129557849812
9,-0.011985531076788902,0.0,-0.0269189290702343,-0.030177248641848564,0.10000000149011612,0.10000000149011612,0.0,0.10000000149011612,0.0,0.10000000149011612,0.0,0.0,0.0,0.0,0.0,0.0,0.10000000149011612,0.10000000149011612,0.10000000149011612,0.10000000149011612,0.0,0.10000000149011612,0.10000000149011612,0.0,0.0,-0.013599495944375817
10,0.021026697009801865,0.0,-0.006458249408751726,-0.011900903657078743,0.10000000149011612,0.10000000149011612,0.0,0.10000000149011612,0.0,0.10000000149011612,0.0,0.0,0.0,0.0,0.0,0.0,0.10000000149011612,0.10000000149011612,0.10000000149011612,0.10000000149011612,0.0,0.10000000149011612,0.10000000149011612,0.0,0.0,0.018845036331819776
11,-0.0033010400366038084,0.0,-0.009737970307469368,-0.02246982790529728,0.10000000149011612,0.10000000149011612,0.0,0.10000000149011612,0.0,0.10000000149011612,0.0,0.0,0.0,0.0,0.0,0.0,0.10000000149011612,0.10000000149011612,0.10000000149011612,0.10000000149011612,0.0,0.10000000149011612,0.10000000149011612,0.0,0.0,-0.010696218919069356
12,0.008904173970222473,0.0,-0.0009205053211189806,-0.019790811464190483,0.10000000149011612,0.10000000149011612,0.0,0.10000000149011612,0.0,0.10000000149011612,0.0,0.0,0.0,0.0,0.0,0.0,0.10000000149011612,0.10000000149011612,0.10000000149011612,0.10000000149011612,0.0,0.10000000149011612,0.10000000149011612,0.0,0.0,0.002740597188285232
13,0.015155879780650139,0.0,0.01422142330557108,-0.003931006882339716,0.10000000149011612,0.10000000149011612,0.0,0.10000000149011612,0.0,0.10000000149011612,0.0,0.0,0.0,0.0,0.0,0.0,0.10000000149011612,0.10000000149011612,0.10000000149011612,0.10000000149011612,0.0,0.10000000149011612,0.10000000149011612,0.0,0.0,0.0161800203133593
14,-0.006980479694902897,0.0,0.007141671609133482,-0.008777251467108727,0.10000000149011612,0.10000000149011612,0.0,0.10000000149011612,0.0,0.10000000149011612,0.0,0.0,0.0,0.0,0.0,0.0,0.10000000149011612,0.10000000149011612,0.10000000149011612,0.10000000149011612,0.0,0.10000000149011612,0.10000000149011612,0.0,0.0,-0.0048653703892542755
15,0.011293463408946991,0.0,0.01851578988134861,0.006220893934369087,0.10000000149011612,0.10000000149011612,0.0,0.10000000149011612,0.0,0.10000000149011612,0.0,0.0,0.0,0.0,0.0,0.0,0.10000000149011612,0.10000000149011612,0.10000000149011612,0.10000000149011612,0.0,0.10000000149011612,0.10000000149011612,0.0,0.0,0.015130953586039553
16,-0.006708675529807806,0.0,0.011682897806167603,0.007269564084708691,0.10000000149011612,0.10000000149011612,0.0,0.10000000149011612,0.0,0.10000000149011612,0.0,0.0,0.0,0.0,0.0,0.0,0.10000000149011612,0.10000000149011612,0.10000000149011612,0.10000000149011612,0.0,0.10000000149011612,0.10000000149011612,0.0,0.0,0.0010421868166932136
17,-0.005512578878551722,0.0,0.006105915643274784,0.001992247300222516,0.10000000149011612,0.10000000149011612,0.0,0.10000000149011612,0.0,0.10000000149011612,0.0,0.0,0.0,0.0,0.0,0.0,0.10000000149011612,0.10000000149011612,0.10000000149011612,0.10000000149011612,0.0,0.10000000149011612,0.10000000149011612,0.0,0.0,-0.005239229867211925
18,-0.0038832693826407194,0.0,0.002198935253545642,-0.006663316860795021,0.10000000149011612,0.10000000149011612,0.0,0.10000000149011612,0.0,0.10000000149011612,0.0,0.0,0.0,0.0,0.0,0.0,0.10000000149011612,0.10000000149011612,0.10000000149011612,0.10000000149011612,0.0,0.10000000149011612,0.10000000149011612,0.0,0.0,-0.008638354422740413
19,0.01812138222157955,0.0,0.02036016434431076,0.008119423873722553,0.10000000149011612,0.10000000149011612,0.0,0.10000000149011612,0.0,0.10000000149011612,0.0,0.0,0.0,0.0,0.0,0.0,0.10000000149011612,0.10000000149011612,0.10000000149011612,0.10000000149011612,0.0,0.10000000149011612,0.10000000149011612,0.0,0.0,0.014881903573519706
20,-0.0044031450524926186,0.0,0.01586737111210823,0.006951550953090191,0.10000000149011612,0.10000000149011612,0.0,0.10000000149011612,0.0,0.10000000149011612,0.0,0.0,0.0,0.0,0.0,0.0,0.10000000149011612,0.10000000149011612,0.10000000149011612,0.10000000149011612,0.0,0.10000000149011612,0.10000000149011612,0.0,0.0,-0.001158466837336336
21,0.007798017933964729,0.0,0.023789122700691223,0.015269214287400246,0.10000000149011612,0.10000000149011612,0.0,0.10000000149011612,0.0,0.10000000149011612,0.0,0.0,0.0,0.0,0.0,0.0,0.10000000149011612,0.10000000149011612,0.10000000149011612,0.10000000149011612,0.0,0.10000000149011612,0.10000000149011612,0.0,0.0,0.00826024184225882
22,0.009889153763651848,0.0,0.03391353040933609,0.0217268243432045,0.10000000149011612,0.10000000149011612,0.0,0.10000000149011612,0.0,0.10000000149011612,0.0,0.0,0.0,0.0,0.0,0.0,0.10000000149011612,0.10000000149011612,0.10000000149011612,0.10000000149011612,0.0,0.10000000149011612,0.10000000149011612,0.0,0.0,0.006360490365441285
23,0.002120761666446924,0.0,0.03610621392726898,0.024883950129151344,0.10000000149011612,0.10000000149011612,0.0,0.10000000149011612,0.0,0.10000000149011612,0.0,0.0,0.0,0.0,0.0,0.0,0.10000000149011612,0.10000000149011612,0.10000000149011612,0.10000000149011612,0.0,0.10000000149011612,0.10000000149011612,0.0,0.0,0.0030899901135279517
24,0.0072339060716331005,5.999999848427251e-05,0.0435391440987587,0.03720629960298538,0.0,0.10000000149011612,0.0,0.10000000149011612,0.0,0.10000000149011612,0.0,0.0,0.0,0.0,0.0,0.10000000149011612,0.10000000149011612,0.10000000149011612,0.10000000149011612,0.10000000149011612,0.0,0.10000000149011612,0.10000000149011612,0.0,0.0,0.012023165620147713
25,0.005196162965148687,0.0,0.048961542546749115,0.044638101011514664,0.0,0.10000000149011612,0.0,0.10000000149011612,0.0,0.10000000149011612,0.0,0.0,0.0,0.0,0.0,0.10000000149011612,0.10000000149011612,0.10000000149011612,0.10000000149011612,0.10000000149011612,0.0,0.10000000149011612,0.10000000149011612,0.0,0.0,0.007165210442102055
26,0.0003100631001871079,0.0,0.04928678646683693,0.0415148064494133,0.0,0.10000000149011612,0.0,0.10000000149011612,0.0,0.10000000149011612,0.0,0.0,0.0,0.0,0.0,0.10000000149011612,0.10000000149011612,0.10000000149011612,0.10000000149011612,0.10000000149011612,0.0,0.10000000149011612,0.10000000149011612,0.0,0.0,-0.0029898340478651253
27,-0.0006261778762564063,0.0,0.048629749566316605,0.04036731272935867,0.0,0.10000000149011612,0.0,0.10000000149011612,0.0,0.10000000149011612,0.0,0.0,0.0,0.0,0.0,0.10000000149011612,0.10000000149011612,0.10000000149011612,0.10000000149011612,0.10000000149011612,0.0,0.10000000149011612,0.10000000149011612,0.0,0.0,-0.0011017545914363547
28,0.004986689891666174,0.0,0.05385893955826759,0.04139168560504913,0.0,0.10000000149011612,0.0,0.10000000149011612,0.0,0.10000000149011612,0.0,0.0,0.0,0.0,0.0,0.10000000149011612,0.10000000149011612,0.10000000149011612,0.10000000149011612,0.10000000149011612,0.0,0.10000000149011612,0.10000000149011612,0.0,0.0,0.0009846261634298692
29,0.005393402185291052,0.0,0.05954282358288765,0.04746651276946068,0.0,0.10000000149011612,0.0,0.10000000149011612,0.0,0.10000000149011612,0.0,0.0,0.0,0.0,0.0,0.10000000149011612,0.10000000149011612,0.10000000149011612,0.10000000149011612,0.10000000149011612,0.0,0.10000000149011612,0.10000000149011612,0.0,0.0,0.0058333739825107145
30,0.0043690693564713,0.0,0.06417204439640045,0.053337212651968,0.0,0.10000000149011612,0.0,0.10000000149011612,0.0,0.10000000149011612,0.0,0.0,0.0,0.0,0.0,0.10000000149011612,0.10000000149011612,0.10000000149011612,0.10000000149011612,0.10000000149011612,0.0,0.10000000149011612,0.10000000149011612,0.0,0.0,0.005604665935319941
31,-0.000998916570097208,0.0,0.06310902535915375,0.051114000380039215,0.0,0.10000000149011612,0.0,0.10000000149011612,0.0,0.10000000149011612,0.0,0.0,0.0,0.0,0.0,0.10000000149011612,0.10000000149011612,0.10000000149011612,0.10000000149011612,0.10000000149011612,0.0,0.10000000149011612,0.10000000149011612,0.0,0.0,-0.0021106367886989386
32,0.00568414106965065,0.0,0.06915188580751419,0.060520533472299576,0.0,0.10000000149011612,0.0,0.10000000149011612,0.0,0.10000000149011612,0.0,0.0,0.0,0.0,0.0,0.10000000149011612,0.10000000149011612,0.10000000149011612,0.10000000149011612,0.10000000149011612,0.0,0.10000000149011612,0.10000000149011612,0.0,0.0,0.00894910836394458
33,0.0001571815082570538,0.0,0.06931993365287781,0.060185376554727554,0.0,0.10000000149011612,0.0,0.10000000149011612,0.0,0.10000000149011612,0.0,0.0,0.0,0.0,0.0,0.10000000149011612,0.10000000149011612,0.10000000149011612,0.10000000149011612,0.10000000149011612,0.0,0.10000000149011612,0.10000000149011612,0.0,0.0,-0.00031603057837514825
34,0.004685557913035154,0.0,0.07433029264211655,0.06298516690731049,0.0,0.10000000149011612,0.0,0.10000000149011612,0.0,0.10000000149011612,0.0,0.0,0.0,0.0,0.0,0.10000000149011612,0.10000000149011612,0.10000000149011612,0.10000000149011612,0.10000000149011612,0.0,0.10000000149011612,0.10000000149011612,0.0,0.0,0.0026408498122105772
35,-0.0053589255549013615,0.0,0.06857303529977798,0.05748123675584793,0.0,0.10000000149011612,0.0,0.10000000149011612,0.0,0.10000000149011612,0.0,0.0,0.0,0.0,0.0,0.10000000149011612,0.10000000149011612,0.10000000149011612,0.10000000149011612,0.10000000149011612,0.0,0.10000000149011612,0.10000000149011612,0.0,0.0,-0.005177805225143328
36,0.001779606333002448,0.0,0.07047467678785324,0.056268930435180664,0.0,0.10000000149011612,0.0,0.10000000149011612,0.0,0.10000000149011612,0.0,0.0,0.0,0.0,0.0,0.10000000149011612,0.10000000149011612,0.10000000149011612,0.10000000149011612,0.10000000149011612,0.0,0.10000000149011612,0.10000000149011612,0.0,0.0,-0.0011464092964773576
37,0.009760823100805283,0.0,0.08092339336872101,0.06438271701335907,0.0,0.10000000149011612,0.0,0.10000000149011612,0.0,0.10000000149011612,0.0,0.0,0.0,0.0,0.0,0.10000000149011612,0.10000000149011612,0.10000000149011612,0.10000000149011612,0.10000000149011612,0.0,0.10000000149011612,0.10000000149011612,0.0,0.0,0.007681553763808635
38,-0.0033579340670257807,0.0,0.07729372382164001,0.06179714947938919,0.0,0.10000000149011612,0.0,0.10000000149011612,0.0,0.10000000149011612,0.0,0.0,0.0,0.0,0.0,0.10000000149011612,0.10000000149011612,0.10000000149011612,0.10000000149011612,0.10000000149011612,0.0,0.10000000149011612,0.10000000149011612,0.0,0.0,-0.002429170910652312
39,-0.0006883777095936239,0.0,0.0765521377325058,0.0634826272726059,0.0,0.10000000149011612,0.0,0.10000000149011612,0.0,0.10000000149011612,0.0,0.0,0.0,0.0,0.0,0.10000000149011612,0.10000000149011612,0.10000000149011612,0.10000000149011612,0.10000000149011612,0.0,0.10000000149011612,0.10000000149011612,0.0,0.0,0.0015873821040517377
40,-0.003734125290066004,0.0,0.07253215461969376,0.05607078969478607,0.0,0.10000000149011612,0.0,0.10000000149011612,0.0,0.10000000149011612,0.0,0.0,0.0,0.0,0.0,0.10000000149011612,0.10000000149011612,0.10000000149011612,0.10000000149011612,0.10000000149011612,0.0,0.10000000149011612,0.10000000149011612,0.0,0.0,-0.006969401650526397
41,-0.005286473780870438,0.0,0.06686224043369293,0.050587184727191925,0.0,0.10000000149011612,0.0,0.10000000149011612,0.0,0.10000000149011612,0.0,0.0,0.0,0.0,0.0,0.10000000149011612,0.10000000149011612,0.10000000149011612,0.10000000149011612,0.10000000149011612,0.0,0.10000000149011612,0.10000000149011612,0.0,0.0,-0.005192459654318249
42,0.014645740389823914,5.999999848427251e-05,0.08242321759462357,0.06074904650449753,0.0,0.10000000149011612,0.0,0.10000000149011612,0.0,0.10000000149011612,0.0,0.0,0.0,0.10000000149011612,0.0,0.0,0.10000000149011612,0.10000000149011612,0.10000000149011612,0.10000000149011612,0.0,0.10000000149011612,0.10000000149011612,0.0,0.0,0.009672554477184514
43,0.004694158211350441,0.0,0.08750428259372711,0.06785156577825546,0.0,0.10000000149011612,0.0,0.10000000149011612,0.0,0.10000000149011612,0.0,0.0,0.0,0.10000000149011612,0.0,0.0,0.10000000149011612,0.10000000149011612,0.10000000149011612,0.10000000149011612,0.0,0.10000000149011612,0.10000000149011612,0.0,0.0,0.006695758339036795
44,0.001536339521408081,0.0,0.08917506039142609,0.06406630575656891,0.0,0.10000000149011612,0.0,0.10000000149011612,0.0,0.10000000149011612,0.0,0.0,0.0,0.10000000149011612,0.0,0.0,0.10000000149011612,0.10000000149011612,0.10000000149011612,0.10000000149011612,0.0,0.10000000149011612,0.10000000149011612,0.0,0.0,-0.0035447436169911972
45,-0.004708433989435434,0.0,0.08404675126075745,0.056192368268966675,0.0,0.10000000149011612,0.0,0.10000000149011612,0.0,0.10000000149011612,0.0,0.0,0.0,0.10000000149011612,0.0,0.0,0.10000000149011612,0.10000000149011612,0.10000000149011612,0.10000000149011612,0.0,0.10000000149011612,0.10000000149011612,0.0,0.0,-0.0073998560475080355
46,-0.004665203392505646,0.0,0.07898945361375809,0.048997923731803894,0.0,0.10000000149011612,0.0,0.10000000149011612,0.0,0.10000000149011612,0.0,0.0,0.0,0.10000000149011612,0.0,0.0,0.10000000149011612,0.10000000149011612,0.10000000149011612,0.10000000149011612,0.0,0.10000000149011612,0.10000000149011612,0.0,0.0,-0.006811680100429096
47,0.004124773200601339,0.0,0.08344004303216934,0.05505520477890968,0.0,0.10000000149011612,0.0,0.10000000149011612,0.0,0.10000000149011612,0.0,0.0,0.0,0.10000000149011612,0.0,0.0,0.10000000149011612,0.10000000149011612,0.10000000149011612,0.10000000149011612,0.0,0.10000000149011612,0.10000000149011612,0.0,0.0,0.0057743498915203695
48,0.007146736606955528,0.0,0.09118310362100601,0.0641213208436966,0.0,0.10000000149011612,0.0,0.10000000149011612,0.0,0.10000000149011612,0.0,0.0,0.0,0.10000000149011612,0.0,0.0,0.10000000149011612,0.10000000149011612,0.10000000149011612,0.10000000149011612,0.0,0.10000000149011612,0.10000000149011612,0.0,0.0,0.008593025297369827
49,9.840373968472704e-05,0.0,0.09129048138856888,0.061070460826158524,0.0,0.10000000149011612,0.0,0.10000000149011612,0.0,0.10000000149011612,0.0,0.0,0.0,0.10000000149011612,0.0,0.0,0.10000000149011612,0.10000000149011612,0.10000000149011612,0.10000000149011612,0.0,0.10000000149011612,0.10000000149011612,0.0,0.0,-0.0028670227330086506
50,0.0030314738396555185,0.0,0.0945986956357956,0.06741824001073837,0.0,0.10000000149011612,0.0,0.10000000149011612,0.0,0.10000000149011612,0.0,0.0,0.0,0.10000000149011612,0.0,0.0,0.10000000149011612,0.10000000149011612,0.10000000149011612,0.10000000149011612,0.0,0.10000000149011612,0.10000000149011612,0.0,0.0,0.0059824294605632655
51,0.006239080335944891,0.0,0.10142798721790314,0.06491538137197495,0.0,0.10000000149011612,0.0,0.10000000149011612,0.0,0.10000000149011612,0.0,0.0,0.0,0.10000000149011612,0.0,0.0,0.10000000149011612,0.10000000149011612,0.10000000149011612,0.10000000149011612,0.0,0.10000000149011612,0.10000000149011612,0.0,0.0,-0.0023447778433486333
52,0.005132014397531748,0.0,0.10708053410053253,0.06965191662311554,0.0,0.10000000149011612,0.0,0.10000000149011612,0.0,0.10000000149011612,0.0,0.0,0.0,0.10000000149011612,0.0,0.0,0.10000000149011612,0.10000000149011612,0.10000000149011612,0.10000000149011612,0.0,0.10000000149011612,0.10000000149011612,0.0,0.0,0.004447804336376704
53,0.0030194141436368227,0.0,0.1104232668876648,0.07012119889259338,0.0,0.10000000149011612,0.0,0.10000000149011612,0.0,0.10000000149011612,0.0,0.0,0.0,0.10000000149011612,0.0,0.0,0.10000000149011612,0.10000000149011612,0.10000000149011612,0.10000000149011612,0.0,0.10000000149011612,0.10000000149011612,0.0,0.0,0.0004387242823435944
54,-0.004399084951728582,0.0,0.10553842037916183,0.06537685543298721,0.0,0.10000000149011612,0.0,0.10000000149011612,0.0,0.10000000149011612,0.0,0.0,0.0,0.10000000149011612,0.0,0.0,0.10000000149011612,0.10000000149011612,0.10000000149011612,0.10000000149011612,0.0,0.10000000149011612,0.10000000149011612,0.0,0.0,-0.004433463671699833
55,0.001243195147253573,0.0,0.10691282153129578,0.06517428904771805,0.0,0.10000000149011612,0.0,0.10000000149011612,0.0,0.10000000149011612,0.0,0.0,0.0,0.10000000149011612,0.0,0.0,0.10000000149011612,0.10000000149011612,0.10000000149011612,0.10000000149011612,0.0,0.10000000149011612,0.10000000149011612,0.0,0.0,-0.00019013589814365073
56,-0.0012001547729596496,0.0,0.10558435320854187,0.06650637090206146,0.0,0.10000000149011612,0.0,0.10000000149011612,0.0,0.10000000149011612,0.0,0.0,0.0,0.10000000149011612,0.0,0.0,0.10000000149011612,0.10000000149011612,0.10000000149011612,0.10000000149011612,0.0,0.10000000149011612,0.10000000149011612,0.0,0.0,0.0012505764249475249
57,0.006174249108880758,0.0,0.11241050809621811,0.07640587538480759,0.0,0.10000000149011612,0.0,0.10000000149011612,0.0,0.10000000149011612,0.0,0.0,0.0,0.10000000149011612,0.0,0.0,0.10000000149011612,0.10000000149011612,0.10000000149011612,0.10000000149011612,0.0,0.10000000149011612,0.10000000149011612,0.0,0.0,0.00928218035338424
58,0.0016530955908820033,5.999999848427251e-05,0.11418268084526062,0.07333984971046448,0.0,0.10000000149011612,0.0,0.10000000149011612,0.0,0.10000000149011612,0.0,0.0,0.0,0.0,0.0,0.10000000149011612,0.10000000149011612,0.10000000149011612,0.10000000149011612,0.10000000149011612,0.0,0.10000000149011612,0.10000000149011612,0.0,0.0,-0.0028483918050401513
59,-0.013001218438148499,0.0,0.09969694912433624,0.06378552317619324,0.0,0.10000000149011612,0.0,0.10000000149011612,0.0,0.10000000149011612,0.0,0.0,0.0,0.0,0.0,0.10000000149011612,0.10000000149011612,0.10000000149011612,0.10000000149011612,0.10000000149011612,0.0,0.10000000149011612,0.10000000149011612,0.0,0.0,-0.008901492418126988
60,-0.016222188249230385,0.0,0.08185745775699615,0.05615324154496193,0.0,0.10000000149011612,0.0,0.10000000149011612,0.0,0.10000000149011612,0.0,0.0,0.0,0.0,0.0,0.10000000149011612,0.10000000149011612,0.10000000149011612,0.10000000149011612,0.10000000149011612,0.0,0.10000000149011612,0.10000000149011612,0.0,0.0,-0.007174643257452207
61,-0.0029927007853984833,0.0,0.07861977815628052,0.05223303660750389,0.0,0.10000000149011612,0.0,0.10000000149011612,0.0,0.10000000149011612,0.0,0.0,0.0,0.0,0.0,0.10000000149011612,0.10000000149011612,0.10000000149011612,0.10000000149011612,0.10000000149011612,0.0,0.10000000149011612,0.10000000149011612,0.0,0.0,-0.003711776646846743
62,0.0009062925237230957,0.0,0.07959732413291931,0.053675245493650436,0.0,0.10000000149011612,0.0,0.10000000149011612,0.0,0.10000000149011612,0.0,0.0,0.0,0.0,0.0,0.10000000149011612,0.10000000149011612,0.10000000149011612,0.10000000149011612,0.10000000149011612,0.0,0.10000000149011612,0.10000000149011612,0.0,0.0,0.0013706173784433506
63,0.010703579522669315,0.0,0.09115288406610489,0.060830604285001755,0.0,0.10000000149011612,0.0,0.10000000149011612,0.0,0.10000000149011612,0.0,0.0,0.0,0.0,0.0,0.10000000149011612,0.10000000149011612,0.10000000149011612,0.10000000149011612,0.10000000149011612,0.0,0.10000000149011612,0.10000000149011612,0.0,0.0,0.006790857830202723
64,-0.006740598473697901,0.0,0.08379785716533661,0.05442705377936363,0.0,0.10000000149011612,0.0,0.10000000149011612,0.0,0.10000000149011612,0.0,0.0,0.0,0.0,0.0,0.10000000149011612,0.10000000149011612,0.10000000149011612,0.10000000149011612,0.10000000149011612,0.0,0.10000000149011612,0.10000000149011612,0.0,0.0,-0.006036355361329404
65,0.004116253461688757,5.999999848427251e-05,0.08819402009248734,0.05595581606030464,0.0,0.10000000149011612,0.0,0.10000000149011612,0.0,0.10000000149011612,0.10000000149011612,0.0,0.0,0.0,0.0,0.10000000149011612,0.10000000149011612,0.0,0.10000000149011612,0.10000000149011612,0.0,0.10000000149011612,0.10000000149011612,0.0,0.0,0.0014498511541993775
66,0.015785301104187965,0.0,0.10537149012088776,0.07489553093910217,0.0,0.10000000149011612,0.0,0.10000000149011612,0.0,0.10000000149011612,0.10000000149011612,0.0,0.0,0.0,0.0,0.10000000149011612,0.10000000149011612,0.0,0.10000000149011612,0.10000000149011612,0.0,0.10000000149011612,0.10000000149011612,0.0,0.0,0.01793608652060863
67,0.010410058312118053,0.0,0.11687847226858139,0.08558747172355652,0.0,0.10000000149011612,0.0,0.10000000149011612,0.0,0.10000000149011612,0.10000000149011612,0.0,0.0,0.0,0.0,0.10000000149011612,0.10000000149011612,0.0,0.10000000149011612,0.10000000149011612,0.0,0.10000000149011612,0.10000000149011612,0.0,0.0,0.00994695807797541
68,-0.0044297813437879086,0.0,0.11193094402551651,0.08083295822143555,0.0,0.10000000149011612,0.0,0.10000000149011612,0.0,0.10000000149011612,0.10000000149011612,0.0,0.0,0.0,0.0,0.10000000149011612,0.10000000149011612,0.0,0.10000000149011612,0.10000000149011612,0.0,0.10000000149011612,0.10000000149011612,0.0,0.0,-0.004379668728649144
69,-0.0015615638112649322,0.0,0.11019459366798401,0.08238819986581802,0.0,0.10000000149011612,0.0,0.10000000149011612,0.0,0.10000000149011612,0.10000000149011612,0.0,0.0,0.0,0.0,0.10000000149011612,0.10000000149011612,0.0,0.10000000149011612,0.10000000149011612,0.0,0.10000000149011612,0.10000000149011612,0.0,0.0,0.0014389287748419743
70,0.006314541213214397,0.0,0.11720495671033859,0.08350308239459991,0.0,0.10000000149011612,0.0,0.10000000149011612,0.0,0.10000000149011612,0.10000000149011612,0.0,0.0,0.0,0.0,0.10000000149011612,0.10000000149011612,0.0,0.10000000149011612,0.10000000149011612,0.0,0.10000000149011612,0.10000000149011612,0.0,0.0,0.0010300209563631757
71,0.003960718400776386,0.0,0.12162989377975464,0.08840228617191315,0.0,0.10000000149011612,0.0,0.10000000149011612,0.0,0.10000000149011612,0.10000000149011612,0.0,0.0,0.0,0.0,0.10000000149011612,0.10000000149011612,0.0,0.10000000149011612,0.10000000149011612,0.0,0.10000000149011612,0.10000000149011612,0.0,0.0,0.00452163344702794
72,-0.00421106955036521,0.0,0.11690663546323776,0.08562645316123962,0.0,0.10000000149011612,0.0,0.10000000149011612,0.0,0.10000000149011612,0.10000000149011612,0.0,0.0,0.0,0.0,0.10000000149011612,0.10000000149011612,0.0,0.10000000149011612,0.10000000149011612,0.0,0.10000000149011612,0.10000000149011612,0.0,0.0,-0.0025503741088569454
73,-0.0013413595734164119,0.0,0.11540845781564713,0.09156134724617004,0.0,0.10000000149011612,0.0,0.10000000149011612,0.0,0.10000000149011612,0.10000000149011612,0.0,0.0,0.0,0.0,0.10000000149011612,0.10000000149011612,0.0,0.10000000149011612,0.10000000149011612,0.0,0.10000000149011612,0.10000000149011612,0.0,0.0,0.005466792069821702
74,0.010457249358296394,0.0,0.1270725578069687,0.09496168792247772,0.0,0.10000000149011612,0.0,0.10000000149011612,0.0,0.10000000149011612,0.10000000149011612,0.0,0.0,0.0,0.0,0.10000000149011612,0.10000000149011612,0.0,0.10000000149011612,0.10000000149011612,0.0,0.10000000149011612,0.10000000149011612,0.0,0.0,0.0031151164200584613
75,0.000517657957971096,0.0,0.1276559978723526,0.09398195892572403,0.0,0.10000000149011612,0.0,0.10000000149011612,0.0,0.10000000149011612,0.10000000149011612,0.0,0.0,0.0,0.0,0.10000000149011612,0.10000000149011612,0.0,0.10000000149011612,0.10000000149011612,0.0,0.10000000149011612,0.10000000149011612,0.0,0.0,-0.0008947609834756287
76,0.011139756999909878,0.0,0.14021781086921692,0.10975101590156555,0.0,0.10000000149011612,0.0,0.10000000149011612,0.0,0.10000000149011612,0.10000000149011612,0.0,0.0,0.0,0.0,0.10000000149011612,0.10000000149011612,0.0,0.10000000149011612,0.10000000149011612,0.0,0.10000000149011612,0.10000000149011612,0.0,0.0,0.014414366569012182
77,-0.006758334580808878,0.0,0.13251183927059174,0.09593881666660309,0.0,0.10000000149011612,0.0,0.10000000149011612,0.0,0.10000000149011612,0.10000000149011612,0.0,0.0,0.0,0.0,0.10000000149011612,0.10000000149011612,0.0,0.10000000149011612,0.10000000149011612,0.0,0.10000000149011612,0.10000000149011612,0.0,0.0,-0.012446214544567402
78,-0.00949244573712349,5.999999848427251e-05,0.12169358134269714,0.09038054198026657,0.0,0.0,0.0,0.10000000149011612,0.0,0.10000000149011612,0.10000000149011612,0.0,0.0,0.0,0.0,0.10000000149011612,0.10000000149011612,0.0,0.10000000149011612,0.10000000149011612,0.0,0.10000000149011612,0.10000000149011612,0.0,0.10000000149011612,-0.005071701633164616
79,0.007453566417098045,0.0,0.13005420565605164,0.09368021041154861,0.0,0.0,0.0,0.10000000149011612,0.0,0.10000000149011612,0.10000000149011612,0.0,0.0,0.0,0.0,0.10000000149011612,0.10000000149011612,0.0,0.10000000149011612,0.10000000149011612,0.0,0.10000000149011612,0.10000000149011612,0.0,0.10000000149011612,0.0030261622472549377
80,-0.0031720984261482954,0.0,0.12646955251693726,0.09070895612239838,0.0,0.0,0.0,0.10000000149011612,0.0,0.10000000149011612,0.10000000149011612,0.0,0.0,0.0,0.0,0.10000000149011612,0.10000000149011612,0.0,0.10000000149011612,0.10000000149011612,0.0,0.10000000149011612,0.10000000149011612,0.0,0.10000000149011612,-0.002716748699359006
81,-0.0006926145870238543,0.0,0.1256893426179886,0.09078794717788696,0.0,0.0,0.0,0.10000000149011612,0.0,0.10000000149011612,0.10000000149011612,0.0,0.0,0.0,0.0,0.10000000149011612,0.10000000149011612,0.0,0.10000000149011612,0.10000000149011612,0.0,0.10000000149011612,0.10000000149011612,0.0,0.10000000149011612,7.242175380084426e-05
82,0.0030677136965095997,0.0,0.1291426420211792,0.09072177112102509,0.0,0.0,0.0,0.10000000149011612,0.0,0.10000000149011612,0.10000000149011612,0.0,0.0,0.0,0.0,0.10000000149011612,0.10000000149011612,0.0,0.10000000149011612,0.10000000149011612,0.0,0.10000000149011612,0.10000000149011612,0.0,0.10000000149011612,-6.066812255589582e-05
83,0.004399288445711136,0.0,0.13411006331443787,0.09356793016195297,0.0,0.0,0.0,0.10000000149011612,0.0,0.10000000149011612,0.10000000149011612,0.0,0.0,0.0,0.0,0.10000000149011612,0.10000000149011612,0.0,0.10000000149011612,0.10000000149011612,0.0,0.10000000149011612,0.10000000149011612,0.0,0.10000000149011612,0.002609427185085611
84,-0.0018979812739416957,0.0,0.131957545876503,0.0941099300980568,0.0,0.0,0.0,0.10000000149011612,0.0,0.10000000149011612,0.10000000149011612,0.0,0.0,0.0,0.0,0.10000000149011612,0.10000000149011612,0.0,0.10000000149011612,0.10000000149011612,0.0,0.10000000149011612,0.10000000149011612,0.0,0.10000000149011612,0.0004956253024204216
85,0.014096720144152641,0.0,0.14791443943977356,0.10863233357667923,0.0,0.0,0.0,0.10000000149011612,0.0,0.10000000149011612,0.10000000149011612,0.0,0.0,0.0,0.0,0.10000000149011612,0.10000000149011612,0.0,0.10000000149011612,0.10000000149011612,0.0,0.10000000149011612,0.10000000149011612,0.0,0.10000000149011612,0.013273258087805662
86,0.003459808649495244,0.0,0.1518860012292862,0.11305278539657593,0.0,0.0,0.0,0.10000000149011612,0.0,0.10000000149011612,0.10000000149011612,0.0,0.0,0.0,0.0,0.10000000149011612,0.10000000149011612,0.0,0.10000000149011612,0.10000000149011612,0.0,0.10000000149011612,0.10000000149011612,0.0,0.10000000149011612,0.003987301908862317
87,-0.002909331349655986,0.0,0.14853477478027344,0.11077748984098434,0.0,0.0,0.0,0.10000000149011612,0.0,0.10000000149011612,0.10000000149011612,0.0,0.0,0.0,0.0,0.10000000149011612,0.10000000149011612,0.0,0.10000000149011612,0.10000000149011612,0.0,0.10000000149011612,0.10000000149011612,0.0,0.10000000149011612,-0.002044193757424484
88,-0.006093416828662157,0.0,0.14153628051280975,0.1043706089258194,0.0,0.0,0.0,0.10000000149011612,0.0,0.10000000149011612,0.10000000149011612,0.0,0.0,0.0,0.0,0.10000000149011612,0.10000000149011612,0.0,0.10000000149011612,0.10000000149011612,0.0,0.10000000149011612,0.10000000149011612,0.0,0.10000000149011612,-0.0057679246957751396
89,-0.0088319331407547,0.0,0.13145430386066437,0.09921738505363464,0.0,0.0,0.0,0.10000000149011612,0.0,0.10000000149011612,0.10000000149011612,0.0,0.0,0.0,0.0,0.10000000149011612,0.10000000149011612,0.0,0.10000000149011612,0.10000000149011612,0.0,0.10000000149011612,0.10000000149011612,0.0,0.10000000149011612,-0.004666208816619166
90,-0.0013588867150247097,5.999999848427251e-05,0.1298488974571228,0.09608837217092514,0.0,0.0,0.0,0.0,0.10000000149011612,0.10000000149011612,0.10000000149011612,0.0,0.0,0.0,0.0,0.10000000149011612,0.10000000149011612,0.0,0.10000000149011612,0.10000000149011612,0.0,0.10000000149011612,0.10000000149011612,0.0,0.10000000149011612,-0.002846582418778665
91,0.009227543137967587,0.0,0.14027462899684906,0.10047166049480438,0.0,0.0,0.0,0.0,0.10000000149011612,0.10000000149011612,0.10000000149011612,0.0,0.0,0.0,0.0,0.10000000149011612,0.10000000149011612,0.0,0.10000000149011612,0.10000000149011612,0.0,0.10000000149011612,0.10000000149011612,0.0,0.10000000149011612,0.003999028212659184
92,0.0073588090017437935,0.0,0.14866569638252258,0.11107365041971207,0.0,0.0,0.0,0.0,0.10000000149011612,0.10000000149011612,0.10000000149011612,0.0,0.0,0.0,0.0,0.10000000149011612,0.10000000149011612,0.0,0.10000000149011612,0.10000000149011612,0.0,0.10000000149011612,0.10000000149011612,0.0,0.10000000149011612,0.009634041752734301
93,0.005688700824975967,0.0,0.15520010888576508,0.11627572029829025,0.0,0.0,0.0,0.0,0.10000000149011612,0.10000000149011612,0.10000000149011612,0.0,0.0,0.0,0.0,0.10000000149011612,0.10000000149011612,0.0,0.10000000149011612,0.10000000149011612,0.0,0.10000000149011612,0.10000000149011612,0.0,0.10000000149011612,0.004682020743281168
94,-0.0012235178146511316,0.0,0.15378670394420624,0.1209045946598053,0.0,0.0,0.0,0.0,0.10000000149011612,0.10000000149011612,0.10000000149011612,0.0,0.0,0.0,0.0,0.10000000149011612,0.10000000149011612,0.0,0.10000000149011612,0.10000000149011612,0.0,0.10000000149011612,0.10000000149011612,0.0,0.10000000149011612,0.0041467123913419
95,-0.003775006625801325,0.0,0.14943115413188934,0.11916222423315048,0.0,0.0,0.0,0.0,0.10000000149011612,0.10000000149011612,0.10000000149011612,0.0,0.0,0.0,0.0,0.10000000149011612,0.10000000149011612,0.0,0.10000000149011612,0.10000000149011612,0.0,0.10000000149011612,0.10000000149011612,0.0,0.10000000149011612,-0.0015544324066077975
96,-0.00018121842003893107,0.0,0.14922285079956055,0.1192905381321907,0.0,0.0,0.0,0.0,0.10000000149011612,0.10000000149011612,0.10000000149011612,0.0,0.0,0.0,0.0,0.10000000149011612,0.10000000149011612,0.0,0.10000000149011612,0.10000000149011612,0.0,0.10000000149011612,0.10000000149011612,0.0,0.10000000149011612,0.00011465174240332665
97,0.006056428886950016,0.0,0.15618303418159485,0.12922094762325287,0.0,0.0,0.0,0.0,0.10000000149011612,0.10000000149011612,0.10000000149011612,0.0,0.0,0.0,0.0,0.10000000149011612,0.10000000149011612,0.0,0.10000000149011612,0.10000000149011612,0.0,0.10000000149011612,0.10000000149011612,0.0,0.10000000149011612,0.008872057033228797
98,0.004858768545091152,0.0,0.16180066764354706,0.12911169230937958,0.0,0.0,0.0,0.0,0.10000000149011612,0.10000000149011612,0.10000000149011612,0.0,0.0,0.0,0.0,0.10000000149011612,0.10000000149011612,0.0,0.10000000149011612,0.10000000149011612,0.0,0.10000000149011612,0.10000000149011612,0.0,0.10000000149011612,-9.6752822468682e-05
99,0.010964457876980305,5.999999848427251e-05,0.1744694709777832,0.13315583765506744,0.0,0.10000000149011612,0.0,0.0,0.0,0.10000000149011612,0.10000000149011612,0.0,0.0,0.0,0.0,0.10000000149011612,0.10000000149011612,0.0,0.10000000149011612,0.10000000149011612,0.0,0.10000000149011612,0.10000000149011612,0.0,0.10000000149011612,0.0035817053115589914
100,0.0053698294796049595,5.999999848427251e-05,0.1807056963443756,0.13632632791996002,0.0,0.10000000149011612,0.0,0.10000000149011612,0.0,0.10000000149011612,0.0,0.0,0.0,0.0,0.0,0.10000000149011612,0.10000000149011612,0.0,0.10000000149011612,0.10000000149011612,0.0,0.10000000149011612,0.10000000149011612,0.0,0.10000000149011612,0.002797929604681393
101,0.005323883146047592,0.0,0.1869916468858719,0.1420842409133911,0.0,0.10000000149011612,0.0,0.10000000149011612,0.0,0.10000000149011612,0.0,0.0,0.0,0.0,0.0,0.10000000149011612,0.10000000149011612,0.0,0.10000000149011612,0.10000000149011612,0.0,0.10000000149011612,0.10000000149011612,0.0,0.10000000149011612,0.005067129795338632
102,0.0016037456225603819,0.0,0.18889527022838593,0.1444309651851654,0.0,0.10000000149011612,0.0,0.10000000149011612,0.0,0.10000000149011612,0.0,0.0,0.0,0.0,0.0,0.10000000149011612,0.10000000149011612,0.0,0.10000000149011612,0.10000000149011612,0.0,0.10000000149011612,0.10000000149011612,0.0,0.10000000149011612,0.0020547733588351935
103,0.00739595852792263,0.0,0.1976882964372635,0.15158013999462128,0.0,0.10000000149011612,0.0,0.10000000149011612,0.0,0.10000000149011612,0.0,0.0,0.0,0.0,0.0,0.10000000149011612,0.10000000149011612,0.0,0.10000000149011612,0.10000000149011612,0.0,0.10000000149011612,0.10000000149011612,0.0,0.10000000149011612,0.006246925351499177
104,-0.004003200214356184,0.0,0.19289371371269226,0.144989013671875,0.0,0.10000000149011612,0.0,0.10000000149011612,0.0,0.10000000149011612,0.0,0.0,0.0,0.0,0.0,0.10000000149011612,0.10000000149011612,0.0,0.10000000149011612,0.10000000149011612,0.0,0.10000000149011612,0.10000000149011612,0.0,0.10000000149011612,-0.0057235498371629445
105,0.00012654880993068218,0.0,0.19304466247558594,0.15051934123039246,0.0,0.10000000149011612,0.0,0.10000000149011612,0.0,0.10000000149011612,0.0,0.0,0.0,0.0,0.0,0.10000000149011612,0.10000000149011612,0.0,0.10000000149011612,0.10000000149011612,0.0,0.10000000149011612,0.10000000149011612,0.0,0.10000000149011612,0.004830026744782723
106,0.0014165878528729081,0.0,0.19473472237586975,0.1531582772731781,0.0,0.10000000149011612,0.0,0.10000000149011612,0.0,0.10000000149011612,0.0,0.0,0.0,0.0,0.0,0.10000000149011612,0.10000000149011612,0.0,0.10000000149011612,0.10000000149011612,0.0,0.10000000149011612,0.10000000149011612,0.0,0.10000000149011612,0.002293691160344613
107,-0.005645223427563906,0.0,0.18799017369747162,0.1488015353679657,0.0,0.10000000149011612,0.0,0.10000000149011612,0.0,0.10000000149011612,0.0,0.0,0.0,0.0,0.0,0.10000000149011612,0.10000000149011612,0.0,0.10000000149011612,0.10000000149011612,0.0,0.10000000149011612,0.10000000149011612,0.0,0.10000000149011612,-0.0037780953326845834
108,-0.004528367426246405,0.0,0.18261051177978516,0.13969598710536957,0.0,0.10000000149011612,0.0,0.10000000149011612,0.0,0.10000000149011612,0.0,0.0,0.0,0.0,0.0,0.10000000149011612,0.10000000149011612,0.0,0.10000000149011612,0.10000000149011612,0.0,0.10000000149011612,0.10000000149011612,0.0,0.10000000149011612,-0.007926128214722161
109,0.002699143486097455,0.0,0.18580254912376404,0.14887550473213196,0.0,0.10000000149011612,0.0,0.10000000149011612,0.0,0.10000000149011612,0.0,0.0,0.0,0.0,0.0,0.10000000149011612,0.10000000149011612,0.0,0.10000000149011612,0.10000000149011612,0.0,0.10000000149011612,0.10000000149011612,0.0,0.10000000149011612,0.008054356363995652
110,-0.002353038638830185,0.0,0.18301232159137726,0.14451731741428375,0.0,0.10000000149011612,0.0,0.10000000149011612,0.0,0.10000000149011612,0.0,0.0,0.0,0.0,0.0,0.10000000149011612,0.10000000149011612,0.0,0.10000000149011612,0.10000000149011612,0.0,0.10000000149011612,0.10000000149011612,0.0,0.10000000149011612,-0.0037934374089247935
111,0.010608487762510777,0.0,0.19556228816509247,0.1471070498228073,0.0,0.10000000149011612,0.0,0.10000000149011612,0.0,0.10000000149011612,0.0,0.0,0.0,0.0,0.0,0.10000000149011612,0.10000000149011612,0.0,0.10000000149011612,0.10000000149011612,0.0,0.10000000149011612,0.10000000149011612,0.0,0.10000000149011612,0.002262728898130062
112,0.006836067885160446,0.0,0.20373523235321045,0.15506406128406525,0.0,0.10000000149011612,0.0,0.10000000149011612,0.0,0.10000000149011612,0.0,0.0,0.0,0.0,0.0,0.10000000149011612,0.10000000149011612,0.0,0.10000000149011612,0.10000000149011612,0.0,0.10000000149011612,0.10000000149011612,0.0,0.10000000149011612,0.006936590148658883
113,0.004914212040603161,0.0,0.20965063571929932,0.156362846493721,0.0,0.10000000149011612,0.0,0.10000000149011612,0.0,0.10000000149011612,0.0,0.0,0.0,0.0,0.0,0.10000000149011612,0.10000000149011612,0.0,0.10000000149011612,0.10000000149011612,0.0,0.10000000149011612,0.10000000149011612,0.0,0.10000000149011612,0.0011244269934360673
114,-0.0038705109618604183,0.0,0.2049686759710312,0.14989355206489563,0.0,0.10000000149011612,0.0,0.10000000149011612,0.0,0.10000000149011612,0.0,0.0,0.0,0.0,0.0,0.10000000149011612,0.10000000149011612,0.0,0.10000000149011612,0.10000000149011612,0.0,0.10000000149011612,0.10000000149011612,0.0,0.10000000149011612,-0.005594519443824497
115,0.004980398807674646,0.0,0.21096989512443542,0.15527470409870148,0.0,0.10000000149011612,0.0,0.10000000149011612,0.0,0.10000000149011612,0.0,0.0,0.0,0.0,0.0,0.10000000149011612,0.10000000149011612,0.0,0.10000000149011612,0.10000000149011612,0.0,0.10000000149011612,0.10000000149011612,0.0,0.10000000149011612,0.004679695806748985
116,-0.0019114111782982945,0.0,0.2086552381515503,0.1546849012374878,0.0,0.10000000149011612,0.0,0.10000000149011612,0.0,0.10000000149011612,0.0,0.0,0.0,0.0,0.0,0.10000000149011612,0.10000000149011612,0.0,0.10000000149011612,0.10000000149011612,0.0,0.10000000149011612,0.10000000149011612,0.0,0.10000000149011612,-0.0005105304038262037
117,-0.005912079941481352,0.0,0.20150958001613617,0.14520633220672607,0.0,0.10000000149011612,0.0,0.10000000149011612,0.0,0.10000000149011612,0.0,0.0,0.0,0.0,0.0,0.10000000149011612,0.10000000149011612,0.0,0.10000000149011612,0.10000000149011612,0.0,0.10000000149011612,0.10000000149011612,0.0,0.10000000149011612,-0.008208792736965287
118,-0.006426491774618626,0.0,0.193788081407547,0.14077086746692657,0.0,0.10000000149011612,0.0,0.10000000149011612,0.0,0.10000000149011612,0.0,0.0,0.0,0.0,0.0,0.10000000149011612,0.10000000149011612,0.0,0.10000000149011612,0.10000000149011612,0.0,0.10000000149011612,0.10000000149011612,0.0,0.10000000149011612,-0.0038730703935706545
119,-0.010994598269462585,0.0,0.1806628555059433,0.12549850344657898,0.0,0.10000000149011612,0.0,0.10000000149011612,0.0,0.10000000149011612,0.0,0.0,0.0,0.0,0.0,0.10000000149011612,0.10000000149011612,0.0,0.10000000149011612,0.10000000149011612,0.0,0.10000000149011612,0.10000000149011612,0.0,0.10000000149011612,-0.01338775774863521
120,0.009113616310060024,0.0,0.1914229691028595,0.1359107494354248,0.0,0.10000000149011612,0.0,0.10000000149011612,0.0,0.10000000149011612,0.0,0.0,0.0,0.0,0.0,0.10000000149011612,0.10000000149011612,0.0,0.10000000149011612,0.10000000149011612,0.0,0.10000000149011612,0.10000000149011612,0.0,0.10000000149011612,0.00925123041653153
121,-0.0022267599124461412,0.0,0.18876995146274567,0.13643380999565125,0.0,0.10000000149011612,0.0,0.10000000149011612,0.0,0.10000000149011612,0.0,0.0,0.0,0.0,0.0,0.10000000149011612,0.10000000149011612,0.0,0.10000000149011612,0.10000000149011612,0.0,0.10000000149011612,0.10000000149011612,0.0,0.10000000149011612,0.0004604768116565072
122,0.001491007162258029,0.0,0.19054241478443146,0.1349746137857437,0.0,0.10000000149011612,0.0,0.10000000149011612,0.0,0.10000000149011612,0.0,0.0,0.0,0.0,0.0,0.10000000149011612,0.10000000149011612,0.0,0.10000000149011612,0.10000000149011612,0.0,0.10000000149011612,0.10000000149011612,0.0,0.10000000149011612,-0.0012840133733025283
123,0.0005817224155180156,0.0,0.1912349909543991,0.14090250432491302,0.0,0.10000000149011612,0.0,0.10000000149011612,0.0,0.10000000149011612,0.0,0.0,0.0,0.0,0.0,0.10000000149011612,0.10000000149011612,0.0,0.10000000149011612,0.10000000149011612,0.0,0.10000000149011612,0.10000000149011612,0.0,0.10000000149011612,0.005222927867431837
124,-0.0015057227574288845,0.0,0.18944132328033447,0.13432472944259644,0.0,0.10000000149011612,0.0,0.10000000149011612,0.0,0.10000000149011612,0.0,0.0,0.0,0.0,0.0,0.10000000149011612,0.10000000149011612,0.0,0.10000000149011612,0.10000000149011612,0.0,0.10000000149011612,0.10000000149011612,0.0,0.10000000149011612,-0.00576541365925809
125,0.007120020221918821,5.999999848427251e-05,0.19783879816532135,0.14185461401939392,0.0,0.10000000149011612,0.0,0.10000000149011612,0.0,0.10000000149011612,0.0,0.0,0.0,0.10000000149011612,0.0,0.0,0.10000000149011612,0.0,0.10000000149011612,0.10000000149011612,0.0,0.10000000149011612,0.10000000149011612,0.0,0.10000000149011612,0.0066382089549414935
126,0.002195130567997694,0.0,0.20046821236610413,0.14325186610221863,0.0,0.10000000149011612,0.0,0.10000000149011612,0.0,0.10000000149011612,0.0,0.0,0.0,0.10000000149011612,0.0,0.0,0.10000000149011612,0.0,0.10000000149011612,0.10000000149011612,0.0,0.10000000149011612,0.10000000149011612,0.0,0.10000000149011612,0.0012236689904912001
127,0.008182384073734283,0.0,0.21029089391231537,0.1551380604505539,0.0,0.10000000149011612,0.0,0.10000000149011612,0.0,0.10000000149011612,0.0,0.0,0.0,0.10000000149011612,0.0,0.0,0.10000000149011612,0.0,0.10000000149011612,0.10000000149011612,0.0,0.10000000149011612,0.10000000149011612,0.0,0.10000000149011612,0.010396829168414001
128,0.0009968377416953444,0.0,0.21149736642837524,0.15754225850105286,0.0,0.10000000149011612,0.0,0.10000000149011612,0.0,0.10000000149011612,0.0,0.0,0.0,0.10000000149011612,0.0,0.0,0.10000000149011612,0.0,0.10000000149011612,0.10000000149011612,0.0,0.10000000149011612,0.10000000149011612,0.0,0.10000000149011612,0.002081307968989643
129,0.006196675822138786,0.0,0.21900461614131927,0.16375739872455597,0.0,0.10000000149011612,0.0,0.10000000149011612,0.0,0.10000000149011612,0.0,0.0,0.0,0.10000000149011612,0.0,0.0,0.10000000149011612,0.0,0.10000000149011612,0.10000000149011612,0.0,0.10000000149011612,0.10000000149011612,0.0,0.10000000149011612,0.005369255573918652
130,-0.0012140522012487054,5.999999848427251e-05,0.2174515426158905,0.1618153303861618,0.0,0.10000000149011612,0.0,0.10000000149011612,0.10000000149011612,0.10000000149011612,0.0,0.0,0.0,0.0,0.0,0.0,0.10000000149011612,0.0,0.10000000149011612,0.10000000149011612,0.0,0.10000000149011612,0.10000000149011612,0.0,0.10000000149011612,-0.0016687913997561754
131,-0.00929356086999178,0.0,0.20613709092140198,0.15464988350868225,0.0,0.10000000149011612,0.0,0.10000000149011612,0.10000000149011612,0.10000000149011612,0.0,0.0,0.0,0.0,0.0,0.0,0.10000000149011612,0.0,0.10000000149011612,0.10000000149011612,0.0,0.10000000149011612,0.10000000149011612,0.0,0.10000000149011612,-0.006167457675995691
132,0.0008545948658138514,0.0,0.207167848944664,0.14993584156036377,0.0,0.10000000149011612,0.0,0.10000000149011612,0.10000000149011612,0.10000000149011612,0.0,0.0,0.0,0.0,0.0,0.0,0.10000000149011612,0.0,0.10000000149011612,0.10000000149011612,0.0,0.10000000149011612,0.10000000149011612,0.0,0.10000000149011612,-0.004082659181494641
133,0.005565557163208723,0.0,0.21388640999794006,0.15647757053375244,0.0,0.10000000149011612,0.0,0.10000000149011612,0.10000000149011612,0.10000000149011612,0.0,0.0,0.0,0.0,0.0,0.0,0.10000000149011612,0.0,0.10000000149011612,0.10000000149011612,0.0,0.10000000149011612,0.10000000149011612,0.0,0.10000000149011612,0.005688777353449748
134,0.007170450873672962,0.0,0.22259052097797394,0.16564713418483734,0.0,0.10000000149011612,0.0,0.10000000149011612,0.10000000149011612,0.10000000149011612,0.0,0.0,0.0,0.0,0.0,0.0,0.10000000149011612,0.0,0.10000000149011612,0.10000000149011612,0.0,0.10000000149011612,0.10000000149011612,0.0,0.10000000149011612,0.007928872884973348
135,1.1554119083712067e-07,0.0,0.22259065508842468,0.16452565789222717,0.0,0.10000000149011612,0.0,0.10000000149011612,0.10000000149011612,0.10000000149011612,0.0,0.0,0.0,0.0,0.0,0.0,0.10000000149011612,0.0,0.10000000149011612,0.10000000149011612,0.0,0.10000000149011612,0.10000000149011612,0.0,0.10000000149011612,-0.0009621061637957729
136,0.0028084844816476107,0.0,0.22602428495883942,0.16600105166435242,0.0,0.10000000149011612,0.0,0.10000000149011612,0.10000000149011612,0.10000000149011612,0.0,0.0,0.0,0.0,0.0,0.0,0.10000000149011612,0.0,0.10000000149011612,0.10000000149011612,0.0,0.10000000149011612,0.10000000149011612,0.0,0.10000000149011612,0.001266948273854096
137,0.0038915430195629597,0.0,0.23079541325569153,0.17193877696990967,0.0,0.10000000149011612,0.0,0.10000000149011612,0.10000000149011612,0.10000000149011612,0.0,0.0,0.0,0.0,0.0,0.0,0.10000000149011612,0.0,0.10000000149011612,0.10000000149011612,0.0,0.10000000149011612,0.10000000149011612,0.0,0.10000000149011612,0.005092384176739628
138,7.928526611067355e-05,0.0,0.23089300096035004,0.1728876531124115,0.0,0.10000000149011612,0.0,0.10000000149011612,0.10000000149011612,0.10000000149011612,0.0,0.0,0.0,0.0,0.0,0.0,0.10000000149011612,0.0,0.10000000149011612,0.10000000149011612,0.0,0.10000000149011612,0.10000000149011612,0.0,0.10000000149011612,0.0008096635772691929
139,-0.005669096019119024,0.0,0.2239149510860443,0.16728685796260834,0.0,0.10000000149011612,0.0,0.10000000149011612,0.10000000149011612,0.10000000149011612,0.0,0.0,0.0,0.0,0.0,0.0,0.10000000149011612,0.0,0.10000000149011612,0.10000000149011612,0.0,0.10000000149011612,0.10000000149011612,0.0,0.10000000149011612,-0.0047752187815608416
140,4.702895603259094e-05,0.0,0.22397249937057495,0.16695135831832886,0.0,0.10000000149011612,0.0,0.10000000149011612,0.10000000149011612,0.10000000149011612,0.0,0.0,0.0,0.0,0.0,0.0,0.10000000149011612,0.0,0.10000000149011612,0.10000000149011612,0.0,0.10000000149011612,0.10000000149011612,0.0,0.10000000149011612,-0.00028741833422596397
141,-0.0005369563587009907,0.0,0.2233152836561203,0.16705359518527985,0.0,0.10000000149011612,0.0,0.10000000149011612,0.10000000149011612,0.10000000149011612,0.0,0.0,0.0,0.0,0.0,0.0,0.10000000149011612,0.0,0.10000000149011612,0.10000000149011612,0.0,0.10000000149011612,0.10000000149011612,0.0,0.10000000149011612,8.761022147352193e-05
142,-0.00845783855766058,0.0,0.21296867728233337,0.15259777009487152,0.0,0.10000000149011612,0.0,0.10000000149011612,0.10000000149011612,0.10000000149011612,0.0,0.0,0.0,0.0,0.0,0.0,0.10000000149011612,0.0,0.10000000149011612,0.10000000149011612,0.0,0.10000000149011612,0.10000000149011612,0.0,0.10000000149011612,-0.01238659916737872
143,-0.016698474064469337,0.0,0.19271396100521088,0.14197055995464325,0.0,0.10000000149011612,0.0,0.10000000149011612,0.10000000149011612,0.10000000149011612,0.0,0.0,0.0,0.0,0.0,0.0,0.10000000149011612,0.0,0.10000000149011612,0.10000000149011612,0.0,0.10000000149011612,0.10000000149011612,0.0,0.10000000149011612,-0.009220224449465575
144,-0.005016056355088949,0.0,0.1867312341928482,0.13711243867874146,0.0,0.10000000149011612,0.0,0.10000000149011612,0.10000000149011612,0.10000000149011612,0.0,0.0,0.0,0.0,0.0,0.0,0.10000000149011612,0.0,0.10000000149011612,0.10000000149011612,0.0,0.10000000149011612,0.10000000149011612,0.0,0.10000000149011612,-0.004254156320890434
145,-0.0029556849040091038,0.0,0.1832236349582672,0.13572284579277039,0.0,0.10000000149011612,0.0,0.10000000149011612,0.10000000149011612,0.10000000149011612,0.0,0.0,0.0,0.0,0.0,0.0,0.10000000149011612,0.0,0.10000000149011612,0.10000000149011612,0.0,0.10000000149011612,0.10000000149011612,0.0,0.10000000149011612,-0.0012220364835562325
146,-0.006178783718496561,0.0,0.1759127527475357,0.12877106666564941,0.0,0.10000000149011612,0.0,0.10000000149011612,0.10000000149011612,0.10000000149011612,0.0,0.0,0.0,0.0,0.0,0.0,0.10000000149011612,0.0,0.10000000149011612,0.10000000149011612,0.0,0.10000000149011612,0.10000000149011612,0.0,0.10000000149011612,-0.006121017247186278
147,-0.005201816558837891,0.0,0.16979587078094482,0.1250278204679489,0.0,0.10000000149011612,0.0,0.10000000149011612,0.10000000149011612,0.10000000149011612,0.0,0.0,0.0,0.0,0.0,0.0,0.10000000149011612,0.0,0.10000000149011612,0.10000000149011612,0.0,0.10000000149011612,0.10000000149011612,0.0,0.10000000149011612,-0.003316213808312707
148,0.0018302836688235402,0.0,0.17193692922592163,0.13328900933265686,0.0,0.10000000149011612,0.0,0.10000000149011612,0.10000000149011612,0.10000000149011612,0.0,0.0,0.0,0.0,0.0,0.0,0.10000000149011612,0.0,0.10000000149011612,0.10000000149011612,0.0,0.10000000149011612,0.10000000149011612,0.0,0.10000000149011612,0.007343097401157461
149,-0.016511987894773483,0.0,0.1525859236717224,0.11648277193307877,0.0,0.10000000149011612,0.0,0.10000000149011612,0.10000000149011612,0.10000000149011612,0.0,0.0,0.0,0.0,0.0,0.0,0.10000000149011612,0.0,0.10000000149011612,0.10000000149011612,0.0,0.10000000149011612,0.10000000149011612,0.0,0.10000000149011612,-0.014829612977076856
150,-0.010313618928194046,0.0,0.14069858193397522,0.11182118207216263,0.0,0.10000000149011612,0.0,0.10000000149011612,0.10000000149011612,0.10000000149011612,0.0,0.0,0.0,0.0,0.0,0.0,0.10000000149011612,0.0,0.10000000149011612,0.10000000149011612,0.0,0.10000000149011612,0.10000000149011612,0.0,0.10000000149011612,-0.0041752456715880015
151,-0.0038779934402555227,0.0,0.13627496361732483,0.10627104341983795,0.0,0.10000000149011612,0.0,0.10000000149011612,0.10000000149011612,0.10000000149011612,0.0,0.0,0.0,0.0,0.0,0.0,0.10000000149011612,0.0,0.10000000149011612,0.10000000149011612,0.0,0.10000000149011612,0.10000000149011612,0.0,0.10000000149011612,-0.004991934622059047
152,-0.01125000137835741,0.0,0.12349186837673187,0.10178463160991669,0.0,0.10000000149011612,0.0,0.10000000149011612,0.10000000149011612,0.10000000149011612,0.0,0.0,0.0,0.0,0.0,0.0,0.10000000149011612,0.0,0.10000000149011612,0.10000000149011612,0.0,0.10000000149011612,0.10000000149011612,0.0,0.10000000149011612,-0.004055436356765085
153,-0.006576817017048597,0.0,0.11610286682844162,0.09691844135522842,0.0,0.10000000149011612,0.0,0.10000000149011612,0.10000000149011612,0.10000000149011612,0.0,0.0,0.0,0.0,0.0,0.0,0.10000000149011612,0.0,0.10000000149011612,0.10000000149011612,0.0,0.10000000149011612,0.10000000149011612,0.0,0.10000000149011612,-0.004416643793241026
154,0.010949482209980488,0.0,0.12832361459732056,0.10856819897890091,0.0,0.10000000149011612,0.0,0.10000000149011612,0.10000000149011612,0.10000000149011612,0.0,0.0,0.0,0.0,0.0,0.0,0.10000000149011612,0.0,0.10000000149011612,0.10000000149011612,0.0,0.10000000149011612,0.10000000149011612,0.0,0.10000000149011612,0.010620441032315409
155,0.010568661615252495,0.0,0.14024849236011505,0.12030412256717682,0.0,0.10000000149011612,0.0,0.10000000149011612,0.10000000149011612,0.10000000149011612,0.0,0.0,0.0,0.0,0.0,0.0,0.10000000149011612,0.0,0.10000000149011612,0.10000000149011612,0.0,0.10000000149011612,0.10000000149011612,0.0,0.10000000149011612,0.010586559851785138
156,0.010490686632692814,0.0,0.15221047401428223,0.1272604614496231,0.0,0.10000000149011612,0.0,0.10000000149011612,0.10000000149011612,0.10000000149011612,0.0,0.0,0.0,0.0,0.0,0.0,0.10000000149011612,0.0,0.10000000149011612,0.10000000149011612,0.0,0.10000000149011612,0.10000000149011612,0.0,0.10000000149011612,0.006209330790023282
157,0.0076612369157373905,0.0,0.16103783249855042,0.1338214874267578,0.0,0.10000000149011612,0.0,0.10000000149011612,0.10000000149011612,0.10000000149011612,0.0,0.0,0.0,0.0,0.0,0.0,0.10000000149011612,0.0,0.10000000149011612,0.10000000149011612,0.0,0.10000000149011612,0.10000000149011612,0.0,0.10000000149011612,0.005820328310546241
158,0.0006897079292684793,5.999999848427251e-05,0.16176894307136536,0.13800925016403198,0.0,0.10000000149011612,0.0,0.10000000149011612,0.0,0.10000000149011612,0.0,0.0,0.0,0.10000000149011612,0.0,0.0,0.10000000149011612,0.0,0.10000000149011612,0.10000000149011612,0.0,0.10000000149011612,0.10000000149011612,0.0,0.10000000149011612,0.003693493890981392
159,0.0071771047078073025,0.0,0.17010708153247833,0.14260248839855194,0.0,0.10000000149011612,0.0,0.10000000149011612,0.0,0.10000000149011612,0.0,0.0,0.0,0.10000000149011612,0.0,0.0,0.10000000149011612,0.0,0.10000000149011612,0.10000000149011612,0.0,0.10000000149011612,0.10000000149011612,0.0,0.10000000149011612,0.004036204656383768
160,0.0003545672807376832,0.0,0.17052197456359863,0.14044737815856934,0.0,0.10000000149011612,0.0,0.10000000149011612,0.0,0.10000000149011612,0.0,0.0,0.0,0.10000000149011612,0.0,0.0,0.10000000149011612,0.0,0.10000000149011612,0.10000000149011612,0.0,0.10000000149011612,0.10000000149011612,0.0,0.10000000149011612,-0.0018861417350868326
161,0.004146884195506573,0.0,0.17537598311901093,0.14580564200878143,0.0,0.10000000149011612,0.0,0.10000000149011612,0.0,0.10000000149011612,0.0,0.0,0.0,0.10000000149011612,0.0,0.0,0.10000000149011612,0.0,0.10000000149011612,0.10000000149011612,0.0,0.10000000149011612,0.10000000149011612,0.0,0.10000000149011612,0.00469838762649788
162,-0.004846068564802408,0.0,0.16968002915382385,0.13892658054828644,0.0,0.10000000149011612,0.0,0.10000000149011612,0.0,0.10000000149011612,0.0,0.0,0.0,0.10000000149011612,0.0,0.0,0.10000000149011612,0.0,0.10000000149011612,0.10000000149011612,0.0,0.10000000149011612,0.10000000149011612,0.0,0.10000000149011612,-0.006003689638353404
163,-0.010657540522515774,0.0,0.15721412003040314,0.13079296052455902,0.0,0.10000000149011612,0.0,0.10000000149011612,0.0,0.10000000149011612,0.0,0.0,0.0,0.10000000149011612,0.0,0.0,0.10000000149011612,0.0,0.10000000149011612,0.10000000149011612,0.0,0.10000000149011612,0.10000000149011612,0.0,0.10000000149011612,-0.007141478794719047
164,-0.013525468297302723,0.0,0.14156225323677063,0.11448276787996292,0.0,0.10000000149011612,0.0,0.10000000149011612,0.0,0.10000000149011612,0.0,0.0,0.0,0.10000000149011612,0.0,0.0,0.10000000149011612,0.0,0.10000000149011612,0.10000000149011612,0.0,0.10000000149011612,0.10000000149011612,0.0,0.10000000149011612,-0.0144236772017311
165,0.008166562765836716,0.0,0.15088489651679993,0.12063479423522949,0.0,0.10000000149011612,0.0,0.10000000149011612,0.0,0.10000000149011612,0.0,0.0,0.0,0.10000000149011612,0.0,0.0,0.10000000149011612,0.0,0.10000000149011612,0.10000000149011612,0.0,0.10000000149011612,0.10000000149011612,0.0,0.10000000149011612,0.005520073107069479
166,-0.0032859956845641136,0.0,0.14710310101509094,0.11988282203674316,0.0,0.10000000149011612,0.0,0.10000000149011612,0.0,0.10000000149011612,0.0,0.0,0.0,0.10000000149011612,0.0,0.0,0.10000000149011612,0.0,0.10000000149011612,0.10000000149011612,0.0,0.10000000149011612,0.10000000149011612,0.0,0.10000000149011612,-0.0006710234256107617
167,-0.0034079791512340307,0.0,0.1431937962770462,0.11259983479976654,0.0,0.10000000149011612,0.0,0.10000000149011612,0.0,0.10000000149011612,0.0,0.0,0.0,0.10000000149011612,0.0,0.0,0.10000000149011612,0.0,0.10000000149011612,0.10000000149011612,0.0,0.10000000149011612,0.10000000149011612,0.0,0.10000000149011612,-0.006503347576785723
168,0.002419524360448122,0.0,0.1459597796201706,0.11101435869932175,0.0,0.10000000149011612,0.0,0.10000000149011612,0.0,0.10000000149011612,0.0,0.0,0.0,0.10000000149011612,0.0,0.0,0.10000000149011612,0.0,0.10000000149011612,0.10000000149011612,0.0,0.10000000149011612,0.10000000149011612,0.0,0.10000000149011612,-0.0014250191765758924
169,-0.00601351261138916,0.0,0.13906852900981903,0.10885044932365417,0.0,0.10000000149011612,0.0,0.10000000149011612,0.0,0.10000000149011612,0.0,0.0,0.0,0.10000000149011612,0.0,0.0,0.10000000149011612,0.0,0.10000000149011612,0.10000000149011612,0.0,0.10000000149011612,0.10000000149011612,0.0,0.10000000149011612,-0.0019476880372643057
170,0.010074070654809475,0.0,0.15054358541965485,0.11533842235803604,0.0,0.10000000149011612,0.0,0.10000000149011612,0.0,0.10000000149011612,0.0,0.0,0.0,0.10000000149011612,0.0,0.0,0.10000000149011612,0.0,0.10000000149011612,0.10000000149011612,0.0,0.10000000149011612,0.10000000149011612,0.0,0.10000000149011612,0.005851080313255208
171,0.004917101468890905,0.0,0.15620093047618866,0.11948906630277634,0.0,0.10000000149011612,0.0,0.10000000149011612,0.0,0.10000000149011612,0.0,0.0,0.0,0.10000000149011612,0.0,0.0,0.10000000149011612,0.0,0.10000000149011612,0.10000000149011612,0.0,0.10000000149011612,0.10000000149011612,0.0,0.10000000149011612,0.0037214211055018875
172,0.012798735871911049,0.0,0.17099884152412415,0.13373179733753204,0.0,0.10000000149011612,0.0,0.10000000149011612,0.0,0.10000000149011612,0.0,0.0,0.0,0.10000000149011612,0.0,0.0,0.10000000149011612,0.0,0.10000000149011612,0.10000000149011612,0.0,0.10000000149011612,0.10000000149011612,0.0,0.10000000149011612,0.012722528038432435
173,0.01630869321525097,0.0,0.19009630382061005,0.14766687154769897,0.0,0.10000000149011612,0.0,0.10000000149011612,0.0,0.10000000149011612,0.0,0.0,0.0,0.10000000149011612,0.0,0.0,0.10000000149011612,0.0,0.10000000149011612,0.10000000149011612,0.0,0.10000000149011612,0.10000000149011612,0.0,0.10000000149011612,0.012291332255911058
174,-0.0016962734516710043,0.0,0.18807756900787354,0.1483607143163681,0.0,0.10000000149011612,0.0,0.10000000149011612,0.0,0.10000000149011612,0.0,0.0,0.0,0.10000000149011612,0.0,0.0,0.10000000149011612,0.0,0.10000000149011612,0.10000000149011612,0.0,0.10000000149011612,0.10000000149011612,0.0,0.10000000149011612,0.0006045680901578532
175,0.0011811709264293313,0.0,0.18948090076446533,0.14759962260723114,0.0,0.10000000149011612,0.0,0.10000000149011612,0.0,0.10000000149011612,0.0,0.0,0.0,0.10000000149011612,0.0,0.0,0.10000000149011612,0.0,0.10000000149011612,0.10000000149011612,0.0,0.10000000149011612,0.10000000149011612,0.0,0.10000000149011612,-0.0006627636243983215
176,-0.0011843013344332576,0.0,0.18807218968868256,0.14933012425899506,0.0,0.10000000149011612,0.0,0.10000000149011612,0.0,0.10000000149011612,0.0,0.0,0.0,0.10000000149011612,0.0,0.0,0.10000000149011612,0.0,0.10000000149011612,0.10000000149011612,0.0,0.10000000149011612,0.10000000149011612,0.0,0.10000000149011612,0.0015079315274018068
177,-0.0009719340596348047,0.0,0.1869174689054489,0.14824235439300537,0.0,0.10000000149011612,0.0,0.10000000149011612,0.0,0.10000000149011612,0.0,0.0,0.0,0.10000000149011612,0.0,0.0,0.10000000149011612,0.0,0.10000000149011612,0.10000000149011612,0.0,0.10000000149011612,0.10000000149011612,0.0,0.10000000149011612,-0.0009464381408178513
178,-0.008397337049245834,0.0,0.17695051431655884,0.14281153678894043,0.0,0.10000000149011612,0.0,0.10000000149011612,0.0,0.10000000149011612,0.0,0.0,0.0,0.10000000149011612,0.0,0.0,0.10000000149011612,0.0,0.10000000149011612,0.10000000149011612,0.0,0.10000000149011612,0.10000000149011612,0.0,0.10000000149011612,-0.004729678872484877
179,0.0014471382601186633,5.999999848427251e-05,0.17858311533927917,0.14846214652061462,0.0,0.10000000149011612,0.0,0.10000000149011612,0.0,0.10000000149011612,0.10000000149011612,0.0,0.0,0.0,0.0,0.0,0.10000000149011612,0.0,0.10000000149011612,0.10000000149011612,0.0,0.10000000149011612,0.10000000149011612,0.0,0.10000000149011612,0.004944480826253539
180,0.013493346981704235,5.999999848427251e-05,0.19441542029380798,0.16493143141269684,0.0,0.0,0.0,0.10000000149011612,0.10000000149011612,0.10000000149011612,0.10000000149011612,0.0,0.0,0.0,0.0,0.0,0.10000000149011612,0.0,0.10000000149011612,0.10000000149011612,0.0,0.10000000149011612,0.10000000149011612,0.0,0.10000000149011612,0.014340294054947744
181,0.008573154918849468,0.0,0.20465533435344696,0.17213498055934906,0.0,0.0,0.0,0.10000000149011612,0.10000000149011612,0.10000000149011612,0.10000000149011612,0.0,0.0,0.0,0.0,0.0,0.10000000149011612,0.0,0.10000000149011612,0.10000000149011612,0.0,0.10000000149011612,0.10000000149011612,0.0,0.10000000149011612,0.006183667941654258
182,-0.003040314419195056,0.0,0.20099280774593353,0.1664423793554306,0.0,0.0,0.0,0.10000000149011612,0.10000000149011612,0.10000000149011612,0.10000000149011612,0.0,0.0,0.0,0.0,0.0,0.10000000149011612,0.0,0.10000000149011612,0.10000000149011612,0.0,0.10000000149011612,0.10000000149011612,0.0,0.10000000149011612,-0.0048566089216123265
183,0.0008019930683076382,0.0,0.20195598900318146,0.17048288881778717,0.0,0.0,0.0,0.10000000149011612,0.10000000149011612,0.10000000149011612,0.10000000149011612,0.0,0.0,0.0,0.0,0.0,0.10000000149011612,0.0,0.10000000149011612,0.10000000149011612,0.0,0.10000000149011612,0.10000000149011612,0.0,0.10000000149011612,0.003463959758208901
184,0.0012756315991282463,0.0,0.2034892439842224,0.16919580101966858,0.0,0.0,0.0,0.10000000149011612,0.10000000149011612,0.10000000149011612,0.10000000149011612,0.0,0.0,0.0,0.0,0.0,0.10000000149011612,0.0,0.10000000149011612,0.10000000149011612,0.0,0.10000000149011612,0.10000000149011612,0.0,0.10000000149011612,-0.0010996211994338534
185,0.0008635928388684988,0.0,0.2045285701751709,0.17445743083953857,0.0,0.0,0.0,0.10000000149011612,0.10000000149011612,0.10000000149011612,0.10000000149011612,0.0,0.0,0.0,0.0,0.0,0.10000000149011612,0.0,0.10000000149011612,0.10000000149011612,0.0,0.10000000149011612,0.10000000149011612,0.0,0.10000000149011612,0.004500212723379082
186,-0.0013404759811237454,0.0,0.20291392505168915,0.17462767660617828,0.0,0.0,0.0,0.10000000149011612,0.10000000149011612,0.10000000149011612,0.10000000149011612,0.0,0.0,0.0,0.0,0.0,0.10000000149011612,0.0,0.10000000149011612,0.10000000149011612,0.0,0.10000000149011612,0.10000000149011612,0.0,0.10000000149011612,0.00014495694962568528
187,0.0066566746681928635,0.0,0.21092133224010468,0.17941902577877045,0.0,0.0,0.0,0.10000000149011612,0.10000000149011612,0.10000000149011612,0.10000000149011612,0.0,0.0,0.0,0.0,0.0,0.10000000149011612,0.0,0.10000000149011612,0.10000000149011612,0.0,0.10000000149011612,0.10000000149011612,0.0,0.10000000149011612,0.004079036504942346
188,0.002250108402222395,0.0,0.2136460393667221,0.18109920620918274,0.0,0.0,0.0,0.10000000149011612,0.10000000149011612,0.10000000149011612,0.10000000149011612,0.0,0.0,0.0,0.0,0.0,0.10000000149011612,0.0,0.10000000149011612,0.10000000149011612,0.0,0.10000000149011612,0.10000000149011612,0.0,0.10000000149011612,0.0014245831156596278
189,-0.0032906271517276764,0.0,0.209652379155159,0.1796189397573471,0.0,0.0,0.0,0.10000000149011612,0.10000000149011612,0.10000000149011612,0.10000000149011612,0.0,0.0,0.0,0.0,0.0,0.10000000149011612,0.0,0.10000000149011612,0.10000000149011612,0.0,0.10000000149011612,0.10000000149011612,0.0,0.10000000149011612,-0.001253295611455596
190,0.0060175564140081406,0.0,0.2169315367937088,0.18675783276557922,0.0,0.0,0.0,0.10000000149011612,0.10000000149011612,0.10000000149011612,0.10000000149011612,0.0,0.0,0.0,0.0,0.0,0.10000000149011612,0.0,0.10000000149011612,0.10000000149011612,0.0,0.10000000149011612,0.10000000149011612,0.0,0.10000000149011612,0.006051863671924895
191,-0.004438157659024,0.0,0.21153059601783752,0.18098969757556915,0.0,0.0,0.0,0.10000000149011612,0.10000000149011612,0.10000000149011612,0.10000000149011612,0.0,0.0,0.0,0.0,0.0,0.10000000149011612,0.0,0.10000000149011612,0.10000000149011612,0.0,0.10000000149011612,0.10000000149011612,0.0,0.10000000149011612,-0.004860414678341085
192,0.004488680046051741,0.0,0.21696877479553223,0.18461519479751587,0.0,0.0,0.0,0.10000000149011612,0.10000000149011612,0.10000000149011612,0.10000000149011612,0.0,0.0,0.0,0.0,0.0,0.10000000149011612,0.0,0.10000000149011612,0.10000000149011612,0.0,0.10000000149011612,0.10000000149011612,0.0,0.10000000149011612,0.0030698804819291325
193,-0.0017031418392434716,0.0,0.214896097779274,0.1795661449432373,0.0,0.0,0.0,0.10000000149011612,0.10000000149011612,0.10000000149011612,0.10000000149011612,0.0,0.0,0.0,0.0,0.0,0.10000000149011612,0.0,0.10000000149011612,0.10000000149011612,0.0,0.10000000149011612,0.10000000149011612,0.0,0.10000000149011612,-0.004262185624878456
194,0.0024365989957004786,0.0,0.21785631775856018,0.1794435828924179,0.0,0.0,0.0,0.10000000149011612,0.10000000149011612,0.10000000149011612,0.10000000149011612,0.0,0.0,0.0,0.0,0.0,0.10000000149011612,0.0,0.10000000149011612,0.10000000149011612,0.0,0.10000000149011612,0.10000000149011612,0.0,0.10000000149011612,-0.00010390434766616163
195,-0.003001796780154109,0.0,0.21420055627822876,0.1832931935787201,0.0,0.0,0.0,0.10000000149011612,0.10000000149011612,0.10000000149011612,0.10000000149011612,0.0,0.0,0.0,0.0,0.0,0.10000000149011612,0.0,0.10000000149011612,0.10000000149011612,0.0,0.10000000149011612,0.10000000149011612,0.0,0.10000000149011612,0.0032639210066001123
196,0.002922278828918934,0.0,0.21774879097938538,0.1830698847770691,0.0,0.0,0.0,0.10000000149011612,0.10000000149011612,0.10000000149011612,0.10000000149011612,0.0,0.0,0.0,0.0,0.0,0.10000000149011612,0.0,0.10000000149011612,0.10000000149011612,0.0,0.10000000149011612,0.10000000149011612,0.0,0.10000000149011612,-0.00018871806485731835
197,-0.002675530966371298,0.0,0.21449066698551178,0.1792028546333313,0.0,0.0,0.0,0.10000000149011612,0.10000000149011612,0.10000000149011612,0.10000000149011612,0.0,0.0,0.0,0.0,0.0,0.10000000149011612,0.0,0.10000000149011612,0.10000000149011612,0.0,0.10000000149011612,0.10000000149011612,0.0,0.10000000149011612,-0.0032686405034022536
198,0.0038178502582013607,0.0,0.21912741661071777,0.17868289351463318,0.0,0.0,0.0,0.10000000149011612,0.10000000149011612,0.10000000149011612,0.10000000149011612,0.0,0.0,0.0,0.0,0.0,0.10000000149011612,0.0,0.10000000149011612,0.10000000149011612,0.0,0.10000000149011612,0.10000000149011612,0.0,0.10000000149011612,-0.0004409428934598614
199,0.0016393198166042566,0.0,0.22112594544887543,0.1824713498353958,0.0,0.0,0.0,0.10000000149011612,0.10000000149011612,0.10000000149011612,0.10000000149011612,0.0,0.0,0.0,0.0,0.0,0.10000000149011612,0.0,0.10000000149011612,0.10000000149011612,0.0,0.10000000149011612,0.10000000149011612,0.0,0.10000000149011612,0.0032141438054353877
200,0.0016342320013791323,0.0,0.2231215536594391,0.18367043137550354,0.0,0.0,0.0,0.10000000149011612,0.10000000149011612,0.10000000149011612,0.10000000149011612,0.0,0.0,0.0,0.0,0.0,0.10000000149011612,0.0,0.10000000149011612,0.10000000149011612,0.0,0.10000000149011612,0.10000000149011612,0.0,0.10000000149011612,0.0010140470128723322
201,0.025831976905465126,0.0,0.2547172009944916,0.20651856064796448,0.0,0.0,0.0,0.10000000149011612,0.10000000149011612,0.10000000149011612,0.10000000149011612,0.0,0.0,0.0,0.0,0.0,0.10000000149011612,0.0,0.10000000149011612,0.10000000149011612,0.0,0.10000000149011612,0.10000000149011612,0.0,0.10000000149011612,0.01930277944504355
202,-0.011057238094508648,0.0,0.2408434897661209,0.1947179138660431,0.0,0.0,0.0,0.10000000149011612,0.10000000149011612,0.10000000149011612,0.10000000149011612,0.0,0.0,0.0,0.0,0.0,0.10000000149011612,0.0,0.10000000149011612,0.10000000149011612,0.0,0.10000000149011612,0.10000000149011612,0.0,0.10000000149011612,-0.009780742018244526
203,0.011900505051016808,5.999999848427251e-05,0.25553572177886963,0.20726314187049866,0.0,0.0,0.0,0.10000000149011612,0.10000000149011612,0.0,0.10000000149011612,0.0,0.0,0.0,0.0,0.10000000149011612,0.10000000149011612,0.0,0.10000000149011612,0.10000000149011612,0.0,0.10000000149011612,0.10000000149011612,0.0,0.10000000149011612,0.010500577465905714
204,0.0006689862348139286,0.0,0.25637564063072205,0.21186192333698273,0.0,0.0,0.0,0.10000000149011612,0.10000000149011612,0.0,0.10000000149011612,0.0,0.0,0.0,0.0,0.10000000149011612,0.10000000149011612,0.0,0.10000000149011612,0.10000000149011612,0.0,0.10000000149011612,0.10000000149011612,0.0,0.10000000149011612,0.0038092618808514
205,0.004656402859836817,0.0,0.26222583651542664,0.21718664467334747,0.0,0.0,0.0,0.10000000149011612,0.10000000149011612,0.0,0.10000000149011612,0.0,0.0,0.0,0.0,0.10000000149011612,0.10000000149011612,0.0,0.10000000149011612,0.10000000149011612,0.0,0.10000000149011612,0.10000000149011612,0.0,0.10000000149011612,0.004393835002012958
206,-0.011670572683215141,0.0,0.24749493598937988,0.20771841704845428,0.0,0.0,0.0,0.10000000149011612,0.10000000149011612,0.0,0.10000000149011612,0.0,0.0,0.0,0.0,0.10000000149011612,0.10000000149011612,0.0,0.10000000149011612,0.10000000149011612,0.0,0.10000000149011612,0.10000000149011612,0.0,0.10000000149011612,-0.007778780408352337
207,0.005372217390686274,0.0,0.25419676303863525,0.21433675289154053,0.0,0.0,0.0,0.10000000149011612,0.10000000149011612,0.0,0.10000000149011612,0.0,0.0,0.0,0.0,0.10000000149011612,0.10000000149011612,0.0,0.10000000149011612,0.10000000149011612,0.0,0.10000000149011612,0.10000000149011612,0.0,0.10000000149011612,0.00548003222411797
208,0.00021252936858218163,0.0,0.2544633150100708,0.21476294100284576,0.0,0.0,0.0,0.10000000149011612,0.10000000149011612,0.0,0.10000000149011612,0.0,0.0,0.0,0.0,0.10000000149011612,0.10000000149011612,0.0,0.10000000149011612,0.10000000149011612,0.0,0.10000000149011612,0.10000000149011612,0.0,0.10000000149011612,0.00035096369297105134
209,0.0015765338903293014,0.0,0.25644099712371826,0.21656391024589539,0.0,0.0,0.0,0.10000000149011612,0.10000000149011612,0.0,0.10000000149011612,0.0,0.0,0.0,0.0,0.10000000149011612,0.10000000149011612,0.0,0.10000000149011612,0.10000000149011612,0.0,0.10000000149011612,0.10000000149011612,0.0,0.10000000149011612,0.0014825684767456604
210,0.003097376087680459,0.0,0.2603326737880707,0.22094407677650452,0.0,0.0,0.0,0.10000000149011612,0.10000000149011612,0.0,0.10000000149011612,0.0,0.0,0.0,0.0,0.10000000149011612,0.10000000149011612,0.0,0.10000000149011612,0.10000000149011612,0.0,0.10000000149011612,0.10000000149011612,0.0,0.10000000149011612,0.003600440958111184
211,-0.00022393492690753192,0.0,0.2600504457950592,0.2192509025335312,0.0,0.0,0.0,0.10000000149011612,0.10000000149011612,0.0,0.10000000149011612,0.0,0.0,0.0,0.0,0.10000000149011612,0.10000000149011612,0.0,0.10000000149011612,0.10000000149011612,0.0,0.10000000149011612,0.10000000149011612,0.0,0.10000000149011612,-0.0013867746076000609
212,-0.0020804833620786667,0.0,0.25742894411087036,0.21341677010059357,0.0,0.0,0.0,0.10000000149011612,0.10000000149011612,0.0,0.10000000149011612,0.0,0.0,0.0,0.0,0.10000000149011612,0.10000000149011612,0.0,0.10000000149011612,0.10000000149011612,0.0,0.10000000149011612,0.10000000149011612,0.0,0.10000000149011612,-0.004785013831701601
213,0.004244448617100716,0.0,0.262766033411026,0.215805783867836,0.0,0.0,0.0,0.10000000149011612,0.10000000149011612,0.0,0.10000000149011612,0.0,0.0,0.0,0.0,0.10000000149011612,0.10000000149011612,0.0,0.10000000149011612,0.10000000149011612,0.0,0.10000000149011612,0.10000000149011612,0.0,0.10000000149011612,0.001968832000767806
214,0.010069661773741245,0.0,0.275481641292572,0.21886451542377472,0.0,0.0,0.0,0.10000000149011612,0.10000000149011612,0.0,0.10000000149011612,0.0,0.0,0.0,0.0,0.10000000149011612,0.10000000149011612,0.0,0.10000000149011612,0.10000000149011612,0.0,0.10000000149011612,0.10000000149011612,0.0,0.10000000149011612,0.0025158060576155883
215,-0.0025380586739629507,0.0,0.272244393825531,0.2176988273859024,0.0,0.0,0.0,0.10000000149011612,0.10000000149011612,0.0,0.10000000149011612,0.0,0.0,0.0,0.0,0.10000000149011612,0.10000000149011612,0.0,0.10000000149011612,0.10000000149011612,0.0,0.10000000149011612,0.10000000149011612,0.0,0.10000000149011612,-0.0009563721177550111
216,-0.004245298448950052,0.0,0.26684334874153137,0.21291117370128632,0.0,0.0,0.0,0.10000000149011612,0.10000000149011612,0.0,0.10000000149011612,0.0,0.0,0.0,0.0,0.10000000149011612,0.10000000149011612,0.0,0.10000000149011612,0.10000000149011612,0.0,0.10000000149011612,0.10000000149011612,0.0,0.10000000149011612,-0.003931722341306676
217,0.006632206495851278,0.0,0.2752453088760376,0.22107084095478058,0.0,0.0,0.0,0.10000000149011612,0.10000000149011612,0.0,0.10000000149011612,0.0,0.0,0.0,0.0,0.10000000149011612,0.10000000149011612,0.0,0.10000000149011612,0.10000000149011612,0.0,0.10000000149011612,0.10000000149011612,0.0,0.10000000149011612,0.006727341152769295
218,-0.005383568815886974,0.0,0.26837995648384094,0.2216540277004242,0.0,0.0,0.0,0.10000000149011612,0.10000000149011612,0.0,0.10000000149011612,0.0,0.0,0.0,0.0,0.10000000149011612,0.10000000149011612,0.0,0.10000000149011612,0.10000000149011612,0.0,0.10000000149011612,0.10000000149011612,0.0,0.10000000149011612,0.0004776027123762905
219,0.0030020202975720167,0.0,0.27218765020370483,0.22739098966121674,0.0,0.0,0.0,0.10000000149011612,0.10000000149011612,0.0,0.10000000149011612,0.0,0.0,0.0,0.0,0.10000000149011612,0.10000000149011612,0.0,0.10000000149011612,0.10000000149011612,0.0,0.10000000149011612,0.10000000149011612,0.0,0.10000000149011612,0.004696061102988036
220,0.002284545684233308,0.0,0.27509400248527527,0.23010817170143127,0.0,0.0,0.0,0.10000000149011612,0.10000000149011612,0.0,0.10000000149011612,0.0,0.0,0.0,0.0,0.10000000149011612,0.10000000149011612,0.0,0.10000000149011612,0.10000000149011612,0.0,0.10000000149011612,0.10000000149011612,0.0,0.10000000149011612,0.002213786856105626
221,-0.005527968052774668,0.0,0.2680453360080719,0.2228425294160843,0.0,0.0,0.0,0.10000000149011612,0.10000000149011612,0.0,0.10000000149011612,0.0,0.0,0.0,0.0,0.10000000149011612,0.10000000149011612,0.0,0.10000000149011612,0.10000000149011612,0.0,0.10000000149011612,0.10000000149011612,0.0,0.10000000149011612,-0.005906506803623146
222,-0.015538683161139488,0.0,0.24834159016609192,0.20934058725833893,0.0,0.0,0.0,0.10000000149011612,0.10000000149011612,0.0,0.10000000149011612,0.0,0.0,0.0,0.0,0.10000000149011612,0.10000000149011612,0.0,0.10000000149011612,0.10000000149011612,0.0,0.10000000149011612,0.10000000149011612,0.0,0.10000000149011612,-0.011041439787175755
223,-0.0018025088356807828,0.0,0.24609144032001495,0.20931634306907654,0.0,0.0,0.0,0.10000000149011612,0.10000000149011612,0.0,0.10000000149011612,0.0,0.0,0.0,0.0,0.10000000149011612,0.10000000149011612,0.0,0.10000000149011612,0.10000000149011612,0.0,0.10000000149011612,0.10000000149011612,0.0,0.10000000149011612,-2.004744529193747e-05
224,0.0020954227074980736,0.0,0.2487025260925293,0.21722207963466644,0.0,0.0,0.0,0.10000000149011612,0.10000000149011612,0.0,0.10000000149011612,0.0,0.0,0.0,0.0,0.10000000149011612,0.10000000149011612,0.0,0.10000000149011612,0.10000000149011612,0.0,0.10000000149011612,0.10000000149011612,0.0,0.10000000149011612,0.006537360229107891
225,0.004816498141735792,0.0,0.2547169029712677,0.2228487879037857,0.0,0.0,0.0,0.10000000149011612,0.10000000149011612,0.0,0.10000000149011612,0.0,0.0,0.0,0.0,0.10000000149011612,0.10000000149011612,0.0,0.10000000149011612,0.10000000149011612,0.0,0.10000000149011612,0.10000000149011612,0.0,0.10000000149011612,0.004622581501978695
226,0.006459906231611967,0.0,0.2628222405910492,0.22643522918224335,0.0,0.0,0.0,0.10000000149011612,0.10000000149011612,0.0,0.10000000149011612,0.0,0.0,0.0,0.0,0.10000000149011612,0.10000000149011612,0.0,0.10000000149011612,0.10000000149011612,0.0,0.10000000149011612,0.10000000149011612,0.0,0.10000000149011612,0.002932857532291999
227,0.007014651317149401,0.0,0.2716805040836334,0.23471537232398987,0.0,0.0,0.0,0.10000000149011612,0.10000000149011612,0.0,0.10000000149011612,0.0,0.0,0.0,0.0,0.10000000149011612,0.10000000149011612,0.0,0.10000000149011612,0.10000000149011612,0.0,0.10000000149011612,0.10000000149011612,0.0,0.10000000149011612,0.006751390489057929
228,0.005228832364082336,0.0,0.27832990884780884,0.23428089916706085,0.0,0.0,0.0,0.10000000149011612,0.10000000149011612,0.0,0.10000000149011612,0.0,0.0,0.0,0.0,0.10000000149011612,0.10000000149011612,0.0,0.10000000149011612,0.10000000149011612,0.0,0.10000000149011612,0.10000000149011612,0.0,0.10000000149011612,-0.00035188122434337554
229,0.00616098428145051,0.0,0.2862056791782379,0.2392420619726181,0.0,0.0,0.0,0.10000000149011612,0.10000000149011612,0.0,0.10000000149011612,0.0,0.0,0.0,0.0,0.10000000149011612,0.10000000149011612,0.0,0.10000000149011612,0.10000000149011612,0.0,0.10000000149011612,0.10000000149011612,0.0,0.10000000149011612,0.0040194762868850376
230,0.0034009225200861692,0.0,0.29057997465133667,0.24375782907009125,0.0,0.0,0.0,0.10000000149011612,0.10000000149011612,0.0,0.10000000149011612,0.0,0.0,0.0,0.0,0.10000000149011612,0.10000000149011612,0.0,0.10000000149011612,0.10000000149011612,0.0,0.10000000149011612,0.10000000149011612,0.0,0.10000000149011612,0.003643975003789768
231,0.005866271443665028,0.0,0.2981508672237396,0.2498662918806076,0.0,0.0,0.0,0.10000000149011612,0.10000000149011612,0.0,0.10000000149011612,0.0,0.0,0.0,0.0,0.10000000149011612,0.10000000149011612,0.0,0.10000000149011612,0.10000000149011612,0.0,0.10000000149011612,0.10000000149011612,0.0,0.10000000149011612,0.004911295967546581
232,0.011575233191251755,0.0,0.3131772577762604,0.2527523636817932,0.0,0.0,0.0,0.10000000149011612,0.10000000149011612,0.0,0.10000000149011612,0.0,0.0,0.0,0.0,0.10000000149011612,0.10000000149011612,0.0,0.10000000149011612,0.10000000149011612,0.0,0.10000000149011612,0.10000000149011612,0.0,0.10000000149011612,0.0023091044377578918
233,-0.009844516403973103,0.0,0.3002496659755707,0.2414943277835846,0.0,0.0,0.0,0.10000000149011612,0.10000000149011612,0.0,0.10000000149011612,0.0,0.0,0.0,0.0,0.10000000149011612,0.10000000149011612,0.0,0.10000000149011612,0.10000000149011612,0.0,0.10000000149011612,0.10000000149011612,0.0,0.10000000149011612,-0.008986641114866245
234,0.01086853351444006,0.0,0.31438148021698,0.25038525462150574,0.0,0.0,0.0,0.10000000149011612,0.10000000149011612,0.0,0.10000000149011612,0.0,0.0,0.0,0.0,0.10000000149011612,0.10000000149011612,0.0,0.10000000149011612,0.10000000149011612,0.0,0.10000000149011612,0.10000000149011612,0.0,0.10000000149011612,0.007161471976915079
235,0.006563175935298204,0.0,0.3230080008506775,0.2595723271369934,0.0,0.0,0.0,0.10000000149011612,0.10000000149011612,0.0,0.10000000149011612,0.0,0.0,0.0,0.0,0.10000000149011612,0.10000000149011612,0.0,0.10000000149011612,0.10000000149011612,0.0,0.10000000149011612,0.10000000149011612,0.0,0.10000000149011612,0.007347393518542855
236,0.006192848086357117,0.0,0.3312011659145355,0.262255996465683,0.0,0.0,0.0,0.10000000149011612,0.10000000149011612,0.0,0.10000000149011612,0.0,0.0,0.0,0.0,0.10000000149011612,0.10000000149011612,0.0,0.10000000149011612,0.10000000149011612,0.0,0.10000000149011612,0.10000000149011612,0.0,0.10000000149011612,0.0021306194736665507
237,0.002689880318939686,0.0,0.3347819447517395,0.2688767611980438,0.0,0.0,0.0,0.10000000149011612,0.10000000149011612,0.0,0.10000000149011612,0.0,0.0,0.0,0.0,0.10000000149011612,0.10000000149011612,0.0,0.10000000149011612,0.10000000149011612,0.0,0.10000000149011612,0.10000000149011612,0.0,0.10000000149011612,0.005245183822377486
238,0.002735489746555686,0.0,0.33843323588371277,0.27283865213394165,0.0,0.0,0.0,0.10000000149011612,0.10000000149011612,0.0,0.10000000149011612,0.0,0.0,0.0,0.0,0.10000000149011612,0.10000000149011612,0.0,0.10000000149011612,0.10000000149011612,0.0,0.10000000149011612,0.10000000149011612,0.0,0.10000000149011612,0.003122360702829008
239,-0.0008953117066994309,0.0,0.3372349143028259,0.2736209034919739,0.0,0.0,0.0,0.10000000149011612,0.10000000149011612,0.0,0.10000000149011612,0.0,0.0,0.0,0.0,0.10000000149011612,0.10000000149011612,0.0,0.10000000149011612,0.10000000149011612,0.0,0.10000000149011612,0.10000000149011612,0.0,0.10000000149011612,0.0006145722843353685
240,-0.0012207815889269114,0.0,0.33560243248939514,0.2753925621509552,0.0,0.0,0.0,0.10000000149011612,0.10000000149011612,0.0,0.10000000149011612,0.0,0.0,0.0,0.0,0.10000000149011612,0.10000000149011612,0.0,0.10000000149011612,0.10000000149011612,0.0,0.10000000149011612,0.10000000149011612,0.0,0.10000000149011612,0.0013910408145185738
241,-0.0017414744943380356,0.0,0.33327654004096985,0.2657243609428406,0.0,0.0,0.0,0.10000000149011612,0.10000000149011612,0.0,0.10000000149011612,0.0,0.0,0.0,0.0,0.10000000149011612,0.10000000149011612,0.0,0.10000000149011612,0.10000000149011612,0.0,0.10000000149011612,0.10000000149011612,0.0,0.10000000149011612,-0.007580568912687657
242,-0.002364023355767131,0.0,0.3301246464252472,0.26361000537872314,0.0,0.0,0.0,0.10000000149011612,0.10000000149011612,0.0,0.10000000149011612,0.0,0.0,0.0,0.0,0.10000000149011612,0.10000000149011612,0.0,0.10000000149011612,0.10000000149011612,0.0,0.10000000149011612,0.10000000149011612,0.0,0.10000000149011612,-0.0016704707828665288
243,0.005224204622209072,0.0,0.3370734751224518,0.267132043838501,0.0,0.0,0.0,0.10000000149011612,0.10000000149011612,0.0,0.10000000149011612,0.0,0.0,0.0,0.0,0.10000000149011612,0.10000000149011612,0.0,0.10000000149011612,0.10000000149011612,0.0,0.10000000149011612,0.10000000149011612,0.0,0.10000000149011612,0.002787282820479353
244,0.018118560314178467,0.0,0.3612993061542511,0.278037428855896,0.0,0.0,0.0,0.10000000149011612,0.10000000149011612,0.0,0.10000000149011612,0.0,0.0,0.0,0.0,0.10000000149011612,0.10000000149011612,0.0,0.10000000149011612,0.10000000149011612,0.0,0.10000000149011612,0.10000000149011612,0.0,0.10000000149011612,0.008606352487432689
245,-0.0009233653545379639,0.0,0.3600423336029053,0.27928081154823303,0.0,0.0,0.0,0.10000000149011612,0.10000000149011612,0.0,0.10000000149011612,0.0,0.0,0.0,0.0,0.10000000149011612,0.10000000149011612,0.0,0.10000000149011612,0.10000000149011612,0.0,0.10000000149011612,0.10000000149011612,0.0,0.10000000149011612,0.0009728844118830349
246,-0.006396573036909103,0.0,0.35134273767471313,0.275532603263855,0.0,0.0,0.0,0.10000000149011612,0.10000000149011612,0.0,0.10000000149011612,0.0,0.0,0.0,0.0,0.10000000149011612,0.10000000149011612,0.0,0.10000000149011612,0.10000000149011612,0.0,0.10000000149011612,0.10000000149011612,0.0,0.10000000149011612,-0.0029299339523758405
247,0.011417871341109276,0.0,0.36677220463752747,0.2874058783054352,0.0,0.0,0.0,0.10000000149011612,0.10000000149011612,0.0,0.10000000149011612,0.0,0.0,0.0,0.0,0.10000000149011612,0.10000000149011612,0.0,0.10000000149011612,0.10000000149011612,0.0,0.10000000149011612,0.10000000149011612,0.0,0.10000000149011612,0.009308484166691278
248,0.00879901647567749,0.0,0.3787984549999237,0.29647907614707947,0.0,0.0,0.0,0.10000000149011612,0.10000000149011612,0.0,0.10000000149011612,0.0,0.0,0.0,0.0,0.10000000149011612,0.10000000149011612,0.0,0.10000000149011612,0.10000000149011612,0.0,0.10000000149011612,0.10000000149011612,0.0,0.10000000149011612,0.007047659168363474
249,2.225637945230119e-05,0.0,0.37882912158966064,0.2959384024143219,0.0,0.0,0.0,0.10000000149011612,0.10000000149011612,0.0,0.10000000149011612,0.0,0.0,0.0,0.0,0.10000000149011612,0.10000000149011612,0.0,0.10000000149011612,0.10000000149011612,0.0,0.10000000149011612,0.10000000149011612,0.0,0.10000000149011612,-0.00041703236304002633
250,-0.008074101060628891,0.0,0.3676963150501251,0.28893300890922546,0.0,0.0,0.0,0.10000000149011612,0.10000000149011612,0.0,0.10000000149011612,0.0,0.0,0.0,0.0,0.10000000149011612,0.10000000149011612,0.0,0.10000000149011612,0.10000000149011612,0.0,0.10000000149011612,0.10000000149011612,0.0,0.10000000149011612,-0.0054056531483637205
251,-0.00035119123640470207,0.0,0.36721599102020264,0.28401419520378113,0.0,0.0,0.0,0.10000000149011612,0.10000000149011612,0.0,0.10000000149011612,0.0,0.0,0.0,0.0,0.10000000149011612,0.10000000149011612,0.0,0.10000000149011612,0.10000000149011612,0.0,0.10000000149011612,0.10000000149011612,0.0,0.10000000149011612,-0.0038161903461584323
252,0.006226263474673033,0.0,0.37572863698005676,0.2918999493122101,0.0,0.0,0.0,0.10000000149011612,0.10000000149011612,0.0,0.10000000149011612,0.0,0.0,0.0,0.0,0.10000000149011612,0.10000000149011612,0.0,0.10000000149011612,0.10000000149011612,0.0,0.10000000149011612,0.10000000149011612,0.0,0.10000000149011612,0.006141485147037162
253,-0.0007651702617295086,0.0,0.374675989151001,0.2921596169471741,0.0,0.0,0.0,0.10000000149011612,0.10000000149011612,0.0,0.10000000149011612,0.0,0.0,0.0,0.0,0.10000000149011612,0.10000000149011612,0.0,0.10000000149011612,0.10000000149011612,0.0,0.10000000149011612,0.10000000149011612,0.0,0.10000000149011612,0.0002009967065190743
254,0.0017997517716139555,0.0,0.3771500587463379,0.29371005296707153,0.0,0.0,0.0,0.10000000149011612,0.10000000149011612,0.0,0.10000000149011612,0.0,0.0,0.0,0.0,0.10000000149011612,0.10000000149011612,0.0,0.10000000149011612,0.10000000149011612,0.0,0.10000000149011612,0.10000000149011612,0.0,0.10000000149011612,0.0011998796430123804
255,-0.0031508305110037327,0.0,0.37281090021133423,0.2930750846862793,0.0,0.0,0.0,0.10000000149011612,0.10000000149011612,0.0,0.10000000149011612,0.0,0.0,0.0,0.0,0.10000000149011612,0.10000000149011612,0.0,0.10000000149011612,0.10000000149011612,0.0,0.10000000149011612,0.10000000149011612,0.0,0.10000000149011612,-0.0004908118935429417
256,0.005602698773145676,0.0,0.3805023431777954,0.2956707775592804,0.0,0.0,0.0,0.10000000149011612,0.10000000149011612,0.0,0.10000000149011612,0.0,0.0,0.0,0.0,0.10000000149011612,0.10000000149011612,0.0,0.10000000149011612,0.10000000149011612,0.0,0.10000000149011612,0.10000000149011612,0.0,0.10000000149011612,0.002007379852679625
257,0.0004364384221844375,0.0,0.38110482692718506,0.29825615882873535,0.0,0.0,0.0,0.10000000149011612,0.10000000149011612,0.0,0.10000000149011612,0.0,0.0,0.0,0.0,0.10000000149011612,0.10000000149011612,0.0,0.10000000149011612,0.10000000149011612,0.0,0.10000000149011612,0.10000000149011612,0.0,0.10000000149011612,0.0019953998455728428
258,0.0007208905299194157,0.0,0.3821004629135132,0.297737181186676,0.0,0.0,0.0,0.10000000149011612,0.10000000149011612,0.0,0.10000000149011612,0.0,0.0,0.0,0.0,0.10000000149011612,0.10000000149011612,0.0,0.10000000149011612,0.10000000149011612,0.0,0.10000000149011612,0.10000000149011612,0.0,0.10000000149011612,-0.0003997498017090928
259,0.0022510397247970104,0.0,0.38521161675453186,0.2966192960739136,0.0,0.0,0.0,0.10000000149011612,0.10000000149011612,0.0,0.10000000149011612,0.0,0.0,0.0,0.0,0.10000000149011612,0.10000000149011612,0.0,0.10000000149011612,0.10000000149011612,0.0,0.10000000149011612,0.10000000149011612,0.0,0.10000000149011612,-0.0008614110229470118
260,-8.438987424597144e-05,0.0,0.3850947320461273,0.30003681778907776,0.0,0.0,0.0,0.10000000149011612,0.10000000149011612,0.0,0.10000000149011612,0.0,0.0,0.0,0.0,0.10000000149011612,0.10000000149011612,0.0,0.10000000149011612,0.10000000149011612,0.0,0.10000000149011612,0.10000000149011612,0.0,0.10000000149011612,0.00263571714959987
261,0.008683066815137863,0.0,0.3971216082572937,0.3115685284137726,0.0,0.0,0.0,0.10000000149011612,0.10000000149011612,0.0,0.10000000149011612,0.0,0.0,0.0,0.0,0.10000000149011612,0.10000000149011612,0.0,0.10000000149011612,0.10000000149011612,0.0,0.10000000149011612,0.10000000149011612,0.0,0.10000000149011612,0.008870295415406959
262,0.0067594097927212715,0.0,0.4065653085708618,0.31737178564071655,0.0,0.0,0.0,0.10000000149011612,0.10000000149011612,0.0,0.10000000149011612,0.0,0.0,0.0,0.0,0.10000000149011612,0.10000000149011612,0.0,0.10000000149011612,0.10000000149011612,0.0,0.10000000149011612,0.10000000149011612,0.0,0.10000000149011612,0.004424669471112308
263,-0.006160831544548273,0.0,0.39789971709251404,0.30833837389945984,0.0,0.0,0.0,0.10000000149011612,0.10000000149011612,0.0,0.10000000149011612,0.0,0.0,0.0,0.0,0.10000000149011612,0.10000000149011612,0.0,0.10000000149011612,0.10000000149011612,0.0,0.10000000149011612,0.10000000149011612,0.0,0.10000000149011612,-0.006857146812859094
264,0.006794479209929705,0.0,0.40739771723747253,0.31811490654945374,0.0,0.0,0.0,0.10000000149011612,0.10000000149011612,0.0,0.10000000149011612,0.0,0.0,0.0,0.0,0.10000000149011612,0.10000000149011612,0.0,0.10000000149011612,0.10000000149011612,0.0,0.10000000149011612,0.10000000149011612,0.0,0.10000000149011612,0.007472480242901813
265,0.0015542283654212952,0.0,0.4095851182937622,0.3195812702178955,0.0,0.0,0.0,0.10000000149011612,0.10000000149011612,0.0,0.10000000149011612,0.0,0.0,0.0,0.0,0.10000000149011612,0.10000000149011612,0.0,0.10000000149011612,0.10000000149011612,0.0,0.10000000149011612,0.10000000149011612,0.0,0.10000000149011612,0.0011124702870408676
266,0.0043562320061028,0.0,0.41572558879852295,0.3238998055458069,0.0,0.0,0.0,0.10000000149011612,0.10000000149011612,0.0,0.10000000149011612,0.0,0.0,0.0,0.0,0.10000000149011612,0.10000000149011612,0.0,0.10000000149011612,0.10000000149011612,0.0,0.10000000149011612,0.10000000149011612,0.0,0.10000000149011612,0.003272655823008286
267,0.006806562189012766,0.0,0.4253618121147156,0.336042582988739,0.0,0.0,0.0,0.10000000149011612,0.10000000149011612,0.0,0.10000000149011612,0.0,0.0,0.0,0.0,0.10000000149011612,0.10000000149011612,0.0,0.10000000149011612,0.10000000149011612,0.0,0.10000000149011612,0.10000000149011612,0.0,0.10000000149011612,0.009171976151115091
268,0.0014958950923755765,0.0,0.42749401926994324,0.33419597148895264,0.0,0.0,0.0,0.10000000149011612,0.10000000149011612,0.0,0.10000000149011612,0.0,0.0,0.0,0.0,0.10000000149011612,0.10000000149011612,0.0,0.10000000149011612,0.10000000149011612,0.0,0.10000000149011612,0.10000000149011612,0.0,0.10000000149011612,-0.001382150182410724
269,-0.006301829591393471,0.0,0.4184981882572174,0.32604673504829407,0.0,0.0,0.0,0.10000000149011612,0.10000000149011612,0.0,0.10000000149011612,0.0,0.0,0.0,0.0,0.10000000149011612,0.10000000149011612,0.0,0.10000000149011612,0.10000000149011612,0.0,0.10000000149011612,0.10000000149011612,0.0,0.10000000149011612,-0.006107975600888715
270,0.002058960497379303,5.999999848427251e-05,0.4213337302207947,0.3277050852775574,0.0,0.0,0.0,0.0,0.10000000149011612,0.0,0.10000000149011612,0.0,0.0,0.10000000149011612,0.0,0.10000000149011612,0.10000000149011612,0.0,0.10000000149011612,0.10000000149011612,0.0,0.10000000149011612,0.10000000149011612,0.0,0.10000000149011612,0.0012505971210756694
271,-0.0029064123518764973,0.0,0.41720274090766907,0.3275672197341919,0.0,0.0,0.0,0.0,0.10000000149011612,0.0,0.10000000149011612,0.0,0.0,0.10000000149011612,0.0,0.10000000149011612,0.10000000149011612,0.0,0.10000000149011612,0.10000000149011612,0.0,0.10000000149011612,0.10000000149011612,0.0,0.10000000149011612,-0.00010383747482345385
272,0.009407090954482555,0.0,0.4305344820022583,0.337202250957489,0.0,0.0,0.0,0.0,0.10000000149011612,0.0,0.10000000149011612,0.0,0.0,0.10000000149011612,0.0,0.10000000149011612,0.10000000149011612,0.0,0.10000000149011612,0.10000000149011612,0.0,0.10000000149011612,0.10000000149011612,0.0,0.10000000149011612,0.007257659785563364
273,0.002350791357457638,0.0,0.43389737606048584,0.3407270312309265,0.0,0.0,0.0,0.0,0.10000000149011612,0.0,0.10000000149011612,0.0,0.0,0.10000000149011612,0.0,0.10000000149011612,0.10000000149011612,0.0,0.10000000149011612,0.10000000149011612,0.0,0.10000000149011612,0.10000000149011612,0.0,0.10000000149011612,0.002635936539078898
274,-0.00500689260661602,0.0,0.42671799659729004,0.32790565490722656,0.0,0.0,0.0,0.0,0.10000000149011612,0.0,0.10000000149011612,0.0,0.0,0.10000000149011612,0.0,0.10000000149011612,0.10000000149011612,0.0,0.10000000149011612,0.10000000149011612,0.0,0.10000000149011612,0.10000000149011612,0.0,0.10000000149011612,-0.009563002777626228
275,0.004256152547895908,0.0,0.4327903389930725,0.33064770698547363,0.0,0.0,0.0,0.0,0.10000000149011612,0.0,0.10000000149011612,0.0,0.0,0.10000000149011612,0.0,0.10000000149011612,0.10000000149011612,0.0,0.10000000149011612,0.10000000149011612,0.0,0.10000000149011612,0.10000000149011612,0.0,0.10000000149011612,0.0020649449515588447
276,0.004170733038336039,0.0,0.43876612186431885,0.33864933252334595,0.0,0.0,0.0,0.0,0.10000000149011612,0.0,0.10000000149011612,0.0,0.0,0.10000000149011612,0.0,0.10000000149011612,0.10000000149011612,0.0,0.10000000149011612,0.10000000149011612,0.0,0.10000000149011612,0.10000000149011612,0.0,0.10000000149011612,0.006013331324186133
277,-0.008678002282977104,0.0,0.42628049850463867,0.3269585371017456,0.0,0.0,0.0,0.0,0.10000000149011612,0.0,0.10000000149011612,0.0,0.0,0.10000000149011612,0.0,0.10000000149011612,0.10000000149011612,0.0,0.10000000149011612,0.10000000149011612,0.0,0.10000000149011612,0.10000000149011612,0.0,0.10000000149011612,-0.008733276996122141
278,0.010567312128841877,0.0,0.4413524568080902,0.33947664499282837,0.0,0.0,0.0,0.0,0.10000000149011612,0.0,0.10000000149011612,0.0,0.0,0.10000000149011612,0.0,0.10000000149011612,0.10000000149011612,0.0,0.10000000149011612,0.10000000149011612,0.0,0.10000000149011612,0.10000000149011612,0.0,0.10000000149011612,0.009433684279558596
279,0.0015813374193385243,0.0,0.44363173842430115,0.3410857915878296,0.0,0.0,0.0,0.0,0.10000000149011612,0.0,0.10000000149011612,0.0,0.0,0.10000000149011612,0.0,0.10000000149011612,0.10000000149011612,0.0,0.10000000149011612,0.10000000149011612,0.0,0.10000000149011612,0.10000000149011612,0.0,0.10000000149011612,0.0012013248614797245
280,-0.01148257963359356,0.0,0.42705512046813965,0.3278115689754486,0.0,0.0,0.0,0.0,0.10000000149011612,0.0,0.10000000149011612,0.0,0.0,0.10000000149011612,0.0,0.10000000149011612,0.10000000149011612,0.0,0.10000000149011612,0.10000000149011612,0.0,0.10000000149011612,0.10000000149011612,0.0,0.10000000149011612,-0.009898115911484262
281,0.0067829531617462635,0.0,0.43673476576805115,0.3350368142127991,0.0,0.0,0.0,0.0,0.10000000149011612,0.0,0.10000000149011612,0.0,0.0,0.10000000149011612,0.0,0.10000000149011612,0.10000000149011612,0.0,0.10000000149011612,0.10000000149011612,0.0,0.10000000149011612,0.10000000149011612,0.0,0.10000000149011612,0.005441468809407546
282,-0.0038978997617959976,0.0,0.43113452196121216,0.33037689328193665,0.0,0.0,0.0,0.0,0.10000000149011612,0.0,0.10000000149011612,0.0,0.0,0.10000000149011612,0.0,0.10000000149011612,0.10000000149011612,0.0,0.10000000149011612,0.10000000149011612,0.0,0.10000000149011612,0.10000000149011612,0.0,0.10000000149011612,-0.0034904812221302484
283,0.0007012530695647001,0.0,0.4321380853652954,0.3302405774593353,0.0,0.0,0.0,0.0,0.10000000149011612,0.0,0.10000000149011612,0.0,0.0,0.10000000149011612,0.0,0.10000000149011612,0.10000000149011612,0.0,0.10000000149011612,0.10000000149011612,0.0,0.10000000149011612,0.10000000149011612,0.0,0.10000000149011612,-0.00010246406359704086
284,-0.016313636675477028,0.0,0.4087747037410736,0.317084938287735,0.0,0.0,0.0,0.0,0.10000000149011612,0.0,0.10000000149011612,0.0,0.0,0.10000000149011612,0.0,0.10000000149011612,0.10000000149011612,0.0,0.10000000149011612,0.10000000149011612,0.0,0.10000000149011612,0.10000000149011612,0.0,0.10000000149011612,-0.009889669127915668
285,-0.00025584138347767293,0.0,0.4084143042564392,0.31511572003364563,0.0,0.0,0.0,0.0,0.10000000149011612,0.0,0.10000000149011612,0.0,0.0,0.10000000149011612,0.0,0.10000000149011612,0.10000000149011612,0.0,0.10000000149011612,0.10000000149011612,0.0,0.10000000149011612,0.10000000149011612,0.0,0.10000000149011612,-0.0014951338344582066
286,0.002981209894642234,0.0,0.41261306405067444,0.31423720717430115,0.0,0.0,0.0,0.0,0.10000000149011612,0.0,0.10000000149011612,0.0,0.0,0.10000000149011612,0.0,0.10000000149011612,0.10000000149011612,0.0,0.10000000149011612,0.10000000149011612,0.0,0.10000000149011612,0.10000000149011612,0.0,0.10000000149011612,-0.0006680118304128735
287,0.0007345909834839404,0.0,0.4136507511138916,0.3126700818538666,0.0,0.0,0.0,0.0,0.10000000149011612,0.0,0.10000000149011612,0.0,0.0,0.10000000149011612,0.0,0.10000000149011612,0.10000000149011612,0.0,0.10000000149011612,0.10000000149011612,0.0,0.10000000149011612,0.10000000149011612,0.0,0.10000000149011612,-0.0011924219706151984
288,-0.001759568229317665,0.0,0.4111633598804474,0.3109956681728363,0.0,0.0,0.0,0.0,0.10000000149011612,0.0,0.10000000149011612,0.0,0.0,0.10000000149011612,0.0,0.10000000149011612,0.10000000149011612,0.0,0.10000000149011612,0.10000000149011612,0.0,0.10000000149011612,0.10000000149011612,0.0,0.10000000149011612,-0.0012755784596427677
289,0.011731076054275036,0.0,0.42771780490875244,0.3213346600532532,0.0,0.0,0.0,0.0,0.10000000149011612,0.0,0.10000000149011612,0.0,0.0,0.10000000149011612,0.0,0.10000000149011612,0.10000000149011612,0.0,0.10000000149011612,0.10000000149011612,0.0,0.10000000149011612,0.10000000149011612,0.0,0.10000000149011612,0.007886366165363867
290,0.004667412023991346,0.0,0.43438154458999634,0.3243420124053955,0.0,0.0,0.0,0.0,0.10000000149011612,0.0,0.10000000149011612,0.0,0.0,0.10000000149011612,0.0,0.10000000149011612,0.10000000149011612,0.0,0.10000000149011612,0.10000000149011612,0.0,0.10000000149011612,0.10000000149011612,0.0,0.10000000149011612,0.0022759959630673787
291,-0.012974887154996395,0.0,0.41577062010765076,0.31369003653526306,0.0,0.0,0.0,0.0,0.10000000149011612,0.0,0.10000000149011612,0.0,0.0,0.10000000149011612,0.0,0.10000000149011612,0.10000000149011612,0.0,0.10000000149011612,0.10000000149011612,0.0,0.10000000149011612,0.10000000149011612,0.0,0.10000000149011612,-0.008043221290537583
292,0.019364234060049057,0.0,0.4431859254837036,0.3332829773426056,0.0,0.0,0.0,0.0,0.10000000149011612,0.0,0.10000000149011612,0.0,0.0,0.10000000149011612,0.0,0.10000000149011612,0.10000000149011612,0.0,0.10000000149011612,0.10000000149011612,0.0,0.10000000149011612,0.10000000149011612,0.0,0.10000000149011612,0.01491443206726073
293,-0.0011310083791613579,0.0,0.44155368208885193,0.33608493208885193,0.0,0.0,0.0,0.0,0.10000000149011612,0.0,0.10000000149011612,0.0,0.0,0.10000000149011612,0.0,0.10000000149011612,0.10000000149011612,0.0,0.10000000149011612,0.10000000149011612,0.0,0.10000000149011612,0.10000000149011612,0.0,0.10000000149011612,0.0021015454287363067
294,0.00301172723993659,0.0,0.445895254611969,0.33432576060295105,0.0,0.0,0.0,0.0,0.10000000149011612,0.0,0.10000000149011612,0.0,0.0,0.10000000149011612,0.0,0.10000000149011612,0.10000000149011612,0.0,0.10000000149011612,0.10000000149011612,0.0,0.10000000149011612,0.10000000149011612,0.0,0.10000000149011612,-0.0013166614214791261
295,-0.010357954539358616,0.0,0.43091872334480286,0.320303350687027,0.0,0.0,0.0,0.0,0.10000000149011612,0.0,0.10000000149011612,0.0,0.0,0.10000000149011612,0.0,0.10000000149011612,0.10000000149011612,0.0,0.10000000149011612,0.10000000149011612,0.0,0.10000000149011612,0.10000000149011612,0.0,0.10000000149011612,-0.01050898538418954
296,-0.0014116812963038683,0.0,0.42889872193336487,0.3233387768268585,0.0,0.0,0.0,0.0,0.10000000149011612,0.0,0.10000000149011612,0.0,0.0,0.10000000149011612,0.0,0.10000000149011612,0.10000000149011612,0.0,0.10000000149011612,0.10000000149011612,0.0,0.10000000149011612,0.10000000149011612,0.0,0.10000000149011612,0.002299036913185226
297,0.0007822697516530752,0.0,0.43001651763916016,0.3370475471019745,0.0,0.0,0.0,0.0,0.10000000149011612,0.0,0.10000000149011612,0.0,0.0,0.10000000149011612,0.0,0.10000000149011612,0.10000000149011612,0.0,0.10000000149011612,0.10000000149011612,0.0,0.10000000149011612,0.10000000149011612,0.0,0.10000000149011612,0.010359229635805933
298,0.004198362119495869,0.0,0.43602022528648376,0.34122127294540405,0.0,0.0,0.0,0.0,0.10000000149011612,0.0,0.10000000149011612,0.0,0.0,0.10000000149011612,0.0,0.10000000149011612,0.10000000149011612,0.0,0.10000000149011612,0.10000000149011612,0.0,0.10000000149011612,0.10000000149011612,0.0,0.10000000149011612,0.0031215986690047437
299,0.011253589764237404,0.0,0.4521806240081787,0.3516685366630554,0.0,0.0,0.0,0.0,0.10000000149011612,0.0,0.10000000149011612,0.0,0.0,0.10000000149011612,0.0,0.10000000149011612,0.10000000149011612,0.0,0.10000000149011612,0.10000000149011612,0.0,0.10000000149011612,0.10000000149011612,0.0,0.10000000149011612,0.007789366250289476
300,0.0010606766445562243,0.0,0.45372092723846436,0.3521372675895691,0.0,0.0,0.0,0.0,0.10000000149011612,0.0,0.10000000149011612,0.0,0.0,0.10000000149011612,0.0,0.10000000149011612,0.10000000149011612,0.0,0.10000000149011612,0.10000000149011612,0.0,0.10000000149011612,0.10000000149011612,0.0,0.10000000149011612,0.0003467794905331889
301,0.005333850160241127,0.0,0.46147483587265015,0.35828447341918945,0.0,0.0,0.0,0.0,0.10000000149011612,0.0,0.10000000149011612,0.0,0.0,0.10000000149011612,0.0,0.10000000149011612,0.10000000149011612,0.0,0.10000000149011612,0.10000000149011612,0.0,0.10000000149011612,0.10000000149011612,0.0,0.10000000149011612,0.004546288292592404
302,0.0105905057862401,0.0,0.47695261240005493,0.3737311363220215,0.0,0.0,0.0,0.0,0.10000000149011612,0.0,0.10000000149011612,0.0,0.0,0.10000000149011612,0.0,0.10000000149011612,0.10000000149011612,0.0,0.10000000149011612,0.10000000149011612,0.0,0.10000000149011612,0.10000000149011612,0.0,0.10000000149011612,0.011372185433253357
303,-0.002527055563405156,0.0,0.47322025895118713,0.3736545145511627,0.0,0.0,0.0,0.0,0.10000000149011612,0.0,0.10000000149011612,0.0,0.0,0.10000000149011612,0.0,0.10000000149011612,0.10000000149011612,0.0,0.10000000149011612,0.10000000149011612,0.0,0.10000000149011612,0.10000000149011612,0.0,0.10000000149011612,-5.5776395273321455e-05
304,5.670872997143306e-05,0.0,0.47330379486083984,0.3710000216960907,0.0,0.0,0.0,0.0,0.10000000149011612,0.0,0.10000000149011612,0.0,0.0,0.10000000149011612,0.0,0.10000000149011612,0.10000000149011612,0.0,0.10000000149011612,0.10000000149011612,0.0,0.10000000149011612,0.10000000149011612,0.0,0.10000000149011612,-0.0019324312095602147
305,0.0032602318096905947,0.0,0.47810712456703186,0.37798526883125305,0.0,0.0,0.0,0.0,0.10000000149011612,0.0,0.10000000149011612,0.0,0.0,0.10000000149011612,0.0,0.10000000149011612,0.10000000149011612,0.0,0.10000000149011612,0.10000000149011612,0.0,0.10000000149011612,0.10000000149011612,0.0,0.10000000149011612,0.005095001476747463
306,0.007319239899516106,0.0,0.4889257252216339,0.39224064350128174,0.0,0.0,0.0,0.0,0.10000000149011612,0.0,0.10000000149011612,0.0,0.0,0.10000000149011612,0.0,0.10000000149011612,0.10000000149011612,0.0,0.10000000149011612,0.10000000149011612,0.0,0.10000000149011612,0.10000000149011612,0.0,0.10000000149011612,0.010345084952990469
307,-0.003425752278417349,0.0,0.48382505774497986,0.39249658584594727,0.0,0.0,0.0,0.0,0.10000000149011612,0.0,0.10000000149011612,0.0,0.0,0.10000000149011612,0.0,0.10000000149011612,0.10000000149011612,0.0,0.10000000149011612,0.10000000149011612,0.0,0.10000000149011612,0.10000000149011612,0.0,0.10000000149011612,0.00018383484626749436
308,0.002170452382415533,0.0,0.48704561591148376,0.39533373713493347,0.0,0.0,0.0,0.0,0.10000000149011612,0.0,0.10000000149011612,0.0,0.0,0.10000000149011612,0.0,0.10000000149011612,0.10000000149011612,0.0,0.10000000149011612,0.10000000149011612,0.0,0.10000000149011612,0.10000000149011612,0.0,0.10000000149011612,0.0020374565494984953
309,0.00039472634671255946,0.0,0.4876326024532318,0.3925446569919586,0.0,0.0,0.0,0.0,0.10000000149011612,0.0,0.10000000149011612,0.0,0.0,0.10000000149011612,0.0,0.10000000149011612,0.10000000149011612,0.0,0.10000000149011612,0.10000000149011612,0.0,0.10000000149011612,0.10000000149011612,0.0,0.10000000149011612,-0.0019988624002611477
310,-0.002761373296380043,0.0,0.4835246801376343,0.39420533180236816,0.0,0.0,0.0,0.0,0.10000000149011612,0.0,0.10000000149011612,0.0,0.0,0.10000000149011612,0.0,0.10000000149011612,0.10000000149011612,0.0,0.10000000149011612,0.10000000149011612,0.0,0.10000000149011612,0.10000000149011612,0.0,0.10000000149011612,0.0011925468975599873
311,-0.0019003626657649875,0.0,0.4807054400444031,0.3896937072277069,0.0,0.0,0.0,0.0,0.10000000149011612,0.0,0.10000000149011612,0.0,0.0,0.10000000149011612,0.0,0.10000000149011612,0.10000000149011612,0.0,0.10000000149011612,0.10000000149011612,0.0,0.10000000149011612,0.10000000149011612,0.0,0.10000000149011612,-0.0032359828726439277
312,-0.0074377721175551414,0.0,0.46969228982925415,0.378643274307251,0.0,0.0,0.0,0.0,0.10000000149011612,0.0,0.10000000149011612,0.0,0.0,0.10000000149011612,0.0,0.10000000149011612,0.10000000149011612,0.0,0.10000000149011612,0.10000000149011612,0.0,0.10000000149011612,0.10000000149011612,0.0,0.10000000149011612,-0.007951703935178966
313,-0.002734438283368945,0.0,0.4656735062599182,0.3794739842414856,0.0,0.0,0.0,0.0,0.10000000149011612,0.0,0.10000000149011612,0.0,0.0,0.10000000149011612,0.0,0.10000000149011612,0.10000000149011612,0.0,0.10000000149011612,0.10000000149011612,0.0,0.10000000149011612,0.10000000149011612,0.0,0.10000000149011612,0.0006025561142000146
314,-0.0065625328570604324,0.0,0.4560549855232239,0.36888429522514343,0.0,0.0,0.0,0.0,0.10000000149011612,0.0,0.10000000149011612,0.0,0.0,0.10000000149011612,0.0,0.10000000149011612,0.10000000149011612,0.0,0.10000000149011612,0.10000000149011612,0.0,0.10000000149011612,0.10000000149011612,0.0,0.10000000149011612,-0.007676613794326048
315,-0.003440918168053031,0.0,0.45104482769966125,0.36632591485977173,0.0,0.0,0.0,0.0,0.10000000149011612,0.0,0.10000000149011612,0.0,0.0,0.10000000149011612,0.0,0.10000000149011612,0.10000000149011612,0.0,0.10000000149011612,0.10000000149011612,0.0,0.10000000149011612,0.10000000149011612,0.0,0.10000000149011612,-0.001868952967241766
316,0.0068848407827317715,0.0,0.4610350430011749,0.3715498447418213,0.0,0.0,0.0,0.0,0.10000000149011612,0.0,0.10000000149011612,0.0,0.0,0.10000000149011612,0.0,0.10000000149011612,0.10000000149011612,0.0,0.10000000149011612,0.10000000149011612,0.0,0.10000000149011612,0.10000000149011612,0.0,0.10000000149011612,0.003823340994440372
317,0.011841931380331516,0.0,0.47833651304244995,0.3841926157474518,0.0,0.0,0.0,0.0,0.10000000149011612,0.0,0.10000000149011612,0.0,0.0,0.10000000149011612,0.0,0.10000000149011612,0.10000000149011612,0.0,0.10000000149011612,0.10000000149011612,0.0,0.10000000149011612,0.10000000149011612,0.0,0.10000000149011612,0.009217872069396282
318,-0.014304347336292267,5.999999848427251e-05,0.45710116624832153,0.37508201599121094,0.0,0.0,0.0,0.10000000149011612,0.10000000149011612,0.0,0.10000000149011612,0.0,0.0,0.0,0.0,0.10000000149011612,0.10000000149011612,0.0,0.10000000149011612,0.10000000149011612,0.0,0.10000000149011612,0.10000000149011612,0.0,0.10000000149011612,-0.006581887269584419
319,0.0012972020776942372,0.0,0.45899131894111633,0.38264188170433044,0.0,0.0,0.0,0.10000000149011612,0.10000000149011612,0.0,0.10000000149011612,0.0,0.0,0.0,0.0,0.10000000149011612,0.10000000149011612,0.0,0.10000000149011612,0.10000000149011612,0.0,0.10000000149011612,0.10000000149011612,0.0,0.10000000149011612,0.005497756224867922
320,-0.00022163362882565707,0.0,0.45866796374320984,0.3841288983821869,0.0,0.0,0.0,0.10000000149011612,0.10000000149011612,0.0,0.10000000149011612,0.0,0.0,0.0,0.0,0.10000000149011612,0.10000000149011612,0.0,0.10000000149011612,0.10000000149011612,0.0,0.10000000149011612,0.10000000149011612,0.0,0.10000000149011612,0.001075489392830642
321,0.0013484767405316234,0.0,0.4606349468231201,0.3858417570590973,0.0,0.0,0.0,0.10000000149011612,0.10000000149011612,0.0,0.10000000149011612,0.0,0.0,0.0,0.0,0.10000000149011612,0.10000000149011612,0.0,0.10000000149011612,0.10000000149011612,0.0,0.10000000149011612,0.10000000149011612,0.0,0.10000000149011612,0.001237499396849806
322,0.0017097999807447195,0.0,0.4631323516368866,0.3843366205692291,0.0,0.0,0.0,0.10000000149011612,0.10000000149011612,0.0,0.10000000149011612,0.0,0.0,0.0,0.0,0.10000000149011612,0.10000000149011612,0.0,0.10000000149011612,0.10000000149011612,0.0,0.10000000149011612,0.10000000149011612,0.0,0.10000000149011612,-0.0010860810638743112
323,-0.0010746283223852515,0.0,0.4615600109100342,0.38470765948295593,0.0,0.0,0.0,0.10000000149011612,0.10000000149011612,0.0,0.10000000149011612,0.0,0.0,0.0,0.0,0.10000000149011612,0.10000000149011612,0.0,0.10000000149011612,0.10000000149011612,0.0,0.10000000149011612,0.10000000149011612,0.0,0.10000000149011612,0.00026802651046975434
324,0.004515593871474266,0.0,0.46815982460975647,0.39831799268722534,0.0,0.0,0.0,0.10000000149011612,0.10000000149011612,0.0,0.10000000149011612,0.0,0.0,0.0,0.0,0.10000000149011612,0.10000000149011612,0.0,0.10000000149011612,0.10000000149011612,0.0,0.10000000149011612,0.10000000149011612,0.0,0.10000000149011612,0.009829030056316412
325,-0.016163017600774765,0.0,0.4444299340248108,0.3837296962738037,0.0,0.0,0.0,0.10000000149011612,0.10000000149011612,0.0,0.10000000149011612,0.0,0.0,0.0,0.0,0.10000000149011612,0.10000000149011612,0.0,0.10000000149011612,0.10000000149011612,0.0,0.10000000149011612,0.10000000149011612,0.0,0.10000000149011612,-0.01043274597746291
326,-0.0014606742188334465,0.0,0.4423200786113739,0.38189396262168884,0.0,0.0,0.0,0.10000000149011612,0.10000000149011612,0.0,0.10000000149011612,0.0,0.0,0.0,0.0,0.10000000149011612,0.10000000149011612,0.0,0.10000000149011612,0.10000000149011612,0.0,0.10000000149011612,0.10000000149011612,0.0,0.10000000149011612,-0.0013266562516207614
327,-0.0031758996192365885,0.0,0.43773943185806274,0.38128477334976196,0.0,0.0,0.0,0.10000000149011612,0.10000000149011612,0.0,0.10000000149011612,0.0,0.0,0.0,0.0,0.10000000149011612,0.10000000149011612,0.0,0.10000000149011612,0.10000000149011612,0.0,0.10000000149011612,0.10000000149011612,0.0,0.10000000149011612,-0.0004408364812384935
328,0.0006272568716667593,0.0,0.4386412501335144,0.3865324556827545,0.0,0.0,0.0,0.10000000149011612,0.10000000149011612,0.0,0.10000000149011612,0.0,0.0,0.0,0.0,0.10000000149011612,0.10000000149011612,0.0,0.10000000149011612,0.10000000149011612,0.0,0.10000000149011612,0.10000000149011612,0.0,0.10000000149011612,0.00379913138423027
329,0.006881002336740494,0.0,0.4485405385494232,0.388719767332077,0.0,0.0,0.0,0.10000000149011612,0.10000000149011612,0.0,0.10000000149011612,0.0,0.0,0.0,0.0,0.10000000149011612,0.10000000149011612,0.0,0.10000000149011612,0.10000000149011612,0.0,0.10000000149011612,0.10000000149011612,0.0,0.10000000149011612,0.0015775408937293012
330,0.012267115525901318,0.0,0.46630996465682983,0.40065595507621765,0.0,0.0,0.0,0.10000000149011612,0.10000000149011612,0.0,0.10000000149011612,0.0,0.0,0.0,0.0,0.10000000149011612,0.10000000149011612,0.0,0.10000000149011612,0.10000000149011612,0.0,0.10000000149011612,0.10000000149011612,0.0,0.10000000149011612,0.00859510178001699
331,-0.0007607816369272768,0.0,0.465194433927536,0.3999384939670563,0.0,0.0,0.0,0.10000000149011612,0.10000000149011612,0.0,0.10000000149011612,0.0,0.0,0.0,0.0,0.10000000149011612,0.10000000149011612,0.0,0.10000000149011612,0.10000000149011612,0.0,0.10000000149011612,0.10000000149011612,0.0,0.10000000149011612,-0.0005122322198832796
332,0.005616133566945791,0.0,0.47342315316200256,0.40295085310935974,0.0,0.0,0.0,0.10000000149011612,0.10000000149011612,0.0,0.10000000149011612,0.0,0.0,0.0,0.0,0.10000000149011612,0.10000000149011612,0.0,0.10000000149011612,0.10000000149011612,0.0,0.10000000149011612,0.10000000149011612,0.0,0.10000000149011612,0.0021517796355232655
333,-0.0056196521036326885,0.0,0.46514302492141724,0.39796873927116394,0.0,0.0,0.0,0.10000000149011612,0.10000000149011612,0.0,0.10000000149011612,0.0,0.0,0.0,0.0,0.10000000149011612,0.10000000149011612,0.0,0.10000000149011612,0.10000000149011612,0.0,0.10000000149011612,0.10000000149011612,0.0,0.10000000149011612,-0.0035511677598355496
334,0.0001955888292286545,0.0,0.4654296040534973,0.40616515278816223,0.0,0.0,0.0,0.10000000149011612,0.10000000149011612,0.0,0.10000000149011612,0.0,0.0,0.0,0.0,0.10000000149011612,0.10000000149011612,0.0,0.10000000149011612,0.10000000149011612,0.0,0.10000000149011612,0.10000000149011612,0.0,0.10000000149011612,0.005863087840770609
335,0.0004949288559146225,0.0,0.46615487337112427,0.4108927249908447,0.0,0.0,0.0,0.10000000149011612,0.10000000149011612,0.0,0.10000000149011612,0.0,0.0,0.0,0.0,0.10000000149011612,0.10000000149011612,0.0,0.10000000149011612,0.10000000149011612,0.0,0.10000000149011612,0.10000000149011612,0.0,0.10000000149011612,0.003362031972779622
336,-0.0019202639814466238,0.0,0.4633394777774811,0.40753477811813354,0.0,0.0,0.0,0.10000000149011612,0.10000000149011612,0.0,0.10000000149011612,0.0,0.0,0.0,0.0,0.10000000149011612,0.10000000149011612,0.0,0.10000000149011612,0.10000000149011612,0.0,0.10000000149011612,0.10000000149011612,0.0,0.10000000149011612,-0.002380015725669704
337,-0.010791992768645287,0.0,0.4475471079349518,0.40200430154800415,0.0,0.0,0.0,0.10000000149011612,0.10000000149011612,0.0,0.10000000149011612,0.0,0.0,0.0,0.0,0.10000000149011612,0.10000000149011612,0.0,0.10000000149011612,0.10000000149011612,0.0,0.10000000149011612,0.10000000149011612,0.0,0.10000000149011612,-0.003929193548967702
338,0.004683302249759436,0.0,0.45432642102241516,0.4119850993156433,0.0,0.0,0.0,0.10000000149011612,0.10000000149011612,0.0,0.10000000149011612,0.0,0.0,0.0,0.0,0.10000000149011612,0.10000000149011612,0.0,0.10000000149011612,0.10000000149011612,0.0,0.10000000149011612,0.10000000149011612,0.0,0.10000000149011612,0.00711894946158087
339,0.001734051387757063,0.0,0.45684829354286194,0.4152446687221527,0.0,0.0,0.0,0.10000000149011612,0.10000000149011612,0.0,0.10000000149011612,0.0,0.0,0.0,0.0,0.10000000149011612,0.10000000149011612,0.0,0.10000000149011612,0.10000000149011612,0.0,0.10000000149011612,0.10000000149011612,0.0,0.10000000149011612,0.0023085012781574044
340,0.0015820714179426432,0.0,0.4591531455516815,0.42317259311676025,0.0,0.0,0.0,0.10000000149011612,0.10000000149011612,0.0,0.10000000149011612,0.0,0.0,0.0,0.0,0.10000000149011612,0.10000000149011612,0.0,0.10000000149011612,0.10000000149011612,0.0,0.10000000149011612,0.10000000149011612,0.0,0.10000000149011612,0.0056018048114363506
341,-0.0035998730454593897,0.0,0.45390036702156067,0.4202902913093567,0.0,0.0,0.0,0.10000000149011612,0.10000000149011612,0.0,0.10000000149011612,0.0,0.0,0.0,0.0,0.10000000149011612,0.10000000149011612,0.0,0.10000000149011612,0.10000000149011612,0.0,0.10000000149011612,0.10000000149011612,0.0,0.10000000149011612,-0.0020252651163632507
342,-0.003427482210099697,0.0,0.4489171504974365,0.4189607501029968,0.0,0.0,0.0,0.10000000149011612,0.10000000149011612,0.0,0.10000000149011612,0.0,0.0,0.0,0.0,0.10000000149011612,0.10000000149011612,0.0,0.10000000149011612,0.10000000149011612,0.0,0.10000000149011612,0.10000000149011612,0.0,0.10000000149011612,-0.000936105255732067
343,0.008511535823345184,0.0,0.4612496793270111,0.4292355179786682,0.0,0.0,0.0,0.10000000149011612,0.10000000149011612,0.0,0.10000000149011612,0.0,0.0,0.0,0.0,0.10000000149011612,0.10000000149011612,0.0,0.10000000149011612,0.10000000149011612,0.0,0.10000000149011612,0.10000000149011612,0.0,0.10000000149011612,0.007241051505424423
344,0.011916330084204674,0.0,0.4786624014377594,0.4316796362400055,0.0,0.0,0.0,0.10000000149011612,0.10000000149011612,0.0,0.10000000149011612,0.0,0.0,0.0,0.0,0.10000000149011612,0.10000000149011612,0.0,0.10000000149011612,0.10000000149011612,0.0,0.10000000149011612,0.10000000149011612,0.0,0.10000000149011612,0.001710087827088147
345,0.005977616645395756,0.0,0.48750126361846924,0.4405803978443146,0.0,0.0,0.0,0.10000000149011612,0.10000000149011612,0.0,0.10000000149011612,0.0,0.0,0.0,0.0,0.10000000149011612,0.10000000149011612,0.0,0.10000000149011612,0.10000000149011612,0.0,0.10000000149011612,0.10000000149011612,0.0,0.10000000149011612,0.006217006499921407
346,0.0034480933099985123,0.0,0.49263033270835876,0.4467199146747589,0.0,0.0,0.0,0.10000000149011612,0.10000000149011612,0.0,0.10000000149011612,0.0,0.0,0.0,0.0,0.10000000149011612,0.10000000149011612,0.0,0.10000000149011612,0.10000000149011612,0.0,0.10000000149011612,0.10000000149011612,0.0,0.10000000149011612,0.004261835604338016
347,0.009058542549610138,0.0,0.5061513781547546,0.45224374532699585,0.0,0.0,0.0,0.10000000149011612,0.10000000149011612,0.0,0.10000000149011612,0.0,0.0,0.0,0.0,0.10000000149011612,0.10000000149011612,0.0,0.10000000149011612,0.10000000149011612,0.0,0.10000000149011612,0.10000000149011612,0.0,0.10000000149011612,0.003818175582022576
348,0.003855272429063916,0.0,0.5119580030441284,0.4565732479095459,0.0,0.0,0.0,0.10000000149011612,0.10000000149011612,0.0,0.10000000149011612,0.0,0.0,0.0,0.0,0.10000000149011612,0.10000000149011612,0.0,0.10000000149011612,0.10000000149011612,0.0,0.10000000149011612,0.10000000149011612,0.0,0.10000000149011612,0.0029812506312947296
349,-0.0024761464446783066,0.0,0.5082141757011414,0.44323086738586426,0.0,0.0,0.0,0.10000000149011612,0.10000000149011612,0.0,0.10000000149011612,0.0,0.0,0.0,0.0,0.10000000149011612,0.10000000149011612,0.0,0.10000000149011612,0.10000000149011612,0.0,0.10000000149011612,0.10000000149011612,0.0,0.10000000149011612,-0.009160116419020037
350,-0.0092141879722476,0.0,0.4943172037601471,0.4393309950828552,0.0,0.0,0.0,0.10000000149011612,0.10000000149011612,0.0,0.10000000149011612,0.0,0.0,0.0,0.0,0.10000000149011612,0.10000000149011612,0.0,0.10000000149011612,0.10000000149011612,0.0,0.10000000149011612,0.10000000149011612,0.0,0.10000000149011612,-0.0027021818831195477
351,-0.001745454384945333,0.0,0.4917089343070984,0.4375346302986145,0.0,0.0,0.0,0.10000000149011612,0.10000000149011612,0.0,0.10000000149011612,0.0,0.0,0.0,0.0,0.10000000149011612,0.10000000149011612,0.0,0.10000000149011612,0.10000000149011612,0.0,0.10000000149011612,0.10000000149011612,0.0,0.10000000149011612,-0.0012480553745994882
352,-0.009718728251755238,0.0,0.4772114157676697,0.42655014991760254,0.0,0.0,0.0,0.10000000149011612,0.10000000149011612,0.0,0.10000000149011612,0.0,0.0,0.0,0.0,0.10000000149011612,0.10000000149011612,0.0,0.10000000149011612,0.10000000149011612,0.0,0.10000000149011612,0.10000000149011612,0.0,0.10000000149011612,-0.007641193575093297
353,-0.0014138206606730819,0.0,0.4751228988170624,0.419282466173172,0.0,0.0,0.0,0.10000000149011612,0.10000000149011612,0.0,0.10000000149011612,0.0,0.0,0.0,0.0,0.10000000149011612,0.10000000149011612,0.0,0.10000000149011612,0.10000000149011612,0.0,0.10000000149011612,0.10000000149011612,0.0,0.10000000149011612,-0.005094586926965294
354,0.0021639131009578705,0.0,0.47831493616104126,0.4148179590702057,0.0,0.0,0.0,0.10000000149011612,0.10000000149011612,0.0,0.10000000149011612,0.0,0.0,0.0,0.0,0.10000000149011612,0.10000000149011612,0.0,0.10000000149011612,0.10000000149011612,0.0,0.10000000149011612,0.10000000149011612,0.0,0.10000000149011612,-0.0031456085799496103
355,0.008406737819314003,0.0,0.4907427430152893,0.42696359753608704,0.0,0.0,0.0,0.10000000149011612,0.10000000149011612,0.0,0.10000000149011612,0.0,0.0,0.0,0.0,0.10000000149011612,0.10000000149011612,0.0,0.10000000149011612,0.10000000149011612,0.0,0.10000000149011612,0.10000000149011612,0.0,0.10000000149011612,0.008584594497134557
356,-0.005154475569725037,0.0,0.48305875062942505,0.4251645505428314,0.0,0.0,0.0,0.10000000149011612,0.10000000149011612,0.0,0.10000000149011612,0.0,0.0,0.0,0.0,0.10000000149011612,0.10000000149011612,0.0,0.10000000149011612,0.10000000149011612,0.0,0.10000000149011612,0.10000000149011612,0.0,0.10000000149011612,-0.001260751848443764
357,0.00643312931060791,0.0,0.4925994575023651,0.4329593777656555,0.0,0.0,0.0,0.10000000149011612,0.10000000149011612,0.0,0.10000000149011612,0.0,0.0,0.0,0.0,0.10000000149011612,0.10000000149011612,0.0,0.10000000149011612,0.10000000149011612,0.0,0.10000000149011612,0.10000000149011612,0.0,0.10000000149011612,0.005469422614992059
358,0.005454807076603174,0.0,0.5007413029670715,0.4404414892196655,0.0,0.0,0.0,0.10000000149011612,0.10000000149011612,0.0,0.10000000149011612,0.0,0.0,0.0,0.0,0.10000000149011612,0.10000000149011612,0.0,0.10000000149011612,0.10000000149011612,0.0,0.10000000149011612,0.10000000149011612,0.0,0.10000000149011612,0.005221440028311486
359,-0.013671201653778553,5.999999848427251e-05,0.48013433814048767,0.4175664782524109,0.0,0.0,0.0,0.0,0.10000000149011612,0.0,0.10000000149011612,0.0,0.0,0.10000000149011612,0.0,0.10000000149011612,0.10000000149011612,0.0,0.10000000149011612,0.10000000149011612,0.0,0.10000000149011612,0.10000000149011612,0.0,0.10000000149011612,-0.015880555467509327
360,-0.023531703278422356,0.0,0.4453042447566986,0.37451571226119995,0.0,0.0,0.0,0.0,0.10000000149011612,0.0,0.10000000149011612,0.0,0.0,0.10000000149011612,0.0,0.10000000149011612,0.10000000149011612,0.0,0.10000000149011612,0.10000000149011612,0.0,0.10000000149011612,0.10000000149011612,0.0,0.10000000149011612,-0.03036948647677129
361,-0.002311250427737832,0.0,0.441963791847229,0.37832748889923096,0.0,0.0,0.0,0.0,0.10000000149011612,0.0,0.10000000149011612,0.0,0.0,0.10000000149011612,0.0,0.10000000149011612,0.10000000149011612,0.0,0.10000000149011612,0.10000000149011612,0.0,0.10000000149011612,0.10000000149011612,0.0,0.10000000149011612,0.0027731779302546666
362,0.013029209338128567,0.0,0.4607514441013336,0.3975733518600464,0.0,0.0,0.0,0.0,0.10000000149011612,0.0,0.10000000149011612,0.0,0.0,0.10000000149011612,0.0,0.10000000149011612,0.10000000149011612,0.0,0.10000000149011612,0.10000000149011612,0.0,0.10000000149011612,0.10000000149011612,0.0,0.10000000149011612,0.013963200411961418
363,0.006801382638514042,0.0,0.47068655490875244,0.4010782241821289,0.0,0.0,0.0,0.0,0.10000000149011612,0.0,0.10000000149011612,0.0,0.0,0.10000000149011612,0.0,0.10000000149011612,0.10000000149011612,0.0,0.10000000149011612,0.10000000149011612,0.0,0.10000000149011612,0.10000000149011612,0.0,0.10000000149011612,0.002507827097173676
364,0.005975131411105394,0.0,0.47947409749031067,0.4105251729488373,0.0,0.0,0.0,0.0,0.10000000149011612,0.0,0.10000000149011612,0.0,0.0,0.10000000149011612,0.0,0.10000000149011612,0.10000000149011612,0.0,0.10000000149011612,0.10000000149011612,0.0,0.10000000149011612,0.10000000149011612,0.0,0.10000000149011612,0.006742627644664934
365,0.010040700435638428,0.0,0.4943290650844574,0.422636479139328,0.0,0.0,0.0,0.0,0.10000000149011612,0.0,0.10000000149011612,0.0,0.0,0.10000000149011612,0.0,0.10000000149011612,0.10000000149011612,0.0,0.10000000149011612,0.10000000149011612,0.0,0.10000000149011612,0.10000000149011612,0.0,0.10000000149011612,0.008586380748647704
366,-0.004036677069962025,0.0,0.4882969558238983,0.42489954829216003,0.0,0.0,0.0,0.0,0.10000000149011612,0.0,0.10000000149011612,0.0,0.0,0.10000000149011612,0.0,0.10000000149011612,0.10000000149011612,0.0,0.10000000149011612,0.10000000149011612,0.0,0.10000000149011612,0.10000000149011612,0.0,0.10000000149011612,0.0015907571512585594
367,0.002845136448740959,5.999999848427251e-05,0.4924420416355133,0.42805516719818115,0.0,0.0,0.0,0.10000000149011612,0.10000000149011612,0.0,0.10000000149011612,0.0,0.0,0.0,0.0,0.10000000149011612,0.10000000149011612,0.0,0.10000000149011612,0.10000000149011612,0.0,0.10000000149011612,0.10000000149011612,0.0,0.10000000149011612,0.0022146255220609756
368,0.012774309143424034,0.0,0.511506974697113,0.4476321339607239,0.0,0.0,0.0,0.10000000149011612,0.10000000149011612,0.0,0.10000000149011612,0.0,0.0,0.0,0.0,0.10000000149011612,0.10000000149011612,0.0,0.10000000149011612,0.10000000149011612,0.0,0.10000000149011612,0.10000000149011612,0.0,0.10000000149011612,0.013708830871675959
369,0.0009097083820961416,0.0,0.5128819942474365,0.4482329487800598,0.0,0.0,0.0,0.10000000149011612,0.10000000149011612,0.0,0.10000000149011612,0.0,0.0,0.0,0.0,0.10000000149011612,0.10000000149011612,0.0,0.10000000149011612,0.10000000149011612,0.0,0.10000000149011612,0.10000000149011612,0.0,0.10000000149011612,0.000415032800972881
370,0.0037459521554410458,0.0,0.5185492038726807,0.4539492130279541,0.0,0.0,0.0,0.10000000149011612,0.10000000149011612,0.0,0.10000000149011612,0.0,0.0,0.0,0.0,0.10000000149011612,0.10000000149011612,0.0,0.10000000149011612,0.10000000149011612,0.0,0.10000000149011612,0.10000000149011612,0.0,0.10000000149011612,0.003947061315453082
371,0.004566034767776728,0.0,0.5254829525947571,0.4602939486503601,0.0,0.0,0.0,0.10000000149011612,0.10000000149011612,0.0,0.10000000149011612,0.0,0.0,0.0,0.0,0.10000000149011612,0.10000000149011612,0.0,0.10000000149011612,0.10000000149011612,0.0,0.10000000149011612,0.10000000149011612,0.0,0.10000000149011612,0.004363794529791409
372,0.001002257689833641,0.0,0.5270118713378906,0.46258744597435,0.0,0.0,0.0,0.10000000149011612,0.10000000149011612,0.0,0.10000000149011612,0.0,0.0,0.0,0.0,0.10000000149011612,0.10000000149011612,0.0,0.10000000149011612,0.10000000149011612,0.0,0.10000000149011612,0.10000000149011612,0.0,0.10000000149011612,0.0015705723673713479
373,-0.0018350608879700303,0.0,0.5242096781730652,0.4623023271560669,0.0,0.0,0.0,0.10000000149011612,0.10000000149011612,0.0,0.10000000149011612,0.0,0.0,0.0,0.0,0.10000000149011612,0.10000000149011612,0.0,0.10000000149011612,0.10000000149011612,0.0,0.10000000149011612,0.10000000149011612,0.0,0.10000000149011612,-0.00019494138218389967
374,0.002983515150845051,0.0,0.5287572145462036,0.46292299032211304,0.0,0.0,0.0,0.10000000149011612,0.10000000149011612,0.0,0.10000000149011612,0.0,0.0,0.0,0.0,0.10000000149011612,0.10000000149011612,0.0,0.10000000149011612,0.10000000149011612,0.0,0.10000000149011612,0.10000000149011612,0.0,0.10000000149011612,0.0004244424388308854
375,0.006861370988190174,0.0,0.5392465591430664,0.474168986082077,0.0,0.0,0.0,0.10000000149011612,0.10000000149011612,0.0,0.10000000149011612,0.0,0.0,0.0,0.0,0.10000000149011612,0.10000000149011612,0.0,0.10000000149011612,0.10000000149011612,0.0,0.10000000149011612,0.10000000149011612,0.0,0.10000000149011612,0.007687346384164684
376,0.00528242252767086,0.0,0.5473775267601013,0.47494953870773315,0.0,0.0,0.0,0.10000000149011612,0.10000000149011612,0.0,0.10000000149011612,0.0,0.0,0.0,0.0,0.10000000149011612,0.10000000149011612,0.0,0.10000000149011612,0.10000000149011612,0.0,0.10000000149011612,0.10000000149011612,0.0,0.10000000149011612,0.0005294865331080256
377,-0.0015606401721015573,0.0,0.5449626445770264,0.47590574622154236,0.0,0.0,0.0,0.10000000149011612,0.10000000149011612,0.0,0.10000000149011612,0.0,0.0,0.0,0.0,0.10000000149011612,0.10000000149011612,0.0,0.10000000149011612,0.10000000149011612,0.0,0.10000000149011612,0.10000000149011612,0.0,0.10000000149011612,0.0006482984595168606
378,0.003140687942504883,0.0,0.5498148798942566,0.47717639803886414,0.0,0.0,0.0,0.10000000149011612,0.10000000149011612,0.0,0.10000000149011612,0.0,0.0,0.0,0.0,0.10000000149011612,0.10000000149011612,0.0,0.10000000149011612,0.10000000149011612,0.0,0.10000000149011612,0.10000000149011612,0.0,0.10000000149011612,0.0008609301919006995
379,0.002067833673208952,0.0,0.553019642829895,0.47818723320961,0.0,0.0,0.0,0.10000000149011612,0.10000000149011612,0.0,0.10000000149011612,0.0,0.0,0.0,0.0,0.10000000149011612,0.10000000149011612,0.0,0.10000000149011612,0.10000000149011612,0.0,0.10000000149011612,0.10000000149011612,0.0,0.10000000149011612,0.0006843022756712891
380,0.004752525128424168,0.0,0.5604003667831421,0.4821215569972992,0.0,0.0,0.0,0.10000000149011612,0.10000000149011612,0.0,0.10000000149011612,0.0,0.0,0.0,0.0,0.10000000149011612,0.10000000149011612,0.0,0.10000000149011612,0.10000000149011612,0.0,0.10000000149011612,0.10000000149011612,0.0,0.10000000149011612,0.002661586908139224
381,-0.0025020430330187082,0.0,0.5564962029457092,0.4736464321613312,0.0,0.0,0.0,0.10000000149011612,0.10000000149011612,0.0,0.10000000149011612,0.0,0.0,0.0,0.0,0.10000000149011612,0.10000000149011612,0.0,0.10000000149011612,0.10000000149011612,0.0,0.10000000149011612,0.10000000149011612,0.0,0.10000000149011612,-0.005718238693685929
382,0.00030279665952548385,0.0,0.5569674968719482,0.4773373007774353,0.0,0.0,0.0,0.10000000149011612,0.10000000149011612,0.0,0.10000000149011612,0.0,0.0,0.0,0.0,0.10000000149011612,0.10000000149011612,0.0,0.10000000149011612,0.10000000149011612,0.0,0.10000000149011612,0.10000000149011612,0.0,0.10000000149011612,0.00250458219526295
383,-0.014652770943939686,0.0,0.5341536402702332,0.4669102132320404,0.0,0.0,0.0,0.10000000149011612,0.10000000149011612,0.0,0.10000000149011612,0.0,0.0,0.0,0.0,0.10000000149011612,0.10000000149011612,0.0,0.10000000149011612,0.10000000149011612,0.0,0.10000000149011612,0.10000000149011612,0.0,0.10000000149011612,-0.007058027669041955
384,-0.0036699369084089994,0.0,0.5285233855247498,0.45789340138435364,0.0,0.0,0.0,0.10000000149011612,0.10000000149011612,0.0,0.10000000149011612,0.0,0.0,0.0,0.0,0.10000000149011612,0.10000000149011612,0.0,0.10000000149011612,0.10000000149011612,0.0,0.10000000149011612,0.10000000149011612,0.0,0.10000000149011612,-0.006146805555208523
385,0.007807980757206678,0.0,0.5404580235481262,0.4665476977825165,0.0,0.0,0.0,0.10000000149011612,0.10000000149011612,0.0,0.10000000149011612,0.0,0.0,0.0,0.0,0.10000000149011612,0.10000000149011612,0.0,0.10000000149011612,0.10000000149011612,0.0,0.10000000149011612,0.10000000149011612,0.0,0.10000000149011612,0.005936165421933426
386,-0.006993142422288656,0.0,0.5296854376792908,0.46038106083869934,0.0,0.0,0.0,0.10000000149011612,0.10000000149011612,0.0,0.10000000149011612,0.0,0.0,0.0,0.0,0.10000000149011612,0.10000000149011612,0.0,0.10000000149011612,0.10000000149011612,0.0,0.10000000149011612,0.10000000149011612,0.0,0.10000000149011612,-0.004204866267316976
387,0.00021410106273833662,0.0,0.5300129055976868,0.4686720073223114,0.0,0.0,0.0,0.10000000149011612,0.10000000149011612,0.0,0.10000000149011612,0.0,0.0,0.0,0.0,0.10000000149011612,0.10000000149011612,0.0,0.10000000149011612,0.10000000149011612,0.0,0.10000000149011612,0.10000000149011612,0.0,0.10000000149011612,0.005677248703054527
388,0.007154715247452259,0.0,0.5409597158432007,0.4793933629989624,0.0,0.0,0.0,0.10000000149011612,0.10000000149011612,0.0,0.10000000149011612,0.0,0.0,0.0,0.0,0.10000000149011612,0.10000000149011612,0.0,0.10000000149011612,0.10000000149011612,0.0,0.10000000149011612,0.10000000149011612,0.0,0.10000000149011612,0.007300034060156335
389,0.007338212337344885,0.0,0.5522676110267639,0.48610007762908936,0.0,0.0,0.0,0.10000000149011612,0.10000000149011612,0.0,0.10000000149011612,0.0,0.0,0.0,0.0,0.10000000149011612,0.10000000149011612,0.0,0.10000000149011612,0.10000000149011612,0.0,0.10000000149011612,0.10000000149011612,0.0,0.10000000149011612,0.0045334221430677335
390,0.003723484929651022,0.0,0.5580474734306335,0.4891870617866516,0.0,0.0,0.0,0.10000000149011612,0.10000000149011612,0.0,0.10000000149011612,0.0,0.0,0.0,0.0,0.10000000149011612,0.10000000149011612,0.0,0.10000000149011612,0.10000000149011612,0.0,0.10000000149011612,0.10000000149011612,0.0,0.10000000149011612,0.002077238406774873
391,0.002010942902415991,0.0,0.561180591583252,0.4882844090461731,0.0,0.0,0.0,0.10000000149011612,0.10000000149011612,0.0,0.10000000149011612,0.0,0.0,0.0,0.0,0.10000000149011612,0.10000000149011612,0.0,0.10000000149011612,0.10000000149011612,0.0,0.10000000149011612,0.10000000149011612,0.0,0.10000000149011612,-0.0006061379148671886
392,0.003513248637318611,0.0,0.5666654109954834,0.4982951879501343,0.0,0.0,0.0,0.10000000149011612,0.10000000149011612,0.0,0.10000000149011612,0.0,0.0,0.0,0.0,0.10000000149011612,0.10000000149011612,0.0,0.10000000149011612,0.10000000149011612,0.0,0.10000000149011612,0.10000000149011612,0.0,0.10000000149011612,0.006726388345609902
393,-0.006547237280756235,0.0,0.5564081072807312,0.49246537685394287,0.0,0.0,0.0,0.10000000149011612,0.10000000149011612,0.0,0.10000000149011612,0.0,0.0,0.0,0.0,0.10000000149011612,0.10000000149011612,0.0,0.10000000149011612,0.10000000149011612,0.0,0.10000000149011612,0.10000000149011612,0.0,0.10000000149011612,-0.003890962971166867
394,0.0047339568845927715,0.0,0.5637760758399963,0.49977701902389526,0.0,0.0,0.0,0.10000000149011612,0.10000000149011612,0.0,0.10000000149011612,0.0,0.0,0.0,0.0,0.10000000149011612,0.10000000149011612,0.0,0.10000000149011612,0.10000000149011612,0.0,0.10000000149011612,0.10000000149011612,0.0,0.10000000149011612,0.0048990363752123844
395,0.004887853749096394,0.0,0.5714195370674133,0.5056688189506531,0.0,0.0,0.0,0.10000000149011612,0.10000000149011612,0.0,0.10000000149011612,0.0,0.0,0.0,0.0,0.10000000149011612,0.10000000149011612,0.0,0.10000000149011612,0.10000000149011612,0.0,0.10000000149011612,0.10000000149011612,0.0,0.10000000149011612,0.003928450597671107
396,0.0018284065881744027,0.0,0.574292778968811,0.5064839124679565,0.0,0.0,0.0,0.10000000149011612,0.10000000149011612,0.0,0.10000000149011612,0.0,0.0,0.0,0.0,0.10000000149011612,0.10000000149011612,0.0,0.10000000149011612,0.10000000149011612,0.0,0.10000000149011612,0.10000000149011612,0.0,0.10000000149011612,0.0005413498021906715
397,-0.013525803573429585,0.0,0.5529991984367371,0.4975603222846985,0.0,0.0,0.0,0.10000000149011612,0.10000000149011612,0.0,0.10000000149011612,0.0,0.0,0.0,0.0,0.10000000149011612,0.10000000149011612,0.0,0.10000000149011612,0.10000000149011612,0.0,0.10000000149011612,0.10000000149011612,0.0,0.10000000149011612,-0.005923455344862716
398,0.002422475488856435,0.0,0.5567612648010254,0.4951721727848053,0.0,0.0,0.0,0.10000000149011612,0.10000000149011612,0.0,0.10000000149011612,0.0,0.0,0.0,0.0,0.10000000149011612,0.10000000149011612,0.0,0.10000000149011612,0.10000000149011612,0.0,0.10000000149011612,0.10000000149011612,0.0,0.10000000149011612,-0.0015946933584950473
399,0.0020233718678355217,0.0,0.5599111914634705,0.4933120012283325,0.0,0.0,0.0,0.10000000149011612,0.10000000149011612,0.0,0.10000000149011612,0.0,0.0,0.0,0.0,0.10000000149011612,0.10000000149011612,0.0,0.10000000149011612,0.10000000149011612,0.0,0.10000000149011612,0.10000000149011612,0.0,0.10000000149011612,-0.0012441186308383978
400,0.004588767886161804,0.0,0.5670692920684814,0.49985912442207336,0.0,0.0,0.0,0.10000000149011612,0.10000000149011612,0.0,0.10000000149011612,0.0,0.0,0.0,0.0,0.10000000149011612,0.10000000149011612,0.0,0.10000000149011612,0.10000000149011612,0.0,0.10000000149011612,0.10000000149011612,0.0,0.10000000149011612,0.004384296910729724
401,0.006683787796646357,0.0,0.5775431990623474,0.5047677159309387,0.0,0.0,0.0,0.10000000149011612,0.10000000149011612,0.0,0.10000000149011612,0.0,0.0,0.0,0.0,0.10000000149011612,0.10000000149011612,0.0,0.10000000149011612,0.10000000149011612,0.0,0.10000000149011612,0.10000000149011612,0.0,0.10000000149011612,0.0032727017017393223
402,-0.0006067537469789386,0.0,0.5765860676765442,0.49913033843040466,0.0,0.0,0.0,0.10000000149011612,0.10000000149011612,0.0,0.10000000149011612,0.0,0.0,0.0,0.0,0.10000000149011612,0.10000000149011612,0.0,0.10000000149011612,0.10000000149011612,0.0,0.10000000149011612,0.10000000149011612,0.0,0.10000000149011612,-0.003746343997715562
403,-0.001973844366148114,0.0,0.573474109172821,0.5024868845939636,0.0,0.0,0.0,0.10000000149011612,0.10000000149011612,0.0,0.10000000149011612,0.0,0.0,0.0,0.0,0.10000000149011612,0.10000000149011612,0.0,0.10000000149011612,0.10000000149011612,0.0,0.10000000149011612,0.10000000149011612,0.0,0.10000000149011612,0.0022389955546315843
404,0.0005514640361070633,0.0,0.5743418335914612,0.5003390908241272,0.0,0.0,0.0,0.10000000149011612,0.10000000149011612,0.0,0.10000000149011612,0.0,0.0,0.0,0.0,0.10000000149011612,0.10000000149011612,0.0,0.10000000149011612,0.10000000149011612,0.0,0.10000000149011612,0.10000000149011612,0.0,0.10000000149011612,-0.0014294925245998957
405,-0.008643983863294125,0.0,0.5607332587242126,0.48935019969940186,0.0,0.0,0.0,0.10000000149011612,0.10000000149011612,0.0,0.10000000149011612,0.0,0.0,0.0,0.0,0.10000000149011612,0.10000000149011612,0.0,0.10000000149011612,0.10000000149011612,0.0,0.10000000149011612,0.10000000149011612,0.0,0.10000000149011612,-0.007324271687601747
406,-0.004491413943469524,0.0,0.5537233352661133,0.4855474829673767,0.0,0.0,0.0,0.10000000149011612,0.10000000149011612,0.0,0.10000000149011612,0.0,0.0,0.0,0.0,0.10000000149011612,0.10000000149011612,0.0,0.10000000149011612,0.10000000149011612,0.0,0.10000000149011612,0.10000000149011612,0.0,0.10000000149011612,-0.0025532723820043124
407,0.010943797416985035,0.0,0.5707269906997681,0.4999029338359833,0.0,0.0,0.0,0.10000000149011612,0.10000000149011612,0.0,0.10000000149011612,0.0,0.0,0.0,0.0,0.10000000149011612,0.10000000149011612,0.0,0.10000000149011612,0.10000000149011612,0.0,0.10000000149011612,0.10000000149011612,0.0,0.10000000149011612,0.009663407621230302
408,0.0005883034318685532,0.0,0.571651041507721,0.5015273094177246,0.0,0.0,0.0,0.10000000149011612,0.10000000149011612,0.0,0.10000000149011612,0.0,0.0,0.0,0.0,0.10000000149011612,0.10000000149011612,0.0,0.10000000149011612,0.10000000149011612,0.0,0.10000000149011612,0.10000000149011612,0.0,0.10000000149011612,0.0010829871354320897
409,0.007598214782774448,0.0,0.5835927724838257,0.5107719898223877,0.0,0.0,0.0,0.10000000149011612,0.10000000149011612,0.0,0.10000000149011612,0.0,0.0,0.0,0.0,0.10000000149011612,0.10000000149011612,0.0,0.10000000149011612,0.10000000149011612,0.0,0.10000000149011612,0.10000000149011612,0.0,0.10000000149011612,0.006156851325100465
410,0.0002279845648445189,0.0,0.5839537978172302,0.5088488459587097,0.0,0.0,0.0,0.10000000149011612,0.10000000149011612,0.0,0.10000000149011612,0.0,0.0,0.0,0.0,0.10000000149011612,0.10000000149011612,0.0,0.10000000149011612,0.10000000149011612,0.0,0.10000000149011612,0.10000000149011612,0.0,0.10000000149011612,-0.0012729544078349253
411,-0.003594051580876112,0.0,0.5782610177993774,0.5066751837730408,0.0,0.0,0.0,0.10000000149011612,0.10000000149011612,0.0,0.10000000149011612,0.0,0.0,0.0,0.0,0.10000000149011612,0.10000000149011612,0.0,0.10000000149011612,0.10000000149011612,0.0,0.10000000149011612,0.10000000149011612,0.0,0.10000000149011612,-0.0014406096352798103
412,0.011682967655360699,0.0,0.5966997742652893,0.5179583430290222,0.0,0.0,0.0,0.10000000149011612,0.10000000149011612,0.0,0.10000000149011612,0.0,0.0,0.0,0.0,0.10000000149011612,0.10000000149011612,0.0,0.10000000149011612,0.10000000149011612,0.0,0.10000000149011612,0.10000000149011612,0.0,0.10000000149011612,0.007488780181356569
413,-0.0021946842316538095,0.0,0.5931954979896545,0.515765905380249,0.0,0.0,0.0,0.10000000149011612,0.10000000149011612,0.0,0.10000000149011612,0.0,0.0,0.0,0.0,0.10000000149011612,0.10000000149011612,0.0,0.10000000149011612,0.10000000149011612,0.0,0.10000000149011612,0.10000000149011612,0.0,0.10000000149011612,-0.0014443332116731433
414,0.0023046284914016724,0.0,0.5968672633171082,0.5188522934913635,0.0,0.0,0.0,0.10000000149011612,0.10000000149011612,0.0,0.10000000149011612,0.0,0.0,0.0,0.0,0.10000000149011612,0.10000000149011612,0.0,0.10000000149011612,0.10000000149011612,0.0,0.10000000149011612,0.10000000149011612,0.0,0.10000000149011612,0.002036190483081457
415,-0.010169263929128647,0.0,0.5806282758712769,0.5097063779830933,0.0,0.0,0.0,0.10000000149011612,0.10000000149011612,0.0,0.10000000149011612,0.0,0.0,0.0,0.0,0.10000000149011612,0.10000000149011612,0.0,0.10000000149011612,0.10000000149011612,0.0,0.10000000149011612,0.10000000149011612,0.0,0.10000000149011612,-0.006021596403720575
416,0.00018969093798659742,0.0,0.5809280872344971,0.5157642364501953,0.0,0.0,0.0,0.10000000149011612,0.10000000149011612,0.0,0.10000000149011612,0.0,0.0,0.0,0.0,0.10000000149011612,0.10000000149011612,0.0,0.10000000149011612,0.10000000149011612,0.0,0.10000000149011612,0.10000000149011612,0.0,0.10000000149011612,0.004012607057535922
417,-0.007249550893902779,0.0,0.5694670677185059,0.5078988671302795,0.0,0.0,0.0,0.10000000149011612,0.10000000149011612,0.0,0.10000000149011612,0.0,0.0,0.0,0.0,0.10000000149011612,0.10000000149011612,0.0,0.10000000149011612,0.10000000149011612,0.0,0.10000000149011612,0.10000000149011612,0.0,0.10000000149011612,-0.005189045321676078
418,-0.0006911824457347393,0.0,0.5683823227882385,0.5091429352760315,0.0,0.0,0.0,0.10000000149011612,0.10000000149011612,0.0,0.10000000149011612,0.0,0.0,0.0,0.0,0.10000000149011612,0.10000000149011612,0.0,0.10000000149011612,0.10000000149011612,0.0,0.10000000149011612,0.10000000149011612,0.0,0.10000000149011612,0.0008250342067830374
419,-0.007846335880458355,0.0,0.5560762286186218,0.5059441328048706,0.0,0.0,0.0,0.10000000149011612,0.10000000149011612,0.0,0.10000000149011612,0.0,0.0,0.0,0.0,0.10000000149011612,0.10000000149011612,0.0,0.10000000149011612,0.10000000149011612,0.0,0.10000000149011612,0.10000000149011612,0.0,0.10000000149011612,-0.002119615310378631
420,0.0013350273948162794,5.999999848427251e-05,0.5580602884292603,0.5030897855758667,0.0,0.0,0.0,0.0,0.10000000149011612,0.0,0.10000000149011612,0.0,0.0,0.10000000149011612,0.0,0.10000000149011612,0.10000000149011612,0.0,0.10000000149011612,0.10000000149011612,0.0,0.10000000149011612,0.10000000149011612,0.0,0.10000000149011612,-0.0018953871971914005
421,-0.007819544523954391,0.0,0.5458769798278809,0.498771607875824,0.0,0.0,0.0,0.0,0.10000000149011612,0.0,0.10000000149011612,0.0,0.0,0.10000000149011612,0.0,0.10000000149011612,0.10000000149011612,0.0,0.10000000149011612,0.10000000149011612,0.0,0.10000000149011612,0.10000000149011612,0.0,0.10000000149011612,-0.0028728674371161222
422,-0.005994048435240984,0.0,0.5366109013557434,0.48752981424331665,0.0,0.0,0.0,0.0,0.10000000149011612,0.0,0.10000000149011612,0.0,0.0,0.10000000149011612,0.0,0.10000000149011612,0.10000000149011612,0.0,0.10000000149011612,0.10000000149011612,0.0,0.10000000149011612,0.10000000149011612,0.0,0.10000000149011612,-0.0075006715989502926
423,0.0035595358349382877,0.0,0.5420805215835571,0.4926784336566925,0.0,0.0,0.0,0.0,0.10000000149011612,0.0,0.10000000149011612,0.0,0.0,0.10000000149011612,0.0,0.10000000149011612,0.10000000149011612,0.0,0.10000000149011612,0.10000000149011612,0.0,0.10000000149011612,0.10000000149011612,0.0,0.10000000149011612,0.003461187375255914
424,-0.006514949724078178,0.0,0.5320339798927307,0.4853954613208771,0.0,0.0,0.0,0.0,0.10000000149011612,0.0,0.10000000149011612,0.0,0.0,0.10000000149011612,0.0,0.10000000149011612,0.10000000149011612,0.0,0.10000000149011612,0.10000000149011612,0.0,0.10000000149011612,0.10000000149011612,0.0,0.10000000149011612,-0.0048791301405580745
425,0.001274519832804799,0.0,0.5339865684509277,0.4840640723705292,0.0,0.0,0.0,0.0,0.10000000149011612,0.0,0.10000000149011612,0.0,0.0,0.10000000149011612,0.0,0.10000000149011612,0.10000000149011612,0.0,0.10000000149011612,0.10000000149011612,0.0,0.10000000149011612,0.10000000149011612,0.0,0.10000000149011612,-0.0008963195223202769
426,0.02526761032640934,0.0,0.572746753692627,0.5135974884033203,0.0,0.0,0.0,0.0,0.10000000149011612,0.0,0.10000000149011612,0.0,0.0,0.10000000149011612,0.0,0.10000000149011612,0.10000000149011612,0.0,0.10000000149011612,0.10000000149011612,0.0,0.10000000149011612,0.10000000149011612,0.0,0.10000000149011612,0.01990036453454236
427,-0.0007904433878138661,0.0,0.5715035796165466,0.5214895009994507,0.0,0.0,0.0,0.0,0.10000000149011612,0.0,0.10000000149011612,0.0,0.0,0.10000000149011612,0.0,0.10000000149011612,0.10000000149011612,0.0,0.10000000149011612,0.10000000149011612,0.0,0.10000000149011612,0.10000000149011612,0.0,0.10000000149011612,0.005214076170577897
428,-0.00039938706322573125,0.0,0.5708759427070618,0.5240346193313599,0.0,0.0,0.0,0.0,0.10000000149011612,0.0,0.10000000149011612,0.0,0.0,0.10000000149011612,0.0,0.10000000149011612,0.10000000149011612,0.0,0.10000000149011612,0.10000000149011612,0.0,0.10000000149011612,0.10000000149011612,0.0,0.10000000149011612,0.0016727807390306548
429,0.007055126130580902,0.0,0.5819586515426636,0.5293028950691223,0.0,0.0,0.0,0.0,0.10000000149011612,0.0,0.10000000149011612,0.0,0.0,0.10000000149011612,0.0,0.10000000149011612,0.10000000149011612,0.0,0.10000000149011612,0.10000000149011612,0.0,0.10000000149011612,0.10000000149011612,0.0,0.10000000149011612,0.0034567953187794043
430,-0.002552093705162406,0.0,0.5779213309288025,0.5241622924804688,0.0,0.0,0.0,0.0,0.10000000149011612,0.0,0.10000000149011612,0.0,0.0,0.10000000149011612,0.0,0.10000000149011612,0.10000000149011612,0.0,0.10000000149011612,0.10000000149011612,0.0,0.10000000149011612,0.10000000149011612,0.0,0.10000000149011612,-0.003361402509096334
431,-0.007610554341226816,0.0,0.5659124851226807,0.5179070830345154,0.0,0.0,0.0,0.0,0.10000000149011612,0.0,0.10000000149011612,0.0,0.0,0.10000000149011612,0.0,0.10000000149011612,0.10000000149011612,0.0,0.10000000149011612,0.10000000149011612,0.0,0.10000000149011612,0.10000000149011612,0.0,0.10000000149011612,-0.004104031097484695
432,0.0014375761384144425,0.0,0.5681636333465576,0.5197921991348267,0.0,0.0,0.0,0.0,0.10000000149011612,0.0,0.10000000149011612,0.0,0.0,0.10000000149011612,0.0,0.10000000149011612,0.10000000149011612,0.0,0.10000000149011612,0.10000000149011612,0.0,0.10000000149011612,0.10000000149011612,0.0,0.10000000149011612,0.0012419179812657166
433,-0.007904333993792534,0.0,0.5557683110237122,0.5078731775283813,0.0,0.0,0.0,0.0,0.10000000149011612,0.0,0.10000000149011612,0.0,0.0,0.10000000149011612,0.0,0.10000000149011612,0.10000000149011612,0.0,0.10000000149011612,0.10000000149011612,0.0,0.10000000149011612,0.10000000149011612,0.0,0.10000000149011612,-0.007842533744567448
434,-0.00436622928828001,0.0,0.5489754676818848,0.5054113268852234,0.0,0.0,0.0,0.0,0.10000000149011612,0.0,0.10000000149011612,0.0,0.0,0.10000000149011612,0.0,0.10000000149011612,0.10000000149011612,0.0,0.10000000149011612,0.10000000149011612,0.0,0.10000000149011612,0.10000000149011612,0.0,0.10000000149011612,-0.0016326642584049145
435,-0.0049228547140955925,0.0,0.5413501262664795,0.5040997862815857,0.0,0.0,0.0,0.0,0.10000000149011612,0.0,0.10000000149011612,0.0,0.0,0.10000000149011612,0.0,0.10000000149011612,0.10000000149011612,0.0,0.10000000149011612,0.10000000149011612,0.0,0.10000000149011612,0.10000000149011612,0.0,0.10000000149011612,-0.0008712174408513906
436,0.007307639345526695,0.0,0.5526137351989746,0.5130550265312195,0.0,0.0,0.0,0.0,0.10000000149011612,0.0,0.10000000149011612,0.0,0.0,0.10000000149011612,0.0,0.10000000149011612,0.10000000149011612,0.0,0.10000000149011612,0.10000000149011612,0.0,0.10000000149011612,0.10000000149011612,0.0,0.10000000149011612,0.005953887056770801
437,0.003490286646410823,0.0,0.5580328106880188,0.5210021734237671,0.0,0.0,0.0,0.0,0.10000000149011612,0.0,0.10000000149011612,0.0,0.0,0.10000000149011612,0.0,0.10000000149011612,0.10000000149011612,0.0,0.10000000149011612,0.10000000149011612,0.0,0.10000000149011612,0.10000000149011612,0.0,0.10000000149011612,0.005252384581654557
438,0.004600407090038061,0.0,0.5652003884315491,0.5260237455368042,0.0,0.0,0.0,0.0,0.10000000149011612,0.0,0.10000000149011612,0.0,0.0,0.10000000149011612,0.0,0.10000000149011612,0.10000000149011612,0.0,0.10000000149011612,0.10000000149011612,0.0,0.10000000149011612,0.10000000149011612,0.0,0.10000000149011612,0.003301489110783873
439,0.006243511568754911,0.0,0.5749727487564087,0.5373916625976562,0.0,0.0,0.0,0.0,0.10000000149011612,0.0,0.10000000149011612,0.0,0.0,0.10000000149011612,0.0,0.10000000149011612,0.10000000149011612,0.0,0.10000000149011612,0.10000000149011612,0.0,0.10000000149011612,0.10000000149011612,0.0,0.10000000149011612,0.007449371016735595
440,0.007088476326316595,0.0,0.5861368775367737,0.5443142056465149,0.0,0.0,0.0,0.0,0.10000000149011612,0.0,0.10000000149011612,0.0,0.0,0.10000000149011612,0.0,0.10000000149011612,0.10000000149011612,0.0,0.10000000149011612,0.10000000149011612,0.0,0.10000000149011612,0.10000000149011612,0.0,0.10000000149011612,0.0045027843049194605
441,0.0036953515373170376,0.0,0.5919982194900513,0.5534369945526123,0.0,0.0,0.0,0.0,0.10000000149011612,0.0,0.10000000149011612,0.0,0.0,0.10000000149011612,0.0,0.10000000149011612,0.10000000149011612,0.0,0.10000000149011612,0.10000000149011612,0.0,0.10000000149011612,0.10000000149011612,0.0,0.10000000149011612,0.005907339887661234
442,-0.0004135153430979699,0.0,0.5913398861885071,0.553243100643158,0.0,0.0,0.0,0.0,0.10000000149011612,0.0,0.10000000149011612,0.0,0.0,0.10000000149011612,0.0,0.10000000149011612,0.10000000149011612,0.0,0.10000000149011612,0.10000000149011612,0.0,0.10000000149011612,0.10000000149011612,0.0,0.10000000149011612,-0.00012481607566594555
443,0.0035266089253127575,0.0,0.596951961517334,0.5581634640693665,0.0,0.0,0.0,0.0,0.10000000149011612,0.0,0.10000000149011612,0.0,0.0,0.10000000149011612,0.0,0.10000000149011612,0.10000000149011612,0.0,0.10000000149011612,0.10000000149011612,0.0,0.10000000149011612,0.10000000149011612,0.0,0.10000000149011612,0.0031677999562149672
444,-0.0006440373254008591,0.0,0.5959234237670898,0.5592983365058899,0.0,0.0,0.0,0.0,0.10000000149011612,0.0,0.10000000149011612,0.0,0.0,0.10000000149011612,0.0,0.10000000149011612,0.10000000149011612,0.0,0.10000000149011612,0.10000000149011612,0.0,0.10000000149011612,0.10000000149011612,0.0,0.10000000149011612,0.0007283397812187786
445,-0.008756406605243683,0.0,0.5819488763809204,0.5548986792564392,0.0,0.0,0.0,0.0,0.10000000149011612,0.0,0.10000000149011612,0.0,0.0,0.10000000149011612,0.0,0.10000000149011612,0.10000000149011612,0.0,0.10000000149011612,0.10000000149011612,0.0,0.10000000149011612,0.10000000149011612,0.0,0.10000000149011612,-0.002821562202977468
446,-0.0020933907944709063,0.0,0.5786372423171997,0.5547163486480713,0.0,0.0,0.0,0.0,0.10000000149011612,0.0,0.10000000149011612,0.0,0.0,0.10000000149011612,0.0,0.10000000149011612,0.10000000149011612,0.0,0.10000000149011612,0.10000000149011612,0.0,0.10000000149011612,0.10000000149011612,0.0,0.10000000149011612,-0.00011726205109074961
447,-0.004226530436426401,0.0,0.5719650983810425,0.5511608719825745,0.0,0.0,0.0,0.0,0.10000000149011612,0.0,0.10000000149011612,0.0,0.0,0.10000000149011612,0.0,0.10000000149011612,0.10000000149011612,0.0,0.10000000149011612,0.10000000149011612,0.0,0.10000000149011612,0.10000000149011612,0.0,0.10000000149011612,-0.0022868973292707873
448,-0.0010815775021910667,0.0,0.5702648758888245,0.5511121153831482,0.0,0.0,0.0,0.0,0.10000000149011612,0.0,0.10000000149011612,0.0,0.0,0.10000000149011612,0.0,0.10000000149011612,0.10000000149011612,0.0,0.10000000149011612,0.10000000149011612,0.0,0.10000000149011612,0.10000000149011612,0.0,0.10000000149011612,-3.143232936497764e-05
449,-0.00410114461556077,0.0,0.5638250112533569,0.5477864146232605,0.0,0.0,0.0,0.0,0.10000000149011612,0.0,0.10000000149011612,0.0,0.0,0.10000000149011612,0.0,0.10000000149011612,0.10000000149011612,0.0,0.10000000149011612,0.10000000149011612,0.0,0.10000000149011612,0.10000000149011612,0.0,0.10000000149011612,-0.0021440750329425606
450,0.0005740419728681445,0.0,0.5647227168083191,0.5466781258583069,0.0,0.0,0.0,0.0,0.10000000149011612,0.0,0.10000000149011612,0.0,0.0,0.10000000149011612,0.0,0.10000000149011612,0.10000000149011612,0.0,0.10000000149011612,0.10000000149011612,0.0,0.10000000149011612,0.10000000149011612,0.0,0.10000000149011612,-0.0007160476112741954
451,0.001423483481630683,0.0,0.5669500827789307,0.5465508103370667,0.0,0.0,0.0,0.0,0.10000000149011612,0.0,0.10000000149011612,0.0,0.0,0.10000000149011612,0.0,0.10000000149011612,0.10000000149011612,0.0,0.10000000149011612,0.10000000149011612,0.0,0.10000000149011612,0.10000000149011612,0.0,0.10000000149011612,-8.231545989545452e-05
452,-0.008945055305957794,0.0,0.5529336333274841,0.5327694416046143,0.0,0.0,0.0,0.0,0.10000000149011612,0.0,0.10000000149011612,0.0,0.0,0.10000000149011612,0.0,0.10000000149011612,0.10000000149011612,0.0,0.10000000149011612,0.10000000149011612,0.0,0.10000000149011612,0.10000000149011612,0.0,0.10000000149011612,-0.008911035214839602
453,0.0018074862891808152,0.0,0.5557405352592468,0.5349054336547852,0.0,0.0,0.0,0.0,0.10000000149011612,0.0,0.10000000149011612,0.0,0.0,0.10000000149011612,0.0,0.10000000149011612,0.10000000149011612,0.0,0.10000000149011612,0.10000000149011612,0.0,0.10000000149011612,0.10000000149011612,0.0,0.10000000149011612,0.0013935507795188595
454,-0.01280963234603405,0.0,0.5358120799064636,0.5193266868591309,0.0,0.0,0.0,0.0,0.10000000149011612,0.0,0.10000000149011612,0.0,0.0,0.10000000149011612,0.0,0.10000000149011612,0.10000000149011612,0.0,0.10000000149011612,0.10000000149011612,0.0,0.10000000149011612,0.10000000149011612,0.0,0.10000000149011612,-0.010149646000379042
455,-0.0007596779614686966,0.0,0.5346453189849854,0.5192084312438965,0.0,0.0,0.0,0.0,0.10000000149011612,0.0,0.10000000149011612,0.0,0.0,0.10000000149011612,0.0,0.10000000149011612,0.10000000149011612,0.0,0.10000000149011612,0.10000000149011612,0.0,0.10000000149011612,0.10000000149011612,0.0,0.10000000149011612,-7.783422502694037e-05
456,-0.016584809869527817,0.0,0.5091935396194458,0.49556833505630493,0.0,0.0,0.0,0.0,0.10000000149011612,0.0,0.10000000149011612,0.0,0.0,0.10000000149011612,0.0,0.10000000149011612,0.10000000149011612,0.0,0.10000000149011612,0.10000000149011612,0.0,0.10000000149011612,0.10000000149011612,0.0,0.10000000149011612,-0.015560798440432233
457,-0.006414313800632954,0.0,0.49951308965682983,0.4826725423336029,0.0,0.0,0.0,0.0,0.10000000149011612,0.0,0.10000000149011612,0.0,0.0,0.10000000149011612,0.0,0.10000000149011612,0.10000000149011612,0.0,0.10000000149011612,0.10000000149011612,0.0,0.10000000149011612,0.10000000149011612,0.0,0.10000000149011612,-0.00862267033904307
458,0.007951375097036362,0.0,0.5114362835884094,0.49584317207336426,0.0,0.0,0.0,0.0,0.10000000149011612,0.0,0.10000000149011612,0.0,0.0,0.10000000149011612,0.0,0.10000000149011612,0.10000000149011612,0.0,0.10000000149011612,0.10000000149011612,0.0,0.10000000149011612,0.10000000149011612,0.0,0.10000000149011612,0.008883033416827057
459,0.006283530965447426,0.0,0.5209334492683411,0.5020284652709961,0.0,0.0,0.0,0.0,0.10000000149011612,0.0,0.10000000149011612,0.0,0.0,0.10000000149011612,0.0,0.10000000149011612,0.10000000149011612,0.0,0.10000000149011612,0.10000000149011612,0.0,0.10000000149011612,0.10000000149011612,0.0,0.10000000149011612,0.004134987753467767
460,0.003092685714364052,0.0,0.5256372094154358,0.5105246305465698,0.0,0.0,0.0,0.0,0.10000000149011612,0.0,0.10000000149011612,0.0,0.0,0.10000000149011612,0.0,0.10000000149011612,0.10000000149011612,0.0,0.10000000149011612,0.10000000149011612,0.0,0.10000000149011612,0.10000000149011612,0.0,0.10000000149011612,0.005656460894062354
461,-0.0014586272882297635,0.0,0.5234118700027466,0.5073407888412476,0.0,0.0,0.0,0.0,0.10000000149011612,0.0,0.10000000149011612,0.0,0.0,0.10000000149011612,0.0,0.10000000149011612,0.10000000149011612,0.0,0.10000000149011612,0.10000000149011612,0.0,0.10000000149011612,0.10000000149011612,0.0,0.10000000149011612,-0.002107772121643703
462,-0.00885663740336895,0.0,0.5099195837974548,0.49247294664382935,0.0,0.0,0.0,0.0,0.10000000149011612,0.0,0.10000000149011612,0.0,0.0,0.10000000149011612,0.0,0.10000000149011612,0.10000000149011612,0.0,0.10000000149011612,0.10000000149011612,0.0,0.10000000149011612,0.10000000149011612,0.0,0.10000000149011612,-0.009863623612844541
463,0.00019719975534826517,0.0,0.5102173089981079,0.49349021911621094,0.0,0.0,0.0,0.0,0.10000000149011612,0.0,0.10000000149011612,0.0,0.0,0.10000000149011612,0.0,0.10000000149011612,0.10000000149011612,0.0,0.10000000149011612,0.10000000149011612,0.0,0.10000000149011612,0.10000000149011612,0.0,0.10000000149011612,0.0006816019510900162
464,0.007840801030397415,0.0,0.5220586061477661,0.4995269775390625,0.0,0.0,0.0,0.0,0.10000000149011612,0.0,0.10000000149011612,0.0,0.0,0.10000000149011612,0.0,0.10000000149011612,0.10000000149011612,0.0,0.10000000149011612,0.10000000149011612,0.0,0.10000000149011612,0.10000000149011612,0.0,0.10000000149011612,0.004042047510979918
465,-0.003731221193447709,0.0,0.5163794755935669,0.49386417865753174,0.0,0.0,0.0,0.0,0.10000000149011612,0.0,0.10000000149011612,0.0,0.0,0.10000000149011612,0.0,0.10000000149011612,0.10000000149011612,0.0,0.10000000149011612,0.10000000149011612,0.0,0.10000000149011612,0.10000000149011612,0.0,0.10000000149011612,-0.003776390132589791
466,0.003172296332195401,0.0,0.5211899280548096,0.5009146928787231,0.0,0.0,0.0,0.0,0.10000000149011612,0.0,0.10000000149011612,0.0,0.0,0.10000000149011612,0.0,0.10000000149011612,0.10000000149011612,0.0,0.10000000149011612,0.10000000149011612,0.0,0.10000000149011612,0.10000000149011612,0.0,0.10000000149011612,0.004719648761862372
467,-0.004179012030363083,0.0,0.5148328542709351,0.49979880452156067,0.0,0.0,0.0,0.0,0.10000000149011612,0.0,0.10000000149011612,0.0,0.0,0.10000000149011612,0.0,0.10000000149011612,0.10000000149011612,0.0,0.10000000149011612,0.10000000149011612,0.0,0.10000000149011612,0.10000000149011612,0.0,0.10000000149011612,-0.0007434722056203213
468,-0.005641372874379158,0.0,0.5062870979309082,0.49098384380340576,0.0,0.0,0.0,0.0,0.10000000149011612,0.0,0.10000000149011612,0.0,0.0,0.10000000149011612,0.0,0.10000000149011612,0.10000000149011612,0.0,0.10000000149011612,0.10000000149011612,0.0,0.10000000149011612,0.10000000149011612,0.0,0.10000000149011612,-0.005877428820172281
469,0.005616459529846907,0.0,0.5147470831871033,0.4989467263221741,0.0,0.0,0.0,0.0,0.10000000149011612,0.0,0.10000000149011612,0.0,0.0,0.10000000149011612,0.0,0.10000000149011612,0.10000000149011612,0.0,0.10000000149011612,0.10000000149011612,0.0,0.10000000149011612,0.10000000149011612,0.0,0.10000000149011612,0.005340690009393745
470,-0.01275699120014906,0.0,0.49542346596717834,0.48343440890312195,0.0,0.0,0.0,0.0,0.10000000149011612,0.0,0.10000000149011612,0.0,0.0,0.10000000149011612,0.0,0.10000000149011612,0.10000000149011612,0.0,0.10000000149011612,0.10000000149011612,0.0,0.10000000149011612,0.10000000149011612,0.0,0.10000000149011612,-0.010348811700008342
471,0.009539734572172165,0.0,0.509689450263977,0.4934881925582886,0.0,0.0,0.0,0.0,0.10000000149011612,0.0,0.10000000149011612,0.0,0.0,0.10000000149011612,0.0,0.10000000149011612,0.10000000149011612,0.0,0.10000000149011612,0.10000000149011612,0.0,0.10000000149011612,0.10000000149011612,0.0,0.10000000149011612,0.006777369862008609
472,0.01296165306121111,0.0,0.5292574763298035,0.5110942721366882,0.0,0.0,0.0,0.0,0.10000000149011612,0.0,0.10000000149011612,0.0,0.0,0.10000000149011612,0.0,0.10000000149011612,0.10000000149011612,0.0,0.10000000149011612,0.10000000149011612,0.0,0.10000000149011612,0.10000000149011612,0.0,0.10000000149011612,0.011788562953578552
473,-0.0011969784973189235,0.0,0.5274270176887512,0.5139338374137878,0.0,0.0,0.0,0.0,0.10000000149011612,0.0,0.10000000149011612,0.0,0.0,0.10000000149011612,0.0,0.10000000149011612,0.10000000149011612,0.0,0.10000000149011612,0.10000000149011612,0.0,0.10000000149011612,0.10000000149011612,0.0,0.10000000149011612,0.0018791450205712934
474,0.014398348517715931,0.0,0.5494194030761719,0.5257264971733093,0.0,0.0,0.0,0.0,0.10000000149011612,0.0,0.10000000149011612,0.0,0.0,0.10000000149011612,0.0,0.10000000149011612,0.10000000149011612,0.0,0.10000000149011612,0.10000000149011612,0.0,0.10000000149011612,0.10000000149011612,0.0,0.10000000149011612,0.0077894155398934295
475,0.003645664546638727,0.0,0.5550680756568909,0.532014787197113,0.0,0.0,0.0,0.0,0.10000000149011612,0.0,0.10000000149011612,0.0,0.0,0.10000000149011612,0.0,0.10000000149011612,0.10000000149011612,0.0,0.10000000149011612,0.10000000149011612,0.0,0.10000000149011612,0.10000000149011612,0.0,0.10000000149011612,0.00412150541755274
476,0.006963609717786312,0.0,0.5658969879150391,0.5407004356384277,0.0,0.0,0.0,0.0,0.10000000149011612,0.0,0.10000000149011612,0.0,0.0,0.10000000149011612,0.0,0.10000000149011612,0.10000000149011612,0.0,0.10000000149011612,0.10000000149011612,0.0,0.10000000149011612,0.10000000149011612,0.0,0.10000000149011612,0.005669428594227588
477,-0.0022987963166087866,0.0,0.5622972846031189,0.53963303565979,0.0,0.0,0.0,0.0,0.10000000149011612,0.0,0.10000000149011612,0.0,0.0,0.10000000149011612,0.0,0.10000000149011612,0.10000000149011612,0.0,0.10000000149011612,0.10000000149011612,0.0,0.10000000149011612,0.10000000149011612,0.0,0.10000000149011612,-0.0006928017633716088
478,0.005597278941422701,0.0,0.5710419416427612,0.5450422763824463,0.0,0.0,0.0,0.0,0.10000000149011612,0.0,0.10000000149011612,0.0,0.0,0.10000000149011612,0.0,0.10000000149011612,0.10000000149011612,0.0,0.10000000149011612,0.10000000149011612,0.0,0.10000000149011612,0.10000000149011612,0.0,0.10000000149011612,0.0035133311622779217
479,0.005041479133069515,0.0,0.5789622664451599,0.5461706519126892,0.0,0.0,0.0,0.0,0.10000000149011612,0.0,0.10000000149011612,0.0,0.0,0.10000000149011612,0.0,0.10000000149011612,0.10000000149011612,0.0,0.10000000149011612,0.10000000149011612,0.0,0.10000000149011612,0.10000000149011612,0.0,0.10000000149011612,0.0007303201650150637
480,0.008403297513723373,0.0,0.5922307968139648,0.5647801756858826,0.0,0.0,0.0,0.0,0.10000000149011612,0.0,0.10000000149011612,0.0,0.0,0.10000000149011612,0.0,0.10000000149011612,0.10000000149011612,0.0,0.10000000149011612,0.10000000149011612,0.0,0.10000000149011612,0.10000000149011612,0.0,0.10000000149011612,0.012035879577828368
481,-0.009184838272631168,0.0,0.5776063799858093,0.5606467127799988,0.0,0.0,0.0,0.0,0.10000000149011612,0.0,0.10000000149011612,0.0,0.0,0.10000000149011612,0.0,0.10000000149011612,0.10000000149011612,0.0,0.10000000149011612,0.10000000149011612,0.0,0.10000000149011612,0.10000000149011612,0.0,0.10000000149011612,-0.0026415613963616247
482,0.003088606521487236,0.0,0.5824790000915527,0.5615450739860535,0.0,0.0,0.0,0.0,0.10000000149011612,0.0,0.10000000149011612,0.0,0.0,0.10000000149011612,0.0,0.10000000149011612,0.10000000149011612,0.0,0.10000000149011612,0.10000000149011612,0.0,0.10000000149011612,0.10000000149011612,0.0,0.10000000149011612,0.0005756339334828109
483,0.005705161485821009,0.0,0.5915073156356812,0.5702536106109619,0.0,0.0,0.0,0.0,0.10000000149011612,0.0,0.10000000149011612,0.0,0.0,0.10000000149011612,0.0,0.10000000149011612,0.10000000149011612,0.0,0.10000000149011612,0.10000000149011612,0.0,0.10000000149011612,0.10000000149011612,0.0,0.10000000149011612,0.0055768717598900786
484,-0.01922520063817501,0.0,0.5609102845191956,0.5432307124137878,0.0,0.0,0.0,0.0,0.10000000149011612,0.0,0.10000000149011612,0.0,0.0,0.10000000149011612,0.0,0.10000000149011612,0.10000000149011612,0.0,0.10000000149011612,0.10000000149011612,0.0,0.10000000149011612,0.10000000149011612,0.0,0.10000000149011612,-0.01720925716366284
485,0.009314940311014652,0.0,0.57545006275177,0.5585743188858032,0.0,0.0,0.0,0.0,0.10000000149011612,0.0,0.10000000149011612,0.0,0.0,0.10000000149011612,0.0,0.10000000149011612,0.10000000149011612,0.0,0.10000000149011612,0.10000000149011612,0.0,0.10000000149011612,0.10000000149011612,0.0,0.10000000149011612,0.009942522753461969
486,0.0017573465593159199,0.0,0.5782186388969421,0.5623337626457214,0.0,0.0,0.0,0.0,0.10000000149011612,0.0,0.10000000149011612,0.0,0.0,0.10000000149011612,0.0,0.10000000149011612,0.10000000149011612,0.0,0.10000000149011612,0.10000000149011612,0.0,0.10000000149011612,0.10000000149011612,0.0,0.10000000149011612,0.002412104263725956
487,0.0011222093598917127,0.0,0.5799897313117981,0.5716751217842102,0.0,0.0,0.0,0.0,0.10000000149011612,0.0,0.10000000149011612,0.0,0.0,0.10000000149011612,0.0,0.10000000149011612,0.10000000149011612,0.0,0.10000000149011612,0.10000000149011612,0.0,0.10000000149011612,0.10000000149011612,0.0,0.10000000149011612,0.005979105977118371
488,0.0037095476873219013,0.0,0.5858507752418518,0.5755906105041504,0.0,0.0,0.0,0.0,0.10000000149011612,0.0,0.10000000149011612,0.0,0.0,0.10000000149011612,0.0,0.10000000149011612,0.10000000149011612,0.0,0.10000000149011612,0.10000000149011612,0.0,0.10000000149011612,0.10000000149011612,0.0,0.10000000149011612,0.0024912837682988798
489,-0.0027670692652463913,0.0,0.5814626216888428,0.5709956288337708,0.0,0.0,0.0,0.0,0.10000000149011612,0.0,0.10000000149011612,0.0,0.0,0.10000000149011612,0.0,0.10000000149011612,0.10000000149011612,0.0,0.10000000149011612,0.10000000149011612,0.0,0.10000000149011612,0.10000000149011612,0.0,0.10000000149011612,-0.0029163550732949073
490,0.002633263822644949,0.0,0.585627019405365,0.5728116035461426,0.0,0.0,0.0,0.0,0.10000000149011612,0.0,0.10000000149011612,0.0,0.0,0.10000000149011612,0.0,0.10000000149011612,0.10000000149011612,0.0,0.10000000149011612,0.10000000149011612,0.0,0.10000000149011612,0.10000000149011612,0.0,0.10000000149011612,0.0011559387429485035
491,-0.004313759971410036,0.0,0.5787870287895203,0.5703115463256836,0.0,0.0,0.0,0.0,0.10000000149011612,0.0,0.10000000149011612,0.0,0.0,0.10000000149011612,0.0,0.10000000149011612,0.10000000149011612,0.0,0.10000000149011612,0.10000000149011612,0.0,0.10000000149011612,0.10000000149011612,0.0,0.10000000149011612,-0.0015895465259934127
492,0.0020925821736454964,0.0,0.5820907950401306,0.5747268199920654,0.0,0.0,0.0,0.0,0.10000000149011612,0.0,0.10000000149011612,0.0,0.0,0.10000000149011612,0.0,0.10000000149011612,0.10000000149011612,0.0,0.10000000149011612,0.10000000149011612,0.0,0.10000000149011612,0.10000000149011612,0.0,0.10000000149011612,0.002811718271264585
493,0.004450803156942129,0.0,0.5891323685646057,0.5848545432090759,0.0,0.0,0.0,0.0,0.10000000149011612,0.0,0.10000000149011612,0.0,0.0,0.10000000149011612,0.0,0.10000000149011612,0.10000000149011612,0.0,0.10000000149011612,0.10000000149011612,0.0,0.10000000149011612,0.10000000149011612,0.0,0.10000000149011612,0.006431415969064158
494,-0.007989566773176193,0.0,0.5764358639717102,0.5742241144180298,0.0,0.0,0.0,0.0,0.10000000149011612,0.0,0.10000000149011612,0.0,0.0,0.10000000149011612,0.0,0.10000000149011612,0.10000000149011612,0.0,0.10000000149011612,0.10000000149011612,0.0,0.10000000149011612,0.10000000149011612,0.0,0.10000000149011612,-0.006707510690237339
495,0.006207650993019342,1.9799999790848233e-05,0.5861906409263611,0.577800989151001,0.0,0.0,0.0,0.0,0.10000000149011612,0.0,0.10000000149011612,0.032999999821186066,0.0,0.06700000166893005,0.0,0.10000000149011612,0.10000000149011612,0.0,0.10000000149011612,0.10000000149011612,0.0,0.10000000149011612,0.10000000149011612,0.0,0.10000000149011612,0.002272150896566183
496,-0.0001682206493569538,4.020000051241368e-05,0.585860013961792,0.5757086277008057,0.0,0.0,0.0,0.0,0.10000000149011612,0.0,0.10000000149011612,0.10000000149011612,0.0,0.0,0.0,0.10000000149011612,0.10000000149011612,0.0,0.10000000149011612,0.10000000149011612,0.0,0.10000000149011612,0.10000000149011612,0.0,0.10000000149011612,-0.001326125071908546
497,0.004854726605117321,0.0,0.5935589075088501,0.5654191374778748,0.0,0.0,0.0,0.0,0.10000000149011612,0.0,0.10000000149011612,0.10000000149011612,0.0,0.0,0.0,0.10000000149011612,0.10000000149011612,0.0,0.10000000149011612,0.10000000149011612,0.0,0.10000000149011612,0.10000000149011612,0.0,0.10000000149011612,-0.006530071640176827
498,-0.003378624329343438,0.0,0.5881748795509338,0.5591915845870972,0.0,0.0,0.0,0.0,0.10000000149011612,0.0,0.10000000149011612,0.10000000149011612,0.0,0.0,0.0,0.10000000149011612,0.10000000149011612,0.0,0.10000000149011612,0.10000000149011612,0.0,0.10000000149011612,0.10000000149011612,0.0,0.10000000149011612,-0.003978201583002994
499,0.0017133606597781181,0.0,0.5908960103988647,0.5614216327667236,0.0,0.0,0.0,0.0,0.10000000149011612,0.0,0.10000000149011612,0.10000000149011612,0.0,0.0,0.0,0.10000000149011612,0.10000000149011612,0.0,0.10000000149011612,0.10000000149011612,0.0,0.10000000149011612,0.10000000149011612,0.0,0.10000000149011612,0.0014302592456698626
500,0.0013115133624523878,0.0,0.5929824709892273,0.5639325976371765,0.0,0.0,0.0,0.0,0.10000000149011612,0.0,0.10000000149011612,0.10000000149011612,0.0,0.0,0.0,0.10000000149011612,0.10000000149011612,0.0,0.10000000149011612,0.10000000149011612,0.0,0.10000000149011612,0.10000000149011612,0.0,0.10000000149011612,0.0016081273742849511
501,-0.0009924207115545869,0.0,0.5914015769958496,0.5594484210014343,0.0,0.0,0.0,0.0,0.10000000149011612,0.0,0.10000000149011612,0.10000000149011612,0.0,0.0,0.0,0.10000000149011612,0.10000000149011612,0.0,0.10000000149011612,0.10000000149011612,0.0,0.10000000149011612,0.10000000149011612,0.0,0.10000000149011612,-0.0028672441782445768
502,0.0005992234800942242,0.0,0.5923551917076111,0.5557560920715332,0.0,0.0,0.0,0.0,0.10000000149011612,0.0,0.10000000149011612,0.10000000149011612,0.0,0.0,0.0,0.10000000149011612,0.10000000149011612,0.0,0.10000000149011612,0.10000000149011612,0.0,0.10000000149011612,0.10000000149011612,0.0,0.10000000149011612,-0.0023677146869212073
503,0.011560672894120216,0.0,0.6107639074325562,0.5759052038192749,0.0,0.0,0.0,0.0,0.10000000149011612,0.0,0.10000000149011612,0.10000000149011612,0.0,0.0,0.0,0.10000000149011612,0.10000000149011612,0.0,0.10000000149011612,0.10000000149011612,0.0,0.10000000149011612,0.10000000149011612,0.0,0.10000000149011612,0.012951330771208802
504,-0.013968737795948982,0.0,0.5882635712623596,0.5510435104370117,0.0,0.0,0.0,0.0,0.10000000149011612,0.0,0.10000000149011612,0.10000000149011612,0.0,0.0,0.0,0.10000000149011612,0.10000000149011612,0.0,0.10000000149011612,0.10000000149011612,0.0,0.10000000149011612,0.10000000149011612,0.0,0.10000000149011612,-0.015776135088588994
505,-0.011983353644609451,0.0,0.569230854511261,0.5393313765525818,0.0,0.0,0.0,0.0,0.10000000149011612,0.0,0.10000000149011612,0.10000000149011612,0.0,0.0,0.0,0.10000000149011612,0.10000000149011612,0.0,0.10000000149011612,0.10000000149011612,0.0,0.10000000149011612,0.10000000149011612,0.0,0.10000000149011612,-0.007551131741707184
506,0.00426429184153676,0.0,0.5759224891662598,0.5443718433380127,0.0,0.0,0.0,0.0,0.10000000149011612,0.0,0.10000000149011612,0.10000000149011612,0.0,0.0,0.0,0.10000000149011612,0.10000000149011612,0.0,0.10000000149011612,0.10000000149011612,0.0,0.10000000149011612,0.10000000149011612,0.0,0.10000000149011612,0.0032744520525003207
507,0.004550901707261801,0.0,0.5830943584442139,0.5431076288223267,0.0,0.0,0.0,0.0,0.10000000149011612,0.0,0.10000000149011612,0.10000000149011612,0.0,0.0,0.0,0.10000000149011612,0.10000000149011612,0.0,0.10000000149011612,0.10000000149011612,0.0,0.10000000149011612,0.10000000149011612,0.0,0.10000000149011612,-0.0008185946416593426
508,0.005281237885355949,0.0,0.5914550423622131,0.5365583896636963,0.0,0.0,0.0,0.0,0.10000000149011612,0.0,0.10000000149011612,0.10000000149011612,0.0,0.0,0.0,0.10000000149011612,0.10000000149011612,0.0,0.10000000149011612,0.10000000149011612,0.0,0.10000000149011612,0.10000000149011612,0.0,0.10000000149011612,-0.004244188179944763
509,0.001669227727688849,0.0,0.5941115617752075,0.5249819755554199,0.0,0.0,0.0,0.0,0.10000000149011612,0.0,0.10000000149011612,0.10000000149011612,0.0,0.0,0.0,0.10000000149011612,0.10000000149011612,0.0,0.10000000149011612,0.10000000149011612,0.0,0.10000000149011612,0.10000000149011612,0.0,0.10000000149011612,-0.007533989066832669
510,-0.021737748757004738,0.0,0.5594591498374939,0.5124310851097107,0.0,0.0,0.0,0.0,0.10000000149011612,0.0,0.10000000149011612,0.10000000149011612,0.0,0.0,0.0,0.10000000149011612,0.10000000149011612,0.0,0.10000000149011612,0.10000000149011612,0.0,0.10000000149011612,0.10000000149011612,0.0,0.10000000149011612,-0.008230189370689422
511,-0.006275366526097059,0.0,0.5496729612350464,0.5001174211502075,0.0,0.0,0.0,0.0,0.10000000149011612,0.0,0.10000000149011612,0.10000000149011612,0.0,0.0,0.0,0.10000000149011612,0.10000000149011612,0.0,0.10000000149011612,0.10000000149011612,0.0,0.10000000149011612,0.10000000149011612,0.0,0.10000000149011612,-0.00814163638973997
512,-0.0007607763982377946,0.0,0.5484940409660339,0.4965551197528839,0.0,0.0,0.0,0.0,0.10000000149011612,0.0,0.10000000149011612,0.10000000149011612,0.0,0.0,0.0,0.10000000149011612,0.10000000149011612,0.0,0.10000000149011612,0.10000000149011612,0.0,0.10000000149011612,0.10000000149011612,0.0,0.10000000149011612,-0.0023746817063108328
513,0.010941793210804462,5.999999848427251e-05,0.5653443932533264,0.5125340223312378,0.0,0.0,0.0,0.10000000149011612,0.10000000149011612,0.0,0.10000000149011612,0.0,0.0,0.0,0.0,0.10000000149011612,0.10000000149011612,0.0,0.10000000149011612,0.10000000149011612,0.0,0.10000000149011612,0.10000000149011612,0.0,0.10000000149011612,0.010677122658196758
514,0.009490253403782845,5.999999848427251e-05,0.5801060199737549,0.5268867015838623,0.0,0.0,0.0,0.0,0.10000000149011612,0.0,0.10000000149011612,0.0,0.0,0.10000000149011612,0.0,0.10000000149011612,0.10000000149011612,0.0,0.10000000149011612,0.10000000149011612,0.0,0.10000000149011612,0.10000000149011612,0.0,0.10000000149011612,0.009489161262305368
515,-0.007460798602551222,0.0,0.568317174911499,0.5204170346260071,0.0,0.0,0.0,0.0,0.10000000149011612,0.0,0.10000000149011612,0.0,0.0,0.10000000149011612,0.0,0.10000000149011612,0.10000000149011612,0.0,0.10000000149011612,0.10000000149011612,0.0,0.10000000149011612,0.10000000149011612,0.0,0.10000000149011612,-0.004237162424130192
516,0.0026559559628367424,0.0,0.5724825263023376,0.5221636891365051,0.0,0.0,0.0,0.0,0.10000000149011612,0.0,0.10000000149011612,0.0,0.0,0.10000000149011612,0.0,0.10000000149011612,0.10000000149011612,0.0,0.10000000149011612,0.10000000149011612,0.0,0.10000000149011612,0.10000000149011612,0.0,0.10000000149011612,0.0011487996192620642
517,-0.0024858741089701653,0.0,0.568573534488678,0.5193676948547363,0.0,0.0,0.0,0.0,0.10000000149011612,0.0,0.10000000149011612,0.0,0.0,0.10000000149011612,0.0,0.10000000149011612,0.10000000149011612,0.0,0.10000000149011612,0.10000000149011612,0.0,0.10000000149011612,0.10000000149011612,0.0,0.10000000149011612,-0.0018368551961418511
518,0.009862619452178478,0.0,0.5840438008308411,0.5402557849884033,0.0,0.0,0.0,0.0,0.10000000149011612,0.0,0.10000000149011612,0.0,0.0,0.10000000149011612,0.0,0.10000000149011612,0.10000000149011612,0.0,0.10000000149011612,0.10000000149011612,0.0,0.10000000149011612,0.10000000149011612,0.0,0.10000000149011612,0.013747883546822548
519,0.006438957992941141,0.0,0.5942434072494507,0.5485100150108337,0.0,0.0,0.0,0.0,0.10000000149011612,0.0,0.10000000149011612,0.0,0.0,0.10000000149011612,0.0,0.10000000149011612,0.10000000149011612,0.0,0.10000000149011612,0.10000000149011612,0.0,0.10000000149011612,0.10000000149011612,0.0,0.10000000149011612,0.005358999526492658
520,-0.004122440703213215,0.0,0.5876712203025818,0.54697585105896,0.0,0.0,0.0,0.0,0.10000000149011612,0.0,0.10000000149011612,0.0,0.0,0.10000000149011612,0.0,0.10000000149011612,0.10000000149011612,0.0,0.10000000149011612,0.10000000149011612,0.0,0.10000000149011612,0.10000000149011612,0.0,0.10000000149011612,-0.0009907355696779918
521,-9.141428745351732e-05,0.0,0.5875260829925537,0.5429221987724304,0.0,0.0,0.0,0.0,0.10000000149011612,0.0,0.10000000149011612,0.0,0.0,0.10000000149011612,0.0,0.10000000149011612,0.10000000149011612,0.0,0.10000000149011612,0.10000000149011612,0.0,0.10000000149011612,0.10000000149011612,0.0,0.10000000149011612,-0.002620372052837605
522,-0.0012526744976639748,0.0,0.5855374336242676,0.5443511605262756,0.0,0.0,0.0,0.0,0.10000000149011612,0.0,0.10000000149011612,0.0,0.0,0.10000000149011612,0.0,0.10000000149011612,0.10000000149011612,0.0,0.10000000149011612,0.10000000149011612,0.0,0.10000000149011612,0.10000000149011612,0.0,0.10000000149011612,0.0009261398630353579
523,-0.016912024468183517,0.0,0.5587227940559387,0.519705593585968,0.0,0.0,0.0,0.0,0.10000000149011612,0.0,0.10000000149011612,0.0,0.0,0.10000000149011612,0.0,0.10000000149011612,0.10000000149011612,0.0,0.10000000149011612,0.10000000149011612,0.0,0.10000000149011612,0.10000000149011612,0.0,0.10000000149011612,-0.015958525217741992
524,0.011413284577429295,0.0,0.5765129327774048,0.5385171175003052,0.0,0.0,0.0,0.0,0.10000000149011612,0.0,0.10000000149011612,0.0,0.0,0.10000000149011612,0.0,0.10000000149011612,0.10000000149011612,0.0,0.10000000149011612,0.10000000149011612,0.0,0.10000000149011612,0.10000000149011612,0.0,0.10000000149011612,0.012378400128111977
525,-0.004473240114748478,0.0,0.5694608092308044,0.53643399477005,0.0,0.0,0.0,0.0,0.10000000149011612,0.0,0.10000000149011612,0.0,0.0,0.10000000149011612,0.0,0.10000000149011612,0.10000000149011612,0.0,0.10000000149011612,0.10000000149011612,0.0,0.10000000149011612,0.10000000149011612,0.0,0.10000000149011612,-0.0013539808602452963
526,-0.010744471102952957,0.0,0.5525977611541748,0.513788104057312,0.0,0.0,0.0,0.0,0.10000000149011612,0.0,0.10000000149011612,0.0,0.0,0.10000000149011612,0.0,0.10000000149011612,0.10000000149011612,0.0,0.10000000149011612,0.10000000149011612,0.0,0.10000000149011612,0.10000000149011612,0.0,0.10000000149011612,-0.014739253876068559
527,-0.03428791090846062,0.0,0.49936243891716003,0.47292736172676086,0.0,0.0,0.0,0.0,0.10000000149011612,0.0,0.10000000149011612,0.0,0.0,0.10000000149011612,0.0,0.10000000149011612,0.10000000149011612,0.0,0.10000000149011612,0.10000000149011612,0.0,0.10000000149011612,0.10000000149011612,0.0,0.10000000149011612,-0.026992379066155037
528,-0.06797293573617935,0.0,0.3974463641643524,0.38502001762390137,0.0,0.0,0.0,0.0,0.10000000149011612,0.0,0.10000000149011612,0.0,0.0,0.10000000149011612,0.0,0.10000000149011612,0.10000000149011612,0.0,0.10000000149011612,0.10000000149011612,0.0,0.10000000149011612,0.10000000149011612,0.0,0.10000000149011612,-0.05968206334343795
529,0.03996945172548294,0.0,0.4533015489578247,0.4553690552711487,0.0,0.0,0.0,0.0,0.10000000149011612,0.0,0.10000000149011612,0.0,0.0,0.10000000149011612,0.0,0.10000000149011612,0.10000000149011612,0.0,0.10000000149011612,0.10000000149011612,0.0,0.10000000149011612,0.10000000149011612,0.0,0.10000000149011612,0.050792794870889946
530,-0.05079188197851181,5.999999848427251e-05,0.3793984055519104,0.38812533020973206,0.0,0.0,0.0,0.10000000149011612,0.10000000149011612,0.0,0.10000000149011612,0.0,0.0,0.0,0.0,0.10000000149011612,0.10000000149011612,0.0,0.10000000149011612,0.10000000149011612,0.0,0.10000000149011612,0.10000000149011612,0.0,0.10000000149011612,-0.046203899153873684
531,0.06038137897849083,0.0,0.4626883864402771,0.4723110795021057,0.0,0.0,0.0,0.10000000149011612,0.10000000149011612,0.0,0.10000000149011612,0.0,0.0,0.0,0.0,0.10000000149011612,0.10000000149011612,0.0,0.10000000149011612,0.10000000149011612,0.0,0.10000000149011612,0.10000000149011612,0.0,0.10000000149011612,0.06064708096613591
532,-0.017635339871048927,0.0,0.43689340353012085,0.4589301347732544,0.0,0.0,0.0,0.10000000149011612,0.10000000149011612,0.0,0.10000000149011612,0.0,0.0,0.0,0.0,0.10000000149011612,0.10000000149011612,0.0,0.10000000149011612,0.10000000149011612,0.0,0.10000000149011612,0.10000000149011612,0.0,0.10000000149011612,-0.009088395051252585
533,0.02596532553434372,0.0,0.47420281171798706,0.5037736892700195,0.0,0.0,0.0,0.10000000149011612,0.10000000149011612,0.0,0.10000000149011612,0.0,0.0,0.0,0.0,0.10000000149011612,0.10000000149011612,0.0,0.10000000149011612,0.10000000149011612,0.0,0.10000000149011612,0.10000000149011612,0.0,0.10000000149011612,0.03073728715853452
534,0.001627839752472937,0.0,0.47660255432128906,0.5021238327026367,0.0,0.0,0.0,0.10000000149011612,0.10000000149011612,0.0,0.10000000149011612,0.0,0.0,0.0,0.0,0.10000000149011612,0.10000000149011612,0.0,0.10000000149011612,0.10000000149011612,0.0,0.10000000149011612,0.10000000149011612,0.0,0.10000000149011612,-0.001097144190748356
535,-0.002321669366210699,0.0,0.47317439317703247,0.49197301268577576,0.0,0.0,0.0,0.10000000149011612,0.10000000149011612,0.0,0.10000000149011612,0.0,0.0,0.0,0.0,0.10000000149011612,0.10000000149011612,0.0,0.10000000149011612,0.10000000149011612,0.0,0.10000000149011612,0.10000000149011612,0.0,0.10000000149011612,-0.006757645272558843
536,0.004948859103024006,0.0,0.480464905500412,0.48050978779792786,0.0,0.0,0.0,0.10000000149011612,0.10000000149011612,0.0,0.10000000149011612,0.0,0.0,0.0,0.0,0.10000000149011612,0.10000000149011612,0.0,0.10000000149011612,0.10000000149011612,0.0,0.10000000149011612,0.10000000149011612,0.0,0.10000000149011612,-0.00768326557543586
537,0.0009180399938486516,0.0,0.48182404041290283,0.4729742109775543,0.0,0.0,0.0,0.10000000149011612,0.10000000149011612,0.0,0.10000000149011612,0.0,0.0,0.0,0.0,0.10000000149011612,0.10000000149011612,0.0,0.10000000149011612,0.10000000149011612,0.0,0.10000000149011612,0.10000000149011612,0.0,0.10000000149011612,-0.005089852753747626
538,-0.008700125850737095,0.0,0.46893197298049927,0.46306946873664856,0.0,0.0,0.0,0.10000000149011612,0.10000000149011612,0.0,0.10000000149011612,0.0,0.0,0.0,0.0,0.10000000149011612,0.10000000149011612,0.0,0.10000000149011612,0.10000000149011612,0.0,0.10000000149011612,0.10000000149011612,0.0,0.10000000149011612,-0.006724314768778217
539,0.023701393976807594,0.0,0.5037477016448975,0.49739399552345276,0.0,0.0,0.0,0.10000000149011612,0.10000000149011612,0.0,0.10000000149011612,0.0,0.0,0.0,0.0,0.10000000149011612,0.10000000149011612,0.0,0.10000000149011612,0.10000000149011612,0.0,0.10000000149011612,0.10000000149011612,0.0,0.10000000149011612,0.023460626798837758
540,-0.014782475307583809,0.0,0.48151859641075134,0.482862263917923,0.0,0.0,0.0,0.10000000149011612,0.10000000149011612,0.0,0.10000000149011612,0.0,0.0,0.0,0.0,0.10000000149011612,0.10000000149011612,0.0,0.10000000149011612,0.10000000149011612,0.0,0.10000000149011612,0.10000000149011612,0.0,0.10000000149011612,-0.009704681365741541
541,0.009241286665201187,0.0,0.4952097535133362,0.4978116750717163,0.0,0.0,0.0,0.10000000149011612,0.10000000149011612,0.0,0.10000000149011612,0.0,0.0,0.0,0.0,0.10000000149011612,0.10000000149011612,0.0,0.10000000149011612,0.10000000149011612,0.0,0.10000000149011612,0.10000000149011612,0.0,0.10000000149011612,0.010081456327774463
542,0.0033793861512094736,0.0,0.5002626180648804,0.5017496347427368,0.0,0.0,0.0,0.10000000149011612,0.10000000149011612,0.0,0.10000000149011612,0.0,0.0,0.0,0.0,0.10000000149011612,0.10000000149011612,0.0,0.10000000149011612,0.10000000149011612,0.0,0.10000000149011612,0.10000000149011612,0.0,0.10000000149011612,0.0026291420587518655
543,-0.00202712370082736,5.999999848427251e-05,0.4971314072608948,0.49621716141700745,0.0,0.0,0.0,0.0,0.10000000149011612,0.0,0.10000000149011612,0.0,0.0,0.0,0.10000000149011612,0.10000000149011612,0.10000000149011612,0.0,0.10000000149011612,0.10000000149011612,0.0,0.10000000149011612,0.10000000149011612,0.0,0.10000000149011612,-0.003684018426065472
544,0.005467756185680628,0.0,0.5053173303604126,0.5002994537353516,0.0,0.0,0.0,0.0,0.10000000149011612,0.0,0.10000000149011612,0.0,0.0,0.0,0.10000000149011612,0.10000000149011612,0.10000000149011612,0.0,0.10000000149011612,0.10000000149011612,0.0,0.10000000149011612,0.10000000149011612,0.0,0.10000000149011612,0.0027284089660339905
545,-0.008303476497530937,0.0,0.4928179979324341,0.5059980154037476,0.0,0.0,0.0,0.0,0.10000000149011612,0.0,0.10000000149011612,0.0,0.0,0.0,0.10000000149011612,0.10000000149011612,0.10000000149011612,0.0,0.10000000149011612,0.10000000149011612,0.0,0.10000000149011612,0.10000000149011612,0.0,0.10000000149011612,0.003798282838941347
546,0.010732629336416721,0.0,0.5088398456573486,0.5167635083198547,0.0,0.0,0.0,0.0,0.10000000149011612,0.0,0.10000000149011612,0.0,0.0,0.0,0.10000000149011612,0.10000000149011612,0.10000000149011612,0.0,0.10000000149011612,0.10000000149011612,0.0,0.10000000149011612,0.10000000149011612,0.0,0.10000000149011612,0.0071484110908479614
547,-0.0032785041257739067,0.0,0.5038931369781494,0.5107299089431763,0.0,0.0,0.0,0.0,0.10000000149011612,0.0,0.10000000149011612,0.0,0.0,0.0,0.10000000149011612,0.10000000149011612,0.10000000149011612,0.0,0.10000000149011612,0.10000000149011612,0.0,0.10000000149011612,0.10000000149011612,0.0,0.10000000149011612,-0.003977943393009276
548,-0.00552945863455534,0.0,0.4955773949623108,0.5053570866584778,0.0,0.0,0.0,0.0,0.10000000149011612,0.0,0.10000000149011612,0.0,0.0,0.0,0.10000000149011612,0.10000000149011612,0.10000000149011612,0.0,0.10000000149011612,0.10000000149011612,0.0,0.10000000149011612,0.10000000149011612,0.0,0.10000000149011612,-0.003556441328719684
549,-0.002878015162423253,0.0,0.49127310514450073,0.5036574602127075,0.0,0.0,0.0,0.0,0.10000000149011612,0.0,0.10000000149011612,0.0,0.0,0.0,0.10000000149011612,0.10000000149011612,0.10000000149011612,0.0,0.10000000149011612,0.10000000149011612,0.0,0.10000000149011612,0.10000000149011612,0.0,0.10000000149011612,-0.001129052010870768
550,0.003207681467756629,0.0,0.49605661630630493,0.5021498799324036,0.0,0.0,0.0,0.0,0.10000000149011612,0.0,0.10000000149011612,0.0,0.0,0.0,0.10000000149011612,0.10000000149011612,0.10000000149011612,0.0,0.10000000149011612,0.10000000149011612,0.0,0.10000000149011612,0.10000000149011612,0.0,0.10000000149011612,-0.001002608852212039
551,0.006834652740508318,0.0,0.5062816739082336,0.504533052444458,0.0,0.0,0.0,0.0,0.10000000149011612,0.0,0.10000000149011612,0.0,0.0,0.0,0.10000000149011612,0.10000000149011612,0.10000000149011612,0.0,0.10000000149011612,0.10000000149011612,0.0,0.10000000149011612,0.10000000149011612,0.0,0.10000000149011612,0.001586507807171511
552,0.020958533510565758,0.0,0.537851095199585,0.533254086971283,0.0,0.0,0.0,0.0,0.10000000149011612,0.0,0.10000000149011612,0.0,0.0,0.0,0.10000000149011612,0.10000000149011612,0.10000000149011612,0.0,0.10000000149011612,0.10000000149011612,0.0,0.10000000149011612,0.10000000149011612,0.0,0.10000000149011612,0.019089666710984554
553,0.0041617280803620815,0.0,0.5442512035369873,0.5239905118942261,0.0,0.0,0.0,0.0,0.10000000149011612,0.0,0.10000000149011612,0.0,0.0,0.0,0.10000000149011612,0.10000000149011612,0.10000000149011612,0.0,0.10000000149011612,0.10000000149011612,0.0,0.10000000149011612,0.10000000149011612,0.0,0.10000000149011612,-0.006041774260230892
554,-0.0018983206246048212,3.300000025774352e-05,0.5412687659263611,0.5168265104293823,0.0,0.0,0.0,0.054999999701976776,0.10000000149011612,0.0,0.10000000149011612,0.0,0.0,0.0,0.04500000178813934,0.10000000149011612,0.10000000149011612,0.0,0.10000000149011612,0.10000000149011612,0.0,0.10000000149011612,0.10000000149011612,0.0,0.10000000149011612,-0.0047008176290673775
555,-0.0049368273466825485,2.700000004551839e-05,0.5336182117462158,0.5035598874092102,0.0,0.0,0.0,0.10000000149011612,0.10000000149011612,0.0,0.10000000149011612,0.0,0.0,0.0,0.0,0.10000000149011612,0.10000000149011612,0.0,0.10000000149011612,0.10000000149011612,0.0,0.10000000149011612,0.10000000149011612,0.0,0.10000000149011612,-0.00874630218350847
556,0.017021797597408295,0.0,0.5597231388092041,0.5232186913490295,0.0,0.0,0.0,0.10000000149011612,0.10000000149011612,0.0,0.10000000149011612,0.0,0.0,0.0,0.0,0.10000000149011612,0.10000000149011612,0.0,0.10000000149011612,0.10000000149011612,0.0,0.10000000149011612,0.10000000149011612,0.0,0.10000000149011612,0.013074839322624765
557,-0.0005016236682422459,0.0,0.5589407086372375,0.5263140201568604,0.0,0.0,0.0,0.10000000149011612,0.10000000149011612,0.0,0.10000000149011612,0.0,0.0,0.0,0.0,0.10000000149011612,0.10000000149011612,0.0,0.10000000149011612,0.10000000149011612,0.0,0.10000000149011612,0.10000000149011612,0.0,0.10000000149011612,0.0020320974430070304
558,0.0006013864767737687,0.0,0.5598782896995544,0.5349881052970886,0.0,0.0,0.0,0.10000000149011612,0.10000000149011612,0.0,0.10000000149011612,0.0,0.0,0.0,0.0,0.10000000149011612,0.10000000149011612,0.0,0.10000000149011612,0.10000000149011612,0.0,0.10000000149011612,0.10000000149011612,0.0,0.10000000149011612,0.005683027886579151
559,-0.009269056841731071,0.0,0.5454196333885193,0.5230898857116699,0.0,0.0,0.0,0.10000000149011612,0.10000000149011612,0.0,0.10000000149011612,0.0,0.0,0.0,0.0,0.10000000149011612,0.10000000149011612,0.0,0.10000000149011612,0.10000000149011612,0.0,0.10000000149011612,0.10000000149011612,0.0,0.10000000149011612,-0.00775134318263393
560,-0.018397562205791473,0.0,0.516987681388855,0.5068588852882385,0.0,0.0,0.0,0.10000000149011612,0.10000000149011612,0.0,0.10000000149011612,0.0,0.0,0.0,0.0,0.10000000149011612,0.10000000149011612,0.0,0.10000000149011612,0.10000000149011612,0.0,0.10000000149011612,0.10000000149011612,0.0,0.10000000149011612,-0.010656626753087095
561,-0.009596171788871288,0.0,0.5024304389953613,0.4929240643978119,0.0,0.0,0.0,0.10000000149011612,0.10000000149011612,0.0,0.10000000149011612,0.0,0.0,0.0,0.0,0.10000000149011612,0.10000000149011612,0.0,0.10000000149011612,0.10000000149011612,0.0,0.10000000149011612,0.10000000149011612,0.0,0.10000000149011612,-0.009247595130821518
562,0.014398387633264065,0.0,0.524062991142273,0.5098501443862915,0.0,0.0,0.0,0.10000000149011612,0.10000000149011612,0.0,0.10000000149011612,0.0,0.0,0.0,0.0,0.10000000149011612,0.10000000149011612,0.0,0.10000000149011612,0.10000000149011612,0.0,0.10000000149011612,0.10000000149011612,0.0,0.10000000149011612,0.011337535774337493
563,0.008013921789824963,0.0,0.5362767577171326,0.5204277634620667,0.0,0.0,0.0,0.10000000149011612,0.10000000149011612,0.0,0.10000000149011612,0.0,0.0,0.0,0.0,0.10000000149011612,0.10000000149011612,0.0,0.10000000149011612,0.10000000149011612,0.0,0.10000000149011612,0.10000000149011612,0.0,0.10000000149011612,0.007005741010194466
564,-0.008854588493704796,0.0,0.5226736068725586,0.515712320804596,0.0,0.0,0.0,0.10000000149011612,0.10000000149011612,0.0,0.10000000149011612,0.0,0.0,0.0,0.0,0.10000000149011612,0.10000000149011612,0.0,0.10000000149011612,0.10000000149011612,0.0,0.10000000149011612,0.10000000149011612,0.0,0.10000000149011612,-0.0031013921021367796
565,0.006096421740949154,0.0,0.5319564938545227,0.5141634941101074,0.0,0.0,0.0,0.10000000149011612,0.10000000149011612,0.0,0.10000000149011612,0.0,0.0,0.0,0.0,0.10000000149011612,0.10000000149011612,0.0,0.10000000149011612,0.10000000149011612,0.0,0.10000000149011612,0.10000000149011612,0.0,0.10000000149011612,-0.001021847400215381
566,0.003042480442672968,0.0,0.5366174578666687,0.5225213766098022,0.0,0.0,0.0,0.10000000149011612,0.10000000149011612,0.0,0.10000000149011612,0.0,0.0,0.0,0.0,0.10000000149011612,0.10000000149011612,0.0,0.10000000149011612,0.10000000149011612,0.0,0.10000000149011612,0.10000000149011612,0.0,0.10000000149011612,0.00551980187886314
567,-0.0009062169119715691,0.0,0.5352249145507812,0.5255838632583618,0.0,0.0,0.0,0.10000000149011612,0.10000000149011612,0.0,0.10000000149011612,0.0,0.0,0.0,0.0,0.10000000149011612,0.10000000149011612,0.0,0.10000000149011612,0.10000000149011612,0.0,0.10000000149011612,0.10000000149011612,0.0,0.10000000149011612,0.0020114572416571885
568,0.00988351833075285,0.0,0.5503983497619629,0.5348169803619385,0.0,0.0,0.0,0.10000000149011612,0.10000000149011612,0.0,0.10000000149011612,0.0,0.0,0.0,0.0,0.10000000149011612,0.10000000149011612,0.0,0.10000000149011612,0.10000000149011612,0.0,0.10000000149011612,0.10000000149011612,0.0,0.10000000149011612,0.006052185871877613
569,-0.001980070024728775,0.0,0.5473284721374512,0.5356678366661072,0.0,0.0,0.0,0.10000000149011612,0.10000000149011612,0.0,0.10000000149011612,0.0,0.0,0.0,0.0,0.10000000149011612,0.10000000149011612,0.0,0.10000000149011612,0.10000000149011612,0.0,0.10000000149011612,0.10000000149011612,0.0,0.10000000149011612,0.000554369879311567
570,0.0016260689590126276,0.0,0.54984450340271,0.5345476269721985,0.0,0.0,0.0,0.10000000149011612,0.10000000149011612,0.0,0.10000000149011612,0.0,0.0,0.0,0.0,0.10000000149011612,0.10000000149011612,0.0,0.10000000149011612,0.10000000149011612,0.0,0.10000000149011612,0.10000000149011612,0.0,0.10000000149011612,-0.0007294609336486735
571,0.005961560178548098,0.0,0.5590839982032776,0.5413752198219299,0.0,0.0,0.0,0.10000000149011612,0.10000000149011612,0.0,0.10000000149011612,0.0,0.0,0.0,0.0,0.10000000149011612,0.10000000149011612,0.0,0.10000000149011612,0.10000000149011612,0.0,0.10000000149011612,0.10000000149011612,0.0,0.10000000149011612,0.004449254444583772
572,0.0037059641908854246,0.0,0.5648618936538696,0.5451419949531555,0.0,0.0,0.0,0.10000000149011612,0.10000000149011612,0.0,0.10000000149011612,0.0,0.0,0.0,0.0,0.10000000149011612,0.10000000149011612,0.0,0.10000000149011612,0.10000000149011612,0.0,0.10000000149011612,0.10000000149011612,0.0,0.10000000149011612,0.002443775586103314
573,0.010173391550779343,0.0,0.580781877040863,0.5555747151374817,0.0,0.0,0.0,0.10000000149011612,0.10000000149011612,0.0,0.10000000149011612,0.0,0.0,0.0,0.0,0.10000000149011612,0.10000000149011612,0.0,0.10000000149011612,0.10000000149011612,0.0,0.10000000149011612,0.10000000149011612,0.0,0.10000000149011612,0.006751949153153802
574,-0.0011033638147637248,0.0,0.5790377259254456,0.5521085262298584,0.0,0.0,0.0,0.10000000149011612,0.10000000149011612,0.0,0.10000000149011612,0.0,0.0,0.0,0.0,0.10000000149011612,0.10000000149011612,0.0,0.10000000149011612,0.10000000149011612,0.0,0.10000000149011612,0.10000000149011612,0.0,0.10000000149011612,-0.0022282368528450114
575,0.002403292339295149,0.0,0.5828325748443604,0.5559551119804382,0.0,0.0,0.0,0.10000000149011612,0.10000000149011612,0.0,0.10000000149011612,0.0,0.0,0.0,0.0,0.10000000149011612,0.10000000149011612,0.0,0.10000000149011612,0.10000000149011612,0.0,0.10000000149011612,0.10000000149011612,0.0,0.10000000149011612,0.002478296901005539
576,0.0004909379058517516,0.0,0.5836096405982971,0.5561044812202454,0.0,0.0,0.0,0.10000000149011612,0.10000000149011612,0.0,0.10000000149011612,0.0,0.0,0.0,0.0,0.10000000149011612,0.10000000149011612,0.0,0.10000000149011612,0.10000000149011612,0.0,0.10000000149011612,0.10000000149011612,0.0,0.10000000149011612,9.599842479834919e-05
577,-0.0035431217402219772,0.0,0.5779987573623657,0.5537484884262085,0.0,0.0,0.0,0.10000000149011612,0.10000000149011612,0.0,0.10000000149011612,0.0,0.0,0.0,0.0,0.10000000149011612,0.10000000149011612,0.0,0.10000000149011612,0.10000000149011612,0.0,0.10000000149011612,0.10000000149011612,0.0,0.10000000149011612,-0.0015140325231820517
578,-0.005605253390967846,0.0,0.5691536664962769,0.5516620874404907,0.0,0.0,0.0,0.10000000149011612,0.10000000149011612,0.0,0.10000000149011612,0.0,0.0,0.0,0.0,0.10000000149011612,0.10000000149011612,0.0,0.10000000149011612,0.10000000149011612,0.0,0.10000000149011612,0.10000000149011612,0.0,0.10000000149011612,-0.001342817709081734
579,-0.004988430067896843,0.0,0.5613260269165039,0.550197184085846,0.0,0.0,0.0,0.10000000149011612,0.10000000149011612,0.0,0.10000000149011612,0.0,0.0,0.0,0.0,0.10000000149011612,0.10000000149011612,0.0,0.10000000149011612,0.10000000149011612,0.0,0.10000000149011612,0.10000000149011612,0.0,0.10000000149011612,-0.0009440865807717191
580,0.0015006338944658637,0.0,0.5636690258979797,0.5472045540809631,0.0,0.0,0.0,0.10000000149011612,0.10000000149011612,0.0,0.10000000149011612,0.0,0.0,0.0,0.0,0.10000000149011612,0.10000000149011612,0.0,0.10000000149011612,0.10000000149011612,0.0,0.10000000149011612,0.10000000149011612,0.0,0.10000000149011612,-0.0019304834479154653
581,2.3892234821687452e-05,0.0,0.5637063980102539,0.5497928261756897,0.0,0.0,0.0,0.10000000149011612,0.10000000149011612,0.0,0.10000000149011612,0.0,0.0,0.0,0.0,0.10000000149011612,0.10000000149011612,0.0,0.10000000149011612,0.10000000149011612,0.0,0.10000000149011612,0.10000000149011612,0.0,0.10000000149011612,0.0016728700079764458
582,-0.0009359136456623673,0.0,0.562242865562439,0.5517054796218872,0.0,0.0,0.0,0.10000000149011612,0.10000000149011612,0.0,0.10000000149011612,0.0,0.0,0.0,0.0,0.10000000149011612,0.10000000149011612,0.0,0.10000000149011612,0.10000000149011612,0.0,0.10000000149011612,0.10000000149011612,0.0,0.10000000149011612,0.0012341349204185725
583,-0.0008367908885702491,0.0,0.5609356164932251,0.5510270595550537,0.0,0.0,0.0,0.10000000149011612,0.10000000149011612,0.0,0.10000000149011612,0.0,0.0,0.0,0.0,0.10000000149011612,0.10000000149011612,0.0,0.10000000149011612,0.10000000149011612,0.0,0.10000000149011612,0.10000000149011612,0.0,0.10000000149011612,-0.00043720930018165127
584,0.007377517409622669,0.0,0.5724514722824097,0.5568897128105164,0.0,0.0,0.0,0.10000000149011612,0.10000000149011612,0.0,0.10000000149011612,0.0,0.0,0.0,0.0,0.10000000149011612,0.10000000149011612,0.0,0.10000000149011612,0.10000000149011612,0.0,0.10000000149011612,0.10000000149011612,0.0,0.10000000149011612,0.003779852336776468
585,-0.006320863030850887,0.0,0.562512218952179,0.5603436827659607,0.0,0.0,0.0,0.10000000149011612,0.10000000149011612,0.0,0.10000000149011612,0.0,0.0,0.0,0.0,0.10000000149011612,0.10000000149011612,0.0,0.10000000149011612,0.10000000149011612,0.0,0.10000000149011612,0.10000000149011612,0.0,0.10000000149011612,0.002218506505004214
586,0.004347780719399452,0.0,0.5693056583404541,0.5665361285209656,0.0,0.0,0.0,0.10000000149011612,0.10000000149011612,0.0,0.10000000149011612,0.0,0.0,0.0,0.0,0.10000000149011612,0.10000000149011612,0.0,0.10000000149011612,0.10000000149011612,0.0,0.10000000149011612,0.10000000149011612,0.0,0.10000000149011612,0.00396864218018167
587,0.016089892014861107,0.0,0.5945556163787842,0.5818488597869873,0.0,0.0,0.0,0.10000000149011612,0.10000000149011612,0.0,0.10000000149011612,0.0,0.0,0.0,0.0,0.10000000149011612,0.10000000149011612,0.0,0.10000000149011612,0.10000000149011612,0.0,0.10000000149011612,0.10000000149011612,0.0,0.10000000149011612,0.009774898253051445
588,0.003113653976470232,0.0,0.5995205044746399,0.5861219167709351,0.0,0.0,0.0,0.10000000149011612,0.10000000149011612,0.0,0.10000000149011612,0.0,0.0,0.0,0.0,0.10000000149011612,0.10000000149011612,0.0,0.10000000149011612,0.10000000149011612,0.0,0.10000000149011612,0.10000000149011612,0.0,0.10000000149011612,0.002701305473977511
589,0.0007698777480982244,0.0,0.6007519364356995,0.5877432227134705,0.0,0.0,0.0,0.10000000149011612,0.10000000149011612,0.0,0.10000000149011612,0.0,0.0,0.0,0.0,0.10000000149011612,0.10000000149011612,0.0,0.10000000149011612,0.10000000149011612,0.0,0.10000000149011612,0.10000000149011612,0.0,0.10000000149011612,0.0010221824220397746
590,-0.008006158284842968,0.0,0.5879360437393188,0.5780964493751526,0.0,0.0,0.0,0.10000000149011612,0.10000000149011612,0.0,0.10000000149011612,0.0,0.0,0.0,0.0,0.10000000149011612,0.10000000149011612,0.0,0.10000000149011612,0.10000000149011612,0.0,0.10000000149011612,0.10000000149011612,0.0,0.10000000149011612,-0.006075776737898053
591,0.009989273734390736,0.0,0.6037983894348145,0.5814765095710754,0.0,0.0,0.0,0.10000000149011612,0.10000000149011612,0.0,0.10000000149011612,0.0,0.0,0.0,0.0,0.10000000149011612,0.10000000149011612,0.0,0.10000000149011612,0.10000000149011612,0.0,0.10000000149011612,0.10000000149011612,0.0,0.10000000149011612,0.0021418590715802655
592,0.002609698800370097,0.0,0.6079838275909424,0.5836547613143921,0.0,0.0,0.0,0.10000000149011612,0.10000000149011612,0.0,0.10000000149011612,0.0,0.0,0.0,0.0,0.10000000149011612,0.10000000149011612,0.0,0.10000000149011612,0.10000000149011612,0.0,0.10000000149011612,0.10000000149011612,0.0,0.10000000149011612,0.001377353207672627
593,-0.0001518252829555422,0.0,0.6077396869659424,0.5827232003211975,0.0,0.0,0.0,0.10000000149011612,0.10000000149011612,0.0,0.10000000149011612,0.0,0.0,0.0,0.0,0.10000000149011612,0.10000000149011612,0.0,0.10000000149011612,0.10000000149011612,0.0,0.10000000149011612,0.10000000149011612,0.0,0.10000000149011612,-0.0005882348956040007
594,-0.0026202313601970673,0.0,0.6035270690917969,0.5838345289230347,0.0,0.0,0.0,0.10000000149011612,0.10000000149011612,0.0,0.10000000149011612,0.0,0.0,0.0,0.0,0.10000000149011612,0.10000000149011612,0.0,0.10000000149011612,0.10000000149011612,0.0,0.10000000149011612,0.10000000149011612,0.0,0.10000000149011612,0.0007021623247902564
595,-0.0015742657706141472,0.0,0.6010026931762695,0.5847640633583069,0.0,0.0,0.0,0.10000000149011612,0.10000000149011612,0.0,0.10000000149011612,0.0,0.0,0.0,0.0,0.10000000149011612,0.10000000149011612,0.0,0.10000000149011612,0.10000000149011612,0.0,0.10000000149011612,0.10000000149011612,0.0,0.10000000149011612,0.0005868886037636578
596,-0.008086420595645905,5.999999848427251e-05,0.5879602432250977,0.5748430490493774,0.0,0.0,0.0,0.0,0.10000000149011612,0.0,0.10000000149011612,0.0,0.0,0.10000000149011612,0.0,0.10000000149011612,0.10000000149011612,0.0,0.10000000149011612,0.10000000149011612,0.0,0.10000000149011612,0.10000000149011612,0.0,0.10000000149011612,-0.006260246896251265
597,-0.0001929853460751474,0.0,0.5876537561416626,0.5718463063240051,0.0,0.0,0.0,0.0,0.10000000149011612,0.0,0.10000000149011612,0.0,0.0,0.10000000149011612,0.0,0.10000000149011612,0.10000000149011612,0.0,0.10000000149011612,0.10000000149011612,0.0,0.10000000149011612,0.10000000149011612,0.0,0.10000000149011612,-0.0019028834188786758
598,0.006380169186741114,0.0,0.5977832674980164,0.5830981731414795,0.0,0.0,0.0,0.0,0.10000000149011612,0.0,0.10000000149011612,0.0,0.0,0.10000000149011612,0.0,0.10000000149011612,0.10000000149011612,0.0,0.10000000149011612,0.10000000149011612,0.0,0.10000000149011612,0.10000000149011612,0.0,0.10000000149011612,0.007158375963479902
599,-0.003459885949268937,0.0,0.5922551155090332,0.5795637369155884,0.0,0.0,0.0,0.0,0.10000000149011612,0.0,0.10000000149011612,0.0,0.0,0.10000000149011612,0.0,0.10000000149011612,0.10000000149011612,0.0,0.10000000149011612,0.10000000149011612,0.0,0.10000000149011612,0.10000000149011612,0.0,0.10000000149011612,-0.0022326071028667682
600,0.001670113648287952,0.0,0.5949143767356873,0.5848536491394043,0.0,0.0,0.0,0.0,0.10000000149011612,0.0,0.10000000149011612,0.0,0.0,0.10000000149011612,0.0,0.10000000149011612,0.10000000149011612,0.0,0.10000000149011612,0.10000000149011612,0.0,0.10000000149011612,0.10000000149011612,0.0,0.10000000149011612,0.0033489704151765665
601,0.012477416545152664,0.0,0.6148147583007812,0.5962272882461548,0.0,0.0,0.0,0.0,0.10000000149011612,0.0,0.10000000149011612,0.0,0.0,0.10000000149011612,0.0,0.10000000149011612,0.10000000149011612,0.0,0.10000000149011612,0.10000000149011612,0.0,0.10000000149011612,0.10000000149011612,0.0,0.10000000149011612,0.007176460181623989
602,0.0013412877451628447,0.0,0.6169807314872742,0.5961906909942627,0.0,0.0,0.0,0.0,0.10000000149011612,0.0,0.10000000149011612,0.0,0.0,0.10000000149011612,0.0,0.10000000149011612,0.10000000149011612,0.0,0.10000000149011612,0.10000000149011612,0.0,0.10000000149011612,0.10000000149011612,0.0,0.10000000149011612,-2.2927343844791892e-05
603,-0.00038993937778286636,0.0,0.6163501739501953,0.5969114899635315,0.0,0.0,0.0,0.0,0.10000000149011612,0.0,0.10000000149011612,0.0,0.0,0.10000000149011612,0.0,0.10000000149011612,0.10000000149011612,0.0,0.10000000149011612,0.10000000149011612,0.0,0.10000000149011612,0.10000000149011612,0.0,0.10000000149011612,0.0004515744724835624
604,0.00230672350153327,0.0,0.6200786828994751,0.5994344353675842,0.0,0.0,0.0,0.0,0.10000000149011612,0.0,0.10000000149011612,0.0,0.0,0.10000000149011612,0.0,0.10000000149011612,0.10000000149011612,0.0,0.10000000149011612,0.10000000149011612,0.0,0.10000000149011612,0.10000000149011612,0.0,0.10000000149011612,0.0015798905699591081
605,-0.0018407347379252315,0.0,0.6170965433120728,0.5913937091827393,0.0,0.0,0.0,0.0,0.10000000149011612,0.0,0.10000000149011612,0.0,0.0,0.10000000149011612,0.0,0.10000000149011612,0.10000000149011612,0.0,0.10000000149011612,0.10000000149011612,0.0,0.10000000149011612,0.10000000149011612,0.0,0.10000000149011612,-0.005027230880518707
606,-0.001333177904598415,0.0,0.6149406433105469,0.5851203799247742,0.0,0.0,0.0,0.0,0.10000000149011612,0.0,0.10000000149011612,0.0,0.0,0.10000000149011612,0.0,0.10000000149011612,0.10000000149011612,0.0,0.10000000149011612,0.10000000149011612,0.0,0.10000000149011612,0.10000000149011612,0.0,0.10000000149011612,-0.003942034721996501
607,-0.017231257632374763,0.0,0.5871132016181946,0.5735335946083069,0.0,0.0,0.0,0.0,0.10000000149011612,0.0,0.10000000149011612,0.0,0.0,0.10000000149011612,0.0,0.10000000149011612,0.10000000149011612,0.0,0.10000000149011612,0.10000000149011612,0.0,0.10000000149011612,0.10000000149011612,0.0,0.10000000149011612,-0.007309719478224896
608,-0.004174887202680111,0.0,0.5804871916770935,0.561671257019043,0.0,0.0,0.0,0.0,0.10000000149011612,0.0,0.10000000149011612,0.0,0.0,0.10000000149011612,0.0,0.10000000149011612,0.10000000149011612,0.0,0.10000000149011612,0.10000000149011612,0.0,0.10000000149011612,0.10000000149011612,0.0,0.10000000149011612,-0.0075386617927383215
609,-0.002902874257415533,0.0,0.5758992433547974,0.5518507957458496,0.0,0.0,0.0,0.0,0.10000000149011612,0.0,0.10000000149011612,0.0,0.0,0.10000000149011612,0.0,0.10000000149011612,0.10000000149011612,0.0,0.10000000149011612,0.10000000149011612,0.0,0.10000000149011612,0.10000000149011612,0.0,0.10000000149011612,-0.006288430570169368
610,0.00430744094774127,0.0,0.5826873183250427,0.5564780235290527,0.0,0.0,0.0,0.0,0.10000000149011612,0.0,0.10000000149011612,0.0,0.0,0.10000000149011612,0.0,0.10000000149011612,0.10000000149011612,0.0,0.10000000149011612,0.10000000149011612,0.0,0.10000000149011612,0.10000000149011612,0.0,0.10000000149011612,0.002981747856100503
611,0.004426778294146061,0.0,0.589693546295166,0.5622549653053284,0.0,0.0,0.0,0.0,0.10000000149011612,0.0,0.10000000149011612,0.0,0.0,0.10000000149011612,0.0,0.10000000149011612,0.10000000149011612,0.0,0.10000000149011612,0.10000000149011612,0.0,0.10000000149011612,0.10000000149011612,0.0,0.10000000149011612,0.003711547281070704
612,-0.009309886954724789,0.0,0.5748936533927917,0.5660240054130554,0.0,0.0,0.0,0.0,0.10000000149011612,0.0,0.10000000149011612,0.0,0.0,0.10000000149011612,0.0,0.10000000149011612,0.10000000149011612,0.0,0.10000000149011612,0.10000000149011612,0.0,0.10000000149011612,0.10000000149011612,0.0,0.10000000149011612,0.0024125640125525205
613,-0.007354903966188431,0.0,0.563310444355011,0.559681236743927,0.0,0.0,0.0,0.0,0.10000000149011612,0.0,0.10000000149011612,0.0,0.0,0.10000000149011612,0.0,0.10000000149011612,0.10000000149011612,0.0,0.10000000149011612,0.10000000149011612,0.0,0.10000000149011612,0.10000000149011612,0.0,0.10000000149011612,-0.004050237191259076
614,0.0004857842286583036,0.0,0.5640698671340942,0.5636054873466492,0.0,0.0,0.0,0.0,0.10000000149011612,0.0,0.10000000149011612,0.0,0.0,0.10000000149011612,0.0,0.10000000149011612,0.10000000149011612,0.0,0.10000000149011612,0.10000000149011612,0.0,0.10000000149011612,0.10000000149011612,0.0,0.10000000149011612,0.0025160593782065366
615,-0.0017291969852522016,0.0,0.5613653063774109,0.5637111067771912,0.0,0.0,0.0,0.0,0.10000000149011612,0.0,0.10000000149011612,0.0,0.0,0.10000000149011612,0.0,0.10000000149011612,0.10000000149011612,0.0,0.10000000149011612,0.10000000149011612,0.0,0.10000000149011612,0.10000000149011612,0.0,0.10000000149011612,6.754864407731986e-05
616,0.00415190402418375,0.0,0.5678479671478271,0.5714438557624817,0.0,0.0,0.0,0.0,0.10000000149011612,0.0,0.10000000149011612,0.0,0.0,0.10000000149011612,0.0,0.10000000149011612,0.10000000149011612,0.0,0.10000000149011612,0.10000000149011612,0.0,0.10000000149011612,0.10000000149011612,0.0,0.10000000149011612,0.004945126341928896
617,0.004126592539250851,0.0,0.5743178129196167,0.576454222202301,0.0,0.0,0.0,0.0,0.10000000149011612,0.0,0.10000000149011612,0.0,0.0,0.10000000149011612,0.0,0.10000000149011612,0.10000000149011612,0.0,0.10000000149011612,0.10000000149011612,0.0,0.10000000149011612,0.10000000149011612,0.0,0.10000000149011612,0.0031883839956778903
618,0.01029220875352621,0.0,0.5905210375785828,0.5953700542449951,0.0,0.0,0.0,0.0,0.10000000149011612,0.0,0.10000000149011612,0.0,0.0,0.10000000149011612,0.0,0.10000000149011612,0.10000000149011612,0.0,0.10000000149011612,0.10000000149011612,0.0,0.10000000149011612,0.10000000149011612,0.0,0.10000000149011612,0.011998973250405331
619,0.0019089014967903495,0.0,0.5935571789741516,0.5959548354148865,0.0,0.0,0.0,0.0,0.10000000149011612,0.0,0.10000000149011612,0.0,0.0,0.10000000149011612,0.0,0.10000000149011612,0.10000000149011612,0.0,0.10000000149011612,0.10000000149011612,0.0,0.10000000149011612,0.10000000149011612,0.0,0.10000000149011612,0.0003665489196913452
620,0.0033628211822360754,0.0,0.5989159941673279,0.5967720150947571,0.0,0.0,0.0,0.0,0.10000000149011612,0.0,0.10000000149011612,0.0,0.0,0.10000000149011612,0.0,0.10000000149011612,0.10000000149011612,0.0,0.10000000149011612,0.10000000149011612,0.0,0.10000000149011612,0.10000000149011612,0.0,0.10000000149011612,0.0005120318330675833
621,0.004055827856063843,0.0,0.6054009199142456,0.6006752848625183,0.0,0.0,0.0,0.0,0.10000000149011612,0.0,0.10000000149011612,0.0,0.0,0.10000000149011612,0.0,0.10000000149011612,0.10000000149011612,0.0,0.10000000149011612,0.10000000149011612,0.0,0.10000000149011612,0.10000000149011612,0.0,0.10000000149011612,0.0024444753107284445
622,0.001089475117623806,0.0,0.6071500182151794,0.5970973372459412,0.0,0.0,0.0,0.0,0.10000000149011612,0.0,0.10000000149011612,0.0,0.0,0.10000000149011612,0.0,0.10000000149011612,0.10000000149011612,0.0,0.10000000149011612,0.10000000149011612,0.0,0.10000000149011612,0.10000000149011612,0.0,0.10000000149011612,-0.0022352738562365637
623,0.0090560894459486,0.0,0.6217044591903687,0.6046500205993652,0.0,0.0,0.0,0.0,0.10000000149011612,0.0,0.10000000149011612,0.0,0.0,0.10000000149011612,0.0,0.10000000149011612,0.10000000149011612,0.0,0.10000000149011612,0.10000000149011612,0.0,0.10000000149011612,0.10000000149011612,0.0,0.10000000149011612,0.00472900628990347
624,0.006740478798747063,0.0,0.6326355338096619,0.6120719313621521,0.0,0.0,0.0,0.0,0.10000000149011612,0.0,0.10000000149011612,0.0,0.0,0.10000000149011612,0.0,0.10000000149011612,0.10000000149011612,0.0,0.10000000149011612,0.10000000149011612,0.0,0.10000000149011612,0.10000000149011612,0.0,0.10000000149011612,0.004625252028485738
625,-0.005215196404606104,0.0,0.6241210103034973,0.603172242641449,0.0,0.0,0.0,0.0,0.10000000149011612,0.0,0.10000000149011612,0.0,0.0,0.10000000149011612,0.0,0.10000000149011612,0.10000000149011612,0.0,0.10000000149011612,0.10000000149011612,0.0,0.10000000149011612,0.10000000149011612,0.0,0.10000000149011612,-0.00552065236517274
626,0.002374091651290655,0.0,0.6279768347740173,0.6056667566299438,0.0,0.0,0.0,0.0,0.10000000149011612,0.0,0.10000000149011612,0.0,0.0,0.10000000149011612,0.0,0.10000000149011612,0.10000000149011612,0.0,0.10000000149011612,0.10000000149011612,0.0,0.10000000149011612,0.10000000149011612,0.0,0.10000000149011612,0.0015559862640739386
627,0.0044025820679962635,0.0,0.6351441740989685,0.6133394241333008,0.0,0.0,0.0,0.0,0.10000000149011612,0.0,0.10000000149011612,0.0,0.0,0.10000000149011612,0.0,0.10000000149011612,0.10000000149011612,0.0,0.10000000149011612,0.10000000149011612,0.0,0.10000000149011612,0.10000000149011612,0.0,0.10000000149011612,0.00477849309121936
628,-0.0023553851060569286,0.0,0.6312927603721619,0.6140544414520264,0.0,0.0,0.0,0.0,0.10000000149011612,0.0,0.10000000149011612,0.0,0.0,0.10000000149011612,0.0,0.10000000149011612,0.10000000149011612,0.0,0.10000000149011612,0.10000000149011612,0.0,0.10000000149011612,0.10000000149011612,0.0,0.10000000149011612,0.00044319087975530636
629,-0.0038480651564896107,0.0,0.6250154376029968,0.6101340651512146,0.0,0.0,0.0,0.0,0.10000000149011612,0.0,0.10000000149011612,0.0,0.0,0.10000000149011612,0.0,0.10000000149011612,0.10000000149011612,0.0,0.10000000149011612,0.10000000149011612,0.0,0.10000000149011612,0.10000000149011612,0.0,0.10000000149011612,-0.0024288996703759613
630,0.007965448312461376,0.0,0.6379594206809998,0.6213713884353638,0.0,0.0,0.0,0.0,0.10000000149011612,0.0,0.10000000149011612,0.0,0.0,0.10000000149011612,0.0,0.10000000149011612,0.10000000149011612,0.0,0.10000000149011612,0.10000000149011612,0.0,0.10000000149011612,0.10000000149011612,0.0,0.10000000149011612,0.006979122749690925
631,0.0003191610740032047,0.0,0.6384822130203247,0.6242574453353882,0.0,0.0,0.0,0.0,0.10000000149011612,0.0,0.10000000149011612,0.0,0.0,0.10000000149011612,0.0,0.10000000149011612,0.10000000149011612,0.0,0.10000000149011612,0.10000000149011612,0.0,0.10000000149011612,0.10000000149011612,0.0,0.10000000149011612,0.0017800097624822708
632,0.0006725895218551159,0.0,0.6395841836929321,0.6312512755393982,0.0,0.0,0.0,0.0,0.10000000149011612,0.0,0.10000000149011612,0.0,0.0,0.10000000149011612,0.0,0.10000000149011612,0.10000000149011612,0.0,0.10000000149011612,0.10000000149011612,0.0,0.10000000149011612,0.10000000149011612,0.0,0.10000000149011612,0.004305863103226226
633,-0.007292884401977062,0.0,0.627626895904541,0.622962474822998,0.0,0.0,0.0,0.0,0.10000000149011612,0.0,0.10000000149011612,0.0,0.0,0.10000000149011612,0.0,0.10000000149011612,0.10000000149011612,0.0,0.10000000149011612,0.10000000149011612,0.0,0.10000000149011612,0.10000000149011612,0.0,0.10000000149011612,-0.005081253170918898
634,-0.0011370474239811301,0.0,0.6257762312889099,0.626203715801239,0.0,0.0,0.0,0.0,0.10000000149011612,0.0,0.10000000149011612,0.0,0.0,0.10000000149011612,0.0,0.10000000149011612,0.10000000149011612,0.0,0.10000000149011612,0.10000000149011612,0.0,0.10000000149011612,0.10000000149011612,0.0,0.10000000149011612,0.0019971139373351487
635,0.0034968701656907797,0.0,0.6314613223075867,0.6317675709724426,0.0,0.0,0.0,0.0,0.10000000149011612,0.0,0.10000000149011612,0.0,0.0,0.10000000149011612,0.0,0.10000000149011612,0.10000000149011612,0.0,0.10000000149011612,0.10000000149011612,0.0,0.10000000149011612,0.10000000149011612,0.0,0.10000000149011612,0.0034213764961559257
636,0.002673708600923419,0.0,0.6358234286308289,0.6288569569587708,0.0,0.0,0.0,0.0,0.10000000149011612,0.0,0.10000000149011612,0.0,0.0,0.10000000149011612,0.0,0.10000000149011612,0.10000000149011612,0.0,0.10000000149011612,0.10000000149011612,0.0,0.10000000149011612,0.10000000149011612,0.0,0.10000000149011612,-0.0017837185059005334
637,0.007955850102007389,0.0,0.6488377451896667,0.642926037311554,0.0,0.0,0.0,0.0,0.10000000149011612,0.0,0.10000000149011612,0.0,0.0,0.10000000149011612,0.0,0.10000000149011612,0.10000000149011612,0.0,0.10000000149011612,0.10000000149011612,0.0,0.10000000149011612,0.10000000149011612,0.0,0.10000000149011612,0.008637394642100116
638,0.0016951144207268953,0.0,0.6516327261924744,0.6490863561630249,0.0,0.0,0.0,0.0,0.10000000149011612,0.0,0.10000000149011612,0.0,0.0,0.10000000149011612,0.0,0.10000000149011612,0.10000000149011612,0.0,0.10000000149011612,0.10000000149011612,0.0,0.10000000149011612,0.10000000149011612,0.0,0.10000000149011612,0.00374960205850261
639,0.0016359796281903982,0.0,0.6543347835540771,0.6513416767120361,0.0,0.0,0.0,0.0,0.10000000149011612,0.0,0.10000000149011612,0.0,0.0,0.10000000149011612,0.0,0.10000000149011612,0.10000000149011612,0.0,0.10000000149011612,0.10000000149011612,0.0,0.10000000149011612,0.10000000149011612,0.0,0.10000000149011612,0.0013676182211941335
640,0.004832766018807888,0.0,0.6623297929763794,0.6532595753669739,0.0,0.0,0.0,0.0,0.10000000149011612,0.0,0.10000000149011612,0.0,0.0,0.10000000149011612,0.0,0.10000000149011612,0.10000000149011612,0.0,0.10000000149011612,0.10000000149011612,0.0,0.10000000149011612,0.10000000149011612,0.0,0.10000000149011612,0.0011614184284116646
641,0.004991921596229076,0.0,0.670628011226654,0.6581090092658997,0.0,0.0,0.0,0.0,0.10000000149011612,0.0,0.10000000149011612,0.0,0.0,0.10000000149011612,0.0,0.10000000149011612,0.10000000149011612,0.0,0.10000000149011612,0.10000000149011612,0.0,0.10000000149011612,0.10000000149011612,0.0,0.10000000149011612,0.0029332561995591977
642,0.005071176681667566,0.0,0.6791000366210938,0.6600578427314758,0.0,0.0,0.0,0.0,0.10000000149011612,0.0,0.10000000149011612,0.0,0.0,0.10000000149011612,0.0,0.10000000149011612,0.10000000149011612,0.0,0.10000000149011612,0.10000000149011612,0.0,0.10000000149011612,0.10000000149011612,0.0,0.10000000149011612,0.001175334947633555
643,-0.006999253295361996,0.0,0.6673476099967957,0.6548237800598145,0.0,0.0,0.0,0.0,0.10000000149011612,0.0,0.10000000149011612,0.0,0.0,0.10000000149011612,0.0,0.10000000149011612,0.10000000149011612,0.0,0.10000000149011612,0.10000000149011612,0.0,0.10000000149011612,0.10000000149011612,0.0,0.10000000149011612,-0.003152939937953736
644,0.005743936635553837,0.0,0.6769247651100159,0.664214015007019,0.0,0.0,0.0,0.0,0.10000000149011612,0.0,0.10000000149011612,0.0,0.0,0.10000000149011612,0.0,0.10000000149011612,0.10000000149011612,0.0,0.10000000149011612,0.10000000149011612,0.0,0.10000000149011612,0.10000000149011612,0.0,0.10000000149011612,0.005674462175582873
645,0.0006603247602470219,0.0,0.6780320405960083,0.666533350944519,0.0,0.0,0.0,0.0,0.10000000149011612,0.0,0.10000000149011612,0.0,0.0,0.10000000149011612,0.0,0.10000000149011612,0.10000000149011612,0.0,0.10000000149011612,0.10000000149011612,0.0,0.10000000149011612,0.10000000149011612,0.0,0.10000000149011612,0.0013936524488951108
646,-0.0021902236621826887,0.0,0.6743568181991577,0.6634760499000549,0.0,0.0,0.0,0.0,0.10000000149011612,0.0,0.10000000149011612,0.0,0.0,0.10000000149011612,0.0,0.10000000149011612,0.10000000149011612,0.0,0.10000000149011612,0.10000000149011612,0.0,0.10000000149011612,0.10000000149011612,0.0,0.10000000149011612,-0.0018345273694830855
647,0.0014374118763953447,0.0,0.6767635345458984,0.6631641983985901,0.0,0.0,0.0,0.0,0.10000000149011612,0.0,0.10000000149011612,0.0,0.0,0.10000000149011612,0.0,0.10000000149011612,0.10000000149011612,0.0,0.10000000149011612,0.10000000149011612,0.0,0.10000000149011612,0.10000000149011612,0.0,0.10000000149011612,-0.00018746978742711917
648,0.003616540227085352,0.0,0.6828276515007019,0.6673077344894409,0.0,0.0,0.0,0.0,0.10000000149011612,0.0,0.10000000149011612,0.0,0.0,0.10000000149011612,0.0,0.10000000149011612,0.10000000149011612,0.0,0.10000000149011612,0.10000000149011612,0.0,0.10000000149011612,0.10000000149011612,0.0,0.10000000149011612,0.002491357194220889
649,-0.003402004251256585,0.0,0.6771026253700256,0.6642648577690125,0.0,0.0,0.0,0.0,0.10000000149011612,0.0,0.10000000149011612,0.0,0.0,0.10000000149011612,0.0,0.10000000149011612,0.10000000149011612,0.0,0.10000000149011612,0.10000000149011612,0.0,0.10000000149011612,0.10000000149011612,0.0,0.10000000149011612,-0.0018250240537390772
650,0.00347714452072978,0.0,0.6829341650009155,0.6664563417434692,0.0,0.0,0.0,0.0,0.10000000149011612,0.0,0.10000000149011612,0.0,0.0,0.10000000149011612,0.0,0.10000000149011612,0.10000000149011612,0.0,0.10000000149011612,0.10000000149011612,0.0,0.10000000149011612,0.10000000149011612,0.0,0.10000000149011612,0.0013167879885382927
651,0.01210771407932043,0.0,0.7033106684684753,0.6757689118385315,0.0,0.0,0.0,0.0,0.10000000149011612,0.0,0.10000000149011612,0.0,0.0,0.10000000149011612,0.0,0.10000000149011612,0.10000000149011612,0.0,0.10000000149011612,0.10000000149011612,0.0,0.10000000149011612,0.10000000149011612,0.0,0.10000000149011612,0.005588247265643442
652,0.0019189006416127086,0.0,0.7065791487693787,0.6791326999664307,0.0,0.0,0.0,0.0,0.10000000149011612,0.0,0.10000000149011612,0.0,0.0,0.10000000149011612,0.0,0.10000000149011612,0.10000000149011612,0.0,0.10000000149011612,0.10000000149011612,0.0,0.10000000149011612,0.10000000149011612,0.0,0.10000000149011612,0.0020073102586732894
653,0.008807504549622536,0.0,0.7216098308563232,0.6901301741600037,0.0,0.0,0.0,0.0,0.10000000149011612,0.0,0.10000000149011612,0.0,0.0,0.10000000149011612,0.0,0.10000000149011612,0.10000000149011612,0.0,0.10000000149011612,0.10000000149011612,0.0,0.10000000149011612,0.10000000149011612,0.0,0.10000000149011612,0.00654949676925054
654,0.005732428282499313,0.0,0.7314788699150085,0.6950252056121826,0.0,0.0,0.0,0.0,0.10000000149011612,0.0,0.10000000149011612,0.0,0.0,0.10000000149011612,0.0,0.10000000149011612,0.10000000149011612,0.0,0.10000000149011612,0.10000000149011612,0.0,0.10000000149011612,0.10000000149011612,0.0,0.10000000149011612,0.002896245228336758
655,-0.0007941228104755282,0.0,0.7301038503646851,0.6987454891204834,0.0,0.0,0.0,0.0,0.10000000149011612,0.0,0.10000000149011612,0.0,0.0,0.10000000149011612,0.0,0.10000000149011612,0.10000000149011612,0.0,0.10000000149011612,0.10000000149011612,0.0,0.10000000149011612,0.10000000149011612,0.0,0.10000000149011612,0.00219482488872913
656,0.001794936484657228,0.0,0.7332092523574829,0.7034828662872314,0.0,0.0,0.0,0.0,0.10000000149011612,0.0,0.10000000149011612,0.0,0.0,0.10000000149011612,0.0,0.10000000149011612,0.10000000149011612,0.0,0.10000000149011612,0.10000000149011612,0.0,0.10000000149011612,0.10000000149011612,0.0,0.10000000149011612,0.0027887504026284926
657,-0.008545715361833572,0.0,0.7183977365493774,0.6921564340591431,0.0,0.0,0.0,0.0,0.10000000149011612,0.0,0.10000000149011612,0.0,0.0,0.10000000149011612,0.0,0.10000000149011612,0.10000000149011612,0.0,0.10000000149011612,0.10000000149011612,0.0,0.10000000149011612,0.10000000149011612,0.0,0.10000000149011612,-0.006648985118808071
658,-0.010876481421291828,0.0,0.6997076272964478,0.6722702383995056,0.0,0.0,0.0,0.0,0.10000000149011612,0.0,0.10000000149011612,0.0,0.0,0.10000000149011612,0.0,0.10000000149011612,0.10000000149011612,0.0,0.10000000149011612,0.10000000149011612,0.0,0.10000000149011612,0.10000000149011612,0.0,0.10000000149011612,-0.011751984189744435
659,-0.004573976155370474,0.0,0.6919332146644592,0.668753445148468,0.0,0.0,0.0,0.0,0.10000000149011612,0.0,0.10000000149011612,0.0,0.0,0.10000000149011612,0.0,0.10000000149011612,0.10000000149011612,0.0,0.10000000149011612,0.10000000149011612,0.0,0.10000000149011612,0.10000000149011612,0.0,0.10000000149011612,-0.0021030053458366282
660,0.01866973377764225,0.0,0.7235211730003357,0.693474292755127,0.0,0.0,0.0,0.0,0.10000000149011612,0.0,0.10000000149011612,0.0,0.0,0.10000000149011612,0.0,0.10000000149011612,0.10000000149011612,0.0,0.10000000149011612,0.10000000149011612,0.0,0.10000000149011612,0.10000000149011612,0.0,0.10000000149011612,0.014813960491604883
661,0.000848211464472115,0.0,0.7249830365180969,0.6989545822143555,0.0,0.0,0.0,0.0,0.10000000149011612,0.0,0.10000000149011612,0.0,0.0,0.10000000149011612,0.0,0.10000000149011612,0.10000000149011612,0.0,0.10000000149011612,0.10000000149011612,0.0,0.10000000149011612,0.10000000149011612,0.0,0.10000000149011612,0.0032361220259875534
662,-0.008595301769673824,0.0,0.7101563215255737,0.6838231682777405,0.0,0.0,0.0,0.0,0.10000000149011612,0.0,0.10000000149011612,0.0,0.0,0.10000000149011612,0.0,0.10000000149011612,0.10000000149011612,0.0,0.10000000149011612,0.10000000149011612,0.0,0.10000000149011612,0.10000000149011612,0.0,0.10000000149011612,-0.00890630867653519
663,0.007701993454247713,0.0,0.7233279347419739,0.6962939500808716,0.0,0.0,0.0,0.0,0.10000000149011612,0.0,0.10000000149011612,0.0,0.0,0.10000000149011612,0.0,0.10000000149011612,0.10000000149011612,0.0,0.10000000149011612,0.10000000149011612,0.0,0.10000000149011612,0.10000000149011612,0.0,0.10000000149011612,0.007406230082869447
664,0.0007880307384766638,0.0,0.7246859669685364,0.7010622024536133,0.0,0.0,0.0,0.0,0.10000000149011612,0.0,0.10000000149011612,0.0,0.0,0.10000000149011612,0.0,0.10000000149011612,0.10000000149011612,0.0,0.10000000149011612,0.10000000149011612,0.0,0.10000000149011612,0.10000000149011612,0.0,0.10000000149011612,0.002810982360996084
665,-0.0004856831510551274,0.0,0.723848283290863,0.6973443031311035,0.0,0.0,0.0,0.0,0.10000000149011612,0.0,0.10000000149011612,0.0,0.0,0.10000000149011612,0.0,0.10000000149011612,0.10000000149011612,0.0,0.10000000149011612,0.10000000149011612,0.0,0.10000000149011612,0.10000000149011612,0.0,0.10000000149011612,-0.0021856339627951415
666,0.003058571834117174,0.0,0.7291207909584045,0.7009027004241943,0.0,0.0,0.0,0.0,0.10000000149011612,0.0,0.10000000149011612,0.0,0.0,0.10000000149011612,0.0,0.10000000149011612,0.10000000149011612,0.0,0.10000000149011612,0.10000000149011612,0.0,0.10000000149011612,0.10000000149011612,0.0,0.10000000149011612,0.0020964498991316027
667,0.004324416164308786,0.0,0.7365982532501221,0.7064798474311829,0.0,0.0,0.0,0.0,0.10000000149011612,0.0,0.10000000149011612,0.0,0.0,0.10000000149011612,0.0,0.10000000149011612,0.10000000149011612,0.0,0.10000000149011612,0.10000000149011612,0.0,0.10000000149011612,0.10000000149011612,0.0,0.10000000149011612,0.003278933595435962
668,-0.0002632853575050831,0.0,0.73614102602005,0.7096324563026428,0.0,0.0,0.0,0.0,0.10000000149011612,0.0,0.10000000149011612,0.0,0.0,0.10000000149011612,0.0,0.10000000149011612,0.10000000149011612,0.0,0.10000000149011612,0.10000000149011612,0.0,0.10000000149011612,0.10000000149011612,0.0,0.10000000149011612,0.0018474339888663316
669,0.004324856214225292,0.0,0.7436496019363403,0.7142237424850464,0.0,0.0,0.0,0.0,0.10000000149011612,0.0,0.10000000149011612,0.0,0.0,0.10000000149011612,0.0,0.10000000149011612,0.10000000149011612,0.0,0.10000000149011612,0.10000000149011612,0.0,0.10000000149011612,0.10000000149011612,0.0,0.10000000149011612,0.0026855399039000805
670,-0.003622406627982855,0.0,0.7373334169387817,0.7057363390922546,0.0,0.0,0.0,0.0,0.10000000149011612,0.0,0.10000000149011612,0.0,0.0,0.10000000149011612,0.0,0.10000000149011612,0.10000000149011612,0.0,0.10000000149011612,0.10000000149011612,0.0,0.10000000149011612,0.10000000149011612,0.0,0.10000000149011612,-0.004951164298125921
671,0.010194478556513786,0.0,0.7550445795059204,0.7039958238601685,0.0,0.0,0.0,0.0,0.10000000149011612,0.0,0.10000000149011612,0.0,0.0,0.10000000149011612,0.0,0.10000000149011612,0.10000000149011612,0.0,0.10000000149011612,0.10000000149011612,0.0,0.10000000149011612,0.10000000149011612,0.0,0.10000000149011612,-0.0010203893721419943
672,-0.005627996753901243,0.0,0.7451671957969666,0.7097830772399902,0.0,0.0,0.0,0.0,0.10000000149011612,0.0,0.10000000149011612,0.0,0.0,0.10000000149011612,0.0,0.10000000149011612,0.10000000149011612,0.0,0.10000000149011612,0.10000000149011612,0.0,0.10000000149011612,0.10000000149011612,0.0,0.10000000149011612,0.0033962837812075986
673,0.004177124705165625,0.0,0.7524569630622864,0.7107999324798584,0.0,0.0,0.0,0.0,0.10000000149011612,0.0,0.10000000149011612,0.0,0.0,0.10000000149011612,0.0,0.10000000149011612,0.10000000149011612,0.0,0.10000000149011612,0.10000000149011612,0.0,0.10000000149011612,0.10000000149011612,0.0,0.10000000149011612,0.0005947276314779426
674,-0.00820835493505001,0.0,0.7380722165107727,0.697733998298645,0.0,0.0,0.0,0.0,0.10000000149011612,0.0,0.10000000149011612,0.0,0.0,0.10000000149011612,0.0,0.10000000149011612,0.10000000149011612,0.0,0.10000000149011612,0.10000000149011612,0.0,0.10000000149011612,0.10000000149011612,0.0,0.10000000149011612,-0.007637324466265305
675,0.001443730783648789,0.0,0.7405815124511719,0.7032283544540405,0.0,0.0,0.0,0.0,0.10000000149011612,0.0,0.10000000149011612,0.0,0.0,0.10000000149011612,0.0,0.10000000149011612,0.10000000149011612,0.0,0.10000000149011612,0.10000000149011612,0.0,0.10000000149011612,0.10000000149011612,0.0,0.10000000149011612,0.00323628799382103
676,0.005658428650349379,0.0,0.7504304647445679,0.7054787874221802,0.0,0.0,0.0,0.0,0.10000000149011612,0.0,0.10000000149011612,0.0,0.0,0.10000000149011612,0.0,0.10000000149011612,0.10000000149011612,0.0,0.10000000149011612,0.10000000149011612,0.0,0.10000000149011612,0.10000000149011612,0.0,0.10000000149011612,0.0013212749554425418
677,0.0009861444123089314,0.0,0.752156674861908,0.7032519578933716,0.0,0.0,0.0,0.0,0.10000000149011612,0.0,0.10000000149011612,0.0,0.0,0.10000000149011612,0.0,0.10000000149011612,0.10000000149011612,0.0,0.10000000149011612,0.10000000149011612,0.0,0.10000000149011612,0.10000000149011612,0.0,0.10000000149011612,-0.0013056917184964822
678,0.009711856953799725,0.0,0.7691733241081238,0.7150435447692871,0.0,0.0,0.0,0.0,0.10000000149011612,0.0,0.10000000149011612,0.0,0.0,0.10000000149011612,0.0,0.10000000149011612,0.10000000149011612,0.0,0.10000000149011612,0.10000000149011612,0.0,0.10000000149011612,0.10000000149011612,0.0,0.10000000149011612,0.006922984483458183
679,0.008471310138702393,0.0,0.7841605544090271,0.7287300229072571,0.0,0.0,0.0,0.0,0.10000000149011612,0.0,0.10000000149011612,0.0,0.0,0.10000000149011612,0.0,0.10000000149011612,0.10000000149011612,0.0,0.10000000149011612,0.10000000149011612,0.0,0.10000000149011612,0.10000000149011612,0.0,0.10000000149011612,0.007980251101910696
680,0.008209127001464367,0.0,0.7988069653511047,0.7406085133552551,0.0,0.0,0.0,0.0,0.10000000149011612,0.0,0.10000000149011612,0.0,0.0,0.10000000149011612,0.0,0.10000000149011612,0.10000000149011612,0.0,0.10000000149011612,0.10000000149011612,0.0,0.10000000149011612,0.10000000149011612,0.0,0.10000000149011612,0.006871223551738748
681,-0.0032704223413020372,0.0,0.7929241061210632,0.7412899136543274,0.0,0.0,0.0,0.0,0.10000000149011612,0.0,0.10000000149011612,0.0,0.0,0.10000000149011612,0.0,0.10000000149011612,0.10000000149011612,0.0,0.10000000149011612,0.10000000149011612,0.0,0.10000000149011612,0.10000000149011612,0.0,0.10000000149011612,0.00039147246140869285
682,-0.008786199614405632,0.0,0.7771711349487305,0.7187698483467102,0.0,0.0,0.0,0.0,0.10000000149011612,0.0,0.10000000149011612,0.0,0.0,0.10000000149011612,0.0,0.10000000149011612,0.10000000149011612,0.0,0.10000000149011612,0.10000000149011612,0.0,0.10000000149011612,0.10000000149011612,0.0,0.10000000149011612,-0.012932978667725581
683,0.0036369452718645334,0.0,0.783634603023529,0.7210924625396729,0.0,0.0,0.0,0.0,0.10000000149011612,0.0,0.10000000149011612,0.0,0.0,0.10000000149011612,0.0,0.10000000149011612,0.10000000149011612,0.0,0.10000000149011612,0.10000000149011612,0.0,0.10000000149011612,0.10000000149011612,0.0,0.10000000149011612,0.0013513235615558727
684,-0.004849315155297518,0.0,0.7749851942062378,0.7083277106285095,0.0,0.0,0.0,0.0,0.10000000149011612,0.0,0.10000000149011612,0.0,0.0,0.10000000149011612,0.0,0.10000000149011612,0.10000000149011612,0.0,0.10000000149011612,0.10000000149011612,0.0,0.10000000149011612,0.10000000149011612,0.0,0.10000000149011612,-0.007416656681145106
685,-0.0015250019496306777,0.0,0.7722783088684082,0.7012022733688354,0.0,0.0,0.0,0.0,0.10000000149011612,0.0,0.10000000149011612,0.0,0.0,0.10000000149011612,0.0,0.10000000149011612,0.10000000149011612,0.0,0.10000000149011612,0.10000000149011612,0.0,0.10000000149011612,0.10000000149011612,0.0,0.10000000149011612,-0.004171001392380691
686,0.012533513829112053,0.0,0.794491171836853,0.7162434458732605,0.0,0.0,0.0,0.0,0.10000000149011612,0.0,0.10000000149011612,0.0,0.0,0.10000000149011612,0.0,0.10000000149011612,0.10000000149011612,0.0,0.10000000149011612,0.10000000149011612,0.0,0.10000000149011612,0.10000000149011612,0.0,0.10000000149011612,0.008841495652741838
687,-0.008655835874378681,0.0,0.7789583802223206,0.7020145058631897,0.0,0.0,0.0,0.0,0.10000000149011612,0.0,0.10000000149011612,0.0,0.0,0.10000000149011612,0.0,0.10000000149011612,0.10000000149011612,0.0,0.10000000149011612,0.10000000149011612,0.0,0.10000000149011612,0.10000000149011612,0.0,0.10000000149011612,-0.0082907468892508
688,0.01168249361217022,0.0,0.7997410297393799,0.7150141596794128,0.0,0.0,0.0,0.0,0.10000000149011612,0.0,0.10000000149011612,0.0,0.0,0.10000000149011612,0.0,0.10000000149011612,0.10000000149011612,0.0,0.10000000149011612,0.10000000149011612,0.0,0.10000000149011612,0.10000000149011612,0.0,0.10000000149011612,0.0076378043615028535
689,0.005916025023907423,0.0,0.8103883266448975,0.723024308681488,0.0,0.0,0.0,0.0,0.10000000149011612,0.0,0.10000000149011612,0.0,0.0,0.10000000149011612,0.0,0.10000000149011612,0.10000000149011612,0.0,0.10000000149011612,0.10000000149011612,0.0,0.10000000149011612,0.10000000149011612,0.0,0.10000000149011612,0.004670602255302914
690,0.003061356022953987,0.0,0.8159306049346924,0.735880970954895,0.0,0.0,0.0,0.0,0.10000000149011612,0.0,0.10000000149011612,0.0,0.0,0.10000000149011612,0.0,0.10000000149011612,0.10000000149011612,0.0,0.10000000149011612,0.10000000149011612,0.0,0.10000000149011612,0.10000000149011612,0.0,0.10000000149011612,0.007461683627229432
691,0.003629794344305992,0.0,0.8225220441818237,0.7472458481788635,0.0,0.0,0.0,0.0,0.10000000149011612,0.0,0.10000000149011612,0.0,0.0,0.10000000149011612,0.0,0.10000000149011612,0.10000000149011612,0.0,0.10000000149011612,0.10000000149011612,0.0,0.10000000149011612,0.10000000149011612,0.0,0.10000000149011612,0.006547037161031222
692,-0.0009340827236883342,0.0,0.8208196759223938,0.7501474022865295,0.0,0.0,0.0,0.0,0.10000000149011612,0.0,0.10000000149011612,0.0,0.0,0.10000000149011612,0.0,0.10000000149011612,0.10000000149011612,0.0,0.10000000149011612,0.10000000149011612,0.0,0.10000000149011612,0.10000000149011612,0.0,0.10000000149011612,0.0016606444426181532
693,-0.005154935643076897,0.0,0.8114334344863892,0.7440464496612549,0.0,0.0,0.0,0.0,0.10000000149011612,0.0,0.10000000149011612,0.0,0.0,0.10000000149011612,0.0,0.10000000149011612,0.10000000149011612,0.0,0.10000000149011612,0.10000000149011612,0.0,0.10000000149011612,0.10000000149011612,0.0,0.10000000149011612,-0.003485965020605608
694,0.0003852320078294724,0.0,0.8121312856674194,0.7444846630096436,0.0,0.0,0.0,0.0,0.10000000149011612,0.0,0.10000000149011612,0.0,0.0,0.10000000149011612,0.0,0.10000000149011612,0.10000000149011612,0.0,0.10000000149011612,0.10000000149011612,0.0,0.10000000149011612,0.10000000149011612,0.0,0.10000000149011612,0.0002512624296640009
695,0.006161217577755451,0.0,0.8232961893081665,0.7528558969497681,0.0,0.0,0.0,0.0,0.10000000149011612,0.0,0.10000000149011612,0.0,0.0,0.10000000149011612,0.0,0.10000000149011612,0.10000000149011612,0.0,0.10000000149011612,0.10000000149011612,0.0,0.10000000149011612,0.10000000149011612,0.0,0.10000000149011612,0.004798685891386434
696,-0.0037869159132242203,0.0,0.8163915276527405,0.7503016591072083,0.0,0.0,0.0,0.0,0.10000000149011612,0.0,0.10000000149011612,0.0,0.0,0.10000000149011612,0.0,0.10000000149011612,0.10000000149011612,0.0,0.10000000149011612,0.10000000149011612,0.0,0.10000000149011612,0.10000000149011612,0.0,0.10000000149011612,-0.0014571864390019451
697,-0.006147150881588459,0.0,0.8052259087562561,0.7416355609893799,0.0,0.0,0.0,0.0,0.10000000149011612,0.0,0.10000000149011612,0.0,0.0,0.10000000149011612,0.0,0.10000000149011612,0.10000000149011612,0.0,0.10000000149011612,0.10000000149011612,0.0,0.10000000149011612,0.10000000149011612,0.0,0.10000000149011612,-0.004951202595699256
698,-0.012944124639034271,0.0,0.7818588614463806,0.7287683486938477,0.0,0.0,0.0,0.0,0.10000000149011612,0.0,0.10000000149011612,0.0,0.0,0.10000000149011612,0.0,0.10000000149011612,0.10000000149011612,0.0,0.10000000149011612,0.10000000149011612,0.0,0.10000000149011612,0.10000000149011612,0.0,0.10000000149011612,-0.00738800503603787
699,0.00027859731926582754,0.0,0.7823552489280701,0.7232064008712769,0.0,0.0,0.0,0.0,0.10000000149011612,0.0,0.10000000149011612,0.0,0.0,0.10000000149011612,0.0,0.10000000149011612,0.10000000149011612,0.0,0.10000000149011612,0.10000000149011612,0.0,0.10000000149011612,0.10000000149011612,0.0,0.10000000149011612,-0.003217289249177302
700,0.013415306806564331,0.0,0.8062661290168762,0.7372387647628784,0.0,0.0,0.0,0.0,0.10000000149011612,0.0,0.10000000149011612,0.0,0.0,0.10000000149011612,0.0,0.10000000149011612,0.10000000149011612,0.0,0.10000000149011612,0.10000000149011612,0.0,0.10000000149011612,0.10000000149011612,0.0,0.10000000149011612,0.008143170710430692
701,0.010261652059853077,0.0,0.8248013854026794,0.7564495801925659,0.0,0.0,0.0,0.0,0.10000000149011612,0.0,0.10000000149011612,0.0,0.0,0.10000000149011612,0.0,0.10000000149011612,0.10000000149011612,0.0,0.10000000149011612,0.10000000149011612,0.0,0.10000000149011612,0.10000000149011612,0.0,0.10000000149011612,0.011058247040849123
702,0.0028644499834626913,0.0,0.8300284147262573,0.7600716948509216,0.0,0.0,0.0,0.0,0.10000000149011612,0.0,0.10000000149011612,0.0,0.0,0.10000000149011612,0.0,0.10000000149011612,0.10000000149011612,0.0,0.10000000149011612,0.10000000149011612,0.0,0.10000000149011612,0.10000000149011612,0.0,0.10000000149011612,0.002062179694311883
703,-0.0008261341718025506,5.999999848427251e-05,0.828406810760498,0.7497466802597046,0.0,0.0,0.0,0.0,0.10000000149011612,0.0,0.10000000149011612,0.10000000149011612,0.0,0.0,0.0,0.10000000149011612,0.10000000149011612,0.0,0.10000000149011612,0.10000000149011612,0.0,0.10000000149011612,0.10000000149011612,0.0,0.10000000149011612,-0.005866246597466929
704,-0.0041483864188194275,0.0,0.8208218216896057,0.7446388006210327,0.0,0.0,0.0,0.0,0.10000000149011612,0.0,0.10000000149011612,0.10000000149011612,0.0,0.0,0.0,0.10000000149011612,0.10000000149011612,0.0,0.10000000149011612,0.10000000149011612,0.0,0.10000000149011612,0.10000000149011612,0.0,0.10000000149011612,-0.0029192109328155524
705,-0.003250198205932975,0.0,0.8149037957191467,0.7392218708992004,0.0,0.0,0.0,0.0,0.10000000149011612,0.0,0.10000000149011612,0.10000000149011612,0.0,0.0,0.0,0.10000000149011612,0.10000000149011612,0.0,0.10000000149011612,0.10000000149011612,0.0,0.10000000149011612,0.10000000149011612,0.0,0.10000000149011612,-0.0031049004068371966
706,-0.0006279184017330408,0.0,0.813764214515686,0.7372516393661499,0.0,0.0,0.0,0.0,0.10000000149011612,0.0,0.10000000149011612,0.10000000149011612,0.0,0.0,0.0,0.10000000149011612,0.10000000149011612,0.0,0.10000000149011612,0.10000000149011612,0.0,0.10000000149011612,0.10000000149011612,0.0,0.10000000149011612,-0.001132823572435826
707,0.002440311014652252,5.999999848427251e-05,0.8180814981460571,0.7427181005477905,0.0,0.0,0.0,0.10000000149011612,0.10000000149011612,0.0,0.10000000149011612,0.0,0.0,0.0,0.0,0.10000000149011612,0.10000000149011612,0.0,0.10000000149011612,0.10000000149011612,0.0,0.10000000149011612,0.10000000149011612,0.0,0.10000000149011612,0.0031466144902503324
708,0.0019050274277105927,4.13999987358693e-05,0.8214697241783142,0.7454677224159241,0.0,0.0,0.0,0.03099999949336052,0.10000000149011612,0.0,0.10000000149011612,0.0689999982714653,0.0,0.0,0.0,0.10000000149011612,0.10000000149011612,0.0,0.10000000149011612,0.10000000149011612,0.0,0.10000000149011612,0.10000000149011612,0.0,0.10000000149011612,0.0015777777640968438
709,0.004673163406550884,5.999999848427251e-05,0.8298724889755249,0.7540671825408936,0.0,0.0,0.0,0.0,0.10000000149011612,0.0,0.10000000149011612,0.0,0.0,0.10000000149011612,0.0,0.10000000149011612,0.10000000149011612,0.0,0.10000000149011612,0.10000000149011612,0.0,0.10000000149011612,0.10000000149011612,0.0,0.10000000149011612,0.0049267368365122355
710,0.0023136672098189592,0.0,0.8341062068939209,0.760666012763977,0.0,0.0,0.0,0.0,0.10000000149011612,0.0,0.10000000149011612,0.0,0.0,0.10000000149011612,0.0,0.10000000149011612,0.10000000149011612,0.0,0.10000000149011612,0.10000000149011612,0.0,0.10000000149011612,0.10000000149011612,0.0,0.10000000149011612,0.0037620168080019223
711,-0.00046351816854439676,0.0,0.8332560658454895,0.7578977942466736,0.0,0.0,0.0,0.0,0.10000000149011612,0.0,0.10000000149011612,0.0,0.0,0.10000000149011612,0.0,0.10000000149011612,0.10000000149011612,0.0,0.10000000149011612,0.10000000149011612,0.0,0.10000000149011612,0.10000000149011612,0.0,0.10000000149011612,-0.0015722564627449476
712,0.0006120984326116741,0.0,0.834378182888031,0.7579034566879272,0.0,0.0,0.0,0.0,0.10000000149011612,0.0,0.10000000149011612,0.0,0.0,0.10000000149011612,0.0,0.10000000149011612,0.10000000149011612,0.0,0.10000000149011612,0.10000000149011612,0.0,0.10000000149011612,0.10000000149011612,0.0,0.10000000149011612,3.221143613840738e-06
713,0.0009332809131592512,0.0,0.8360902070999146,0.7590152621269226,0.0,0.0,0.0,0.0,0.10000000149011612,0.0,0.10000000149011612,0.0,0.0,0.10000000149011612,0.0,0.10000000149011612,0.10000000149011612,0.0,0.10000000149011612,0.10000000149011612,0.0,0.10000000149011612,0.10000000149011612,0.0,0.10000000149011612,0.000632461034629328
714,-0.0029046114068478346,0.0,0.8307570815086365,0.7531334161758423,0.0,0.0,0.0,0.0,0.10000000149011612,0.0,0.10000000149011612,0.0,0.0,0.10000000149011612,0.0,0.10000000149011612,0.10000000149011612,0.0,0.10000000149011612,0.10000000149011612,0.0,0.10000000149011612,0.10000000149011612,0.0,0.10000000149011612,-0.0033438288329392662
715,0.0164810623973608,5.999999848427251e-05,0.8608200550079346,0.7664908766746521,0.0,0.0,0.0,0.0,0.10000000149011612,0.0,0.10000000149011612,0.10000000149011612,0.0,0.0,0.0,0.10000000149011612,0.10000000149011612,0.0,0.10000000149011612,0.10000000149011612,0.0,0.10000000149011612,0.10000000149011612,0.0,0.10000000149011612,0.007619192227792171
716,0.0044068521820008755,0.0,0.869020402431488,0.7781772613525391,0.0,0.0,0.0,0.0,0.10000000149011612,0.0,0.10000000149011612,0.10000000149011612,0.0,0.0,0.0,0.10000000149011612,0.10000000149011612,0.0,0.10000000149011612,0.10000000149011612,0.0,0.10000000149011612,0.10000000149011612,0.0,0.10000000149011612,0.0066155929997702145
717,-0.004113815259188414,0.0,0.861331582069397,0.7797796726226807,0.0,0.0,0.0,0.0,0.10000000149011612,0.0,0.10000000149011612,0.10000000149011612,0.0,0.0,0.0,0.10000000149011612,0.10000000149011612,0.0,0.10000000149011612,0.10000000149011612,0.0,0.10000000149011612,0.10000000149011612,0.0,0.10000000149011612,0.0009011538416157094
718,-0.012738237157464027,0.0,0.8376215100288391,0.7631269693374634,0.0,0.0,0.0,0.0,0.10000000149011612,0.0,0.10000000149011612,0.10000000149011612,0.0,0.0,0.0,0.10000000149011612,0.10000000149011612,0.0,0.10000000149011612,0.10000000149011612,0.0,0.10000000149011612,0.10000000149011612,0.0,0.10000000149011612,-0.009356609439570618
719,0.016191702336072922,0.0,0.8673757314682007,0.7830162048339844,0.0,0.0,0.0,0.0,0.10000000149011612,0.0,0.10000000149011612,0.10000000149011612,0.0,0.0,0.0,0.10000000149011612,0.10000000149011612,0.0,0.10000000149011612,0.10000000149011612,0.0,0.10000000149011612,0.10000000149011612,0.0,0.10000000149011612,0.01128065978367676
720,-0.0028064888902008533,0.0,0.8621349334716797,0.7840686440467834,0.0,0.0,0.0,0.0,0.10000000149011612,0.0,0.10000000149011612,0.10000000149011612,0.0,0.0,0.0,0.10000000149011612,0.10000000149011612,0.0,0.10000000149011612,0.10000000149011612,0.0,0.10000000149011612,0.10000000149011612,0.0,0.10000000149011612,0.0005902577945986476
721,0.010939939878880978,0.0,0.8825066089630127,0.7993058562278748,0.0,0.0,0.0,0.0,0.10000000149011612,0.0,0.10000000149011612,0.10000000149011612,0.0,0.0,0.0,0.10000000149011612,0.10000000149011612,0.0,0.10000000149011612,0.10000000149011612,0.0,0.10000000149011612,0.10000000149011612,0.0,0.10000000149011612,0.008540709592052886
722,-0.0007852473063394427,0.0,0.8810283541679382,0.792603611946106,0.0,0.0,0.0,0.0,0.10000000149011612,0.0,0.10000000149011612,0.10000000149011612,0.0,0.0,0.0,0.10000000149011612,0.10000000149011612,0.0,0.10000000149011612,0.10000000149011612,0.0,0.10000000149011612,0.10000000149011612,0.0,0.10000000149011612,-0.0037249055009578314
723,0.003062866861000657,0.0,0.8867896795272827,0.7972987294197083,0.0,0.0,0.0,0.0,0.10000000149011612,0.0,0.10000000149011612,0.10000000149011612,0.0,0.0,0.0,0.10000000149011612,0.10000000149011612,0.0,0.10000000149011612,0.10000000149011612,0.0,0.10000000149011612,0.10000000149011612,0.0,0.10000000149011612,0.002619161002640702
724,-0.002473333850502968,0.0,0.8821230530738831,0.7932284474372864,0.0,0.0,0.0,0.0,0.10000000149011612,0.0,0.10000000149011612,0.10000000149011612,0.0,0.0,0.0,0.10000000149011612,0.10000000149011612,0.0,0.10000000149011612,0.10000000149011612,0.0,0.10000000149011612,0.10000000149011612,0.0,0.10000000149011612,-0.002264666366139423
725,-0.0019210528116673231,0.0,0.8785073757171631,0.785667359828949,0.0,0.0,0.0,0.0,0.10000000149011612,0.0,0.10000000149011612,0.10000000149011612,0.0,0.0,0.0,0.10000000149011612,0.10000000149011612,0.0,0.10000000149011612,0.10000000149011612,0.0,0.10000000149011612,0.10000000149011612,0.0,0.10000000149011612,-0.004216466462565349
726,0.005488944239914417,0.0,0.8888183832168579,0.7876997590065002,0.0,0.0,0.0,0.0,0.10000000149011612,0.0,0.10000000149011612,0.10000000149011612,0.0,0.0,0.0,0.10000000149011612,0.10000000149011612,0.0,0.10000000149011612,0.10000000149011612,0.0,0.10000000149011612,0.10000000149011612,0.0,0.10000000149011612,0.0011381734489148698
727,0.01142787653952837,0.0,0.9104036092758179,0.8045685291290283,0.0,0.0,0.0,0.0,0.10000000149011612,0.0,0.10000000149011612,0.10000000149011612,0.0,0.0,0.0,0.10000000149011612,0.10000000149011612,0.0,0.10000000149011612,0.10000000149011612,0.0,0.10000000149011612,0.10000000149011612,0.0,0.10000000149011612,0.009436019688173314
728,0.008689135313034058,0.0,0.9270033240318298,0.8130701780319214,0.0,0.0,0.0,0.0,0.10000000149011612,0.0,0.10000000149011612,0.10000000149011612,0.0,0.0,0.0,0.10000000149011612,0.10000000149011612,0.0,0.10000000149011612,0.10000000149011612,0.0,0.10000000149011612,0.10000000149011612,0.0,0.10000000149011612,0.004711180964125816
729,-0.00022387229546438903,0.0,0.9265719652175903,0.8207905292510986,0.0,0.0,0.0,0.0,0.10000000149011612,0.0,0.10000000149011612,0.10000000149011612,0.0,0.0,0.0,0.10000000149011612,0.10000000149011612,0.0,0.10000000149011612,0.10000000149011612,0.0,0.10000000149011612,0.10000000149011612,0.0,0.10000000149011612,0.0042581645833243975
730,0.0009733710321597755,0.0,0.9284472465515137,0.8128796815872192,0.0,0.0,0.0,0.0,0.10000000149011612,0.0,0.10000000149011612,0.10000000149011612,0.0,0.0,0.0,0.10000000149011612,0.10000000149011612,0.0,0.10000000149011612,0.10000000149011612,0.0,0.10000000149011612,0.10000000149011612,0.0,0.10000000149011612,-0.0043447324317603675
731,0.00276845577172935,0.0,0.9337860345840454,0.8168880343437195,0.0,0.0,0.0,0.0,0.10000000149011612,0.0,0.10000000149011612,0.10000000149011612,0.0,0.0,0.0,0.10000000149011612,0.10000000149011612,0.0,0.10000000149011612,0.10000000149011612,0.0,0.10000000149011612,0.10000000149011612,0.0,0.10000000149011612,0.00221104180118048
732,0.010194662027060986,0.0,0.9535003304481506,0.8240588307380676,0.0,0.0,0.0,0.0,0.10000000149011612,0.0,0.10000000149011612,0.10000000149011612,0.0,0.0,0.0,0.10000000149011612,0.10000000149011612,0.0,0.10000000149011612,0.10000000149011612,0.0,0.10000000149011612,0.10000000149011612,0.0,0.10000000149011612,0.003946746447113014
733,-0.0005623780307359993,1.7999999499807018e-06,0.9523982405662537,0.8145577311515808,0.0,0.0,0.0,0.0,0.10000000149011612,0.0,0.10000000149011612,0.09700000286102295,0.0,0.003000000026077032,0.0,0.10000000149011612,0.10000000149011612,0.0,0.10000000149011612,0.10000000149011612,0.0,0.10000000149011612,0.10000000149011612,0.0,0.10000000149011612,-0.005208768174786549
734,-0.00035124164423905313,1.7999999499807018e-06,0.9517089128494263,0.8074557781219482,0.0,0.0,0.0,0.0,0.10000000149011612,0.0,0.10000000149011612,0.10000000149011612,0.0,0.0,0.0,0.10000000149011612,0.10000000149011612,0.0,0.10000000149011612,0.10000000149011612,0.0,0.10000000149011612,0.10000000149011612,0.0,0.10000000149011612,-0.003913875490269114
735,0.006565717048943043,0.0,0.9645233154296875,0.8271902203559875,0.0,0.0,0.0,0.0,0.10000000149011612,0.0,0.10000000149011612,0.10000000149011612,0.0,0.0,0.0,0.10000000149011612,0.10000000149011612,0.0,0.10000000149011612,0.10000000149011612,0.0,0.10000000149011612,0.10000000149011612,0.0,0.10000000149011612,0.010918354115719842
736,0.02229483239352703,0.0,1.00832200050354,0.8518813252449036,0.0,0.0,0.0,0.0,0.10000000149011612,0.0,0.10000000149011612,0.10000000149011612,0.0,0.0,0.0,0.10000000149011612,0.10000000149011612,0.0,0.10000000149011612,0.10000000149011612,0.0,0.10000000149011612,0.10000000149011612,0.0,0.10000000149011612,0.013513155124103893
737,0.0015937640564516187,2.3399999918183312e-05,1.0114758014678955,0.8407285213470459,0.0,0.0,0.0,0.0,0.10000000149011612,0.0,0.10000000149011612,0.061000000685453415,0.0,0.039000000804662704,0.0,0.10000000149011612,0.10000000149011612,0.0,0.10000000149011612,0.10000000149011612,0.0,0.10000000149011612,0.10000000149011612,0.0,0.10000000149011612,-0.006022418254248985
738,-0.0018511831294745207,2.3399999918183312e-05,1.0077050924301147,0.8294622302055359,0.0,0.0,0.0,0.0,0.10000000149011612,0.0,0.10000000149011612,0.10000000149011612,0.0,0.0,0.0,0.10000000149011612,0.10000000149011612,0.0,0.10000000149011612,0.10000000149011612,0.0,0.10000000149011612,0.10000000149011612,0.0,0.10000000149011612,-0.006120560968580713
739,0.003875061171129346,5.999999848427251e-05,1.015364646911621,0.8474856019020081,0.0,0.0,0.0,0.0,0.10000000149011612,0.0,0.10000000149011612,0.0,0.0,0.10000000149011612,0.0,0.10000000149011612,0.10000000149011612,0.0,0.10000000149011612,0.10000000149011612,0.0,0.10000000149011612,0.10000000149011612,0.0,0.10000000149011612,0.00985173205486034
740,0.002963751321658492,0.0,1.0213377475738525,0.8534132242202759,0.0,0.0,0.0,0.0,0.10000000149011612,0.0,0.10000000149011612,0.0,0.0,0.10000000149011612,0.0,0.10000000149011612,0.10000000149011612,0.0,0.10000000149011612,0.10000000149011612,0.0,0.10000000149011612,0.10000000149011612,0.0,0.10000000149011612,0.0032084809278976056
741,0.00743782939389348,5.999999848427251e-05,1.0362508296966553,0.8575791120529175,0.0,0.0,0.0,0.0,0.10000000149011612,0.0,0.10000000149011612,0.0,0.0,0.0,0.0,0.10000000149011612,0.10000000149011612,0.0,0.10000000149011612,0.10000000149011612,0.10000000149011612,0.10000000149011612,0.10000000149011612,0.0,0.10000000149011612,0.0022476843146481684
742,0.010760524310171604,0.0,1.0581618547439575,0.8628488183021545,0.0,0.0,0.0,0.0,0.10000000149011612,0.0,0.10000000149011612,0.0,0.0,0.0,0.0,0.10000000149011612,0.10000000149011612,0.0,0.10000000149011612,0.10000000149011612,0.10000000149011612,0.10000000149011612,0.10000000149011612,0.0,0.10000000149011612,0.002836867735562132
743,-0.001864491030573845,0.0,1.0543245077133179,0.8538167476654053,0.0,0.0,0.0,0.0,0.10000000149011612,0.0,0.10000000149011612,0.0,0.0,0.0,0.0,0.10000000149011612,0.10000000149011612,0.0,0.10000000149011612,0.10000000149011612,0.10000000149011612,0.10000000149011612,0.10000000149011612,0.0,0.10000000149011612,-0.004848525842790274
744,0.004097605124115944,0.0,1.0627422332763672,0.8552661538124084,0.0,0.0,0.0,0.0,0.10000000149011612,0.0,0.10000000149011612,0.0,0.0,0.0,0.0,0.10000000149011612,0.10000000149011612,0.0,0.10000000149011612,0.10000000149011612,0.10000000149011612,0.10000000149011612,0.10000000149011612,0.0,0.10000000149011612,0.0007818497426073101
745,-0.002851741621270776,0.0,1.0568598508834839,0.8568638563156128,0.0,0.0,0.0,0.0,0.10000000149011612,0.0,0.10000000149011612,0.0,0.0,0.0,0.0,0.10000000149011612,0.10000000149011612,0.0,0.10000000149011612,0.10000000149011612,0.10000000149011612,0.10000000149011612,0.10000000149011612,0.0,0.10000000149011612,0.0008611715898128036
746,-0.0017038627993315458,0.0,1.0533552169799805,0.8526594638824463,0.0,0.0,0.0,0.0,0.10000000149011612,0.0,0.10000000149011612,0.0,0.0,0.0,0.0,0.10000000149011612,0.10000000149011612,0.0,0.10000000149011612,0.10000000149011612,0.10000000149011612,0.10000000149011612,0.10000000149011612,0.0,0.10000000149011612,-0.0022642437779519797
747,0.0021300101652741432,0.0,1.057728886604309,0.850382924079895,0.0,0.0,0.0,0.0,0.10000000149011612,0.0,0.10000000149011612,0.0,0.0,0.0,0.0,0.10000000149011612,0.10000000149011612,0.0,0.10000000149011612,0.10000000149011612,0.10000000149011612,0.10000000149011612,0.10000000149011612,0.0,0.10000000149011612,-0.0012287956027172697
748,0.005414716433733702,0.0,1.0688709020614624,0.8662928938865662,0.0,0.0,0.0,0.0,0.10000000149011612,0.0,0.10000000149011612,0.0,0.0,0.0,0.0,0.10000000149011612,0.10000000149011612,0.0,0.10000000149011612,0.10000000149011612,0.10000000149011612,0.10000000149011612,0.10000000149011612,0.0,0.10000000149011612,0.008598203971527996
749,-0.0010753439273685217,0.0,1.0666462182998657,0.8582926392555237,0.0,0.0,0.0,0.0,0.10000000149011612,0.0,0.10000000149011612,0.0,0.0,0.0,0.0,0.10000000149011612,0.10000000149011612,0.0,0.10000000149011612,0.10000000149011612,0.10000000149011612,0.10000000149011612,0.10000000149011612,0.0,0.10000000149011612,-0.004286709046178672
750,0.005047904327511787,0.0,1.0770784616470337,0.8734715580940247,0.0,0.0,0.0,0.0,0.10000000149011612,0.0,0.10000000149011612,0.0,0.0,0.0,0.0,0.10000000149011612,0.10000000149011612,0.0,0.10000000149011612,0.10000000149011612,0.10000000149011612,0.10000000149011612,0.10000000149011612,0.0,0.10000000149011612,0.008168206943219625
751,-0.0010440879268571734,0.0,1.0749098062515259,0.8735322952270508,0.0,0.0,0.0,0.0,0.10000000149011612,0.0,0.10000000149011612,0.0,0.0,0.0,0.0,0.10000000149011612,0.10000000149011612,0.0,0.10000000149011612,0.10000000149011612,0.10000000149011612,0.10000000149011612,0.10000000149011612,0.0,0.10000000149011612,3.2419565038965814e-05
