step,agent_model_0,agent_model_1,agent_model_2,agent_model_3,agent_model_4,agent_cumulative_return_mean,agent_cumulative_return_std,benchmark_cumulative_return
0,-0.0005538802361115813,-0.0005537922261282802,-0.0005539607373066247,-0.0005539422272704542,-0.0005538289551623166,-0.0005538808763958514,7.19318936220845e-08,0.000821119116153568
1,0.028749799355864525,0.02874986082315445,0.028749819844961166,0.028749775141477585,0.0287498589605093,0.028749822825193404,3.735985156248535e-08,0.026684334501624107
2,0.00654765497893095,0.006547716911882162,0.006547665223479271,0.006547662895172834,0.006547755096107721,0.006547691021114588,4.339228669785306e-08,0.007787540555000305
3,0.009800178930163383,0.00980016402900219,0.009800116531550884,0.009800140745937824,0.00980022456496954,0.009800164960324764,4.0866918485453136e-08,0.010605141520500183
4,0.006594130303710699,0.006594135891646147,0.006594184786081314,0.006594173144549131,0.00659421319141984,0.006594167463481427,3.4644699061015856e-08,-0.0008970008348114789
5,-0.003503187792375684,-0.0035031605511903763,-0.0035032578743994236,-0.0035032553132623434,-0.003503091400489211,-0.0035031905863434076,6.975852432370542e-08,-0.013896476477384567
6,-0.0020503837149590254,-0.0020503068808466196,-0.0020503499545156956,-0.0020504039712250233,-0.00205033621750772,-0.0020503561478108167,3.843772318281331e-08,-0.008765878155827522
7,-0.004405223298817873,-0.004405329469591379,-0.004405351355671883,-0.0044053420424461365,-0.004405230283737183,-0.004405295290052891,6.305937630470337e-08,-0.011803004890680313
8,-0.006049923598766327,-0.00604985561221838,-0.0060499575920403,-0.006049905437976122,-0.006049810443073511,-0.006049890536814928,5.7979037899841926e-08,-0.013522246852517128
9,0.028988879173994064,0.028988836333155632,0.028988754376769066,0.028988787904381752,0.028988897800445557,0.028988831117749213,6.029046003773567e-08,0.02011450007557869
10,0.013660321943461895,0.013660415075719357,0.013660336844623089,0.013660323806107044,0.01366045605391264,0.013660370744764805,6.119009029694547e-08,0.007593696005642414
11,-0.001853562076576054,-0.0018534580012783408,-0.001853566151112318,-0.0018535943236202002,-0.0018534715054556727,-0.0018535304116085172,6.139608761475151e-08,-0.009138179011642933
12,-0.018732573837041855,-0.018732571974396706,-0.018732603639364243,-0.018732545897364616,-0.018732493743300438,-0.018732557818293572,4.124402793790704e-08,-0.026378195732831955
13,-0.02379779703915119,-0.02379777282476425,-0.023797769099473953,-0.023797791451215744,-0.023797666653990746,-0.02379775941371918,5.319800634148392e-08,-0.02624715119600296
14,-0.03415464237332344,-0.03415457159280777,-0.034154605120420456,-0.03415462002158165,-0.03415451571345329,-0.03415459096431732,4.930911096267193e-08,-0.03417007997632027
15,-0.025336379185318947,-0.02533636800944805,-0.02533639967441559,-0.025336436927318573,-0.025336289778351784,-0.025336374714970588,5.4250639160679485e-08,-0.02365364506840706
16,-0.02566400170326233,-0.025664035230875015,-0.025664065033197403,-0.025664061307907104,-0.02566395327448845,-0.02566402330994606,4.6633135745781936e-08,-0.023025600239634514
17,-0.03338437154889107,-0.03338436409831047,-0.033384401351213455,-0.03338447958230972,-0.033384304493665695,-0.033384384214878084,6.385369259436676e-08,-0.03139231353998184
18,-0.022533752024173737,-0.022533759474754333,-0.02253379486501217,-0.022533779963850975,-0.022533707320690155,-0.022533758729696273,3.3335624468588295e-08,-0.019744684919714928
19,-0.026109013706445694,-0.026108991354703903,-0.026109009981155396,-0.02610901929438114,-0.02610897831618786,-0.0261090025305748,1.71221572075507e-08,-0.021839382126927376
20,-0.028725355863571167,-0.02872537635266781,-0.028725430369377136,-0.02872534468770027,-0.028725268319249153,-0.028725355118513107,5.864522796845126e-08,-0.026184383779764175
21,-0.026829764246940613,-0.026829738169908524,-0.02682984061539173,-0.026829803362488747,-0.026829717680811882,-0.0268297728151083,4.960724466265687e-08,-0.02503805235028267
22,-0.018448755145072937,-0.01844870299100876,-0.018448781222105026,-0.018448829650878906,-0.018448660150170326,-0.01844874583184719,6.622220886733822e-08,-0.01887216605246067
23,-0.01859879307448864,-0.018598757684230804,-0.018598852679133415,-0.01859884336590767,-0.018598679453134537,-0.018598785251379014,7.060137701115863e-08,-0.02437715046107769
24,-0.023889821022748947,-0.023889843374490738,-0.02388986386358738,-0.023889858275651932,-0.023889761418104172,-0.023889829590916633,4.155828067524581e-08,-0.030839983373880386
25,-0.025638587772846222,-0.025638554245233536,-0.02563861943781376,-0.025638669729232788,-0.025638436898589134,-0.02563857361674309,8.74709744037604e-08,-0.029686402529478073
26,-0.007074850611388683,-0.007074757944792509,-0.0070747798308730125,-0.007074810564517975,-0.007074725814163685,-0.007074784953147173,4.8010559450022895e-08,-0.009275221265852451
27,-0.016339551657438278,-0.01633954979479313,-0.016339566558599472,-0.01633957400918007,-0.01633945107460022,-0.016339538618922234,4.998001405968792e-08,-0.01648814231157303
28,-0.00471924664452672,-0.004719248041510582,-0.00471927784383297,-0.00471931928768754,-0.004719228949397802,-0.004719264153391123,3.5470737983336754e-08,-0.005414040759205818
29,0.006353999488055706,0.006354047451168299,0.006354027893394232,0.006354036275297403,0.006354123819619417,0.006354046985507011,4.6472903154323435e-08,0.006517361383885145
30,-0.0006551434053108096,-0.0006551265250891447,-0.0006552382837980986,-0.0006551682599820197,-0.0006550601101480424,-0.000655147316865623,6.474219402710828e-08,0.0019034978467971087
31,0.01057023648172617,0.010570204816758633,0.010570190846920013,0.01057023648172617,0.010570373386144638,0.010570248402655125,7.265927807660916e-08,0.014244318939745426
32,0.007968412712216377,0.007968354038894176,0.007968351244926453,0.007968306541442871,0.007968450896441936,0.007968375086784362,5.6728936676606005e-08,0.01284757163375616
33,-0.016126932576298714,-0.016126951202750206,-0.016126971691846848,-0.016127008944749832,-0.016126884147524834,-0.016126949712634085,4.6330841015178015e-08,-0.010394358076155186
34,-0.01655547134578228,-0.016555432230234146,-0.01655549369752407,-0.0165555402636528,-0.016555361449718475,-0.016555459797382356,6.743444312757096e-08,-0.009318860247731209
35,-0.010939258150756359,-0.010939249768853188,-0.01093925442546606,-0.010939307510852814,-0.01093916967511177,-0.010939247906208038,4.9557388562293766e-08,0.0012924502370879054
36,-0.005223533138632774,-0.005223518703132868,-0.005223534069955349,-0.00522356852889061,-0.005223461892455816,-0.005223523266613484,3.889233624920759e-08,0.0035567039158195257
37,-0.022461604326963425,-0.02246154099702835,-0.022461561486124992,-0.022461580112576485,-0.022461429238319397,-0.02246154323220253,6.787035227629818e-08,-0.00506529351696372
38,-0.011214371770620346,-0.011214329861104488,-0.011214341036975384,-0.011214407160878181,-0.01121423952281475,-0.01121433787047863,6.264347301340288e-08,0.006619002670049667
39,-0.006608821917325258,-0.00660880608484149,-0.0066087995655834675,-0.006608862895518541,-0.006608693860471249,-0.006608796864748001,6.262962547952014e-08,0.01095662359148264
40,-0.00985579751431942,-0.00985576119273901,-0.009855826385319233,-0.009855757467448711,-0.009855668060481548,-0.009855762124061584,5.969189241141851e-08,0.006022879853844643
41,-0.012118944898247719,-0.012118903920054436,-0.012118945829570293,-0.012118986807763577,-0.012118850834667683,-0.01211892645806074,5.1439872220692993e-08,0.0005928888567723334
42,-0.004620887339115143,-0.004620863124728203,-0.004620866850018501,-0.004620944149792194,-0.004620740190148354,-0.004620860330760479,7.456399091053045e-08,0.008637061342597008
43,0.012912100180983543,0.012912134639918804,0.012912114150822163,0.01291201263666153,0.01291219424456358,0.012912111170589925,6.574702041623488e-08,0.022622879594564438
44,0.0003060672606807202,0.00030615300056524575,0.0003060375456698239,0.0003060373419430107,0.0003062110918108374,0.0003061012481339276,7.752596282910638e-08,0.008286844938993454
45,-0.008401759900152683,-0.008401713334023952,-0.00840176735073328,-0.008401804603636265,-0.008401691913604736,-0.008401747420430183,4.490481676251937e-08,0.0055194757878780365
46,-0.011670340783894062,-0.01167032215744257,-0.011670328676700592,-0.011670337989926338,-0.011670169420540333,-0.011670299805700779,7.32643713925209e-08,0.002914845710620284
47,0.002688759006559849,0.0026887725107371807,0.0026887354906648397,0.002688740612939,0.002688830718398094,0.0026887676678597925,3.8213814819880764e-08,0.014845152385532856
48,-0.00014037598157301545,-0.00014033328625373542,-0.00014038410154171288,-0.00014040553651284426,-0.00014025795098859817,-0.00014035137137398125,5.844918310747143e-08,0.013511584140360355
49,-0.019607212394475937,-0.019607149064540863,-0.019607188180088997,-0.019607212394475937,-0.019607074558734894,-0.019607167318463327,5.7957903161531725e-08,-0.0009988242527469993
50,-0.008165855892002583,-0.008165796287357807,-0.008165799081325531,-0.008165905252099037,-0.008165721781551838,-0.00816581565886736,6.911706189009144e-08,0.006794493645429611
51,-0.0033682668581604958,-0.0033681432250887156,-0.0033682382199913263,-0.0033682440407574177,-0.003368097823113203,-0.0033681980334222318,7.333917657375167e-08,0.01129993051290512
52,-0.008655070327222347,-0.00865501631051302,-0.008655044250190258,-0.008655097335577011,-0.008654974400997162,-0.00865504052489996,4.7666068357487e-08,0.005237405654042959
53,-0.011606280691921711,-0.011606250889599323,-0.01160634309053421,-0.011606399901211262,-0.011606155894696712,-0.011606286093592644,9.276459063096516e-08,0.0010450724512338638
54,-0.019959965720772743,-0.01995992101728916,-0.01995997503399849,-0.019960032775998116,-0.019959887489676476,-0.019959956407546997,5.538042168065349e-08,-0.007719489745795727
55,-0.02503110095858574,-0.025031104683876038,-0.025031113997101784,-0.025031140074133873,-0.02503105066716671,-0.025031102076172828,3.254569333155216e-08,-0.013181012123823166
56,-0.02491174079477787,-0.024911722168326378,-0.02491173893213272,-0.024911772459745407,-0.0249116662889719,-0.024911728128790854,3.905785228061067e-08,-0.017739377915859222
57,-0.02655596286058426,-0.026555949822068214,-0.02655595913529396,-0.026555994525551796,-0.02655583620071411,-0.026555940508842468,6.068622528629344e-08,-0.018011411651968956
58,-0.04380667954683304,-0.043806664645671844,-0.04380667582154274,-0.04380674287676811,-0.043806564062833786,-0.0438066653907299,6.438396708959598e-08,-0.032728411257267
59,-0.02874545007944107,-0.02874542400240898,-0.028745412826538086,-0.02874550223350525,-0.028745299205183983,-0.028745417669415473,7.466396294330397e-08,-0.01621769368648529
60,-0.03794253244996071,-0.037942513823509216,-0.0379425473511219,-0.03794252499938011,-0.03794242441654205,-0.0379425086081028,4.861468156504578e-08,-0.022504881024360657
61,-0.03584717586636543,-0.035847194492816925,-0.035847194492816925,-0.03584723174571991,-0.035847123712301254,-0.03584718406200409,3.937193033282563e-08,-0.025617269799113274
62,-0.043928828090429306,-0.043928857892751694,-0.04392887279391289,-0.04392887279391289,-0.04392876476049423,-0.0439288392663002,4.5472963212928556e-08,-0.028041813522577286
63,-0.030157420784235,-0.03015737608075142,-0.03015739656984806,-0.030157458037137985,-0.030157310888171196,-0.030157392472028734,5.4867468687831326e-08,-0.014882939867675304
64,-0.021166039630770683,-0.021165968850255013,-0.021165961399674416,-0.021166052669286728,-0.021165911108255386,-0.021165986731648444,5.879294173820005e-08,-0.003470813389867544
65,-0.02390829659998417,-0.02390831708908081,-0.023908281698822975,-0.023908337578177452,-0.023908181115984917,-0.023908282816410064,6.063761109806718e-08,-0.0034110769629478455
66,-0.03807588294148445,-0.038075823336839676,-0.038075897842645645,-0.038075920194387436,-0.0380757637321949,-0.03807585760951042,6.357052626520855e-08,-0.01951288804411888
67,-0.03141031786799431,-0.03141026943922043,-0.03141032159328461,-0.0314103439450264,-0.03141019865870476,-0.0314102903008461,5.798782618648024e-08,-0.01584147848188877
68,-0.039250005036592484,-0.03925003111362457,-0.039250001311302185,-0.03925006091594696,-0.03924988955259323,-0.03924999758601189,6.495265578539184e-08,-0.03275145962834358
69,-0.046971291303634644,-0.04697118699550629,-0.04697123169898987,-0.04697131738066673,-0.0469711497426033,-0.04697123542428017,6.989264130329236e-08,-0.04590553417801857
70,-0.027616359293460846,-0.027616288512945175,-0.027616413310170174,-0.027616415172815323,-0.027616281062364578,-0.02761635147035122,6.493128626489723e-08,-0.027925610542297363
71,-0.027911799028515816,-0.02791173942387104,-0.02791176550090313,-0.027911825105547905,-0.02791169472038746,-0.02791176475584507,5.0901699222314367e-08,-0.03832314535975456
72,-0.01395142450928688,-0.013951348140835762,-0.013951439410448074,-0.013951399363577366,-0.013951278291642666,-0.01395137794315815,6.562025105288328e-08,-0.03568754345178604
73,0.0011897027725353837,0.001189741538837552,0.0011897474760189652,0.0011896983487531543,0.0011898123193532228,0.0011897404910996556,4.584717091150098e-08,-0.02008497156202793
74,-0.0022077737376093864,-0.0022077409084886312,-0.002207745797932148,-0.002207809826359153,-0.002207657555118203,-0.0022077455651015043,5.632649209998808e-08,-0.024852607399225235
75,0.006222216412425041,0.006222268100827932,0.006222236435860395,0.00622218195348978,0.00622235331684351,0.006222251243889332,6.50705625632247e-08,-0.010097741149365902
76,0.0001577091170474887,0.00015772458573337644,0.00015769174206070602,0.00015762484690640122,0.0001578028459334746,0.0001577106275362894,6.406310028746869e-08,-0.009066012687981129
77,-0.002464481396600604,-0.0024643626529723406,-0.002464417601004243,-0.002464461838826537,-0.0024642834905534983,-0.0024644013959914447,8.018533227204141e-08,-0.01425775047391653
78,-0.006645002402365208,-0.006644952576607466,-0.006644949782639742,-0.006644979119300842,-0.006644866429269314,-0.006644950062036514,5.144092606377213e-08,-0.022772973403334618
79,0.009010330773890018,0.009010376408696175,0.00901036150753498,0.00901035126298666,0.009010490030050278,0.009010381996631622,6.263101037068263e-08,-0.008229953236877918
80,0.003035425441339612,0.003035459201782942,0.0030354862101376057,0.0030354205518960953,0.003035544417798519,0.0030354671645909546,5.076359488437823e-08,-0.009378897957503796
81,0.00922615360468626,0.009226151742041111,0.009226175025105476,0.009226121939718723,0.009226316586136818,0.009226183779537678,7.660828759181957e-08,-0.0011961142299696803
82,0.01966072805225849,0.01966080628335476,0.01966077834367752,0.019660737365484238,0.019660871475934982,0.019660784304141997,5.806256628167004e-08,0.0051567736081779
83,0.02262602373957634,0.02262604422867298,0.022626040503382683,0.022625936195254326,0.022626187652349472,0.02262604646384716,9.034693046175541e-08,0.008262715302407742
84,0.027728477492928505,0.027728524059057236,0.02772846817970276,0.027728453278541565,0.027728639543056488,0.027728512510657312,7.578013324660773e-08,0.02038518153131008
85,0.030952176079154015,0.03095223940908909,0.030952202156186104,0.030952172353863716,0.030952341854572296,0.030952226370573044,6.989264130329236e-08,0.02769646979868412
86,0.033777836710214615,0.033777911216020584,0.03377784788608551,0.03377784416079521,0.03377798572182655,0.033777885138988495,6.365778852490731e-08,0.024623816832900047
87,0.02844613417983055,0.028446199372410774,0.028446214273571968,0.028446150943636894,0.02844627946615219,0.028446195647120476,5.7365237155685176e-08,0.023494916036725044
88,0.030996741726994514,0.030996808782219887,0.03099680133163929,0.03099670447409153,0.030996842309832573,0.03099677972495556,5.553057221834088e-08,0.024502703920006752
89,0.03657005727291107,0.03657020628452301,0.036570120602846146,0.03657006472349167,0.036570221185684204,0.03657013401389122,7.69612879074617e-08,0.030478956177830696
90,0.039895787835121155,0.03989584371447563,0.039895832538604736,0.03989576920866966,0.039895862340927124,0.03989581912755966,3.912441686724461e-08,0.03625446557998657
91,0.03634839877486229,0.036348506808280945,0.036348503082990646,0.03634841367602348,0.03634863719344139,0.03634849190711975,9.519556417450784e-08,0.034067302942276
92,0.04671832546591759,0.046718426048755646,0.04671837389469147,0.0467182993888855,0.04671849310398102,0.04671838358044624,7.803571804032422e-08,0.04332129657268524
93,0.04831715300679207,0.04831722006201744,0.04831712692975998,0.04831716790795326,0.04831728711724281,0.04831719100475311,6.357052626520855e-08,0.042991574853658676
94,0.05328264832496643,0.0532827191054821,0.053282659500837326,0.05328264832496643,0.05328279733657837,0.05328269451856613,6.455617459768416e-08,0.04574597254395485
95,0.04976760968565941,0.04976765811443329,0.04976765438914299,0.049767572432756424,0.04976773262023926,0.04976764544844627,6.010314606053582e-08,0.040331318974494934
96,0.05018238723278046,0.05018245801329613,0.05018242076039314,0.05018239840865135,0.0501825176179409,0.05018243640661239,5.2841374953082634e-08,0.03913864865899086
97,0.05936351791024208,0.05936359241604805,0.05936350300908089,0.059363462030887604,0.05936369672417641,0.05936355441808701,9.24742820852115e-08,0.047120872884988785
98,0.05796940624713898,0.057969480752944946,0.05796949565410614,0.05796939507126808,0.05796956643462181,0.057969468832015994,7.025901453364973e-08,0.04457720369100571
99,0.058084722608327866,0.05808471888303757,0.05808474123477936,0.058084744960069656,0.058084916323423386,0.05808476880192757,8.324169299360602e-08,0.04623536020517349
100,0.05615929886698723,0.05615939944982529,0.05615930259227753,0.05615929141640663,0.056159455329179764,0.056159349530935286,7.387918478714708e-08,0.03894370049238205
101,0.0502309687435627,0.050231024622917175,0.0502309575676918,0.05023087188601494,0.05023114010691643,0.05023099258542061,9.893434055398326e-08,0.03354910388588905
102,0.062635138630867,0.06263519078493118,0.06263512372970581,0.06263509392738342,0.06263525784015656,0.0626351609826088,6.452392069879463e-08,0.04354613646864891
103,0.0695476308465004,0.06954775005578995,0.06954766809940338,0.06954770535230637,0.0695478618144989,0.0695477232336998,8.918939382818591e-08,0.0505334697663784
104,0.06905031204223633,0.06905040889978409,0.06905034184455872,0.06905034184455872,0.06905046850442886,0.06905037462711335,6.335184475624953e-08,0.046809595078229904
105,0.06813235580921173,0.0681324377655983,0.06813239306211472,0.06813238561153412,0.06813246011734009,0.0681324064731598,4.1948819936094424e-08,0.03906332328915596
106,0.06211240962147713,0.062112562358379364,0.06211249157786369,0.06211249157786369,0.06211259216070175,0.06211250945925713,7.114231661613174e-08,0.03198558837175369
107,0.06407617032527924,0.0640762448310852,0.06407617032527924,0.06407611072063446,0.06407628953456879,0.06407619714736938,7.020961635941117e-08,0.03794463351368904
108,0.06953147053718567,0.06953143328428268,0.06953148543834686,0.06953143328428268,0.06953157484531403,0.06953147947788238,5.8047625961251424e-08,0.04686375707387924
109,0.0687878280878067,0.06878788769245148,0.06878785043954849,0.0687878429889679,0.06878795474767685,0.06878787279129028,5.080618596444225e-08,0.04386238381266594
110,0.07283087074756622,0.07283098250627518,0.07283096015453339,0.0728309154510498,0.07283110916614532,0.07283096760511398,9.002570788260231e-08,0.050107166171073914
111,0.06903380155563354,0.06903392821550369,0.06903386861085892,0.06903381645679474,0.06903402507305145,0.06903388798236847,9.134180877373763e-08,0.047644875943660736
112,0.07253672182559967,0.07253682613372803,0.07253681123256683,0.07253673672676086,0.07253685593605042,0.07253679037094116,5.828621153714641e-08,0.05230458825826645
113,0.0771976113319397,0.07719764858484268,0.07719757407903671,0.07719765603542328,0.07719770073890686,0.07719763815402984,4.7881212869464244e-08,0.052766308188438416
114,0.06921640783548355,0.06921644508838654,0.06921643763780594,0.06921640783548355,0.06921660155057907,0.06921645998954773,8.093402155637902e-08,0.04809887334704399
115,0.06659117341041565,0.06659125536680222,0.06659122556447983,0.06659116595983505,0.06659139692783356,0.06659124344587326,9.344465789266317e-08,0.047899600118398666
116,0.06435615569353104,0.06435631215572357,0.06435617804527283,0.06435622274875641,0.06435629725456238,0.06435623317956925,6.981317266894863e-08,0.0492100827395916
117,0.06934843212366104,0.06934856623411179,0.06934854388237,0.06934843212366104,0.06934861093759537,0.06934851706027985,8.120791073702998e-08,0.05894903093576431
118,0.06940622627735138,0.06940631568431854,0.06940627843141556,0.06940624862909317,0.0694064274430275,0.06940629929304123,7.909555451327689e-08,0.055932678282260895
119,0.057507824152708054,0.057507917284965515,0.05750786513090134,0.05750783160328865,0.05750798434019089,0.057507884502410886,6.681679682365739e-08,0.04653333127498627
120,0.046074140816926956,0.04607420042157173,0.04607420787215233,0.04607409983873367,0.04607425630092621,0.04607418105006218,6.117874934785411e-08,0.039024826139211655
121,0.04197884351015091,0.04197889566421509,0.04197895899415016,0.04197880998253822,0.04197900369763374,0.04197890236973763,7.987251752168768e-08,0.03516822308301926
122,0.041330933570861816,0.04133092612028122,0.04133094102144241,0.04133092984557152,0.04133104160428047,0.041330954432487486,4.904100964595086e-08,0.03658706322312355
123,0.05365072190761566,0.05365081503987312,0.05365079641342163,0.053650762885808945,0.05365089327096939,0.05365079790353775,6.401648802962881e-08,0.0436263307929039
124,0.04728943482041359,0.04728951305150986,0.04728948697447777,0.04728950932621956,0.047289617359638214,0.0472895123064518,6.650451845063211e-08,0.037326663732528687
125,0.04862101376056671,0.04862102121114731,0.048621051013469696,0.04862099513411522,0.04862115904688835,0.048621048033237454,6.524045923088444e-08,0.03883063420653343
126,0.061254024505615234,0.06125416234135628,0.06125408411026001,0.06125405803322792,0.06125422194600105,0.0612541101872921,8.054728921666612e-08,0.05746319144964218
127,0.06918095797300339,0.06918106228113174,0.06918098032474518,0.06918099522590637,0.06918112933635712,0.06918102502822876,7.00909186982616e-08,0.06798172742128372
128,0.06832939386367798,0.06832944601774216,0.06832944601774216,0.06832936406135559,0.06832949817180634,0.06832942962646485,5.199416375865907e-08,0.0633043497800827
129,0.06542346626520157,0.06542351096868515,0.06542354077100754,0.06542342901229858,0.06542366743087769,0.0654235228896141,9.134180877373763e-08,0.064834363758564
130,0.06805743277072906,0.06805749237537384,0.06805745512247086,0.06805738061666489,0.06805756688117981,0.0680574655532837,6.961410419224548e-08,0.06593109667301178
131,0.07168138772249222,0.07168149948120117,0.071681447327137,0.07168133556842804,0.07168152928352356,0.0716814398765564,7.937578764804645e-08,0.07075090706348419
132,0.07252262532711029,0.07252270728349686,0.07252265512943268,0.07252267003059387,0.07252272963523865,0.07252267748117447,4.148307712994532e-08,0.06802009046077728
133,0.07368399947881699,0.07368412613868713,0.07368408143520355,0.07368408143520355,0.0736842006444931,0.07368409782648086,7.345531907001876e-08,0.07385871559381485
134,0.08578009158372879,0.08578021824359894,0.08578012138605118,0.08578009158372879,0.08578029274940491,0.08578016310930252,8.918939382818591e-08,0.0772038996219635
135,0.08554882556200027,0.08554892241954803,0.08554892241954803,0.08554890006780624,0.08554905652999878,0.08554892539978028,8.339992355677915e-08,0.07624005526304245
136,0.09909401088953018,0.09909410029649734,0.09909406304359436,0.09909398853778839,0.09909412264823914,0.09909405708312988,5.708331259899722e-08,0.09175337851047516
137,0.08972490578889847,0.08972497284412384,0.08972500264644623,0.08972494304180145,0.08972503989934921,0.08972497284412384,5.188728972220465e-08,0.07816518843173981
138,0.0805501788854599,0.08055023849010468,0.08055024594068527,0.0805501788854599,0.08055029809474945,0.08055022805929184,5.0422323690916987e-08,0.07269705086946487
139,0.08515086024999619,0.08515089750289917,0.08515091985464096,0.0851508304476738,0.08515103161334991,0.08515090793371201,7.71773705636177e-08,0.07594320178031921
140,0.08019350469112396,0.08019358664751053,0.08019354194402695,0.08019346743822098,0.08019369095563889,0.08019355833530425,8.63110450361644e-08,0.07302018254995346
141,0.07666748017072678,0.07666751742362976,0.07666744291782379,0.076667420566082,0.07666760683059692,0.07666749358177186,7.326614718997193e-08,0.07309788465499878
142,0.07786557823419571,0.07786563783884048,0.07786562293767929,0.0778656080365181,0.07786571234464645,0.077865631878376,5.009095762363556e-08,0.07303276658058167
143,0.08071722090244293,0.08071726560592651,0.08071723580360413,0.08071723580360413,0.08071739971637726,0.080717271566391,7.345531907001876e-08,0.07583275437355042
144,0.07709220051765442,0.07709237188100815,0.07709231227636337,0.07709228247404099,0.07709239423274994,0.07709231227636337,7.68891254087921e-08,0.07636594772338867
145,0.09094837307929993,0.09094846248626709,0.09094841033220291,0.09094832092523575,0.09094855934381485,0.0909484252333641,9.109839246151957e-08,0.09065285325050354
146,0.09804008901119232,0.09804011881351471,0.09804008156061172,0.09804007411003113,0.09804023802280426,0.09804012030363082,6.795975119466412e-08,0.09500162303447723
147,0.09584083408117294,0.09584096819162369,0.0958409532904625,0.09584089368581772,0.09584102779626846,0.09584093540906906,7.405742192142711e-08,0.09276320040225983
148,0.091689832508564,0.09168990701436996,0.09168989956378937,0.0916898176074028,0.09168998152017593,0.09168988764286042,6.57173307871817e-08,0.08646026998758316
149,0.08825492113828659,0.08825504779815674,0.08825498074293137,0.0882549062371254,0.08825511485338211,0.08825499415397645,8.75879049878454e-08,0.08139060437679291
150,0.07917966693639755,0.07917971163988113,0.07917976379394531,0.07917974889278412,0.07917985320091248,0.07917974889278412,6.929440512410654e-08,0.07831230014562607
151,0.08096206188201904,0.08096224069595337,0.08096211403608322,0.08096212148666382,0.08096224069595337,0.08096215575933456,8.086540431508502e-08,0.08262451738119125
152,0.0862085297703743,0.08620868623256683,0.08620860427618027,0.0862085297703743,0.08620873838663101,0.08620861768722535,9.341495048199582e-08,0.09305453300476074
153,0.09291566908359528,0.09291569888591766,0.0929156243801117,0.09291563183069229,0.09291581809520721,0.09291568845510483,7.84259877618597e-08,0.09817230701446533
154,0.09786465764045715,0.0978647843003273,0.09786473959684372,0.09786468744277954,0.09786485135555267,0.09786474406719207,7.71773705636177e-08,0.10272607207298279
155,0.09795607626438141,0.09795612841844559,0.09795605391263962,0.09795600920915604,0.09795618802309036,0.0979560911655426,6.909384202581423e-08,0.1010119840502739
156,0.09675351530313492,0.09675368666648865,0.09675361961126328,0.09675359725952148,0.09675370901823044,0.09675362557172776,7.69612879074617e-08,0.101138174533844
157,0.10690879821777344,0.1069088876247406,0.1069088950753212,0.10690879076719284,0.10690901428461075,0.10690887719392776,9.07320435546094e-08,0.11090750247240067
158,0.10141914337873459,0.10141930729150772,0.10141927003860474,0.10141921788454056,0.1014193668961525,0.10141926109790803,8.534086384341928e-08,0.11080007255077362
159,0.11284473538398743,0.1128447949886322,0.11284477263689041,0.11284473538398743,0.11284492909908295,0.11284479349851609,7.996802249550067e-08,0.11477868258953094
160,0.11601816117763519,0.11601828783750534,0.11601820588111877,0.116018146276474,0.11601834744215012,0.11601822972297668,8.582732530137424e-08,0.11789773404598236
161,0.12344160676002502,0.12344170361757278,0.12344169616699219,0.12344162166118622,0.12344183772802353,0.12344169318675995,9.164516998341653e-08,0.12356223165988922
162,0.11658292263746262,0.11658303439617157,0.1165829747915268,0.11658287048339844,0.11658305674791336,0.11658297181129455,7.71773705636177e-08,0.12587091326713562
163,0.12105271965265274,0.1210528090596199,0.12105271220207214,0.12105274945497513,0.12105286866426468,0.12105277180671692,6.622220886733822e-08,0.13290420174598694
164,0.11755693703889847,0.11755707114934921,0.11755700409412384,0.11755703389644623,0.1175571009516716,0.11755702942609787,6.335184475624953e-08,0.12641990184783936
165,0.11833453178405762,0.11833465099334717,0.11833466589450836,0.1183345839381218,0.11833474040031433,0.11833463460206986,7.996802249550067e-08,0.13186053931713104
166,0.11631680279970169,0.11631683260202408,0.11631683260202408,0.1163167804479599,0.11631699651479721,0.11631684899330139,8.534086384341927e-08,0.13445672392845154
167,0.10737217217683792,0.10737225413322449,0.1073722392320633,0.1073722168803215,0.10737234354019165,0.10737224519252778,6.308842638139888e-08,0.13017059862613678
168,0.10179453343153,0.10179471969604492,0.10179468244314194,0.10179460793733597,0.1017947643995285,0.10179466158151626,9.176623366893628e-08,0.12121270596981049
169,0.10406332463026047,0.10406346619129181,0.10406340658664703,0.10406339168548584,0.10406360030174255,0.10406343787908554,1.0382805771616009e-07,0.13024333119392395
170,0.0992514118552208,0.09925152361392975,0.09925144910812378,0.09925149381160736,0.09925152361392975,0.09925148040056228,4.897021271334584e-08,0.12595590949058533
171,0.10914906859397888,0.10914907604455948,0.10914908349514008,0.10914906114339828,0.10914918780326843,0.10914909541606903,5.2313475851839657e-08,0.12850362062454224
172,0.11442243307828903,0.11442259699106216,0.11442254483699799,0.11442247033119202,0.11442264169454575,0.11442253738641739,8.640746403294207e-08,0.13633160293102264
173,0.11746145039796829,0.11746152490377426,0.11746148765087128,0.11746146529912949,0.11746156960725784,0.11746149957180023,4.8170178756846826e-08,0.1376093029975891
174,0.1105034351348877,0.11050355434417725,0.11050355434417725,0.11050347983837128,0.11050361394882202,0.1105035275220871,7.020961635941117e-08,0.13124483823776245
175,0.11588199436664581,0.11588200181722641,0.11588205397129059,0.11588197946548462,0.11588218808174133,0.11588204354047775,8.553578042129377e-08,0.1365388035774231
176,0.11368664354085922,0.11368672549724579,0.113686703145504,0.11368666589260101,0.11368679255247116,0.11368670612573624,5.7856049115410976e-08,0.13595853745937347
177,0.11191202700138092,0.11191210895776749,0.11191215366125107,0.1119120791554451,0.11191224306821823,0.11191212236881257,8.168500705758182e-08,0.12663374841213226
178,0.10339328646659851,0.10339333862066269,0.10339333862066269,0.1033933237195015,0.10339348018169403,0.10339335352182388,7.394490108370486e-08,0.12227017432451248
179,0.08537254482507706,0.08537258952856064,0.08537260442972183,0.08537255972623825,0.0853726863861084,0.08537259697914124,5.5254984550890796e-08,0.10724552720785141
180,0.09359908849000931,0.09359920024871826,0.09359912574291229,0.09359905123710632,0.09359925985336304,0.09359914511442184,8.455670451588099e-08,0.11748890578746796
181,0.09606258571147919,0.09606267511844635,0.09606270492076874,0.09606262296438217,0.09606275707483292,0.09606266915798187,6.734434687183301e-08,0.11800343543291092
182,0.10000580549240112,0.10000593960285187,0.10000590980052948,0.1000058501958847,0.10000597685575485,0.1000058963894844,6.877172445782619e-08,0.11656789481639862
183,0.10568086802959442,0.10568095743656158,0.1056809350848198,0.1056809276342392,0.10568108409643173,0.10568095445632934,7.965503490510044e-08,0.12239966541528702
184,0.09411449730396271,0.09411455690860748,0.09411456435918808,0.0941145047545433,0.09411462396383286,0.09411454945802689,5.1349583089687755e-08,0.11592860519886017
185,0.10272470861673355,0.10272475332021713,0.10272476077079773,0.10272476077079773,0.10272487252950668,0.10272477120161057,6.066621239728416e-08,0.12333635985851288
186,0.10168296843767166,0.10168303549289703,0.10168308019638062,0.10168297588825226,0.10168314725160599,0.10168304145336152,7.47661215323335e-08,0.12471091747283936
187,0.11624297499656677,0.11624306440353394,0.11624302715063095,0.11624305695295334,0.11624313145875931,0.11624305099248886,5.708331259899722e-08,0.1364043653011322
188,0.11891116946935654,0.11891116201877594,0.1189112737774849,0.11891120672225952,0.1189112588763237,0.11891121417284012,5.080618596444225e-08,0.13876958191394806
189,0.12918837368488312,0.1291884034872055,0.12918849289417267,0.12918835878372192,0.12918853759765625,0.1291884332895279,7.81423485405856e-08,0.1448839157819748
190,0.12052525579929352,0.1205253079533577,0.12052538245916367,0.12052533775568008,0.12052544951438904,0.1205253466963768,7.364400501937609e-08,0.14297336339950562
191,0.11307057738304138,0.11307064443826675,0.11307069659233093,0.11307061463594437,0.11307068169116974,0.11307064294815064,4.8685995497419064e-08,0.1359240710735321
192,0.10517686605453491,0.1051768958568573,0.10517691820859909,0.10517685115337372,0.10517697781324387,0.10517690181732178,4.981313541664713e-08,0.13128651678562164
193,0.11495805531740189,0.11495804041624069,0.11495813727378845,0.1149580106139183,0.11495815217494965,0.11495807915925979,6.220230896694005e-08,0.13772213459014893
194,0.12197636067867279,0.12197644263505936,0.12197647243738174,0.12197639048099518,0.12197651714086533,0.12197643667459487,6.264693441861245e-08,0.14674299955368042
195,0.12534604966640472,0.12534606456756592,0.1253460943698883,0.12534601986408234,0.12534619867801666,0.1253460854291916,6.877172445782617e-08,0.14563968777656555
196,0.11902414262294769,0.1190241351723671,0.11902414262294769,0.11902409046888351,0.11902421712875366,0.11902414560317993,4.550347174585602e-08,0.14709120988845825
197,0.12730780243873596,0.12730780243873596,0.12730784714221954,0.12730783224105835,0.1273079216480255,0.12730784118175506,4.897021271334584e-08,0.15293262898921967
198,0.13090567290782928,0.13090580701828003,0.13090580701828003,0.13090574741363525,0.1309059113264084,0.1309057891368866,8.777783200158561e-08,0.15386609733104706
199,0.12266331166028976,0.12266336381435394,0.12266338616609573,0.12266328930854797,0.12266343832015991,0.12266335785388946,5.9464782295331107e-08,0.148356094956398
200,0.11942225694656372,0.11942232400178909,0.11942241340875626,0.11942233890295029,0.11942244321107864,0.1194223552942276,7.42071843027397e-08,0.14802609384059906
201,0.12167269736528397,0.12167274206876755,0.12167277932167053,0.12167275696992874,0.12167280167341232,0.12167275547981263,3.956531896397994e-08,0.14812670648097992
202,0.10421718657016754,0.10421723127365112,0.1042172834277153,0.10421723872423172,0.10421734303236008,0.10421725660562516,5.927778566156652e-08,0.13390527665615082
203,0.09300780296325684,0.09300790727138519,0.09300795197486877,0.09300792217254639,0.09300794452428818,0.09300790578126908,6.016084324773059e-08,0.12345041334629059
204,0.08709467202425003,0.0870947390794754,0.08709479123353958,0.08709470927715302,0.08709479868412018,0.08709474205970764,5.388165930439396e-08,0.11867110431194305
205,0.08461403101682663,0.0846140906214714,0.0846141129732132,0.08461406081914902,0.08461414277553558,0.08461408764123916,4.363522071941591e-08,0.11730407923460007
206,0.07131978869438171,0.07131986320018768,0.07131993770599365,0.07131984829902649,0.07131995260715485,0.07131987810134888,6.746787680787904e-08,0.11046501249074936
207,0.06292473524808884,0.06292479485273361,0.0629248172044754,0.06292477995157242,0.06292486190795898,0.06292479783296585,4.670747524099791e-08,0.106782466173172
208,0.07108256220817566,0.07108256220817566,0.07108263671398163,0.07108256965875626,0.07108267396688461,0.07108260095119476,5.14575739199877e-08,0.11490965634584427
209,0.05519082769751549,0.055190905928611755,0.055190958082675934,0.05519087240099907,0.055191054940223694,0.05519092381000519,8.74213803698124e-08,0.09837595373392105
210,0.04659475386142731,0.04659479856491089,0.04659484699368477,0.04659479483962059,0.046594858169555664,0.04659481048583984,4.242580675336104e-08,0.09379002451896667
211,0.04598137363791466,0.04598141461610794,0.04598146677017212,0.045981504023075104,0.045981574803590775,0.04598146677017212,7.81867349960482e-08,0.08832985162734985
212,0.04149163141846657,0.04149175435304642,0.04149174317717552,0.041491735726594925,0.04149182140827179,0.041491737216711046,6.821453109096468e-08,0.08391615748405457
213,0.0315433032810688,0.03154340758919716,0.03154339641332626,0.03154342249035835,0.03154347464442253,0.03154340088367462,6.224691442908473e-08,0.07912896573543549
214,0.036114852875471115,0.03611486032605171,0.03611491248011589,0.03611484169960022,0.03611494600772858,0.0361148826777935,4.462580587979756e-08,0.09058979153633118
215,0.047619983553886414,0.047620054334402084,0.047620076686143875,0.047620028257369995,0.04762011766433716,0.04762005209922791,5.0436083364714096e-08,0.10213538259267807
216,0.05926012992858887,0.05926016345620155,0.05926024913787842,0.059260182082653046,0.05926026031374931,0.05926019698381424,5.60653095815048e-08,0.10897889733314514
217,0.06651213765144348,0.06651218980550766,0.06651226431131363,0.06651216745376587,0.06651230156421661,0.06651221215724945,6.84886288302028e-08,0.11543349921703339
218,0.07192318141460419,0.07192327082157135,0.07192331552505493,0.07192328572273254,0.0719233825802803,0.07192328721284866,7.30764856054737e-08,0.11955335736274719
219,0.07660022377967834,0.07660022377967834,0.07660029083490372,0.07660019397735596,0.0766003355383873,0.07660025358200073,5.795191670247929e-08,0.1240721344947815
220,0.07415066659450531,0.07415066659450531,0.07415078580379486,0.07415073364973068,0.07415081560611725,0.07415073364973068,6.787801965433582e-08,0.12195191532373428
221,0.08076396584510803,0.08076401054859161,0.0807640478014946,0.08076399564743042,0.08076412975788116,0.08076402992010116,6.313240577076335e-08,0.12722329795360565
222,0.07089384645223618,0.07089387625455856,0.07089396566152573,0.07089386135339737,0.07089397311210632,0.07089390456676484,6.016084324773058e-08,0.12045583873987198
223,0.06605077534914017,0.06605073809623718,0.06605089455842972,0.06605078279972076,0.06605090945959091,0.06605082005262375,7.68891254087921e-08,0.11245410889387131
224,0.05112850293517113,0.05112849920988083,0.051128558814525604,0.051128484308719635,0.051128629595041275,0.05112853497266769,5.998758520365934e-08,0.096408411860466
225,0.06295660883188248,0.06295664608478546,0.06295675784349442,0.06295667588710785,0.06295674294233322,0.06295668631792069,6.335184475624953e-08,0.10246067494153976
226,0.07202878594398499,0.07202882319688797,0.07202889025211334,0.07202877104282379,0.07202892005443573,0.07202883809804916,6.495265578539184e-08,0.10172084718942642
227,0.06997888535261154,0.06997886300086975,0.06997896730899811,0.06997886300086975,0.0699789747595787,0.06997891068458557,5.590418422908804e-08,0.09455602616071701
228,0.07710172235965729,0.07710178196430206,0.07710187882184982,0.07710178941488266,0.07710185647010803,0.07710180580615997,6.264693441861245e-08,0.09299623966217041
229,0.07743792235851288,0.07743795216083527,0.07743801176548004,0.07743791490793228,0.07743804156780243,0.07743796855211257,5.585451368686948e-08,0.09086741507053375
230,0.09003689140081406,0.09003707021474838,0.09003707021474838,0.09003695845603943,0.09003711491823196,0.09003702104091645,9.269911655781144e-08,0.09725017845630646
231,0.09909562021493912,0.09909573197364807,0.09909574687480927,0.09909570217132568,0.09909579157829285,0.09909571856260299,6.374493132891488e-08,0.10133349895477295
232,0.11001449823379517,0.11001462489366531,0.1100146546959877,0.11001461744308472,0.11001472920179367,0.11001462489366531,8.346645721200138e-08,0.11534526944160461
233,0.12449285387992859,0.12449295073747635,0.12449302524328232,0.12449292093515396,0.12449302524328232,0.1244929552078247,7.292440118337963e-08,0.12905435264110565
234,0.12444785237312317,0.12444797158241272,0.12444799393415451,0.12444795668125153,0.12444805353879929,0.12444796562194824,7.326614718997193e-08,0.12973690032958984
235,0.12776349484920502,0.1277635544538498,0.12776359915733337,0.12776349484920502,0.12776365876197815,0.12776356041431428,7.036756845186707e-08,0.12898820638656616
236,0.12838445603847504,0.1283845603466034,0.1283845752477646,0.1283845454454422,0.12838461995124817,0.12838455140590668,6.016084324773059e-08,0.13069060444831848
237,0.12384609133005142,0.12384624034166336,0.12384627759456635,0.12384618073701859,0.12384628504514694,0.12384621500968933,8.052144101921496e-08,0.1296204775571823
238,0.11679340153932571,0.1167934462428093,0.11679349839687347,0.11679348349571228,0.11679351329803467,0.11679346859455109,4.5012853941301153e-08,0.1242777407169342
239,0.12384337186813354,0.12384337931871414,0.1238434687256813,0.12384334206581116,0.1238434910774231,0.12384341061115264,6.525109423938786e-08,0.12983675301074982
240,0.14216774702072144,0.1421678215265274,0.14216794073581696,0.14216777682304382,0.14216792583465576,0.14216784238815308,8.727044143883182e-08,0.1460389494895935
241,0.152077779173851,0.15207786858081818,0.1520778387784958,0.1520778089761734,0.15207789838314056,0.1520778387784958,4.712160915387242e-08,0.15312565863132477
242,0.1426822692155838,0.14268237352371216,0.14268241822719574,0.1426822990179062,0.14268247783184052,0.14268236756324768,8.534086384341928e-08,0.147525355219841
243,0.1476442962884903,0.14764432609081268,0.14764441549777985,0.14764432609081268,0.14764449000358582,0.14764437079429626,8.024520884654677e-08,0.15150031447410583
244,0.1427495926618576,0.14274968206882477,0.14274968206882477,0.14274965226650238,0.14274975657463074,0.14274967312812806,5.9230944259023044e-08,0.1502341479063034
245,0.14946845173835754,0.1494685411453247,0.14946863055229187,0.1494685858488083,0.1494685858488083,0.14946855902671813,6.779618958280877e-08,0.15541039407253265
246,0.15468904376029968,0.1546889990568161,0.15468914806842804,0.15468904376029968,0.15468914806842804,0.1546890765428543,6.779618958280877e-08,0.15557794272899628
247,0.15515610575675964,0.15515615046024323,0.15515626966953278,0.15515616536140442,0.15515626966953278,0.15515619218349458,7.405742192142711e-08,0.16029155254364014
248,0.15985369682312012,0.15985381603240967,0.15985380113124847,0.1598537713289261,0.15985386073589325,0.1598537892103195,6.089453918249175e-08,0.1619444638490677
249,0.16073942184448242,0.16073951125144958,0.16073954105377197,0.1607394516468048,0.16073957085609436,0.16073949933052062,6.179941103854096e-08,0.16048824787139893
250,0.17196986079216003,0.171969935297966,0.17196999490261078,0.17196987569332123,0.17197003960609436,0.1719699412584305,7.641840818499377e-08,0.16751134395599365
251,0.16336475312709808,0.16336482763290405,0.16336484253406525,0.16336478292942047,0.1633649319410324,0.16336482763290405,6.828569911354542e-08,0.16183671355247498
252,0.1696218103170395,0.16962194442749023,0.16962198913097382,0.16962192952632904,0.1696220487356186,0.16962194442749023,8.815645848363066e-08,0.16540344059467316
253,0.1638752818107605,0.16387535631656647,0.16387541592121124,0.16387535631656647,0.16387547552585602,0.16387537717819214,7.269567798167746e-08,0.16043627262115479
254,0.16290336847305298,0.16290348768234253,0.16290345788002014,0.16290339827537537,0.16290350258350372,0.16290344297885895,5.7711949142924205e-08,0.16031576693058014
255,0.16922225058078766,0.16922231018543243,0.16922235488891602,0.16922232508659363,0.1692224144935608,0.1692223310470581,6.016084324773058e-08,0.16410286724567413
256,0.16705897450447083,0.16705909371376038,0.16705915331840515,0.16705907881259918,0.16705918312072754,0.1670590966939926,8.052144101921496e-08,0.16388319432735443
257,0.16016264259815216,0.16016270220279694,0.16016283631324768,0.16016270220279694,0.1601628065109253,0.1601627379655838,8.065920235350346e-08,0.16007889807224274
258,0.15751993656158447,0.15751996636390686,0.1575200855731964,0.15751993656158447,0.1575200855731964,0.15752000212669373,7.714139882054796e-08,0.15956738591194153
259,0.16982494294643402,0.16982504725456238,0.16982510685920715,0.16982501745224,0.16982516646385193,0.1698250561952591,8.534086384341928e-08,0.16329436004161835
260,0.1699049025774002,0.16990496218204498,0.16990500688552856,0.1699049472808838,0.16990506649017334,0.16990497708320618,6.233602959916559e-08,0.1644739806652069
261,0.1937730610370636,0.19377310574054718,0.19377321004867554,0.19377312064170837,0.19377323985099792,0.19377314746379853,7.48032355189987e-08,0.18695156276226044
262,0.17996586859226227,0.17996592819690704,0.1799660325050354,0.17996592819690704,0.1799660474061966,0.17996596097946166,7.627298767608242e-08,0.17534232139587402
263,0.1916421353816986,0.19164220988750458,0.19164225459098816,0.19164223968982697,0.19164228439331055,0.19164222478866577,5.674193133312396e-08,0.18768414855003357
264,0.1993744969367981,0.19937452673912048,0.19937463104724884,0.19937452673912048,0.19937466084957123,0.19937456846237184,7.254279520891955e-08,0.19220827519893646
265,0.20090866088867188,0.2009086310863495,0.20090876519680023,0.20090866088867188,0.20090878009796143,0.20090869963169097,6.795975119466412e-08,0.19744668900966644
266,0.1942012459039688,0.1942012906074524,0.19420139491558075,0.1942013055086136,0.19420136511325836,0.19420132040977478,5.960464477539063e-08,0.18813200294971466
267,0.1999180167913437,0.19991807639598846,0.19991815090179443,0.19991813600063324,0.1999182105064392,0.19991811811923982,7.405742192142711e-08,0.19464296102523804
268,0.20169508457183838,0.20169517397880554,0.2016952484846115,0.20169511437416077,0.2016952782869339,0.20169517993927003,8.336663681685546e-08,0.19506226480007172
269,0.20304125547409058,0.20304138958454132,0.20304140448570251,0.20304132997989655,0.2030414640903473,0.20304136872291564,7.927081631583207e-08,0.19683398306369781
270,0.20981749892234802,0.20981761813163757,0.20981760323047638,0.2098175436258316,0.20981767773628235,0.20981758832931519,6.909384202581423e-08,0.20114314556121826
271,0.20850999653339386,0.20851008594036102,0.2085101455450058,0.20850999653339386,0.20851019024848938,0.2085100829601288,8.714313219316867e-08,0.19947746396064758
272,0.20425888895988464,0.20425893366336823,0.204258993268013,0.20425891876220703,0.2042590230703354,0.20425895154476165,5.515442944562956e-08,0.1937379390001297
273,0.20559005439281464,0.20559005439281464,0.2055901288986206,0.20559005439281464,0.20559018850326538,0.205590096116066,6.089453918249175e-08,0.19608817994594574
274,0.20142105221748352,0.2014210820198059,0.20142115652561188,0.20142106711864471,0.20142118632793427,0.20142110884189607,5.904320703792259e-08,0.19909735023975372
275,0.20274588465690613,0.2027459442615509,0.2027459591627121,0.2027459293603897,0.20274604856967926,0.20274595320224761,6.016084324773058e-08,0.1979505717754364
276,0.201471209526062,0.2014712691307068,0.20147131383419037,0.2014712393283844,0.20147132873535156,0.20147127211093901,4.986882367933247e-08,0.19324055314064026
277,0.20902788639068604,0.2090279906988144,0.20902808010578156,0.209027960896492,0.20902808010578156,0.2090279996395111,8.269808844036823e-08,0.20126785337924957
278,0.21162256598472595,0.2116226702928543,0.2116226851940155,0.21162262558937073,0.21162275969982147,0.2116226613521576,7.192801467267973e-08,0.20184160768985748
279,0.21820679306983948,0.21820688247680664,0.21820692718029022,0.21820682287216187,0.2182069569826126,0.21820687651634216,6.877172445782617e-08,0.20748549699783325
280,0.2242283821105957,0.22422842681407928,0.22422853112220764,0.2242283970117569,0.22422847151756287,0.22422844171524048,6.05288029062447e-08,0.21015870571136475
281,0.2167062908411026,0.216706320643425,0.21670639514923096,0.2167063057422638,0.21670642495155334,0.21670634746551515,5.904320703792259e-08,0.20301082730293274
282,0.20725363492965698,0.20725367963314056,0.20725373923778534,0.20725367963314056,0.20725375413894653,0.20725369751453399,4.874297152100839e-08,0.1897278130054474
283,0.20655952394008636,0.20655959844589233,0.2065596729516983,0.20655955374240875,0.2065596729516983,0.20655960440635682,6.795975119466412e-08,0.18970400094985962
284,0.21207067370414734,0.2120707482099533,0.21207080781459808,0.21207071840763092,0.21207080781459808,0.21207075119018554,5.8095421462112447e-08,0.19748152792453766
285,0.21430055797100067,0.21430054306983948,0.21430066227912903,0.21430060267448425,0.21430069208145142,0.21430061161518096,6.460989531480908e-08,0.20301701128482819
286,0.2159886360168457,0.21598872542381287,0.21598879992961884,0.21598868072032928,0.21598884463310242,0.21598873734474183,8.521067175564645e-08,0.20654526352882385
287,0.2214682698249817,0.22146838903427124,0.22146844863891602,0.22146840393543243,0.2214684635400772,0.22146839499473572,7.641840818499378e-08,0.2146911472082138
288,0.21748198568820953,0.21748216450214386,0.21748216450214386,0.21748214960098267,0.21748220920562744,0.21748213469982147,8.624670582108368e-08,0.2142636477947235
289,0.2221551537513733,0.22215527296066284,0.2221553474664688,0.22215524315834045,0.22215531766414642,0.22215526700019836,7.495150768732603e-08,0.21914438903331757
290,0.22640448808670044,0.2264045774936676,0.22640463709831238,0.2264045923948288,0.22640468180179596,0.22640459537506102,7.254279520891955e-08,0.22358690202236176
291,0.2343696504831314,0.23436979949474335,0.23436981439590454,0.23436978459358215,0.2343698889017105,0.23436978757381438,8.650377555906768e-08,0.22959628701210022
292,0.24144499003887177,0.2414451241493225,0.2414451688528061,0.2414451241493225,0.24144519865512848,0.24144512116909028,7.982906839834972e-08,0.23243559896945953
293,0.2300211787223816,0.23002128303050995,0.23002134263515472,0.23002131283283234,0.2300213873386383,0.23002130091190337,7.84259877618597e-08,0.22136013209819794
294,0.23784564435482025,0.23784570395946503,0.2378457635641098,0.23784568905830383,0.23784580826759338,0.23784572184085845,6.44378313733329e-08,0.23010686039924622
295,0.2379141002893448,0.23791420459747314,0.23791424930095673,0.23791417479515076,0.2379142940044403,0.23791420459747314,7.375698489406456e-08,0.23914489150047302
296,0.23832175135612488,0.23832182586193085,0.2383219301700592,0.23832182586193085,0.2383219450712204,0.23832185566425323,8.093402155637902e-08,0.24178513884544373
297,0.24597589671611786,0.24597595632076263,0.2459760457277298,0.2459760159254074,0.2459760457277298,0.2459759920835495,6.46098953148091e-08,0.24829846620559692
298,0.2485988736152649,0.24859902262687683,0.24859905242919922,0.24859899282455444,0.24859905242919922,0.24859899878501893,7.42071843027397e-08,0.25219613313674927
299,0.24733713269233704,0.2473371922969818,0.24733728170394897,0.2473372519016266,0.2473372370004654,0.24733721911907197,5.8095421462112447e-08,0.25296568870544434
300,0.2542365789413452,0.25423669815063477,0.25423672795295715,0.25423669815063477,0.25423675775527954,0.2542366921901703,6.795975119466411e-08,0.2547086179256439
301,0.24085070192813873,0.24085082113742828,0.24085082113742828,0.2408507913351059,0.24085086584091187,0.2408508002758026,6.107658604359388e-08,0.24519722163677216
302,0.23588131368160248,0.23588144779205322,0.235881507396698,0.23588141798973083,0.2358814924955368,0.23588143587112426,7.699734379508385e-08,0.24311715364456177
303,0.24355554580688477,0.24355563521385193,0.24355566501617432,0.24355565011501312,0.2435556948184967,0.24355563819408416,5.6151877884318745e-08,0.24658209085464478
304,0.2479928880929947,0.24799297749996185,0.24799300730228424,0.24799297749996185,0.24799302220344543,0.24799297451972963,5.204751848153168e-08,0.2573105990886688
305,0.25679370760917664,0.2567938566207886,0.2567938566207886,0.2567938566207886,0.25679388642311096,0.25679383277893064,7.115206948705507e-08,0.2585338056087494
306,0.25735846161842346,0.25735852122306824,0.2573586106300354,0.2573585510253906,0.2573586106300354,0.2573585510253906,6.322027276634104e-08,0.25484639406204224
307,0.26463669538497925,0.2646368145942688,0.26463690400123596,0.2646368145942688,0.26463690400123596,0.26463682651519777,8.585965806775053e-08,0.2665271461009979
308,0.2748662233352661,0.27486634254455566,0.27486640214920044,0.27486634254455566,0.27486640214920044,0.27486634254455566,7.300048299977713e-08,0.275453120470047
309,0.2759629189968109,0.2759630084037781,0.27596306800842285,0.27596303820610046,0.2759631276130676,0.275963032245636,7.714139882054796e-08,0.2749212384223938
310,0.2722710072994232,0.2722710967063904,0.27227118611335754,0.27227115631103516,0.27227118611335754,0.27227112650871277,7.598131170262075e-08,0.26802948117256165
311,0.2682560682296753,0.2682562470436096,0.2682562470436096,0.26825618743896484,0.268256276845932,0.26825620532035827,8.32333567367133e-08,0.26319044828414917
312,0.2817850112915039,0.28178513050079346,0.281785249710083,0.28178513050079346,0.281785249710083,0.2817851543426514,9.973764735866494e-08,0.27094829082489014
313,0.281634658575058,0.28163477778434753,0.2816348671913147,0.28163474798202515,0.2816348671913147,0.281634783744812,8.790422203393354e-08,0.2712037265300751
314,0.28729867935180664,0.2872987985610962,0.2872988283634186,0.2872988283634186,0.2872988283634186,0.28729879260063174,6.460989531480908e-08,0.2727290391921997
315,0.30250057578086853,0.3025006949901581,0.30250075459480286,0.3025006949901581,0.30250078439712524,0.30250070095062254,7.996802249550067e-08,0.2721043527126312
316,0.30397284030914307,0.30397292971611023,0.303972989320755,0.30397292971611023,0.303972989320755,0.3039729356765747,6.107658604359387e-08,0.2746579647064209
317,0.3131248354911804,0.31312495470046997,0.31312498450279236,0.3131248950958252,0.31312498450279236,0.31312493085861204,6.460989531480908e-08,0.27720144391059875
318,0.30989110469818115,0.3098912239074707,0.30989134311676025,0.3098912239074707,0.3098912537097931,0.30989122986793516,8.534086384341927e-08,0.27669087052345276
319,0.3055485486984253,0.30554863810539246,0.30554869771003723,0.30554869771003723,0.305548757314682,0.30554866790771484,7.884953353001448e-08,0.275591105222702
320,0.3065311014652252,0.30653116106987,0.30653125047683716,0.30653122067451477,0.30653131008148193,0.3065312087535858,8.052144101921496e-08,0.2789532244205475
321,0.32029175758361816,0.3202918767929077,0.3202919661998749,0.3202918469905853,0.3202919363975525,0.3202918767929077,8.161702118890973e-08,0.2902979254722595
322,0.32371199131011963,0.323712021112442,0.32371214032173157,0.3237120807170868,0.32371214032173157,0.32371207475662234,6.795975119466412e-08,0.29600706696510315
323,0.3110937476158142,0.31109389662742615,0.31109392642974854,0.31109389662742615,0.3110939562320709,0.3110938847064972,8.052144101921496e-08,0.28712013363838196
324,0.31266871094703674,0.3126688301563263,0.31266894936561584,0.3126688599586487,0.31266888976097107,0.3126688480377197,8.840797528142528e-08,0.2967381179332733
325,0.31585460901260376,0.3158546984195709,0.3158547580242157,0.3158547282218933,0.3158547878265381,0.31585471630096434,6.86100985599836e-08,0.2981806695461273
326,0.32068002223968506,0.3206801116466522,0.3206802010536194,0.320680171251297,0.3206802010536194,0.3206801414489746,7.598131170262075e-08,0.3024291694164276
327,0.3354552090167999,0.33545535802841187,0.33545538783073425,0.3354552984237671,0.33545538783073425,0.3354553282260895,7.598131170262075e-08,0.31437504291534424
328,0.3333088159561157,0.3333089351654053,0.33330899477005005,0.3333089351654053,0.33330899477005005,0.3333089351654053,7.300048299977713e-08,0.3125583827495575
329,0.32581672072410583,0.3258168399333954,0.32581689953804016,0.3258168399333954,0.32581689953804016,0.3258168399333954,7.300048299977713e-08,0.30454128980636597
330,0.3292180597782135,0.32921814918518066,0.3292182385921478,0.3292181193828583,0.3292182683944702,0.3292181670665741,8.585965806775053e-08,0.30617275834083557
331,0.3302129805088043,0.3302130401134491,0.33021309971809387,0.33021312952041626,0.33021315932273865,0.33021308183670045,7.177349673981843e-08,0.30603712797164917
332,0.3370591998100281,0.3370593190193176,0.33705934882164,0.33705928921699524,0.3370593786239624,0.33705930709838866,6.86100985599836e-08,0.31551593542099
333,0.33837220072746277,0.3383723199367523,0.3383724093437195,0.3383723497390747,0.3383723795413971,0.3383723318576813,8.052144101921496e-08,0.3189834952354431
334,0.3221161961555481,0.32211625576019287,0.3221164047718048,0.32211628556251526,0.32211631536483765,0.3221162915229797,7.714139882054796e-08,0.3063700795173645
335,0.3212774693965912,0.32127752900123596,0.3212776482105255,0.3212776184082031,0.3212776780128479,0.32127758860588074,8.688795409866125e-08,0.3090676963329315
336,0.33060896396636963,0.3306090831756592,0.33060917258262634,0.3306090533733368,0.33060914278030396,0.3306090831756592,8.161702118890973e-08,0.31693950295448303
337,0.3179970979690552,0.31799715757369995,0.3179972767829895,0.31799718737602234,0.3179972469806671,0.3179971933364868,7.115206948705507e-08,0.3054383099079132
338,0.3349285125732422,0.33492857217788696,0.3349287211894989,0.33492863178253174,0.3349286615848541,0.33492861986160277,8.052144101921496e-08,0.317753404378891
339,0.3377523124217987,0.33775240182876587,0.3377525210380554,0.33775240182876587,0.33775249123573303,0.3377524256706238,8.269808844036821e-08,0.3193364441394806
340,0.3180937170982361,0.31809383630752563,0.318093866109848,0.31809383630752563,0.318093866109848,0.31809382438659667,6.179941103854096e-08,0.3062775135040283
341,0.33170637488365173,0.3317064046859741,0.33170655369758606,0.3317064940929413,0.33170655369758606,0.33170647621154786,8.32333567367133e-08,0.313385546207428
342,0.32682886719703674,0.3268289566040039,0.32682904601097107,0.3268289566040039,0.3268290162086487,0.3268289685249329,6.86100985599836e-08,0.30880120396614075
343,0.32767194509506226,0.3276720345020294,0.32767215371131897,0.3276720643043518,0.3276720941066742,0.32767205834388735,7.714139882054796e-08,0.3086671531200409
344,0.31221282482147217,0.3122129440307617,0.3122130036354065,0.3122129738330841,0.3122130334377289,0.3122129559516907,8.052144101921496e-08,0.2957248389720917
345,0.3125915229320526,0.31259167194366455,0.31259164214134216,0.31259164214134216,0.31259170174598694,0.3125916361808777,6.795975119466411e-08,0.29378756880760193
346,0.31128260493278503,0.3112826943397522,0.31128278374671936,0.3112827241420746,0.3112827241420746,0.31128270626068116,6.529361695112778e-08,0.29292330145835876
347,0.30389535427093506,0.30389541387557983,0.3038955330848694,0.30389541387557983,0.3038955628871918,0.3038954555988312,8.840797528142528e-08,0.2913815677165985
348,0.297101765871048,0.2971019148826599,0.2971020042896271,0.2971018850803375,0.29710203409194946,0.29710192084312437,1.0620671320680059e-07,0.28973427414894104
349,0.3076990246772766,0.3076991140842438,0.30769917368888855,0.3076991140842438,0.3076992332935333,0.3076991319656372,7.771494871619521e-08,0.2999056279659271
350,0.30901065468788147,0.30901074409484863,0.30901089310646057,0.309010773897171,0.30901089310646057,0.30901079177856444,1.0237433932612936e-07,0.3028642237186432
351,0.2980733811855316,0.2980734705924988,0.2980736196041107,0.29807353019714355,0.2980736196041107,0.2980735242366791,1.0193962679199618e-07,0.29238495230674744
352,0.3111779987812042,0.3111780881881714,0.31117814779281616,0.3111781179904938,0.3111781179904938,0.31117809414863584,5.732591170570655e-08,0.31166020035743713
353,0.31804358959198,0.31804367899894714,0.3180437386035919,0.31804370880126953,0.3180437386035919,0.3180436909198761,6.179941103854096e-08,0.31441670656204224
354,0.3217734396457672,0.32177355885505676,0.3217736482620239,0.32177355885505676,0.32177361845970154,0.3217735648155212,7.996802249550067e-08,0.31268608570098877
355,0.31557223200798035,0.3155723810195923,0.31557247042655945,0.3155723810195923,0.3155724108219147,0.31557237505912783,8.790422203393354e-08,0.2988910377025604
356,0.318819522857666,0.3188196122646332,0.31881973147392273,0.31881967186927795,0.3188197612762451,0.318819659948349,9.564642033506163e-08,0.30187729001045227
357,0.32647904753685,0.3264791667461395,0.3264791965484619,0.3264791667461395,0.3264792561531067,0.3264791667461395,7.598131170262075e-08,0.31536370515823364
358,0.3360794484615326,0.336079478263855,0.33607959747314453,0.33607953786849976,0.3360796570777893,0.3360795438289642,8.534086384341927e-08,0.31946974992752075
359,0.34895965456962585,0.3489597737789154,0.3489598333835602,0.3489598333835602,0.34895986318588257,0.3489597916603088,8.32333567367133e-08,0.32974758744239807
360,0.3509654998779297,0.35096555948257446,0.3509656488895416,0.35096558928489685,0.350965678691864,0.3509655952453613,7.115206948705507e-08,0.3302086889743805
361,0.35503876209259033,0.3550388216972351,0.35503891110420227,0.3550388813018799,0.35503894090652466,0.35503886342048646,7.177349673981843e-08,0.3362562358379364
362,0.36906346678733826,0.36906352639198303,0.3690635859966278,0.36906352639198303,0.36906367540359497,0.3690635561943054,7.884953353001448e-08,0.35145238041877747
363,0.3686755895614624,0.36867567896842957,0.3686757981777191,0.36867570877075195,0.3686757981777191,0.3686757147312164,8.790422203393354e-08,0.351377010345459
364,0.36013850569725037,0.36013859510421753,0.3601386845111847,0.36013859510421753,0.3601386845111847,0.36013861298561095,7.48032355189987e-08,0.3487655520439148
365,0.3717312514781952,0.37173134088516235,0.3717314600944519,0.37173140048980713,0.3717314302921295,0.3717313766479492,8.269808844036821e-08,0.35563746094703674
366,0.3888297975063324,0.38882991671562195,0.3888299763202667,0.38882994651794434,0.3888299763202667,0.3888299226760864,7.420718430273969e-08,0.36966168880462646
367,0.3921472728252411,0.39214739203453064,0.3921475112438202,0.3921474516391754,0.39214739203453064,0.3921474039554596,8.840797528142528e-08,0.3699134886264801
368,0.3928180932998657,0.3928181827068329,0.39281830191612244,0.39281827211380005,0.39281824231147766,0.39281821846961973,8.269808844036821e-08,0.3727046251296997
369,0.38748544454574585,0.387485533952713,0.38748565316200256,0.3874856233596802,0.38748568296432495,0.38748558759689333,9.748594304201677e-08,0.369960755109787
370,0.3950216770172119,0.3950217664241791,0.395021915435791,0.39502182602882385,0.3950219452381134,0.39502182602882385,1.0950072449966572e-07,0.37159454822540283
371,0.3901970684528351,0.39019718766212463,0.3901973366737366,0.390197217464447,0.3901972472667694,0.39019721150398257,9.748594304201677e-08,0.367156058549881
372,0.37872305512428284,0.37872323393821716,0.3787233233451843,0.37872323393821716,0.37872329354286194,0.3787232279777527,1.0409503696306336e-07,0.35628485679626465
373,0.38025856018066406,0.3802586793899536,0.3802587687969208,0.380258709192276,0.38025879859924316,0.38025870323181155,9.281880558966062e-08,0.35710209608078003
374,0.37007662653923035,0.3700768053531647,0.37007689476013184,0.3700768053531647,0.37007683515548706,0.3700767934322357,1.0018191524727112e-07,0.34668415784835815
375,0.3728267252445221,0.37282687425613403,0.3728269636631012,0.37282687425613403,0.3728269040584564,0.3728268682956696,8.790422203393354e-08,0.34416720271110535
376,0.38393619656562805,0.3839362561702728,0.38393643498420715,0.3839363753795624,0.3839362859725952,0.38393630981445315,9.518098487062044e-08,0.34930646419525146
377,0.397473007440567,0.39747318625450134,0.3974732458591461,0.39747321605682373,0.3974732458591461,0.3974731802940369,9.973764735866494e-08,0.3617441952228546
378,0.3951866626739502,0.39518675208091736,0.3951868414878845,0.39518678188323975,0.39518675208091736,0.3951867580413818,6.460989531480908e-08,0.35278138518333435
379,0.40550801157951355,0.4055081307888031,0.40550824999809265,0.4055081605911255,0.4055081903934479,0.4055081486701965,8.840797528142528e-08,0.3602185845375061
380,0.40861642360687256,0.4086166024208069,0.40861666202545166,0.4086166024208069,0.4086166322231293,0.40861658453941346,9.329602624475078e-08,0.3616814613342285
381,0.40988898277282715,0.4098891019821167,0.409889280796051,0.4098891615867615,0.40988922119140625,0.4098891496658325,1.1465182341141311e-07,0.36336657404899597
382,0.4058890640735626,0.40588921308517456,0.40588927268981934,0.4058891832828522,0.4058891832828522,0.4058891832828522,7.598131170262075e-08,0.3618858754634857
383,0.40264812111854553,0.40264827013015747,0.40264829993247986,0.40264827013015747,0.40264827013015747,0.40264824628829954,7.115206948705507e-08,0.3622508645057678
384,0.4107862114906311,0.41078639030456543,0.4107864201068878,0.41078636050224304,0.41078639030456543,0.4107863545417786,8.269808844036821e-08,0.3756404519081116
385,0.3935808837413788,0.3935810327529907,0.3935810923576355,0.3935810625553131,0.3935810625553131,0.39358102679252627,8.269808844036821e-08,0.36128881573677063
386,0.39795929193496704,0.39795947074890137,0.39795956015586853,0.39795947074890137,0.39795950055122375,0.3979594588279724,1.0018191524727112e-07,0.3594828248023987
387,0.40202683210372925,0.40202704071998596,0.4020271301269531,0.4020269811153412,0.4020270109176636,0.4020269989967346,1.0868658142572922e-07,0.35888350009918213
388,0.40306124091148376,0.4030614197254181,0.40306147933006287,0.4030614197254181,0.40306147933006287,0.4030614078044891,9.794042542669168e-08,0.3640460669994354
389,0.40976449847221375,0.4097645878791809,0.40976470708847046,0.4097646176815033,0.4097646474838257,0.40976461172103884,7.714139882054796e-08,0.3661978840827942
390,0.42151105403900146,0.4215112328529358,0.42151138186454773,0.4215112626552582,0.4215112030506134,0.42151122689247134,1.1808641407584518e-07,0.37794050574302673
391,0.4177604615688324,0.4177606403827667,0.4177606701850891,0.41776061058044434,0.4177607297897339,0.4177606225013733,1.0018191524727112e-07,0.37723469734191895
392,0.4188680350780487,0.41886812448501587,0.4188682436943054,0.41886812448501587,0.41886821389198303,0.4188681483268738,8.269808844036821e-08,0.380198210477829
393,0.4073740839958191,0.40737420320510864,0.4073742926120758,0.40737423300743103,0.40737423300743103,0.4073742091655731,7.714139882054796e-08,0.37529686093330383
394,0.4148019254207611,0.41480204463005066,0.4148021936416626,0.41480207443237305,0.41480207443237305,0.4148020625114441,9.564642033506163e-08,0.383360356092453
395,0.4148307740688324,0.41483089327812195,0.4148309528827667,0.41483092308044434,0.4148309528827667,0.4148308992385864,7.420718430273969e-08,0.38801124691963196
396,0.4084826707839966,0.4084828197956085,0.4084828794002533,0.4084828495979309,0.4084828197956085,0.40848280787467955,8.052144101921496e-08,0.38470780849456787
397,0.4000951051712036,0.40009528398513794,0.4000953435897827,0.4000953137874603,0.4000953137874603,0.400095272064209,9.564642033506163e-08,0.37926700711250305
398,0.41324979066848755,0.4132498800754547,0.41324999928474426,0.4132499098777771,0.4132499098777771,0.41324989795684813,7.48032355189987e-08,0.389085978269577
399,0.42162492871284485,0.4216251075267792,0.42162519693374634,0.4216250777244568,0.4216251075267792,0.42162508368492124,9.748594304201677e-08,0.3922925889492035
400,0.4338907301425934,0.4338909089565277,0.4338909983634949,0.4338909387588501,0.4338909387588501,0.43389090299606325,1.0193962679199618e-07,0.4000919461250305
401,0.43146267533302307,0.4314629137516022,0.43146294355392456,0.4314628541469574,0.4314629137516022,0.43146286010742185,1.0827721431603998e-07,0.39725640416145325
402,0.42859187722206116,0.4285920262336731,0.42859208583831787,0.4285919666290283,0.42859193682670593,0.4285919785499573,8.052144101921496e-08,0.39594849944114685
403,0.43930795788764954,0.4393080770969391,0.439308226108551,0.4393081068992615,0.43930813670158386,0.439308100938797,9.748594304201677e-08,0.40605658292770386
404,0.4381072223186493,0.43810731172561646,0.4381074905395508,0.438107430934906,0.438107430934906,0.4381073772907257,1.0827721431603998e-07,0.4084610641002655
405,0.4424753487110138,0.44247549772262573,0.4424755573272705,0.44247549772262573,0.44247549772262573,0.4424754798412323,7.771494871619521e-08,0.41721752285957336
406,0.4449441134929657,0.44494423270225525,0.4449443817138672,0.4449442923069,0.44494426250457764,0.4449442565441132,9.748594304201677e-08,0.423257440328598
407,0.45755770802497864,0.45755788683891296,0.45755794644355774,0.45755788683891296,0.45755791664123535,0.45755786895751954,9.329602624475078e-08,0.42869171500205994
408,0.4600532352924347,0.46005335450172424,0.4600534737110138,0.4600534439086914,0.460053414106369,0.46005338430404663,9.424321830774485e-08,0.4329509437084198
409,0.45166438817977905,0.4516644775867462,0.45166462659835815,0.4516645669937134,0.451664537191391,0.45166451930999757,9.088486839519088e-08,0.4198249876499176
410,0.4508923292160034,0.45089247822761536,0.45089253783226013,0.45089247822761536,0.45089244842529297,0.4508924543857574,7.714139882054796e-08,0.41598832607269287
411,0.4497281014919281,0.44972822070121765,0.4497283697128296,0.4497283101081848,0.44972825050354004,0.44972825050354004,1.0106459234841567e-07,0.4142211377620697
412,0.4407771825790405,0.44077739119529724,0.440777450799942,0.44077739119529724,0.44077739119529724,0.44077736139297485,1.0323827311807139e-07,0.4034147560596466
413,0.4378925859928131,0.4378927946090698,0.4378928244113922,0.43789273500442505,0.4378927946090698,0.437892746925354,9.564642033506163e-08,0.3962650001049042
414,0.43824005126953125,0.4382402002811432,0.43824031949043274,0.4382401704788208,0.4382402300834656,0.43824019432067873,9.748594304201677e-08,0.3918728828430176
415,0.45074304938316345,0.4507431387901306,0.45074331760406494,0.4507431983947754,0.450743168592453,0.45074317455291746,9.748594304201677e-08,0.40382152795791626
416,0.44743281602859497,0.44743287563323975,0.4474330246448517,0.44743290543556213,0.4474329650402069,0.4474329173564911,8.052144101921496e-08,0.4020516574382782
417,0.45442935824394226,0.4544294774532318,0.45442965626716614,0.4544295370578766,0.4544295370578766,0.45442951321601865,1.0827721431603998e-07,0.4097200334072113
418,0.45708367228507996,0.4570837914943695,0.45708391070365906,0.4570837914943695,0.4570838212966919,0.45708379745483396,8.534086384341927e-08,0.4170807898044586
419,0.44907546043395996,0.4490755498409271,0.44907572865486145,0.4490755796432495,0.4490756392478943,0.4490755915641785,1.0018191524727112e-07,0.3945768475532532
420,0.4265954792499542,0.4265955686569214,0.4265957176685333,0.4265955984592438,0.42659565806388855,0.42659560441970823,9.039491944374502e-08,0.3522242307662964
421,0.41668251156806946,0.4166826605796814,0.41668277978897095,0.4166826903820038,0.41668274998664856,0.4166826784610748,1.0452078531235566e-07,0.35597413778305054
422,0.44420748949050903,0.4442075490951538,0.44420763850212097,0.4442076086997986,0.4442075788974762,0.44420757293701174,5.7325911705706554e-08,0.374907910823822
423,0.4352330267429352,0.43523311614990234,0.43523332476615906,0.43523314595222473,0.4352332055568695,0.43523316383361815,1.1071071398858255e-07,0.3783559203147888
424,0.44896745681762695,0.4489675462245941,0.44896772503852844,0.4489676356315613,0.4489676356315613,0.44896759986877444,1.0193962679199618e-07,0.38764968514442444
425,0.45667293667793274,0.4566730260848999,0.45667317509651184,0.4566730260848999,0.4566730856895447,0.45667304992675783,8.790422203393354e-08,0.39956459403038025
426,0.45425888895988464,0.4542589485645294,0.45425915718078613,0.45425909757614136,0.45425906777381897,0.4542590320110321,1.1030885889125912e-07,0.40179094672203064
427,0.4543362557888031,0.4543362557888031,0.45433637499809265,0.45433640480041504,0.45433637499809265,0.4543363332748413,7.177349673981843e-08,0.4048954248428345
428,0.48255252838134766,0.4825526177883148,0.48255273699760437,0.482552707195282,0.4825526773929596,0.48255265355110166,8.269808844036821e-08,0.4241548478603363
429,0.4818528890609741,0.4818529486656189,0.4818531274795532,0.48185303807258606,0.48185303807258606,0.48185300827026367,9.18569267238524e-08,0.42474594712257385
430,0.4899313449859619,0.4899313747882843,0.489931583404541,0.4899314343929291,0.4899314045906067,0.4899314284324646,9.281880558966062e-08,0.4303695261478424
431,0.4960976243019104,0.4960978031158447,0.49609795212745667,0.4960978925228119,0.4960978329181671,0.49609782099723815,1.239576002543296e-07,0.4366113245487213
432,0.4981544613838196,0.49815458059310913,0.49815472960472107,0.4981546401977539,0.4981546700000763,0.498154616355896,1.0193962679199618e-07,0.4388676881790161
433,0.4980035424232483,0.49800363183021545,0.498003751039505,0.4980037212371826,0.49800369143486023,0.4980036675930023,8.269808844036821e-08,0.43858715891838074
434,0.5003057718276978,0.5003058314323425,0.5003060102462769,0.5003059506416321,0.5003058910369873,0.5003058910369873,9.424321830774485e-08,0.4391977787017822
435,0.5126997232437134,0.5126999020576477,0.5127000212669373,0.5126999616622925,0.5126999616622925,0.5126999139785766,1.146518234114131e-07,0.45026132464408875
436,0.513660192489624,0.5136603116989136,0.5136604905128479,0.5136603116989136,0.5136603116989136,0.5136603236198425,1.066240299940009e-07,0.4510292410850525
437,0.5183218121528625,0.5183218717575073,0.5183221101760864,0.5183219909667969,0.5183219909667969,0.51832195520401,1.1619084292422489e-07,0.4519699215888977
438,0.5208251476287842,0.5208252668380737,0.5208253860473633,0.5208253264427185,0.5208253264427185,0.5208252906799317,9.039491944374502e-08,0.4532199800014496
439,0.5273703336715698,0.5273703932762146,0.5273705124855042,0.5273704528808594,0.5273704528808594,0.5273704290390014,6.795975119466411e-08,0.4542144536972046
440,0.5314072966575623,0.5314074754714966,0.5314075350761414,0.5314075350761414,0.5314074754714966,0.5314074635505677,9.794042542669166e-08,0.45808494091033936
441,0.5316612720489502,0.5316613912582397,0.5316615104675293,0.5316613912582397,0.5316613912582397,0.5316613912582397,8.429369702178807e-08,0.4497472643852234
442,0.5368710160255432,0.5368711948394775,0.5368713140487671,0.5368712544441223,0.5368711948394775,0.5368711948394775,1.1151007970493857e-07,0.4533783197402954
443,0.5260891318321228,0.5260891914367676,0.5260893702507019,0.5260892510414124,0.5260891914367676,0.5260892271995544,9.039491944374502e-08,0.4431203305721283
444,0.5203964114189148,0.5203965902328491,0.5203966498374939,0.5203967094421387,0.5203966498374939,0.520396602153778,1.146518234114131e-07,0.4342496395111084
445,0.5295439958572388,0.5295441150665283,0.5295442938804626,0.5295442342758179,0.5295441746711731,0.5295441627502442,1.1465182341141311e-07,0.44276368618011475
446,0.5229576826095581,0.5229577422142029,0.5229579210281372,0.5229578018188477,0.5229577422142029,0.5229577779769897,9.039491944374502e-08,0.4366970360279083
447,0.5290994048118591,0.5290994644165039,0.5290995836257935,0.5290995240211487,0.5290995836257935,0.5290995121002198,7.771494871619521e-08,0.4448535442352295
448,0.5362236499786377,0.5362237691879272,0.5362238883972168,0.536223828792572,0.536223828792572,0.5362237930297852,9.039491944374502e-08,0.4554009735584259
449,0.5514724254608154,0.5514724850654602,0.5514726638793945,0.5514726042747498,0.551472544670105,0.551472544670105,9.424321830774485e-08,0.46199896931648254
450,0.554814875125885,0.5548150539398193,0.5548151731491089,0.5548151135444641,0.5548150539398193,0.5548150539398193,1.1151007970493857e-07,0.4650358557701111
451,0.5505660772323608,0.5505661368370056,0.5505664348602295,0.5505662560462952,0.5505663156509399,0.5505662441253663,1.4230413897411015e-07,0.46414780616760254
452,0.5544319152832031,0.5544319748878479,0.5544321537017822,0.5544320940971375,0.5544320344924927,0.5544320344924927,9.424321830774485e-08,0.47399628162384033
453,0.5431942939758301,0.5431944131851196,0.5431945323944092,0.5431944727897644,0.5431944131851196,0.5431944251060485,8.840797528142526e-08,0.4682610034942627
454,0.5563033819198608,0.5563035011291504,0.5563036203384399,0.5563035607337952,0.5563034415245056,0.5563035011291504,9.424321830774485e-08,0.47545406222343445
455,0.5589050054550171,0.5589051246643066,0.5589052438735962,0.5589051842689514,0.5589051246643066,0.5589051365852356,8.840797528142526e-08,0.4812503457069397
456,0.5643965005874634,0.5643965601921082,0.5643967390060425,0.5643967390060425,0.5643966197967529,0.5643966317176818,1.066240299940009e-07,0.482052206993103
457,0.5586782693862915,0.5586783289909363,0.5586785674095154,0.5586785078048706,0.558678388595581,0.558678412437439,1.2359882207708191e-07,0.47327330708503723
458,0.5584338307380676,0.5584338903427124,0.558434009552002,0.558434009552002,0.5584338903427124,0.5584339261054992,7.996802249550067e-08,0.47092390060424805
459,0.5573121309280396,0.5573122501373291,0.5573123693466187,0.5573122501373291,0.5573122501373291,0.5573122501373291,8.429369702178807e-08,0.469093918800354
460,0.5671280026435852,0.5671281814575195,0.5671282410621643,0.5671282410621643,0.5671281218528748,0.5671281576156616,9.973764735866494e-08,0.4755348563194275
461,0.562748372554779,0.5627484321594238,0.5627486109733582,0.5627484917640686,0.5627484917640686,0.5627484798431397,8.840797528142526e-08,0.4803638756275177
462,0.5570608973503113,0.5570610165596008,0.5570611953735352,0.5570610761642456,0.5570610165596008,0.5570610404014588,1.0827721431603998e-07,0.4748178720474243
463,0.5545151233673096,0.5545152425765991,0.5545153617858887,0.5545153021812439,0.5545153021812439,0.554515266418457,9.039491944374502e-08,0.47811999917030334
464,0.5535784363746643,0.5535786151885986,0.5535787343978882,0.5535786747932434,0.5535787343978882,0.5535786390304566,1.2359882207708191e-07,0.47600701451301575
465,0.5435035228729248,0.5435036420822144,0.5435037612915039,0.5435037016868591,0.5435037016868591,0.5435036659240723,9.039491944374502e-08,0.4651963412761688
466,0.540296733379364,0.5402968525886536,0.5402969717979431,0.5402969121932983,0.5402969121932983,0.5402968764305115,9.039491944374502e-08,0.4614553153514862
467,0.5526050925254822,0.5526052713394165,0.5526053309440613,0.5526052713394165,0.5526052713394165,0.5526052474975586,9.039491944374502e-08,0.4755779504776001
468,0.5535542964935303,0.5535544753074646,0.5535545945167542,0.5535545349121094,0.5535544753074646,0.5535544753074646,1.1151007970493857e-07,0.4771759808063507
469,0.5668911337852478,0.5668912529945374,0.5668913722038269,0.5668913722038269,0.5668913722038269,0.5668913006782532,1.066240299940009e-07,0.4862707257270813
470,0.5768004059791565,0.576800525188446,0.5768006443977356,0.576800525188446,0.5768005847930908,0.576800537109375,8.840797528142526e-08,0.48437878489494324
471,0.5753647685050964,0.575364887714386,0.5753650665283203,0.5753650069236755,0.5753650069236755,0.5753649473190308,1.1920928955078125e-07,0.48224034905433655
472,0.5905048847198486,0.590505063533783,0.5905051827430725,0.590505063533783,0.5905051231384277,0.590505063533783,1.1151007970493857e-07,0.49334052205085754
473,0.586388111114502,0.5863882303237915,0.5863884091377258,0.586388349533081,0.586388349533081,0.5863882899284363,1.1920928955078125e-07,0.49118363857269287
474,0.5908312797546387,0.5908313989639282,0.5908316373825073,0.5908315181732178,0.590831458568573,0.590831458568573,1.3328003749250113e-07,0.49421998858451843
475,0.5747354030609131,0.5747355818748474,0.5747357606887817,0.5747356414794922,0.5747356414794922,0.5747356057167053,1.3058723390225555e-07,0.48522239923477173
476,0.5876255631446838,0.5876257419586182,0.5876258611679077,0.5876258015632629,0.5876258015632629,0.5876257538795471,1.146518234114131e-07,0.49118199944496155
477,0.5847259163856506,0.584726095199585,0.5847262740135193,0.5847261548042297,0.5847261548042297,0.5847261190414429,1.3058723390225555e-07,0.4834442436695099
478,0.5832109451293945,0.5832110643386841,0.5832112431526184,0.5832111239433289,0.5832111835479736,0.5832111120224,1.1465182341141311e-07,0.484668105840683
479,0.5813067555427551,0.5813069939613342,0.5813071727752686,0.5813069939613342,0.5813069939613342,0.5813069820404053,1.4841436860547938e-07,0.4815211892127991
480,0.5702449083328247,0.570245087146759,0.5702453255653381,0.5702452063560486,0.5702452063560486,0.5702451467514038,1.5769906706002895e-07,0.4787130355834961
481,0.5841060280799866,0.5841063261032104,0.5841064453125,0.5841063857078552,0.5841063857078552,0.5841063141822815,1.6539617688073643e-07,0.47446495294570923
482,0.5626972913742065,0.5626975297927856,0.56269770860672,0.5626975893974304,0.5626975893974304,0.5626975417137146,1.5428279764109593e-07,0.4634055197238922
483,0.565828263759613,0.5658285617828369,0.5658286809921265,0.5658285617828369,0.5658285021781921,0.565828514099121,1.5428279764109593e-07,0.46847060322761536
484,0.5606547594070435,0.5606549978256226,0.5606551766395569,0.5606549978256226,0.5606550574302673,0.5606549978256226,1.519626234052415e-07,0.46130576729774475
485,0.5588346719741821,0.558834969997406,0.5588350892066956,0.5588350296020508,0.558834969997406,0.5588349461555481,1.6104288203842993e-07,0.45999592542648315
486,0.5696929097175598,0.5696932077407837,0.5696933269500732,0.5696932077407837,0.5696932077407837,0.5696931719779968,1.5542989743239042e-07,0.48905041813850403
487,0.5640711784362793,0.5640714764595032,0.5640716552734375,0.5640715956687927,0.564071536064148,0.5640714883804321,1.8563761117932125e-07,0.49681439995765686
488,0.5701499581336975,0.5701501965522766,0.5701503753662109,0.5701503157615662,0.5701502561569214,0.5701502203941345,1.6104288203842993e-07,0.49931827187538147
489,0.5803990364074707,0.580399215221405,0.5803993940353394,0.5803993344306946,0.5803993344306946,0.5803992629051209,1.4230413897411015e-07,0.5045011043548584
490,0.5710285902023315,0.5710287690162659,0.5710289478302002,0.5710288882255554,0.5710288882255554,0.5710288166999817,1.4230413897411015e-07,0.4994438588619232
491,0.5633478164672852,0.5633479952812195,0.5633481740951538,0.563348114490509,0.5633480548858643,0.5633480310440063,1.372201971199672e-07,0.49329012632369995
492,0.5653974413871765,0.5653976202011108,0.5653978586196899,0.5653977394104004,0.5653976798057556,0.5653976678848267,1.5428279764109593e-07,0.49514466524124146
493,0.556231677532196,0.5562319159507751,0.5562320947647095,0.5562319755554199,0.5562318563461304,0.5562319040298462,1.5428279764109593e-07,0.48341891169548035
494,0.5552661418914795,0.5552663803100586,0.5552665591239929,0.5552664995193481,0.5552663803100586,0.5552663922309875,1.5993604499100135e-07,0.4809969961643219
495,0.548263430595398,0.548263669013977,0.5482638478279114,0.5482637286186218,0.5482637286186218,0.548263680934906,1.5428279764109593e-07,0.479706734418869
496,0.558035135269165,0.5580353140830994,0.5580355525016785,0.5580353736877441,0.5580353736877441,0.5580353498458862,1.496064710379974e-07,0.48851677775382996
497,0.5645583868026733,0.5645585656166077,0.564558744430542,0.5645586848258972,0.5645585656166077,0.5645585894584656,1.372201971199672e-07,0.49633505940437317
498,0.5776104927062988,0.5776106715202332,0.5776108503341675,0.5776108503341675,0.5776107311248779,0.577610719203949,1.4841436860547938e-07,0.5012751221656799
499,0.5894733667373657,0.5894736051559448,0.5894737839698792,0.5894736647605896,0.5894736051559448,0.5894736051559448,1.519626234052415e-07,0.5124586820602417
500,0.5966106653213501,0.5966109037399292,0.5966110229492188,0.5966110229492188,0.5966109037399292,0.5966109037399292,1.4600096599955427e-07,0.5192689299583435
501,0.6032887101173401,0.6032888889312744,0.6032890677452087,0.6032890677452087,0.6032889485359192,0.6032889366149903,1.4841436860547938e-07,0.5282437801361084
502,0.6072226762771606,0.6072229743003845,0.6072231531143188,0.6072230339050293,0.6072229743003845,0.6072229623794556,1.758084440678671e-07,0.5280530452728271
503,0.6135498285293579,0.6135500073432922,0.6135502457618713,0.6135501265525818,0.613550066947937,0.6135500550270081,1.5428279764109593e-07,0.5328936576843262
504,0.6070472002029419,0.6070474982261658,0.6070476770401001,0.6070476174354553,0.6070474982261658,0.6070474982261658,1.837138534477048e-07,0.5340100526809692
505,0.59517902135849,0.5951792597770691,0.5951794385910034,0.5951793193817139,0.5951792597770691,0.5951792597770691,1.519626234052415e-07,0.5296818017959595
506,0.5908560752868652,0.5908563137054443,0.5908564329147339,0.5908563733100891,0.5908563137054443,0.5908563017845154,1.3591950238932822e-07,0.5295024514198303
507,0.5868743658065796,0.5868747234344482,0.5868748426437378,0.586874783039093,0.5868746638298035,0.5868746757507324,1.8563761117932125e-07,0.5260045528411865
508,0.5861691832542419,0.5861694812774658,0.5861696600914001,0.5861695408821106,0.586169421672821,0.5861694574356079,1.7681595056285055e-07,0.5259566307067871
509,0.5653151869773865,0.5653154850006104,0.5653156638145447,0.5653155446052551,0.5653153657913208,0.5653154492378235,1.8176973679038176e-07,0.5226848721504211
510,0.5609763860702515,0.5609766840934753,0.5609768629074097,0.5609767436981201,0.5609766244888306,0.5609766602516174,1.7681595056285055e-07,0.5215945243835449
511,0.5558587908744812,0.5558590292930603,0.5558592081069946,0.5558591485023499,0.5558590292930603,0.5558590412139892,1.5993604499100135e-07,0.5214692950248718
512,0.5433878898620605,0.5433881878852844,0.5433883666992188,0.5433882474899292,0.5433881282806396,0.5433881640434265,1.7681595056285055e-07,0.5079114437103271
513,0.5425239205360413,0.5425241589546204,0.5425243377685547,0.5425242185592651,0.5425241589546204,0.5425241589546204,1.519626234052415e-07,0.5100128054618835
514,0.5201020836830139,0.5201022624969482,0.5201024413108826,0.520102322101593,0.520102322101593,0.5201022863388062,1.3058723390225555e-07,0.49468672275543213
515,0.5208492875099182,0.5208495855331421,0.5208497643470764,0.5208496451377869,0.5208495259284973,0.5208495616912842,1.7681595056285055e-07,0.4945703446865082
516,0.496069073677063,0.4960693120956421,0.49606946110725403,0.49606937170028687,0.4960693120956421,0.49606930613517763,1.4354699347963686e-07,0.4713136553764343
517,0.47802671790122986,0.47802701592445374,0.4780271053314209,0.4780270755290985,0.47802695631980896,0.4780269742012024,1.5428279764109595e-07,0.45862698554992676
518,0.48960763216018677,0.4896078109741211,0.48960793018341064,0.48960793018341064,0.4896078109741211,0.48960782289505006,1.2215317208718776e-07,0.4715840816497803
519,0.4975486993789673,0.497548907995224,0.4975491166114807,0.49754899740219116,0.497548907995224,0.4975489258766174,1.5283681636998757e-07,0.47766903042793274
520,0.5060665607452393,0.5060668587684631,0.5060669779777527,0.5060669183731079,0.5060667991638184,0.5060668230056763,1.6104288203842993e-07,0.486027330160141
521,0.5040119886398315,0.5040121674537659,0.5040123462677002,0.5040122866630554,0.5040121674537659,0.5040121912956238,1.372201971199672e-07,0.4828951358795166
522,0.49221161007881165,0.49221187829971313,0.4922119975090027,0.4922119379043579,0.49221184849739075,0.4922118544578552,1.4811484384285423e-07,0.468268483877182
523,0.4936235547065735,0.4936237931251526,0.4936239719390869,0.49362385272979736,0.4936237931251526,0.4936237931251526,1.519626234052415e-07,0.4692692160606384
524,0.5043774843215942,0.5043777227401733,0.5043778419494629,0.5043777823448181,0.5043776631355286,0.5043776988983154,1.372201971199672e-07,0.4752080738544464
525,0.5009104609489441,0.5009106993675232,0.5009108185768127,0.500910758972168,0.5009106397628784,0.5009106755256653,1.372201971199672e-07,0.4696371257305145
526,0.5080459713935852,0.5080461502075195,0.5080463290214539,0.5080462694168091,0.5080461502075195,0.5080461740493775,1.372201971199672e-07,0.47657328844070435
527,0.5043348073959351,0.5043349862098694,0.5043351650238037,0.5043350458145142,0.5043350458145142,0.5043350100517273,1.3058723390225555e-07,0.4754755198955536
528,0.49749451875686646,0.49749472737312317,0.4974948763847351,0.49749481678009033,0.49749475717544556,0.49749473929405214,1.3591950238932825e-07,0.46680349111557007
529,0.5042065382003784,0.5042067766189575,0.5042069554328918,0.5042068362236023,0.5042067766189575,0.5042067766189575,1.519626234052415e-07,0.4746372401714325
530,0.48758137226104736,0.48758164048194885,0.487581729888916,0.48758167028427124,0.48758161067962646,0.487581604719162,1.372201971199672e-07,0.4593764841556549
531,0.5053027272224426,0.5053029656410217,0.505303144454956,0.5053030252456665,0.5053030252456665,0.5053029775619506,1.5428279764109593e-07,0.46926721930503845
532,0.5322684049606323,0.5322687029838562,0.5322688221931458,0.532268762588501,0.5322687029838562,0.5322686791419983,1.6104288203842993e-07,0.4865877628326416
533,0.5316303372383118,0.5316305756568909,0.5316307544708252,0.5316306352615356,0.5316305756568909,0.5316305756568909,1.519626234052415e-07,0.4893813133239746
534,0.5467369556427002,0.5467372536659241,0.5467373728752136,0.5467372536659241,0.5467371940612793,0.5467372059822082,1.5428279764109593e-07,0.5009827017784119
535,0.5602997541427612,0.5603001117706299,0.5603002309799194,0.5603001117706299,0.5603000521659851,0.5603000521659851,1.7881393432617188e-07,0.5071690082550049
536,0.5653420090675354,0.5653423070907593,0.5653424263000488,0.565342366695404,0.5653423070907593,0.5653422832489013,1.6104288203842993e-07,0.5157138109207153
537,0.5645237565040588,0.5645239949226379,0.5645241737365723,0.5645240545272827,0.5645239949226379,0.5645239949226379,1.519626234052415e-07,0.5146637558937073
538,0.5650455951690674,0.565045952796936,0.5650461316108704,0.5650460124015808,0.5650458931922913,0.5650459170341492,2.0036383049454225e-07,0.5199851989746094
539,0.5817062258720398,0.5817065238952637,0.5817066431045532,0.5817065834999084,0.5817064642906189,0.5817064881324768,1.6104288203842993e-07,0.521095335483551
540,0.5955479145050049,0.5955482125282288,0.5955483317375183,0.5955482125282288,0.5955482125282288,0.5955481767654419,1.5542989743239042e-07,0.5394030213356018
541,0.5848514437675476,0.5848517417907715,0.584851861000061,0.5848517417907715,0.5848516225814819,0.5848516821861267,1.5769906706002895e-07,0.5353366136550903
542,0.5878395438194275,0.5878398418426514,0.5878399610519409,0.5878397822380066,0.5878397822380066,0.5878397822380066,1.519626234052415e-07,0.536220371723175
543,0.6019221544265747,0.6019223928451538,0.6019225716590881,0.6019223928451538,0.6019223928451538,0.6019223809242249,1.4841436860547938e-07,0.5447877049446106
544,0.5699681043624878,0.5699684023857117,0.569968581199646,0.5699684023857117,0.5699684023857117,0.5699683785438537,1.7171931613550106e-07,0.5182030200958252
545,0.5913511514663696,0.5913512706756592,0.5913515090942383,0.591351330280304,0.5913512706756592,0.591351306438446,1.3058723390225555e-07,0.5332978963851929
546,0.5965451002120972,0.596545398235321,0.5965455174446106,0.596545398235321,0.5965453386306763,0.5965453505516052,1.5428279764109593e-07,0.5369963049888611
547,0.606001079082489,0.6060013175010681,0.6060014963150024,0.6060013771057129,0.6060013175010681,0.6060013175010681,1.519626234052415e-07,0.5461862087249756
548,0.6151027679443359,0.615103006362915,0.6151031255722046,0.615103006362915,0.6151029467582703,0.6151029706001282,1.3058723390225555e-07,0.5500380992889404
549,0.6093500852584839,0.6093503832817078,0.6093505620956421,0.609350323677063,0.6093502640724182,0.609350323677063,1.737759081973225e-07,0.5455176830291748
550,0.6111927628517151,0.6111930012702942,0.6111931204795837,0.611193060874939,0.6111929416656494,0.6111929774284363,1.372201971199672e-07,0.5473042130470276
551,0.6096186637878418,0.6096189022064209,0.6096190810203552,0.6096189022064209,0.6096189022064209,0.609618890285492,1.4841436860547938e-07,0.5448446869850159
552,0.6181173324584961,0.6181175708770752,0.6181176900863647,0.6181175708770752,0.6181175708770752,0.6181175470352173,1.3058723390225555e-07,0.5491883754730225
553,0.6285353899002075,0.6285356283187866,0.6285357475280762,0.6285355687141418,0.6285355091094971,0.6285355687141418,1.3328003749250113e-07,0.559151828289032
554,0.6137283444404602,0.6137285828590393,0.6137287020683289,0.6137286424636841,0.6137285828590393,0.6137285709381104,1.3591950238932822e-07,0.5486937761306763
555,0.6193571090698242,0.6193573474884033,0.6193574666976929,0.6193573474884033,0.6193572878837585,0.6193573117256165,1.3058723390225555e-07,0.552212655544281
556,0.6130063533782959,0.6130065321922302,0.6130067110061646,0.613006591796875,0.6130065321922302,0.6130065441131591,1.2921979062961817e-07,0.5501542687416077
557,0.5821899175643921,0.5821901559829712,0.5821902751922607,0.5821901559829712,0.5821900367736816,0.5821901082992553,1.3591950238932822e-07,0.5400316715240479
558,0.5827917456626892,0.5827920436859131,0.5827922224998474,0.5827920436859131,0.5827919244766235,0.5827919960021972,1.758084440678671e-07,0.5339050889015198
559,0.5845308303833008,0.5845310091972351,0.5845311880111694,0.5845310688018799,0.5845310091972351,0.584531021118164,1.2921979062961817e-07,0.5360989570617676
560,0.5859810709953308,0.5859813094139099,0.5859814286231995,0.5859813094139099,0.5859812498092651,0.5859812736511231,1.3058723390225555e-07,0.5385692715644836
561,0.5817757844924927,0.5817760229110718,0.5817761421203613,0.581775963306427,0.581775963306427,0.5817759752273559,1.2921979062961817e-07,0.5341577529907227
562,0.5816541314125061,0.5816543102264404,0.5816545486450195,0.5816543698310852,0.5816542506217957,0.5816543221473693,1.5428279764109593e-07,0.530525267124176
563,0.6030049920082092,0.6030051708221436,0.6030053496360779,0.6030051708221436,0.6030051112174988,0.6030051589012146,1.2921979062961817e-07,0.5503476858139038
564,0.5796436071395874,0.5796439051628113,0.5796440839767456,0.5796439051628113,0.5796437859535217,0.5796438574790954,1.758084440678671e-07,0.5258890986442566
565,0.5652902722358704,0.5652904510498047,0.5652906894683838,0.5652904510498047,0.5652903914451599,0.5652904510498047,1.519626234052415e-07,0.5143669843673706
566,0.5691014528274536,0.5691016912460327,0.5691018104553223,0.5691016912460327,0.5691015720367432,0.5691016435623169,1.3591950238932822e-07,0.5193256735801697
567,0.5661391019821167,0.5661393404006958,0.5661394596099854,0.566139280796051,0.566139280796051,0.5661392927169799,1.2921979062961817e-07,0.5180819630622864
568,0.5618764162063599,0.561876654624939,0.5618768334388733,0.561876654624939,0.5618765950202942,0.561876630783081,1.496064710379974e-07,0.5116389393806458
569,0.553524911403656,0.5535250902175903,0.5535252690315247,0.5535251498222351,0.5535250902175903,0.5535251021385192,1.2921979062961817e-07,0.5002502799034119
570,0.5444765686988831,0.5444767475128174,0.5444769263267517,0.5444767475128174,0.5444766879081726,0.5444767355918885,1.2921979062961817e-07,0.4879029393196106
571,0.5276045799255371,0.5276048183441162,0.5276049971580505,0.5276048183441162,0.5276047587394714,0.5276047945022583,1.496064710379974e-07,0.475788950920105
572,0.5286526679992676,0.5286528468132019,0.528653085231781,0.5286529064178467,0.5286528468132019,0.5286528706550598,1.496064710379974e-07,0.4722844064235687
573,0.5433592200279236,0.5433594584465027,0.5433595776557922,0.5433593988418579,0.5433593392372131,0.5433593988418579,1.3328003749250113e-07,0.4880041778087616
574,0.5600382685661316,0.5600385069847107,0.5600387454032898,0.5600385069847107,0.5600385069847107,0.5600385069847107,1.6858739404357614e-07,0.5021240711212158
575,0.5495370626449585,0.5495372414588928,0.5495374202728271,0.5495373010635376,0.5495372414588928,0.5495372533798217,1.2921979062961817e-07,0.49575936794281006
576,0.5519623160362244,0.5519625544548035,0.551962673664093,0.5519624948501587,0.5519624352455139,0.5519624948501587,1.3328003749250113e-07,0.497477650642395
577,0.5489688515663147,0.548969030380249,0.5489692091941833,0.548969030380249,0.5489689707756042,0.5489690184593201,1.2921979062961817e-07,0.4947270154953003
578,0.5625354051589966,0.5625356435775757,0.5625357627868652,0.5625355839729309,0.5625355839729309,0.5625355958938598,1.2921979062961817e-07,0.5152764320373535
579,0.5728351473808289,0.5728353261947632,0.5728355050086975,0.5728352665901184,0.5728352665901184,0.5728353023529053,1.3058723390225555e-07,0.5233967900276184
580,0.5615999102592468,0.5616001486778259,0.5616002678871155,0.5616000890731812,0.5616000294685364,0.5616000890731812,1.3328003749250113e-07,0.521887481212616
581,0.5595958232879639,0.5595960021018982,0.5595961809158325,0.5595960021018982,0.5595959424972534,0.5595959901809693,1.2921979062961817e-07,0.5178995132446289
582,0.5620999932289124,0.5621001720428467,0.5621002912521362,0.5621001720428467,0.5621000528335571,0.5621001362800598,1.1619084292422489e-07,0.5193053483963013
583,0.5316985845565796,0.5316988229751587,0.5316989421844482,0.5316988229751587,0.5316987633705139,0.5316987872123718,1.3058723390225555e-07,0.49505943059921265
584,0.5539854764938354,0.5539856553077698,0.5539857745170593,0.5539857149124146,0.5539856553077698,0.5539856553077698,1.1151007970493857e-07,0.5135658979415894
585,0.5486015677452087,0.5486018061637878,0.5486019849777222,0.5486018061637878,0.5486017465591431,0.5486017823219299,1.496064710379974e-07,0.5115165710449219
586,0.5368878245353699,0.536888062953949,0.5368881821632385,0.536888062953949,0.5368879437446594,0.5368880152702331,1.3591950238932822e-07,0.4892379641532898
587,0.503126323223114,0.5031265020370483,0.5031266808509827,0.5031265020370483,0.5031265020370483,0.5031265020370483,1.2644054553268208e-07,0.44903984665870667
588,0.40592652559280396,0.4059266746044159,0.40592679381370544,0.4059266746044159,0.4059266448020935,0.4059266626834869,9.564642033506163e-08,0.3625582158565521
589,0.47489434480667114,0.47489455342292786,0.4748947024345398,0.47489455342292786,0.4748944640159607,0.47489452362060547,1.3160349229466688e-07,0.4317663013935089
590,0.4062618315219879,0.40626201033592224,0.4062621593475342,0.40626201033592224,0.40626195073127747,0.4062619924545288,1.1846188851804609e-07,0.36561310291290283
591,0.5025153160095215,0.5025155544281006,0.5025156736373901,0.5025155544281006,0.5025154948234558,0.5025155186653137,1.3058723390225555e-07,0.4484335482120514
592,0.49527740478515625,0.49527764320373535,0.4952777624130249,0.49527764320373535,0.49527761340141296,0.49527761340141296,1.2990531157078367e-07,0.43526962399482727
593,0.536907434463501,0.5369076132774353,0.5369077324867249,0.5369076728820801,0.5369076132774353,0.5369076132774353,1.1151007970493857e-07,0.47938597202301025
594,0.5484681725502014,0.5484684109687805,0.5484685897827148,0.5484684109687805,0.5484683513641357,0.5484683871269226,1.496064710379974e-07,0.4777628481388092
595,0.5388656854629517,0.5388659238815308,0.5388661026954651,0.5388659834861755,0.5388659238815308,0.5388659238815308,1.519626234052415e-07,0.4677766263484955
596,0.5200218558311462,0.5200221538543701,0.5200222134590149,0.5200221538543701,0.5200220346450806,0.5200220823287964,1.4230413897411015e-07,0.45649927854537964
597,0.5193089246749878,0.5193091034889221,0.5193092823028564,0.5193091630935669,0.5193091034889221,0.519309115409851,1.2921979062961817e-07,0.44908592104911804
598,0.509643018245697,0.5096431970596313,0.5096433758735657,0.5096431970596313,0.5096431374549866,0.5096431851387024,1.2921979062961817e-07,0.43934178352355957
599,0.5485102534294128,0.5485104322433472,0.5485106110572815,0.5485104322433472,0.5485104322433472,0.5485104322433472,1.2644054553268208e-07,0.4731096923351288
600,0.5305333733558655,0.5305336117744446,0.5305337309837341,0.5305336117744446,0.5305335521697998,0.5305335760116577,1.3058723390225555e-07,0.4588136374950409
601,0.5428882241249084,0.5428885221481323,0.5428886413574219,0.5428884625434875,0.5428884029388428,0.5428884506225586,1.5428279764109593e-07,0.4735206067562103
602,0.5453028678894043,0.5453031063079834,0.545303225517273,0.5453031063079834,0.5453030467033386,0.5453030705451966,1.3058723390225555e-07,0.4773946702480316
603,0.543341338634491,0.5433415174484253,0.5433416366577148,0.5433415174484253,0.5433414578437805,0.5433414936065674,1.0827721431603998e-07,0.471951961517334
604,0.558199405670166,0.5581997036933899,0.5581998229026794,0.5581997036933899,0.5581996440887451,0.558199656009674,1.5428279764109593e-07,0.47596803307533264
605,0.5781797766685486,0.5781800150871277,0.5781801342964172,0.5781800150871277,0.5781799554824829,0.5781799793243408,1.3058723390225555e-07,0.4815741777420044
606,0.5947959423065186,0.5947961807250977,0.5947962999343872,0.5947961211204529,0.5947961211204529,0.5947961330413818,1.2921979062961817e-07,0.49216508865356445
607,0.5933207273483276,0.593320906162262,0.5933210253715515,0.593320906162262,0.5933207869529724,0.5933208703994751,1.1619084292422489e-07,0.4862293601036072
608,0.5820772051811218,0.5820774435997009,0.5820776224136353,0.5820775032043457,0.5820773839950562,0.582077431678772,1.5428279764109593e-07,0.4809436798095703
609,0.5833888649940491,0.5833891034126282,0.5833892226219177,0.5833891034126282,0.5833890438079834,0.5833890676498413,1.3058723390225555e-07,0.47927162051200867
610,0.5899273157119751,0.589927613735199,0.5899276733398438,0.5899275541305542,0.5899274945259094,0.5899275302886963,1.372201971199672e-07,0.4777884781360626
611,0.5919510126113892,0.5919512510299683,0.5919513702392578,0.5919512510299683,0.5919511914253235,0.5919512152671814,1.3058723390225555e-07,0.4801329970359802
612,0.6253648400306702,0.6253650188446045,0.6253651976585388,0.6253650188446045,0.6253649592399597,0.6253650069236756,1.2921979062961817e-07,0.5083882212638855
613,0.6183125972747803,0.6183128356933594,0.6183130145072937,0.6183128952980042,0.6183127760887146,0.6183128237724305,1.5428279764109593e-07,0.499274879693985
614,0.6070454120635986,0.6070455312728882,0.6070457696914673,0.6070456504821777,0.6070455312728882,0.607045578956604,1.3591950238932822e-07,0.49222707748413086
615,0.5856168270111084,0.5856170058250427,0.5856172442436218,0.5856170058250427,0.5856170058250427,0.5856170177459716,1.4841436860547938e-07,0.4791756272315979
616,0.6074754595756531,0.6074756979942322,0.6074758172035217,0.6074756979942322,0.6074755787849426,0.6074756503105163,1.3591950238932822e-07,0.49851560592651367
617,0.6197210550308228,0.6197212338447571,0.6197214126586914,0.6197212934494019,0.6197212338447571,0.619721245765686,1.2921979062961817e-07,0.5015606880187988
618,0.634207546710968,0.6342077255249023,0.6342079043388367,0.6342077851295471,0.6342077255249023,0.6342077374458313,1.2921979062961817e-07,0.5100941061973572
619,0.615292489528656,0.6152926683425903,0.6152928471565247,0.6152926683425903,0.6152926683425903,0.6152926683425903,1.2644054553268208e-07,0.4983888268470764
620,0.5977697372436523,0.5977699160575867,0.597770094871521,0.5977699160575867,0.5977698564529419,0.5977699041366578,1.2921979062961817e-07,0.4824211299419403
621,0.5811712741851807,0.581171452999115,0.5811716914176941,0.5811715126037598,0.5811715126037598,0.5811714887619018,1.496064710379974e-07,0.4687122404575348
622,0.6021929383277893,0.6021931171417236,0.602193295955658,0.6021931171417236,0.6021931171417236,0.6021931171417236,1.2644054553268208e-07,0.48536384105682373
623,0.6110622882843018,0.6110624670982361,0.6110626459121704,0.6110624670982361,0.6110624670982361,0.6110624670982361,1.2644054553268208e-07,0.4957699179649353
624,0.6056622266769409,0.6056623458862305,0.6056625843048096,0.60566246509552,0.6056623458862305,0.6056623935699463,1.3591950238932822e-07,0.4911309480667114
625,0.6090754270553589,0.6090756058692932,0.6090757846832275,0.609075665473938,0.609075665473938,0.6090756297111511,1.3058723390225555e-07,0.48960718512535095
626,0.6134204268455505,0.6134206056594849,0.6134207844734192,0.6134206652641296,0.6134206056594849,0.6134206175804138,1.2921979062961817e-07,0.4978295564651489
627,0.6174117922782898,0.6174119114875793,0.6174121499061584,0.6174120306968689,0.6174119114875793,0.6174119591712952,1.3591950238932822e-07,0.5008423924446106
628,0.620901882648468,0.6209020018577576,0.6209022402763367,0.6209020614624023,0.6209020018577576,0.6209020376205444,1.3058723390225555e-07,0.5099257826805115
629,0.6225336790084839,0.6225338578224182,0.6225340366363525,0.6225339770317078,0.6225338578224182,0.6225338816642761,1.372201971199672e-07,0.5107628107070923
630,0.6297508478164673,0.6297509670257568,0.6297511458396912,0.6297510862350464,0.6297509670257568,0.6297510027885437,1.1619084292422489e-07,0.5096607804298401
631,0.6410276293754578,0.6410277485847473,0.6410279870033264,0.6410278677940369,0.6410277485847473,0.6410277962684632,1.3591950238932822e-07,0.5163776278495789
632,0.6432229280471802,0.6432231068611145,0.6432232856750488,0.643223226070404,0.6432231664657593,0.6432231426239013,1.372201971199672e-07,0.5200833678245544
633,0.6570354104042053,0.6570355296134949,0.657035768032074,0.6570356488227844,0.6570355296134949,0.6570355772972107,1.3591950238932822e-07,0.5303468704223633
634,0.6564901471138,0.6564903259277344,0.6564905047416687,0.6564904451370239,0.6564903259277344,0.6564903497695923,1.372201971199672e-07,0.5269368886947632
635,0.6503637433052063,0.6503639221191406,0.650364100933075,0.6503640413284302,0.6503639221191406,0.6503639459609986,1.372201971199672e-07,0.530721127986908
636,0.6572780013084412,0.6572781801223755,0.6572783589363098,0.657278299331665,0.6572781801223755,0.6572782039642334,1.372201971199672e-07,0.5308680534362793
637,0.6550484299659729,0.655048668384552,0.6550487875938416,0.6550487279891968,0.6550486087799072,0.6550486445426941,1.372201971199672e-07,0.5285502672195435
638,0.6578642129898071,0.6578643918037415,0.6578645706176758,0.6578644514083862,0.6578643321990967,0.6578643918037415,1.3328003749250113e-07,0.5264976620674133
639,0.6532992720603943,0.6532994508743286,0.6532996296882629,0.6532995104789734,0.6532993912696838,0.6532994508743286,1.3328003749250113e-07,0.5250565409660339
640,0.6385753154754639,0.6385754942893982,0.6385757327079773,0.6385756134986877,0.6385754942893982,0.638575530052185,1.5542989743239042e-07,0.5221124291419983
641,0.6475101113319397,0.647510290145874,0.6475105285644531,0.6475104093551636,0.647510290145874,0.6475103259086609,1.5542989743239042e-07,0.524658739566803
642,0.6534805297851562,0.6534806489944458,0.6534809470176697,0.6534807682037354,0.6534807085990906,0.6534807205200195,1.5428279764109593e-07,0.5265403985977173
643,0.6580120921134949,0.6580122113227844,0.6580124497413635,0.6580122709274292,0.6580122113227844,0.6580122470855713,1.3058723390225555e-07,0.5258730053901672
644,0.6657087802886963,0.6657088994979858,0.6657091379165649,0.6657090187072754,0.6657089591026306,0.6657089591026306,1.3328003749250113e-07,0.5316405296325684
645,0.6765334010124207,0.676533579826355,0.6765338182449341,0.6765336990356445,0.676533579826355,0.6765336155891418,1.5542989743239042e-07,0.5350384712219238
646,0.6800979375839233,0.6800980567932129,0.680098295211792,0.6800981760025024,0.6800980567932129,0.6800981044769288,1.3591950238932822e-07,0.541130542755127
647,0.6994534134864807,0.699453592300415,0.6994538307189941,0.6994537115097046,0.699453592300415,0.6994536280632019,1.5542989743239042e-07,0.5561948418617249
648,0.707902193069458,0.7079023718833923,0.7079026103019714,0.7079024314880371,0.7079023718833923,0.7079023957252503,1.496064710379974e-07,0.5603986978530884
649,0.706042468547821,0.7060425877571106,0.7060428261756897,0.7060427069664001,0.7060425877571106,0.7060426354408265,1.3591950238932822e-07,0.5619936585426331
650,0.6948190331459045,0.6948192119598389,0.6948193907737732,0.6948192715644836,0.6948192119598389,0.6948192238807678,1.2921979062961817e-07,0.5525033473968506
651,0.7104011178016663,0.7104012966156006,0.7104014754295349,0.7104013562202454,0.7104012370109558,0.7104012966156006,1.3328003749250113e-07,0.5558286309242249
652,0.7142754197120667,0.7142756581306458,0.7142758369445801,0.7142756581306458,0.714275598526001,0.7142756342887878,1.496064710379974e-07,0.5579715371131897
653,0.7134985327720642,0.7134986519813538,0.7134988903999329,0.7134987711906433,0.7134986519813538,0.7134986996650696,1.3591950238932822e-07,0.5570550560951233
654,0.7181681990623474,0.7181683778762817,0.7181686162948608,0.7181684374809265,0.7181683778762817,0.7181684017181397,1.496064710379974e-07,0.5581483840942383
655,0.7172284126281738,0.7172286510467529,0.7172288298606873,0.7172286510467529,0.7172285914421082,0.717228627204895,1.496064710379974e-07,0.5590628385543823
656,0.7007139325141907,0.700714111328125,0.7007142901420593,0.7007141709327698,0.700714111328125,0.7007141232490539,1.2921979062961817e-07,0.5493026971817017
657,0.701034665107727,0.7010348439216614,0.7010350823402405,0.7010349631309509,0.7010348439216614,0.7010348796844482,1.5542989743239042e-07,0.5463545918464661
658,0.7042156457901001,0.7042158246040344,0.7042160034179688,0.7042158842086792,0.7042157649993896,0.7042158246040344,1.3328003749250113e-07,0.5574239492416382
659,0.7000198364257812,0.7000200152397156,0.7000201940536499,0.7000200748443604,0.7000199556350708,0.7000200152397156,1.3328003749250113e-07,0.553946852684021
660,0.7065693736076355,0.7065695524215698,0.7065697312355042,0.7065696716308594,0.7065695524215698,0.7065695762634278,1.372201971199672e-07,0.5591509342193604
661,0.7194385528564453,0.7194387316703796,0.719438910484314,0.7194388508796692,0.7194386720657349,0.7194387435913085,1.4230413897411015e-07,0.5703401565551758
662,0.7140300273895264,0.7140301465988159,0.714030385017395,0.7140302658081055,0.7140300869941711,0.7140301823616028,1.4354699347963686e-07,0.5703042149543762
663,0.711107611656189,0.7111077904701233,0.7111080288887024,0.7111079096794128,0.7111077308654785,0.7111078143119812,1.6104288203842993e-07,0.5710132718086243
664,0.7106420993804932,0.7106422781944275,0.7106424570083618,0.7106423377990723,0.7106422185897827,0.7106422781944275,1.3328003749250113e-07,0.5734952688217163
665,0.6890555024147034,0.6890556812286377,0.689055860042572,0.6890558004379272,0.6890556216239929,0.6890556931495666,1.4230413897411015e-07,0.5655849575996399
666,0.6840364933013916,0.6840365529060364,0.6840367913246155,0.6840366721153259,0.6840365529060364,0.6840366125106812,1.1920928955078125e-07,0.5594133734703064
667,0.6583457589149475,0.6583458781242371,0.6583461165428162,0.6583459973335266,0.6583458781242371,0.6583459258079529,1.3591950238932822e-07,0.5480145215988159
668,0.6524397134780884,0.6524398326873779,0.652440071105957,0.6524400115013123,0.6524398326873779,0.6524398922920227,1.4600096599955427e-07,0.5363445281982422
669,0.6326121687889099,0.6326122879981995,0.6326125264167786,0.632612407207489,0.6326122283935547,0.6326123237609863,1.4354699347963686e-07,0.5266833901405334
670,0.6368497014045715,0.6368498206138611,0.6368500590324402,0.6368499398231506,0.6368498206138611,0.636849868297577,1.3591950238932822e-07,0.5312355160713196
671,0.65123450756073,0.6512346267700195,0.6512348651885986,0.6512347459793091,0.6512346267700195,0.6512346744537354,1.3591950238932822e-07,0.5369187593460083
672,0.6426049470901489,0.6426051259040833,0.6426053047180176,0.6426052451133728,0.6426050662994385,0.6426051378250122,1.4230413897411015e-07,0.5406267046928406
673,0.6323345899581909,0.6323347687721252,0.6323350071907043,0.63233482837677,0.6323347091674805,0.6323347806930542,1.5428279764109593e-07,0.5343867540359497
674,0.6396793723106384,0.6396795511245728,0.6396797895431519,0.6396796107292175,0.6396795511245728,0.6396795749664307,1.496064710379974e-07,0.5382474064826965
675,0.6394570469856262,0.6394572257995605,0.6394574046134949,0.6394573450088501,0.6394571661949158,0.6394572377204895,1.4230413897411015e-07,0.53835129737854
676,0.6542864441871643,0.6542865633964539,0.654286801815033,0.6542866826057434,0.6542865633964539,0.6542866110801697,1.3591950238932822e-07,0.5459586381912231
677,0.6634635329246521,0.6634637117385864,0.6634638905525208,0.6634637713432312,0.6634636521339417,0.6634637117385864,1.3328003749250113e-07,0.5508877635002136
678,0.6980697512626648,0.6980698704719543,0.6980701684951782,0.6980699896812439,0.6980698704719543,0.6980699300765991,1.5769906706002895e-07,0.5694968104362488
679,0.6991898417472839,0.6991900205612183,0.6991902589797974,0.699190080165863,0.6991899609565735,0.6991900324821472,1.5428279764109593e-07,0.5700721144676208
680,0.7034972310066223,0.7034974098205566,0.7034976482391357,0.7034975290298462,0.7034974098205566,0.7034974455833435,1.5542989743239042e-07,0.5708760023117065
681,0.7065414786338806,0.7065416574478149,0.706541895866394,0.7065417170524597,0.7065415978431702,0.7065416693687439,1.5428279764109593e-07,0.5747160315513611
682,0.7084102034568787,0.708410382270813,0.7084106206893921,0.7084105014801025,0.7084103226661682,0.7084104061126709,1.6104288203842993e-07,0.5711960792541504
683,0.7252567410469055,0.7252569794654846,0.725257158279419,0.7252570390701294,0.7252568602561951,0.7252569556236267,1.6104288203842993e-07,0.578626275062561
684,0.7393836975097656,0.7393838763237,0.739384114742279,0.7393839955329895,0.7393838763237,0.7393839120864868,1.5542989743239042e-07,0.5859278440475464
685,0.7299267649650574,0.7299269437789917,0.7299271821975708,0.7299270033836365,0.7299268841743469,0.7299269556999206,1.5428279764109593e-07,0.5771725177764893
686,0.7336177229881287,0.733617901802063,0.7336181402206421,0.7336180210113525,0.7336178421974182,0.7336179256439209,1.6104288203842993e-07,0.5796265006065369
687,0.7424145936965942,0.7424147725105286,0.7424150109291077,0.7424148917198181,0.7424147129058838,0.7424147963523865,1.6104288203842993e-07,0.5871747732162476
688,0.7416691184043884,0.7416692972183228,0.7416695356369019,0.7416694164276123,0.741669237613678,0.7416693210601807,1.6104288203842993e-07,0.5878782272338867
689,0.7415583729743958,0.7415585517883301,0.7415587902069092,0.7415586709976196,0.7415584921836853,0.741558575630188,1.6104288203842993e-07,0.5840213894844055
690,0.7582610249519348,0.7582612037658691,0.7582613825798035,0.7582612633705139,0.7582610845565796,0.7582611918449402,1.4230413897411015e-07,0.5950765013694763
691,0.7559218406677246,0.7559220790863037,0.755922257900238,0.7559221386909485,0.7559220194816589,0.7559220671653748,1.5428279764109593e-07,0.5979157090187073
692,0.7622763514518738,0.7622765898704529,0.7622767686843872,0.7622766494750977,0.7622764706611633,0.762276566028595,1.6104288203842993e-07,0.6047961115837097
693,0.7558711171150208,0.7558712959289551,0.7558715343475342,0.7558714151382446,0.7558712363243103,0.755871319770813,1.6104288203842993e-07,0.5966417193412781
694,0.7604303956031799,0.7604305744171143,0.7604307532310486,0.760430634021759,0.7604304552078247,0.7604305624961853,1.4230413897411015e-07,0.5998304486274719
695,0.7687177062034607,0.7687179446220398,0.7687181234359741,0.7687180042266846,0.7687178254127502,0.7687179207801819,1.6104288203842993e-07,0.6053040027618408
696,0.7675614953041077,0.7675617337226868,0.7675619125366211,0.7675617933273315,0.767561674118042,0.7675617218017579,1.5428279764109593e-07,0.6024406552314758
697,0.7854546308517456,0.7854548096656799,0.785455048084259,0.7854548692703247,0.7854547500610352,0.7854548215866088,1.5428279764109593e-07,0.6162815093994141
698,0.7926747798919678,0.7926749587059021,0.7926751971244812,0.7926750779151917,0.7926748991012573,0.79267498254776,1.6104288203842993e-07,0.6223419904708862
699,0.7927052974700928,0.7927054762840271,0.7927057147026062,0.7927055358886719,0.7927054166793823,0.792705488204956,1.5428279764109593e-07,0.6245607137680054
700,0.7948356866836548,0.7948359251022339,0.794836163520813,0.7948359847068787,0.7948358654975891,0.7948359251022339,1.737759081973225e-07,0.6264474391937256
701,0.8013228178024292,0.8013229966163635,0.8013231754302979,0.8013230562210083,0.801322877407074,0.8013229846954346,1.4230413897411015e-07,0.6312182545661926
702,0.799169659614563,0.7991698384284973,0.7991700768470764,0.7991699576377869,0.7991697788238525,0.7991698622703552,1.6104288203842993e-07,0.6331354975700378
703,0.7959187626838684,0.7959189414978027,0.7959191203117371,0.7959190011024475,0.795918881893158,0.7959189414978027,1.3328003749250113e-07,0.6279863119125366
704,0.8115524053573608,0.8115525841712952,0.811552882194519,0.8115527629852295,0.8115525841712952,0.8115526437759399,1.837138534477048e-07,0.6372242569923401
705,0.8219149708747864,0.8219151496887207,0.8219153881072998,0.8219152688980103,0.8219150900840759,0.8219151735305786,1.6104288203842993e-07,0.6395059823989868
706,0.8143180012702942,0.8143182396888733,0.8143184185028076,0.8143182992935181,0.8143181800842285,0.8143182277679444,1.5428279764109593e-07,0.6364982724189758
707,0.8165158629417419,0.8165160417556763,0.8165162801742554,0.8165161609649658,0.8165159821510315,0.8165160655975342,1.6104288203842993e-07,0.6361914873123169
708,0.820159912109375,0.8201600909233093,0.8201603293418884,0.8201602101325989,0.8201600313186646,0.8201601147651673,1.6104288203842993e-07,0.6402678489685059
709,0.8120658993721008,0.8120660781860352,0.8120663166046143,0.8120661973953247,0.8120660185813904,0.8120661020278931,1.6104288203842993e-07,0.6372743248939514
710,0.8174524307250977,0.817452609539032,0.8174527883529663,0.8174527287483215,0.8174525499343872,0.8174526214599609,1.4230413897411015e-07,0.6394302248954773
711,0.8285772800445557,0.82857745885849,0.8285776972770691,0.8285775780677795,0.8285773992538452,0.8285774827003479,1.6104288203842993e-07,0.6485918164253235
712,0.8347144722938538,0.8347146511077881,0.8347148895263672,0.8347147703170776,0.8347146511077881,0.8347146868705749,1.5542989743239042e-07,0.6519010066986084
713,0.8476234674453735,0.8476237058639526,0.8476239442825317,0.8476238250732422,0.8476235866546631,0.8476237058639526,1.884864366154897e-07,0.6627201437950134
714,0.8475829362869263,0.8475831151008606,0.8475833535194397,0.8475832343101501,0.847582995891571,0.8475831270217895,1.7068172768683854e-07,0.6675357818603516
715,0.8549878597259521,0.8549880385398865,0.8549882769584656,0.854988157749176,0.8549879789352417,0.8549880623817444,1.6104288203842993e-07,0.6711957454681396
716,0.8633596301078796,0.863359808921814,0.8633600473403931,0.8633599281311035,0.8633597493171692,0.8633598327636719,1.6104288203842993e-07,0.6758562922477722
717,0.8520082831382751,0.8520084619522095,0.8520087003707886,0.852008581161499,0.8520084023475647,0.8520084857940674,1.6104288203842993e-07,0.6647135615348816
718,0.8234086036682129,0.8234087824821472,0.8234089612960815,0.8234089016914368,0.8234087228775024,0.8234087944030761,1.4230413897411015e-07,0.645149827003479
719,0.8189801573753357,0.81898033618927,0.8189805746078491,0.8189804553985596,0.8189802765846252,0.818980360031128,1.6104288203842993e-07,0.6416900753974915
720,0.8396952748298645,0.839695394039154,0.8396956324577332,0.8396955728530884,0.8396953344345093,0.8396954417228699,1.5428279764109593e-07,0.6660100221633911
721,0.8518701195716858,0.8518702983856201,0.8518705368041992,0.8518704175949097,0.8518701791763306,0.851870310306549,1.7068172768683854e-07,0.6714014410972595
722,0.8269655108451843,0.8269656896591187,0.8269659280776978,0.8269658088684082,0.8269656300544739,0.8269657135009766,1.6104288203842993e-07,0.6565154194831848
723,0.8470674753189087,0.847067654132843,0.8470678925514221,0.8470677733421326,0.8470675945281982,0.847067677974701,1.6104288203842993e-07,0.668783962726593
724,0.8570855855941772,0.8570858240127563,0.8570860028266907,0.8570858836174011,0.8570857048034668,0.8570858001708984,1.6104288203842993e-07,0.6734748482704163
725,0.858248770236969,0.8582489490509033,0.8582491874694824,0.8582490682601929,0.8582488298416138,0.8582489609718322,1.7068172768683854e-07,0.6698172688484192
726,0.8620092868804932,0.8620094656944275,0.8620097041130066,0.862009584903717,0.8620093464851379,0.8620094776153564,1.7068172768683854e-07,0.6733179688453674
727,0.8717060685157776,0.8717061877250671,0.8717064261436462,0.8717063069343567,0.8717061281204224,0.871706223487854,1.4354699347963686e-07,0.6788046360015869
728,0.8770039081573486,0.8770040273666382,0.8770042657852173,0.8770041465759277,0.8770039677619934,0.877004063129425,1.4354699347963686e-07,0.6819061636924744
729,0.8824737071990967,0.882473886013031,0.8824741244316101,0.8824740052223206,0.8824737668037415,0.8824738979339599,1.7068172768683854e-07,0.6864230036735535
730,0.8763709664344788,0.8763711452484131,0.8763713836669922,0.8763712644577026,0.8763710260391235,0.876371157169342,1.7068172768683854e-07,0.6780732274055481
731,0.8920142650604248,0.8920144438743591,0.8920146226882935,0.8920145034790039,0.8920143246650696,0.8920144319534302,1.4230413897411015e-07,0.6763609647750854
732,0.8842644095420837,0.8842645883560181,0.8842648267745972,0.8842647075653076,0.8842644691467285,0.884264600276947,1.7068172768683854e-07,0.6820542812347412
733,0.890327513217926,0.8903276920318604,0.8903279304504395,0.8903278112411499,0.8903275728225708,0.8903277039527893,1.7068172768683854e-07,0.6830546855926514
734,0.8690283894538879,0.8690285682678223,0.8690288066864014,0.8690286874771118,0.8690285086631775,0.8690285921096802,1.6104288203842993e-07,0.6702006459236145
735,0.8770025372505188,0.8770026564598083,0.8770028948783875,0.8770027756690979,0.8770025968551636,0.8770026922225952,1.4354699347963686e-07,0.6756058931350708
736,0.8903282284736633,0.8903284072875977,0.8903286457061768,0.8903285264968872,0.8903282880783081,0.8903284192085266,1.7068172768683854e-07,0.6778198480606079
737,0.8920553922653198,0.8920555710792542,0.8920557498931885,0.8920556306838989,0.8920554518699646,0.8920555591583252,1.4230413897411015e-07,0.6756291389465332
738,0.899438202381134,0.8994384407997131,0.8994386196136475,0.8994385004043579,0.8994383215904236,0.8994384169578552,1.6104288203842993e-07,0.6872294545173645
739,0.9216427803039551,0.9216429591178894,0.9216431975364685,0.921643078327179,0.9216428399085999,0.9216429710388183,1.7068172768683854e-07,0.7006940245628357
740,0.9392074346542358,0.9392075538635254,0.9392077922821045,0.9392076730728149,0.9392074346542358,0.9392075777053833,1.5542989743239042e-07,0.7123798727989197
741,0.9445829391479492,0.9445831179618835,0.9445833563804626,0.9445832371711731,0.944582998752594,0.9445831298828125,1.7068172768683854e-07,0.7130501866340637
742,0.9237377643585205,0.9237378835678101,0.9237381815910339,0.9237380027770996,0.9237377643585205,0.9237379193305969,1.7681595056285055e-07,0.6908953189849854
743,0.9267170429229736,0.926717221736908,0.9267175197601318,0.9267173409461975,0.9267171025276184,0.9267172455787659,1.9129284067012325e-07,0.6931803226470947
744,0.9204822182655334,0.9204823970794678,0.9204826354980469,0.9204825162887573,0.9204822182655334,0.9204823970794678,1.837138534477048e-07,0.6806225180625916
745,0.9106606841087341,0.9106608629226685,0.9106611013412476,0.910660982131958,0.9106607437133789,0.9106608748435974,1.7068172768683854e-07,0.673612654209137
746,0.9258219003677368,0.9258220791816711,0.925822377204895,0.9258221983909607,0.9258219599723816,0.9258221030235291,1.9129284067012325e-07,0.6884099245071411
747,0.9264057874679565,0.9264059066772461,0.92640620470047,0.9264060258865356,0.9264057874679565,0.9264059424400329,1.7681595056285055e-07,0.6744117736816406
748,0.9439119696617126,0.9439122080802917,0.9439124464988708,0.9439122676849365,0.9439120292663574,0.9439121842384338,1.9129284067012325e-07,0.6872005462646484
749,0.957230806350708,0.9572309851646423,0.9572312235832214,0.9572311043739319,0.9572308659553528,0.9572309970855712,1.7068172768683854e-07,0.6950808167457581
750,0.9711893796920776,0.971189558506012,0.9711897969245911,0.9711896777153015,0.9711894392967224,0.9711895704269409,1.7068172768683854e-07,0.7077289819717407
751,0.9821757674217224,0.9821760058403015,0.9821761846542358,0.9821760654449463,0.9821758270263672,0.9821759700775147,1.7171931613550106e-07,0.7189095616340637
752,0.9754881262779236,0.9754883050918579,0.975488543510437,0.9754884243011475,0.9754881858825684,0.9754883170127868,1.7068172768683854e-07,0.7217640280723572
753,0.9629282355308533,0.9629284143447876,0.9629286527633667,0.9629285335540771,0.962928295135498,0.9629284262657165,1.7068172768683854e-07,0.7157620191574097
754,0.9620190858840942,0.9620192050933838,0.9620195031166077,0.9620193839073181,0.9620190858840942,0.9620192527770997,1.8563761117932125e-07,0.7161931395530701
755,0.9689319729804993,0.9689321517944336,0.9689323902130127,0.9689322113990784,0.9689319729804993,0.9689321398735047,1.758084440678671e-07,0.7244285941123962
756,0.9585381746292114,0.9585383534431458,0.9585385918617249,0.9585384726524353,0.9585382342338562,0.9585383653640747,1.7068172768683854e-07,0.7219157814979553
757,0.9519911408424377,0.9519913196563721,0.9519915580749512,0.9519914388656616,0.9519912004470825,0.951991331577301,1.7068172768683854e-07,0.7133902311325073
758,0.9348280429840088,0.9348282217979431,0.9348284602165222,0.9348283410072327,0.9348281025886536,0.934828233718872,1.7068172768683854e-07,0.7007316946983337
759,0.9217545986175537,0.921754777431488,0.9217550158500671,0.9217548370361328,0.9217546582221985,0.921754777431488,1.6323404237781945e-07,0.6952599287033081
760,0.9395170211791992,0.9395171999931335,0.9395174384117126,0.9395173192024231,0.939517080783844,0.9395172119140625,1.7068172768683854e-07,0.709064781665802
761,0.9614632725715637,0.961463451385498,0.9614636898040771,0.9614635705947876,0.9614633321762085,0.961463463306427,1.7068172768683854e-07,0.7279639840126038
762,0.9662737846374512,0.9662739634513855,0.9662742018699646,0.9662740230560303,0.9662737846374512,0.9662739515304566,1.758084440678671e-07,0.7315273880958557
763,0.9536933302879333,0.9536935091018677,0.9536937475204468,0.9536936283111572,0.9536933898925781,0.9536935210227966,1.7068172768683854e-07,0.7213698029518127
764,0.9495392441749573,0.9495394229888916,0.9495396614074707,0.9495395421981812,0.949539303779602,0.9495394349098205,1.7068172768683854e-07,0.7163447141647339
765,0.9370258450508118,0.9370260238647461,0.9370262622833252,0.9370260834693909,0.9370259046554565,0.9370260238647461,1.6323404237781945e-07,0.7110157012939453
766,0.9380497932434082,0.9380499720573425,0.9380502104759216,0.9380500316619873,0.938049852848053,0.9380499720573425,1.6323404237781945e-07,0.7090774178504944
767,0.9333779811859131,0.9333781599998474,0.9333783984184265,0.933378279209137,0.9333780407905579,0.9333781719207763,1.7068172768683854e-07,0.7144551873207092
768,0.937100350856781,0.9371005296707153,0.9371007680892944,0.9371006488800049,0.9371004104614258,0.9371005415916442,1.7068172768683854e-07,0.7171602845191956
769,0.9509468674659729,0.9509470462799072,0.9509472846984863,0.9509471654891968,0.9509469270706177,0.9509470582008361,1.7068172768683854e-07,0.7256202101707458
770,0.9570975303649902,0.9570977091789246,0.9570979475975037,0.9570978283882141,0.957097589969635,0.9570977210998535,1.7068172768683854e-07,0.7321120500564575
771,0.9594579339027405,0.9594581127166748,0.9594583511352539,0.9594582319259644,0.9594579935073853,0.9594581246376037,1.7068172768683854e-07,0.7293887138366699
772,0.9570683836936951,0.9570685625076294,0.9570688009262085,0.957068681716919,0.9570684432983398,0.9570685744285583,1.7068172768683854e-07,0.729394257068634
773,0.963494598865509,0.9634947776794434,0.9634950160980225,0.9634948968887329,0.9634946584701538,0.9634947896003723,1.7068172768683854e-07,0.7304880619049072
774,0.9566226005554199,0.9566227793693542,0.9566230177879333,0.9566228985786438,0.9566226601600647,0.9566227912902832,1.7068172768683854e-07,0.7247015833854675
775,0.9476817846298218,0.9476819634437561,0.9476822018623352,0.9476820826530457,0.9476818442344666,0.947681975364685,1.7068172768683854e-07,0.7378424406051636
776,0.9642196297645569,0.9642198085784912,0.9642200469970703,0.9642199277877808,0.9642196893692017,0.9642198204994201,1.7068172768683854e-07,0.7493392825126648
777,0.9791762828826904,0.9791765213012695,0.9791767597198486,0.9791765809059143,0.9791763424873352,0.9791764974594116,1.9129284067012325e-07,0.7509157061576843
778,0.9744983315467834,0.9744985103607178,0.9744987487792969,0.9744985699653625,0.9744983315467834,0.9744984984397889,1.758084440678671e-07,0.7345331311225891
779,0.98834228515625,0.9883424639701843,0.9883427023887634,0.9883425831794739,0.9883423447608948,0.9883424758911132,1.7068172768683854e-07,0.7540997862815857
780,0.9713704586029053,0.9713706374168396,0.9713708758354187,0.9713707566261292,0.97137051820755,0.9713706493377685,1.7068172768683854e-07,0.755135178565979
781,0.991873025894165,0.9918732047080994,0.9918734431266785,0.9918733239173889,0.9918730854988098,0.9918732166290283,1.7068172768683854e-07,0.7701252102851868
782,0.9715507626533508,0.9715509414672852,0.9715511798858643,0.9715510606765747,0.9715508222579956,0.9715509533882141,1.7068172768683854e-07,0.7635316848754883
783,0.9830086827278137,0.983008861541748,0.9830091595649719,0.9830089807510376,0.9830087423324585,0.983008885383606,1.9129284067012325e-07,0.7681506276130676
784,0.9875620603561401,0.9875622391700745,0.9875624775886536,0.987562358379364,0.9875621199607849,0.9875622510910034,1.7068172768683854e-07,0.7641463875770569
785,0.9650842547416687,0.965084433555603,0.9650846719741821,0.9650844931602478,0.9650843143463135,0.965084433555603,1.6323404237781945e-07,0.7567079067230225
786,0.9673588871955872,0.9673590660095215,0.9673593044281006,0.967359185218811,0.9673589468002319,0.9673590779304504,1.7068172768683854e-07,0.7587073445320129
787,0.9918878078460693,0.9918880462646484,0.9918882846832275,0.9918881058692932,0.9918878674507141,0.9918880224227905,1.9129284067012325e-07,0.775302529335022
788,0.9952585101127625,0.9952587485313416,0.9952589869499207,0.9952588081359863,0.9952585697174072,0.9952587246894836,1.9129284067012325e-07,0.7836663126945496
789,0.996656596660614,0.9966567754745483,0.9966570138931274,0.9966568350791931,0.9966566562652588,0.9966567754745483,1.6323404237781945e-07,0.7912614941596985
790,0.9681931734085083,0.9681933522224426,0.9681935906410217,0.9681934714317322,0.9681932330131531,0.9681933641433715,1.7068172768683854e-07,0.7834789156913757
791,0.9666745662689209,0.9666747450828552,0.9666749835014343,0.9666748642921448,0.9666746258735657,0.9666747570037841,1.7068172768683854e-07,0.787422239780426
792,0.9751682877540588,0.9751685261726379,0.975168764591217,0.9751685857772827,0.9751683473587036,0.97516850233078,1.9129284067012325e-07,0.7944768071174622
793,0.9776155352592468,0.9776157140731812,0.9776159524917603,0.9776158332824707,0.9776155948638916,0.9776157259941101,1.7068172768683854e-07,0.785129725933075
794,0.9740423560142517,0.974042534828186,0.9740427732467651,0.9740426540374756,0.9740424156188965,0.974042546749115,1.7068172768683854e-07,0.778143048286438
795,0.9827030897140503,0.9827032685279846,0.9827035069465637,0.9827033877372742,0.9827031493186951,0.9827032804489135,1.7068172768683854e-07,0.7975574135780334
796,1.00529146194458,1.0052915811538696,1.0052918195724487,1.0052917003631592,1.00529146194458,1.0052916049957275,1.5542989743239042e-07,0.8218480348587036
797,0.9916543364524841,0.9916545152664185,0.9916547536849976,0.991654634475708,0.9916543960571289,0.9916545271873474,1.7068172768683854e-07,0.8108761310577393
798,0.9853181838989258,0.9853183627128601,0.9853186011314392,0.9853184819221497,0.9853182435035706,0.985318374633789,1.7068172768683854e-07,0.7997925281524658
799,0.9928269982337952,0.9928271770477295,0.9928274154663086,0.992827296257019,0.9928270578384399,0.9928271889686584,1.7068172768683854e-07,0.8175235986709595
800,0.9915122389793396,0.9915124177932739,0.991512656211853,0.9915124773979187,0.9915122985839844,0.9915124177932739,1.6323404237781945e-07,0.8233551383018494
801,0.9993259906768799,0.9993261694908142,0.9993264675140381,0.9993262887001038,0.9993260502815247,0.9993261933326721,1.9129284067012325e-07,0.8274534344673157
802,1.0079526901245117,1.0079528093338013,1.0079530477523804,1.0079529285430908,1.0079526901245117,1.007952833175659,1.5542989743239042e-07,0.8326376676559448
803,1.00875723361969,1.008757472038269,1.0087577104568481,1.0087575912475586,1.0087573528289795,1.008757472038269,1.884864366154897e-07,0.8237521052360535
804,1.0232599973678589,1.023260235786438,1.023260474205017,1.0232603549957275,1.0232601165771484,1.023260235786438,1.884864366154897e-07,0.8251780271530151
805,1.0190553665161133,1.0190556049346924,1.0190558433532715,1.019055724143982,1.0190554857254028,1.0190556049346924,1.884864366154897e-07,0.8267498016357422
806,1.002018928527832,1.0020191669464111,1.0020194053649902,1.0020192861557007,1.0020190477371216,1.0020191669464111,1.884864366154897e-07,0.822613537311554
807,1.0040980577468872,1.0040981769561768,1.0040984153747559,1.0040982961654663,1.0040980577468872,1.0040982007980346,1.5542989743239042e-07,0.8203740119934082
808,1.026145100593567,1.026145339012146,1.026145577430725,1.026145339012146,1.026145100593567,1.0261452913284301,1.9947529471732987e-07,0.8360258936882019
809,1.0104706287384033,1.0104707479476929,1.010470986366272,1.0104708671569824,1.0104706287384033,1.0104707717895507,1.5542989743239042e-07,0.8281553983688354
810,1.023128867149353,1.0231291055679321,1.0231293439865112,1.0231292247772217,1.0231289863586426,1.0231291055679321,1.884864366154897e-07,0.8430881500244141
811,1.015885829925537,1.0158859491348267,1.0158861875534058,1.0158860683441162,1.015885829925537,1.0158859729766845,1.5542989743239042e-07,0.8431479334831238
