step,agent_daily_return,transaction_penality,agent_cumulative_return,benchmark_cumulative_return,weight_AAPL,weight_AMT,weight_AMZN,weight_BRK-B,weight_CAT,weight_COST,weight_CVX,weight_DBC,weight_GLD,weight_GOOG,weight_JPM,weight_LIN,weight_LLY,weight_MSFT,weight_NEE,weight_PG,weight_UNH,weight_UNP,weight_V,weight_WMT,weight_XOM,benchmark_daily_return
0,-0.0005538802361115813,0.0,-0.0005538802361115813,0.000821119116153568,0.0,0.10000000149011612,0.0,0.10000000149011612,0.0,0.10000000149011612,0.0,0.0,0.0,0.10000000149011612,0.10000000149011612,0.0,0.10000000149011612,0.10000000149011612,0.10000000149011612,0.10000000149011612,0.0,0.0,0.0,0.10000000149011612,0.0,
1,0.029319919645786285,5.999999848427251e-05,0.028749799355864525,0.026684334501624107,0.0,0.10000000149011612,0.0,0.0,0.0,0.10000000149011612,0.0,0.0,0.0,0.10000000149011612,0.10000000149011612,0.0,0.10000000149011612,0.10000000149011612,0.10000000149011612,0.10000000149011612,0.10000000149011612,0.0,0.0,0.10000000149011612,0.0,0.025841996028531877
2,-0.021581675857305527,0.0,0.00654765497893095,0.007787540555000305,0.0,0.10000000149011612,0.0,0.0,0.0,0.10000000149011612,0.0,0.0,0.0,0.10000000149011612,0.10000000149011612,0.0,0.10000000149011612,0.10000000149011612,0.10000000149011612,0.10000000149011612,0.10000000149011612,0.0,0.0,0.10000000149011612,0.0,-0.018405651388259225
3,0.0032313659321516752,0.0,0.009800178930163383,0.010605141520500183,0.0,0.10000000149011612,0.0,0.0,0.0,0.10000000149011612,0.0,0.0,0.0,0.10000000149011612,0.10000000149011612,0.0,0.10000000149011612,0.10000000149011612,0.10000000149011612,0.10000000149011612,0.10000000149011612,0.0,0.0,0.10000000149011612,0.0,0.0027958283389257765
4,-0.0031749336048960686,0.0,0.006594130303710699,-0.0008970008348114789,0.0,0.10000000149011612,0.0,0.0,0.0,0.10000000149011612,0.0,0.0,0.0,0.10000000149011612,0.10000000149011612,0.0,0.10000000149011612,0.10000000149011612,0.10000000149011612,0.10000000149011612,0.10000000149011612,0.0,0.0,0.10000000149011612,0.0,-0.011381440567387324
5,-0.010031171143054962,0.0,-0.003503187792375684,-0.013896476477384567,0.0,0.10000000149011612,0.0,0.0,0.0,0.10000000149011612,0.0,0.0,0.0,0.10000000149011612,0.10000000149011612,0.0,0.10000000149011612,0.10000000149011612,0.10000000149011612,0.10000000149011612,0.10000000149011612,0.0,0.0,0.10000000149011612,0.0,-0.013011146651981775
6,0.0014579114504158497,0.0,-0.0020503837149590254,-0.008765878155827522,0.0,0.10000000149011612,0.0,0.0,0.0,0.10000000149011612,0.0,0.0,0.0,0.10000000149011612,0.10000000149011612,0.0,0.10000000149011612,0.10000000149011612,0.10000000149011612,0.10000000149011612,0.10000000149011612,0.0,0.0,0.10000000149011612,0.0,0.005202900303235225
7,-0.0023596780374646187,0.0,-0.004405223298817873,-0.011803004890680313,0.0,0.10000000149011612,0.0,0.0,0.0,0.10000000149011612,0.0,0.0,0.0,0.10000000149011612,0.10000000149011612,0.0,0.10000000149011612,0.10000000149011612,0.10000000149011612,0.10000000149011612,0.10000000149011612,0.0,0.0,0.10000000149011612,0.0,-0.003063985256280599
8,-0.0016519775381311774,0.0,-0.006049923598766327,-0.013522246852517128,0.0,0.10000000149011612,0.0,0.0,0.0,0.10000000149011612,0.0,0.0,0.0,0.10000000149011612,0.10000000149011612,0.0,0.10000000149011612,0.10000000149011612,0.10000000149011612,0.10000000149011612,0.10000000149011612,0.0,0.0,0.10000000149011612,0.0,-0.001739776553000616
9,0.035252075642347336,5.999999848427251e-05,0.028988879173994064,0.02011450007557869,0.0,0.10000000149011612,0.10000000149011612,0.0,0.0,0.10000000149011612,0.0,0.0,0.0,0.10000000149011612,0.10000000149011612,0.0,0.10000000149011612,0.10000000149011612,0.10000000149011612,0.10000000149011612,0.0,0.0,0.0,0.10000000149011612,0.0,0.03409782615043633
10,-0.01489671878516674,0.0,0.013660321943461895,0.007593696005642414,0.0,0.10000000149011612,0.10000000149011612,0.0,0.0,0.10000000149011612,0.0,0.0,0.0,0.10000000149011612,0.10000000149011612,0.0,0.10000000149011612,0.10000000149011612,0.10000000149011612,0.10000000149011612,0.0,0.0,0.0,0.10000000149011612,0.0,-0.012273920299151309
11,-0.015304815955460072,0.0,-0.001853562076576054,-0.009138179011642933,0.0,0.10000000149011612,0.10000000149011612,0.0,0.0,0.10000000149011612,0.0,0.0,0.0,0.10000000149011612,0.10000000149011612,0.0,0.10000000149011612,0.10000000149011612,0.10000000149011612,0.10000000149011612,0.0,0.0,0.0,0.10000000149011612,0.0,-0.016605775803892775
12,-0.016910355538129807,0.0,-0.018732573837041855,-0.026378195732831955,0.0,0.10000000149011612,0.10000000149011612,0.0,0.0,0.10000000149011612,0.0,0.0,0.0,0.10000000149011612,0.10000000149011612,0.0,0.10000000149011612,0.10000000149011612,0.10000000149011612,0.10000000149011612,0.0,0.0,0.0,0.10000000149011612,0.0,-0.017399012007539683
13,-0.0051619200967252254,0.0,-0.02379779703915119,-0.02624715119600296,0.0,0.10000000149011612,0.10000000149011612,0.0,0.0,0.10000000149011612,0.0,0.0,0.0,0.10000000149011612,0.10000000149011612,0.0,0.10000000149011612,0.10000000149011612,0.10000000149011612,0.10000000149011612,0.0,0.0,0.0,0.10000000149011612,0.0,0.00013459490764766713
14,-0.010609324090182781,0.0,-0.03415464237332344,-0.03417007997632027,0.0,0.10000000149011612,0.10000000149011612,0.0,0.0,0.10000000149011612,0.0,0.0,0.0,0.10000000149011612,0.10000000149011612,0.0,0.10000000149011612,0.10000000149011612,0.10000000149011612,0.10000000149011612,0.0,0.0,0.0,0.10000000149011612,0.0,-0.008136488422137655
15,0.009130097925662994,0.0,-0.025336379185318947,-0.02365364506840706,0.0,0.10000000149011612,0.10000000149011612,0.0,0.0,0.10000000149011612,0.0,0.0,0.0,0.10000000149011612,0.10000000149011612,0.0,0.10000000149011612,0.10000000149011612,0.10000000149011612,0.10000000149011612,0.0,0.0,0.0,0.10000000149011612,0.0,0.010888495675983378
16,-0.0003361382114235312,0.0,-0.02566400170326233,-0.023025600239634514,0.0,0.10000000149011612,0.10000000149011612,0.0,0.0,0.10000000149011612,0.0,0.0,0.0,0.10000000149011612,0.10000000149011612,0.0,0.10000000149011612,0.10000000149011612,0.10000000149011612,0.10000000149011612,0.0,0.0,0.0,0.10000000149011612,0.0,0.0006432602791011099
17,-0.007923725061118603,5.999999848427251e-05,-0.03338437154889107,-0.03139231353998184,0.0,0.10000000149011612,0.0,0.0,0.0,0.10000000149011612,0.0,0.0,0.0,0.10000000149011612,0.10000000149011612,0.0,0.10000000149011612,0.10000000149011612,0.10000000149011612,0.10000000149011612,0.0,0.0,0.10000000149011612,0.10000000149011612,0.0,-0.008563902290991021
18,0.01122537162154913,0.0,-0.022533752024173737,-0.019744684919714928,0.0,0.10000000149011612,0.0,0.0,0.0,0.10000000149011612,0.0,0.0,0.0,0.10000000149011612,0.10000000149011612,0.0,0.10000000149011612,0.10000000149011612,0.10000000149011612,0.10000000149011612,0.0,0.0,0.10000000149011612,0.10000000149011612,0.0,0.01202512511833942
19,-0.0036576830316334963,0.0,-0.026109013706445694,-0.021839382126927376,0.0,0.10000000149011612,0.0,0.0,0.0,0.10000000149011612,0.0,0.0,0.0,0.10000000149011612,0.10000000149011612,0.0,0.10000000149011612,0.10000000149011612,0.10000000149011612,0.10000000149011612,0.0,0.0,0.10000000149011612,0.10000000149011612,0.0,-0.0021368894154283335
20,-0.002686483319848776,0.0,-0.028725355863571167,-0.026184383779764175,0.0,0.10000000149011612,0.0,0.0,0.0,0.10000000149011612,0.0,0.0,0.0,0.10000000149011612,0.10000000149011612,0.0,0.10000000149011612,0.10000000149011612,0.10000000149011612,0.10000000149011612,0.0,0.0,0.10000000149011612,0.10000000149011612,0.0,-0.004442012460371458
21,0.0019516547909006476,0.0,-0.026829764246940613,-0.02503805235028267,0.0,0.10000000149011612,0.0,0.0,0.0,0.10000000149011612,0.0,0.0,0.0,0.10000000149011612,0.10000000149011612,0.0,0.10000000149011612,0.10000000149011612,0.10000000149011612,0.10000000149011612,0.0,0.0,0.10000000149011612,0.10000000149011612,0.0,0.0011771544945344825
22,0.008612069301307201,0.0,-0.018448755145072937,-0.01887216605246067,0.0,0.10000000149011612,0.0,0.0,0.0,0.10000000149011612,0.0,0.0,0.0,0.10000000149011612,0.10000000149011612,0.0,0.10000000149011612,0.10000000149011612,0.10000000149011612,0.10000000149011612,0.0,0.0,0.10000000149011612,0.10000000149011612,0.0,0.006324232768966764
23,-0.00015285868721548468,0.0,-0.01859879307448864,-0.02437715046107769,0.0,0.10000000149011612,0.0,0.0,0.0,0.10000000149011612,0.0,0.0,0.0,0.10000000149011612,0.10000000149011612,0.0,0.10000000149011612,0.10000000149011612,0.10000000149011612,0.10000000149011612,0.0,0.0,0.10000000149011612,0.10000000149011612,0.0,-0.005610873749721135
24,-0.005391299724578857,0.0,-0.023889821022748947,-0.030839983373880386,0.0,0.10000000149011612,0.0,0.0,0.0,0.10000000149011612,0.0,0.0,0.0,0.10000000149011612,0.10000000149011612,0.0,0.10000000149011612,0.10000000149011612,0.10000000149011612,0.10000000149011612,0.0,0.0,0.10000000149011612,0.10000000149011612,0.0,-0.006624314832167966
25,-0.0017915676580742002,0.0,-0.025638587772846222,-0.029686402529478073,0.0,0.10000000149011612,0.0,0.0,0.0,0.10000000149011612,0.0,0.0,0.0,0.10000000149011612,0.10000000149011612,0.0,0.10000000149011612,0.10000000149011612,0.10000000149011612,0.10000000149011612,0.0,0.0,0.10000000149011612,0.10000000149011612,0.0,0.0011902893481081644
26,0.019052209332585335,0.0,-0.007074850611388683,-0.009275221265852451,0.0,0.10000000149011612,0.0,0.0,0.0,0.10000000149011612,0.0,0.0,0.0,0.10000000149011612,0.10000000149011612,0.0,0.10000000149011612,0.10000000149011612,0.10000000149011612,0.10000000149011612,0.0,0.0,0.10000000149011612,0.10000000149011612,0.0,0.021035654160505235
27,-0.00933071505278349,0.0,-0.016339551657438278,-0.01648814231157303,0.0,0.10000000149011612,0.0,0.0,0.0,0.10000000149011612,0.0,0.0,0.0,0.10000000149011612,0.10000000149011612,0.0,0.10000000149011612,0.10000000149011612,0.10000000149011612,0.10000000149011612,0.0,0.0,0.10000000149011612,0.10000000149011612,0.0,-0.00728044881943557
28,0.0118133295327425,0.0,-0.00471924664452672,-0.005414040759205818,0.0,0.10000000149011612,0.0,0.0,0.0,0.10000000149011612,0.0,0.0,0.0,0.10000000149011612,0.10000000149011612,0.0,0.10000000149011612,0.10000000149011612,0.10000000149011612,0.10000000149011612,0.0,0.0,0.10000000149011612,0.10000000149011612,0.0,0.011259753978355658
29,0.011125750839710236,0.0,0.006353999488055706,0.006517361383885145,0.0,0.10000000149011612,0.0,0.0,0.0,0.10000000149011612,0.0,0.0,0.0,0.10000000149011612,0.10000000149011612,0.0,0.10000000149011612,0.10000000149011612,0.10000000149011612,0.10000000149011612,0.0,0.0,0.10000000149011612,0.10000000149011612,0.0,0.011996350875693729
30,-0.006964887958019972,0.0,-0.0006551434053108096,0.0019034978467971087,0.0,0.10000000149011612,0.0,0.0,0.0,0.10000000149011612,0.0,0.0,0.0,0.10000000149011612,0.10000000149011612,0.0,0.10000000149011612,0.10000000149011612,0.10000000149011612,0.10000000149011612,0.0,0.0,0.10000000149011612,0.10000000149011612,0.0,-0.0045839880305137415
31,0.011232738383114338,0.0,0.01057023648172617,0.014244318939745426,0.0,0.10000000149011612,0.0,0.0,0.0,0.10000000149011612,0.0,0.0,0.0,0.10000000149011612,0.10000000149011612,0.0,0.10000000149011612,0.10000000149011612,0.10000000149011612,0.10000000149011612,0.0,0.0,0.10000000149011612,0.10000000149011612,0.0,0.01231737499616492
32,-0.0025746095925569534,0.0,0.007968412712216377,0.01284757163375616,0.0,0.10000000149011612,0.0,0.0,0.0,0.10000000149011612,0.0,0.0,0.0,0.10000000149011612,0.10000000149011612,0.0,0.10000000149011612,0.10000000149011612,0.10000000149011612,0.10000000149011612,0.0,0.0,0.10000000149011612,0.10000000149011612,0.0,-0.0013771310126236003
33,-0.023904861882328987,0.0,-0.016126932576298714,-0.010394358076155186,0.0,0.10000000149011612,0.0,0.0,0.0,0.10000000149011612,0.0,0.0,0.0,0.10000000149011612,0.10000000149011612,0.0,0.10000000149011612,0.10000000149011612,0.10000000149011612,0.10000000149011612,0.0,0.0,0.10000000149011612,0.10000000149011612,0.0,-0.022947115006082708
34,-0.0004355628043413162,0.0,-0.01655547134578228,-0.009318860247731209,0.0,0.10000000149011612,0.0,0.0,0.0,0.10000000149011612,0.0,0.0,0.0,0.10000000149011612,0.10000000149011612,0.0,0.10000000149011612,0.10000000149011612,0.10000000149011612,0.10000000149011612,0.0,0.0,0.10000000149011612,0.10000000149011612,0.0,0.0010867943581376327
35,0.005710757337510586,5.999999848427251e-05,-0.010939258150756359,0.0012924502370879054,0.0,0.10000000149011612,0.0,0.0,0.0,0.10000000149011612,0.0,0.0,0.10000000149011612,0.10000000149011612,0.10000000149011612,0.0,0.10000000149011612,0.10000000149011612,0.10000000149011612,0.10000000149011612,0.0,0.0,0.0,0.10000000149011612,0.0,0.010711125970837232
36,0.005778942257165909,5.999999848427251e-05,-0.005223533138632774,0.0035567039158195257,0.0,0.10000000149011612,0.10000000149011612,0.0,0.0,0.10000000149011612,0.0,0.0,0.10000000149011612,0.10000000149011612,0.0,0.0,0.10000000149011612,0.10000000149011612,0.10000000149011612,0.10000000149011612,0.0,0.0,0.0,0.10000000149011612,0.0,0.002261331020917412
37,-0.01732858642935753,0.0,-0.022461604326963425,-0.00506529351696372,0.0,0.10000000149011612,0.10000000149011612,0.0,0.0,0.10000000149011612,0.0,0.0,0.10000000149011612,0.10000000149011612,0.0,0.0,0.10000000149011612,0.10000000149011612,0.10000000149011612,0.10000000149011612,0.0,0.0,0.0,0.10000000149011612,0.0,-0.008591440223697067
38,0.011505668051540852,0.0,-0.011214371770620346,0.006619002670049667,0.0,0.10000000149011612,0.10000000149011612,0.0,0.0,0.10000000149011612,0.0,0.0,0.10000000149011612,0.10000000149011612,0.0,0.0,0.10000000149011612,0.10000000149011612,0.10000000149011612,0.10000000149011612,0.0,0.0,0.0,0.10000000149011612,0.0,0.011743781889281824
39,0.004657783545553684,0.0,-0.006608821917325258,0.01095662359148264,0.0,0.10000000149011612,0.10000000149011612,0.0,0.0,0.10000000149011612,0.0,0.0,0.10000000149011612,0.10000000149011612,0.0,0.0,0.10000000149011612,0.10000000149011612,0.10000000149011612,0.10000000149011612,0.0,0.0,0.0,0.10000000149011612,0.0,0.004309098983753978
40,-0.0032685771584510803,5.999999848427251e-05,-0.00985579751431942,0.006022879853844643,0.0,0.10000000149011612,0.10000000149011612,0.0,0.0,0.10000000149011612,0.0,0.0,0.10000000149011612,0.0,0.10000000149011612,0.0,0.10000000149011612,0.10000000149011612,0.10000000149011612,0.10000000149011612,0.0,0.0,0.0,0.10000000149011612,0.0,-0.004880272429602983
41,-0.0022856739815324545,0.0,-0.012118944898247719,0.0005928888567723334,0.0,0.10000000149011612,0.10000000149011612,0.0,0.0,0.10000000149011612,0.0,0.0,0.10000000149011612,0.0,0.10000000149011612,0.0,0.10000000149011612,0.10000000149011612,0.10000000149011612,0.10000000149011612,0.0,0.0,0.0,0.10000000149011612,0.0,-0.005397482607812254
42,0.007590040564537048,0.0,-0.004620887339115143,0.008637061342597008,0.0,0.10000000149011612,0.10000000149011612,0.0,0.0,0.10000000149011612,0.0,0.0,0.10000000149011612,0.0,0.10000000149011612,0.0,0.10000000149011612,0.10000000149011612,0.10000000149011612,0.10000000149011612,0.0,0.0,0.0,0.10000000149011612,0.0,0.00803940601158537
43,0.01761438138782978,0.0,0.012912100180983543,0.022622879594564438,0.0,0.10000000149011612,0.10000000149011612,0.0,0.0,0.10000000149011612,0.0,0.0,0.10000000149011612,0.0,0.10000000149011612,0.0,0.10000000149011612,0.10000000149011612,0.10000000149011612,0.10000000149011612,0.0,0.0,0.0,0.10000000149011612,0.0,0.013866056273354577
44,-0.012445338070392609,5.999999848427251e-05,0.0003060672606807202,0.008286844938993454,0.0,0.10000000149011612,0.10000000149011612,0.0,0.0,0.10000000149011612,0.0,0.0,0.10000000149011612,0.0,0.10000000149011612,0.10000000149011612,0.0,0.10000000149011612,0.10000000149011612,0.10000000149011612,0.0,0.0,0.0,0.10000000149011612,0.0,-0.014018887061528207
45,-0.008705162443220615,0.0,-0.008401759900152683,0.0055194757878780365,0.0,0.10000000149011612,0.10000000149011612,0.0,0.0,0.10000000149011612,0.0,0.0,0.10000000149011612,0.0,0.10000000149011612,0.10000000149011612,0.0,0.10000000149011612,0.10000000149011612,0.10000000149011612,0.0,0.0,0.0,0.10000000149011612,0.0,-0.0027446248703987264
46,-0.003296275855973363,0.0,-0.011670340783894062,0.002914845710620284,0.0,0.10000000149011612,0.10000000149011612,0.0,0.0,0.10000000149011612,0.0,0.0,0.10000000149011612,0.0,0.10000000149011612,0.10000000149011612,0.0,0.10000000149011612,0.10000000149011612,0.10000000149011612,0.0,0.0,0.0,0.10000000149011612,0.0,-0.002590332798096062
47,0.014528654515743256,0.0,0.002688759006559849,0.014845152385532856,0.0,0.10000000149011612,0.10000000149011612,0.0,0.0,0.10000000149011612,0.0,0.0,0.10000000149011612,0.0,0.10000000149011612,0.10000000149011612,0.0,0.10000000149011612,0.10000000149011612,0.10000000149011612,0.0,0.0,0.0,0.10000000149011612,0.0,0.01189563274084282
48,-0.0028215486090630293,0.0,-0.00014037598157301545,0.013511584140360355,0.0,0.10000000149011612,0.10000000149011612,0.0,0.0,0.10000000149011612,0.0,0.0,0.10000000149011612,0.0,0.10000000149011612,0.10000000149011612,0.0,0.10000000149011612,0.10000000149011612,0.10000000149011612,0.0,0.0,0.0,0.10000000149011612,0.0,-0.001314060812172002
49,-0.019469570368528366,0.0,-0.019607212394475937,-0.0009988242527469993,0.0,0.10000000149011612,0.10000000149011612,0.0,0.0,0.10000000149011612,0.0,0.0,0.10000000149011612,0.0,0.10000000149011612,0.10000000149011612,0.0,0.10000000149011612,0.10000000149011612,0.10000000149011612,0.0,0.0,0.0,0.10000000149011612,0.0,-0.01431696353566081
50,0.011670175939798355,0.0,-0.008165855892002583,0.006794493645429611,0.0,0.10000000149011612,0.10000000149011612,0.0,0.0,0.10000000149011612,0.0,0.0,0.10000000149011612,0.0,0.10000000149011612,0.10000000149011612,0.0,0.10000000149011612,0.10000000149011612,0.10000000149011612,0.0,0.0,0.0,0.10000000149011612,0.0,0.007801109835879005
51,0.0048370882868766785,0.0,-0.0033682668581604958,0.01129993051290512,0.0,0.10000000149011612,0.10000000149011612,0.0,0.0,0.10000000149011612,0.0,0.0,0.10000000149011612,0.0,0.10000000149011612,0.10000000149011612,0.0,0.10000000149011612,0.10000000149011612,0.10000000149011612,0.0,0.0,0.0,0.10000000149011612,0.0,0.004475031295773313
52,-0.005304671358317137,0.0,-0.008655070327222347,0.005237405654042959,0.0,0.10000000149011612,0.10000000149011612,0.0,0.0,0.10000000149011612,0.0,0.0,0.10000000149011612,0.0,0.10000000149011612,0.10000000149011612,0.0,0.10000000149011612,0.10000000149011612,0.10000000149011612,0.0,0.0,0.0,0.10000000149011612,0.0,-0.005994784213806281
53,-0.0029769758693873882,0.0,-0.011606280691921711,0.0010450724512338638,0.0,0.10000000149011612,0.10000000149011612,0.0,0.0,0.10000000149011612,0.0,0.0,0.10000000149011612,0.0,0.10000000149011612,0.10000000149011612,0.0,0.10000000149011612,0.10000000149011612,0.10000000149011612,0.0,0.0,0.0,0.10000000149011612,0.0,-0.004170490651490888
54,-0.008451778441667557,0.0,-0.019959965720772743,-0.007719489745795727,0.0,0.10000000149011612,0.10000000149011612,0.0,0.0,0.10000000149011612,0.0,0.0,0.10000000149011612,0.0,0.10000000149011612,0.10000000149011612,0.0,0.10000000149011612,0.10000000149011612,0.10000000149011612,0.0,0.0,0.0,0.10000000149011612,0.0,-0.008755412156985165
55,-0.005174417048692703,0.0,-0.02503110095858574,-0.013181012123823166,0.0,0.10000000149011612,0.10000000149011612,0.0,0.0,0.10000000149011612,0.0,0.0,0.10000000149011612,0.0,0.10000000149011612,0.10000000149011612,0.0,0.10000000149011612,0.10000000149011612,0.10000000149011612,0.0,0.0,0.0,0.10000000149011612,0.0,-0.0055040105308813425
56,0.00012242449156474322,0.0,-0.02491174079477787,-0.017739377915859222,0.0,0.10000000149011612,0.10000000149011612,0.0,0.0,0.10000000149011612,0.0,0.0,0.10000000149011612,0.0,0.10000000149011612,0.10000000149011612,0.0,0.10000000149011612,0.10000000149011612,0.10000000149011612,0.0,0.0,0.0,0.10000000149011612,0.0,-0.004619252211437996
57,-0.0016862290212884545,0.0,-0.02655596286058426,-0.018011411651968956,0.0,0.10000000149011612,0.10000000149011612,0.0,0.0,0.10000000149011612,0.0,0.0,0.10000000149011612,0.0,0.10000000149011612,0.10000000149011612,0.0,0.10000000149011612,0.10000000149011612,0.10000000149011612,0.0,0.0,0.0,0.10000000149011612,0.0,-0.00027694659644661446
58,-0.017721323296427727,0.0,-0.04380667954683304,-0.032728411257267,0.0,0.10000000149011612,0.10000000149011612,0.0,0.0,0.10000000149011612,0.0,0.0,0.10000000149011612,0.0,0.10000000149011612,0.10000000149011612,0.0,0.10000000149011612,0.10000000149011612,0.10000000149011612,0.0,0.0,0.0,0.10000000149011612,0.0,-0.014986935469439633
59,0.015751240774989128,0.0,-0.02874545007944107,-0.01621769368648529,0.0,0.10000000149011612,0.10000000149011612,0.0,0.0,0.10000000149011612,0.0,0.0,0.10000000149011612,0.0,0.10000000149011612,0.10000000149011612,0.0,0.10000000149011612,0.10000000149011612,0.10000000149011612,0.0,0.0,0.0,0.10000000149011612,0.0,0.01706937096358052
60,-0.009469280950725079,0.0,-0.03794253244996071,-0.022504881024360657,0.0,0.10000000149011612,0.10000000149011612,0.0,0.0,0.10000000149011612,0.0,0.0,0.10000000149011612,0.0,0.10000000149011612,0.10000000149011612,0.0,0.10000000149011612,0.10000000149011612,0.10000000149011612,0.0,0.0,0.0,0.10000000149011612,0.0,-0.0063908318919000395
61,0.002177995862439275,0.0,-0.03584717586636543,-0.025617269799113274,0.0,0.10000000149011612,0.10000000149011612,0.0,0.0,0.10000000149011612,0.0,0.0,0.10000000149011612,0.0,0.10000000149011612,0.10000000149011612,0.0,0.10000000149011612,0.10000000149011612,0.10000000149011612,0.0,0.0,0.0,0.10000000149011612,0.0,-0.003184045336220409
62,-0.008382127620279789,0.0,-0.043928828090429306,-0.028041813522577286,0.0,0.10000000149011612,0.10000000149011612,0.0,0.0,0.10000000149011612,0.0,0.0,0.10000000149011612,0.0,0.10000000149011612,0.10000000149011612,0.0,0.10000000149011612,0.10000000149011612,0.10000000149011612,0.0,0.0,0.0,0.10000000149011612,0.0,-0.002488286838749798
63,0.01440416369587183,0.0,-0.030157420784235,-0.014882939867675304,0.0,0.10000000149011612,0.10000000149011612,0.0,0.0,0.10000000149011612,0.0,0.0,0.10000000149011612,0.0,0.10000000149011612,0.10000000149011612,0.0,0.10000000149011612,0.10000000149011612,0.10000000149011612,0.0,0.0,0.0,0.10000000149011612,0.0,0.013538518259301302
64,0.009270969778299332,5.999999848427251e-05,-0.021166039630770683,-0.003470813389867544,0.0,0.10000000149011612,0.10000000149011612,0.0,0.0,0.10000000149011612,0.0,0.0,0.10000000149011612,0.0,0.0,0.10000000149011612,0.10000000149011612,0.10000000149011612,0.10000000149011612,0.10000000149011612,0.0,0.0,0.0,0.10000000149011612,0.0,0.01158453846720997
65,-0.002801554976031184,0.0,-0.02390829659998417,-0.0034110769629478455,0.0,0.10000000149011612,0.10000000149011612,0.0,0.0,0.10000000149011612,0.0,0.0,0.10000000149011612,0.0,0.0,0.10000000149011612,0.10000000149011612,0.10000000149011612,0.10000000149011612,0.10000000149011612,0.0,0.0,0.0,0.10000000149011612,0.0,5.9944483034035656e-05
66,-0.014514606446027756,0.0,-0.03807588294148445,-0.01951288804411888,0.0,0.10000000149011612,0.10000000149011612,0.0,0.0,0.10000000149011612,0.0,0.0,0.10000000149011612,0.0,0.0,0.10000000149011612,0.10000000149011612,0.10000000149011612,0.10000000149011612,0.10000000149011612,0.0,0.0,0.0,0.10000000149011612,0.0,-0.016156923591024497
67,0.0069294096902012825,0.0,-0.03141031786799431,-0.01584147848188877,0.0,0.10000000149011612,0.10000000149011612,0.0,0.0,0.10000000149011612,0.0,0.0,0.10000000149011612,0.0,0.0,0.10000000149011612,0.10000000149011612,0.10000000149011612,0.10000000149011612,0.10000000149011612,0.0,0.0,0.0,0.10000000149011612,0.0,0.0037444750853545816
68,-0.008093921467661858,0.0,-0.039250005036592484,-0.03275145962834358,0.0,0.10000000149011612,0.10000000149011612,0.0,0.0,0.10000000149011612,0.0,0.0,0.10000000149011612,0.0,0.0,0.10000000149011612,0.10000000149011612,0.10000000149011612,0.10000000149011612,0.10000000149011612,0.0,0.0,0.0,0.10000000149011612,0.0,-0.01718217215695128
69,-0.008036725223064423,0.0,-0.046971291303634644,-0.04590553417801857,0.0,0.10000000149011612,0.10000000149011612,0.0,0.0,0.10000000149011612,0.0,0.0,0.10000000149011612,0.0,0.0,0.10000000149011612,0.10000000149011612,0.10000000149011612,0.10000000149011612,0.10000000149011612,0.0,0.0,0.0,0.10000000149011612,0.0,-0.013599477280803796
70,0.02030886523425579,0.0,-0.027616359293460846,-0.027925610542297363,0.0,0.10000000149011612,0.10000000149011612,0.0,0.0,0.10000000149011612,0.0,0.0,0.10000000149011612,0.0,0.0,0.10000000149011612,0.10000000149011612,0.10000000149011612,0.10000000149011612,0.10000000149011612,0.0,0.0,0.0,0.10000000149011612,0.0,0.018845014073350708
71,-0.0003038315917365253,0.0,-0.027911799028515816,-0.03832314535975456,0.0,0.10000000149011612,0.10000000149011612,0.0,0.0,0.10000000149011612,0.0,0.0,0.10000000149011612,0.0,0.0,0.10000000149011612,0.10000000149011612,0.10000000149011612,0.10000000149011612,0.10000000149011612,0.0,0.0,0.0,0.10000000149011612,0.0,-0.010696233673286759
72,0.014361223205924034,0.0,-0.01395142450928688,-0.03568754345178604,0.0,0.10000000149011612,0.10000000149011612,0.0,0.0,0.10000000149011612,0.0,0.0,0.10000000149011612,0.0,0.0,0.10000000149011612,0.10000000149011612,0.10000000149011612,0.10000000149011612,0.10000000149011612,0.0,0.0,0.0,0.10000000149011612,0.0,0.0027406315284093097
73,0.01535535603761673,5.999999848427251e-05,0.0011897027725353837,-0.02008497156202793,0.0,0.10000000149011612,0.10000000149011612,0.0,0.0,0.10000000149011612,0.0,0.0,0.10000000149011612,0.0,0.10000000149011612,0.10000000149011612,0.0,0.10000000149011612,0.10000000149011612,0.10000000149011612,0.0,0.0,0.0,0.10000000149011612,0.0,0.016179996207461578
74,-0.003393439343199134,0.0,-0.0022077737376093864,-0.024852607399225235,0.0,0.10000000149011612,0.10000000149011612,0.0,0.0,0.10000000149011612,0.0,0.0,0.10000000149011612,0.0,0.10000000149011612,0.10000000149011612,0.0,0.10000000149011612,0.10000000149011612,0.10000000149011612,0.0,0.0,0.0,0.10000000149011612,0.0,-0.004865356381764219
75,0.008448642678558826,0.0,0.006222216412425041,-0.010097741149365902,0.0,0.10000000149011612,0.10000000149011612,0.0,0.0,0.10000000149011612,0.0,0.0,0.10000000149011612,0.0,0.10000000149011612,0.10000000149011612,0.0,0.10000000149011612,0.10000000149011612,0.10000000149011612,0.0,0.0,0.0,0.10000000149011612,0.0,0.01513090878549872
76,-0.0060270060785114765,0.0,0.0001577091170474887,-0.009066012687981129,0.0,0.10000000149011612,0.10000000149011612,0.0,0.0,0.10000000149011612,0.0,0.0,0.10000000149011612,0.0,0.10000000149011612,0.10000000149011612,0.0,0.10000000149011612,0.10000000149011612,0.10000000149011612,0.0,0.0,0.0,0.10000000149011612,0.0,0.0010422528609872472
77,-0.0026217768900096416,0.0,-0.002464481396600604,-0.01425775047391653,0.0,0.10000000149011612,0.10000000149011612,0.0,0.0,0.10000000149011612,0.0,0.0,0.10000000149011612,0.0,0.10000000149011612,0.10000000149011612,0.0,0.10000000149011612,0.10000000149011612,0.10000000149011612,0.0,0.0,0.0,0.10000000149011612,0.0,-0.00523923677299476
78,-0.004190849140286446,0.0,-0.006645002402365208,-0.022772973403334618,0.0,0.10000000149011612,0.10000000149011612,0.0,0.0,0.10000000149011612,0.0,0.0,0.10000000149011612,0.0,0.10000000149011612,0.10000000149011612,0.0,0.10000000149011612,0.10000000149011612,0.10000000149011612,0.0,0.0,0.0,0.10000000149011612,0.0,-0.008638386894253558
79,0.015760058537125587,0.0,0.009010330773890018,-0.008229953236877918,0.0,0.10000000149011612,0.10000000149011612,0.0,0.0,0.10000000149011612,0.0,0.0,0.10000000149011612,0.0,0.10000000149011612,0.10000000149011612,0.0,0.10000000149011612,0.10000000149011612,0.10000000149011612,0.0,0.0,0.0,0.10000000149011612,0.0,0.014881925868449386
80,-0.005921550095081329,0.0,0.003035425441339612,-0.009378897957503796,0.0,0.10000000149011612,0.10000000149011612,0.0,0.0,0.10000000149011612,0.0,0.0,0.10000000149011612,0.0,0.10000000149011612,0.10000000149011612,0.0,0.10000000149011612,0.10000000149011612,0.10000000149011612,0.0,0.0,0.0,0.10000000149011612,0.0,-0.0011584789481954294
81,0.00617199344560504,0.0,0.00922615360468626,-0.0011961142299696803,0.0,0.10000000149011612,0.10000000149011612,0.0,0.0,0.10000000149011612,0.0,0.0,0.10000000149011612,0.0,0.10000000149011612,0.10000000149011612,0.0,0.10000000149011612,0.10000000149011612,0.10000000149011612,0.0,0.0,0.0,0.10000000149011612,0.0,0.008260255824010354
82,0.010339183732867241,0.0,0.01966072805225849,0.0051567736081779,0.0,0.10000000149011612,0.10000000149011612,0.0,0.0,0.10000000149011612,0.0,0.0,0.10000000149011612,0.0,0.10000000149011612,0.10000000149011612,0.0,0.10000000149011612,0.10000000149011612,0.10000000149011612,0.0,0.0,0.0,0.10000000149011612,0.0,0.006360495717585124
83,0.00290811900049448,0.0,0.02262602373957634,0.008262715302407742,0.0,0.10000000149011612,0.10000000149011612,0.0,0.0,0.10000000149011612,0.0,0.0,0.10000000149011612,0.0,0.10000000149011612,0.10000000149011612,0.0,0.10000000149011612,0.10000000149011612,0.10000000149011612,0.0,0.0,0.0,0.10000000149011612,0.0,0.003090007226514979
84,0.0049895611591637135,0.0,0.027728477492928505,0.02038518153131008,0.0,0.10000000149011612,0.10000000149011612,0.0,0.0,0.10000000149011612,0.0,0.0,0.10000000149011612,0.0,0.10000000149011612,0.10000000149011612,0.0,0.10000000149011612,0.10000000149011612,0.10000000149011612,0.0,0.0,0.0,0.10000000149011612,0.0,0.01202312258989613
85,0.003136721206828952,0.0,0.030952176079154015,0.02769646979868412,0.0,0.10000000149011612,0.10000000149011612,0.0,0.0,0.10000000149011612,0.0,0.0,0.10000000149011612,0.0,0.10000000149011612,0.10000000149011612,0.0,0.10000000149011612,0.10000000149011612,0.10000000149011612,0.0,0.0,0.0,0.10000000149011612,0.0,0.007165223877910298
86,0.002740827389061451,0.0,0.033777836710214615,0.024623816832900047,0.0,0.10000000149011612,0.10000000149011612,0.0,0.0,0.10000000149011612,0.0,0.0,0.10000000149011612,0.0,0.10000000149011612,0.10000000149011612,0.0,0.10000000149011612,0.10000000149011612,0.10000000149011612,0.0,0.0,0.0,0.10000000149011612,0.0,-0.0029898448190505134
87,-0.005157494451850653,0.0,0.02844613417983055,0.023494916036725044,0.0,0.10000000149011612,0.10000000149011612,0.0,0.0,0.10000000149011612,0.0,0.0,0.10000000149011612,0.0,0.10000000149011612,0.10000000149011612,0.0,0.10000000149011612,0.10000000149011612,0.10000000149011612,0.0,0.0,0.0,0.10000000149011612,0.0,-0.0011017709891464333
88,0.002480060327798128,0.0,0.030996741726994514,0.024502703920006752,0.0,0.10000000149011612,0.10000000149011612,0.0,0.0,0.10000000149011612,0.0,0.0,0.10000000149011612,0.0,0.10000000149011612,0.10000000149011612,0.0,0.10000000149011612,0.10000000149011612,0.10000000149011612,0.0,0.0,0.0,0.10000000149011612,0.0,0.0009846535312398874
89,0.005405754782259464,0.0,0.03657005727291107,0.030478956177830696,0.0,0.10000000149011612,0.10000000149011612,0.0,0.0,0.10000000149011612,0.0,0.0,0.10000000149011612,0.0,0.10000000149011612,0.10000000149011612,0.0,0.10000000149011612,0.10000000149011612,0.10000000149011612,0.0,0.0,0.0,0.10000000149011612,0.0,0.005833320141525489
90,0.003208399284631014,0.0,0.039895787835121155,0.03625446557998657,0.0,0.10000000149011612,0.10000000149011612,0.0,0.0,0.10000000149011612,0.0,0.0,0.10000000149011612,0.0,0.10000000149011612,0.10000000149011612,0.0,0.10000000149011612,0.10000000149011612,0.10000000149011612,0.0,0.0,0.0,0.10000000149011612,0.0,0.005604684469809884
91,-0.0034112920984625816,0.0,0.03634839877486229,0.034067302942276,0.0,0.10000000149011612,0.10000000149011612,0.0,0.0,0.10000000149011612,0.0,0.0,0.10000000149011612,0.0,0.10000000149011612,0.10000000149011612,0.0,0.10000000149011612,0.10000000149011612,0.10000000149011612,0.0,0.0,0.0,0.10000000149011612,0.0,-0.002110642424577036
92,0.010006213560700417,0.0,0.04671832546591759,0.04332129657268524,0.0,0.10000000149011612,0.10000000149011612,0.0,0.0,0.10000000149011612,0.0,0.0,0.10000000149011612,0.0,0.10000000149011612,0.10000000149011612,0.0,0.10000000149011612,0.10000000149011612,0.10000000149011612,0.0,0.0,0.0,0.10000000149011612,0.0,0.00894912120717728
93,0.0015274675097316504,0.0,0.04831715300679207,0.042991574853658676,0.0,0.10000000149011612,0.10000000149011612,0.0,0.0,0.10000000149011612,0.0,0.0,0.10000000149011612,0.0,0.10000000149011612,0.10000000149011612,0.0,0.10000000149011612,0.10000000149011612,0.10000000149011612,0.0,0.0,0.0,0.10000000149011612,0.0,-0.00031603085272935427
94,0.004736633971333504,0.0,0.05328264832496643,0.04574597254395485,0.0,0.10000000149011612,0.10000000149011612,0.0,0.0,0.10000000149011612,0.0,0.0,0.10000000149011612,0.0,0.10000000149011612,0.10000000149011612,0.0,0.10000000149011612,0.10000000149011612,0.10000000149011612,0.0,0.0,0.0,0.10000000149011612,0.0,0.0026408628379215315
95,-0.0033372214529663324,4.439999975147657e-05,0.04976760968565941,0.040331318974494934,0.0,0.10000000149011612,0.026000000536441803,0.0,0.0,0.10000000149011612,0.0,0.0,0.10000000149011612,0.0,0.10000000149011612,0.10000000149011612,0.07400000095367432,0.10000000149011612,0.10000000149011612,0.10000000149011612,0.0,0.0,0.0,0.10000000149011612,0.0,-0.0051777905070844454
96,0.0003951143007725477,1.5600000551785342e-05,0.05018238723278046,0.03913864865899086,0.0,0.10000000149011612,0.0,0.0,0.0,0.10000000149011612,0.0,0.0,0.10000000149011612,0.0,0.10000000149011612,0.10000000149011612,0.10000000149011612,0.10000000149011612,0.10000000149011612,0.10000000149011612,0.0,0.0,0.0,0.10000000149011612,0.0,-0.0011464331542759831
97,0.00874241627752781,0.0,0.05936351791024208,0.047120872884988785,0.0,0.10000000149011612,0.0,0.0,0.0,0.10000000149011612,0.0,0.0,0.10000000149011612,0.0,0.10000000149011612,0.10000000149011612,0.10000000149011612,0.10000000149011612,0.10000000149011612,0.10000000149011612,0.0,0.0,0.0,0.10000000149011612,0.0,0.007681577656936334
98,-0.0013159910449758172,0.0,0.05796940624713898,0.04457720369100571,0.0,0.10000000149011612,0.0,0.0,0.0,0.10000000149011612,0.0,0.0,0.10000000149011612,0.0,0.10000000149011612,0.10000000149011612,0.10000000149011612,0.10000000149011612,0.10000000149011612,0.10000000149011612,0.0,0.0,0.0,0.10000000149011612,0.0,-0.002429203026938831
99,0.0001089969155145809,0.0,0.058084722608327866,0.04623536020517349,0.0,0.10000000149011612,0.0,0.0,0.0,0.10000000149011612,0.0,0.0,0.10000000149011612,0.0,0.10000000149011612,0.10000000149011612,0.10000000149011612,0.10000000149011612,0.10000000149011612,0.10000000149011612,0.0,0.0,0.0,0.10000000149011612,0.0,0.0015873948888687206
100,-0.0018197246827185154,0.0,0.05615929886698723,0.03894370049238205,0.0,0.10000000149011612,0.0,0.0,0.0,0.10000000149011612,0.0,0.0,0.10000000149011612,0.0,0.10000000149011612,0.10000000149011612,0.10000000149011612,0.10000000149011612,0.10000000149011612,0.10000000149011612,0.0,0.0,0.0,0.10000000149011612,0.0,-0.006969425800482876
101,-0.00561310350894928,0.0,0.0502309687435627,0.03354910388588905,0.0,0.10000000149011612,0.0,0.0,0.0,0.10000000149011612,0.0,0.0,0.10000000149011612,0.0,0.10000000149011612,0.10000000149011612,0.10000000149011612,0.10000000149011612,0.10000000149011612,0.10000000149011612,0.0,0.0,0.0,0.10000000149011612,0.0,-0.005192385885718687
102,0.011810901574790478,0.0,0.062635138630867,0.04354613646864891,0.0,0.10000000149011612,0.0,0.0,0.0,0.10000000149011612,0.0,0.0,0.10000000149011612,0.0,0.10000000149011612,0.10000000149011612,0.10000000149011612,0.10000000149011612,0.10000000149011612,0.10000000149011612,0.0,0.0,0.0,0.10000000149011612,0.0,0.009672527938124453
103,0.00650504557415843,0.0,0.0695476308465004,0.0505334697663784,0.0,0.10000000149011612,0.0,0.0,0.0,0.10000000149011612,0.0,0.0,0.10000000149011612,0.0,0.10000000149011612,0.10000000149011612,0.10000000149011612,0.10000000149011612,0.10000000149011612,0.10000000149011612,0.0,0.0,0.0,0.10000000149011612,0.0,0.0066957588682898805
104,-0.00046498168376274407,0.0,0.06905031204223633,0.046809595078229904,0.0,0.10000000149011612,0.0,0.0,0.0,0.10000000149011612,0.0,0.0,0.10000000149011612,0.0,0.10000000149011612,0.10000000149011612,0.10000000149011612,0.10000000149011612,0.10000000149011612,0.10000000149011612,0.0,0.0,0.0,0.10000000149011612,0.0,-0.003544746355369943
105,-0.0008586627664044499,0.0,0.06813235580921173,0.03906332328915596,0.0,0.10000000149011612,0.0,0.0,0.0,0.10000000149011612,0.0,0.0,0.10000000149011612,0.0,0.10000000149011612,0.10000000149011612,0.10000000149011612,0.10000000149011612,0.10000000149011612,0.10000000149011612,0.0,0.0,0.0,0.10000000149011612,0.0,-0.007399886116342902
106,-0.005635957233607769,0.0,0.06211240962147713,0.03198558837175369,0.0,0.10000000149011612,0.0,0.0,0.0,0.10000000149011612,0.0,0.0,0.10000000149011612,0.0,0.10000000149011612,0.10000000149011612,0.10000000149011612,0.10000000149011612,0.10000000149011612,0.10000000149011612,0.0,0.0,0.0,0.10000000149011612,0.0,-0.0068116492602180445
107,0.001848920714110136,0.0,0.06407617032527924,0.03794463351368904,0.0,0.10000000149011612,0.0,0.0,0.0,0.10000000149011612,0.0,0.0,0.10000000149011612,0.0,0.10000000149011612,0.10000000149011612,0.10000000149011612,0.10000000149011612,0.10000000149011612,0.10000000149011612,0.0,0.0,0.0,0.10000000149011612,0.0,0.005774349185764693
108,0.005126790143549442,0.0,0.06953147053718567,0.04686375707387924,0.0,0.10000000149011612,0.0,0.0,0.0,0.10000000149011612,0.0,0.0,0.10000000149011612,0.0,0.10000000149011612,0.10000000149011612,0.10000000149011612,0.10000000149011612,0.10000000149011612,0.10000000149011612,0.0,0.0,0.0,0.10000000149011612,0.0,0.00859306293631179
109,-0.0006952932453714311,0.0,0.0687878280878067,0.04386238381266594,0.0,0.10000000149011612,0.0,0.0,0.0,0.10000000149011612,0.0,0.0,0.10000000149011612,0.0,0.10000000149011612,0.10000000149011612,0.10000000149011612,0.10000000149011612,0.10000000149011612,0.10000000149011612,0.0,0.0,0.0,0.10000000149011612,0.0,-0.002867014204028351
110,0.003782832296565175,0.0,0.07283087074756622,0.050107166171073914,0.0,0.10000000149011612,0.0,0.0,0.0,0.10000000149011612,0.0,0.0,0.10000000149011612,0.0,0.10000000149011612,0.10000000149011612,0.10000000149011612,0.10000000149011612,0.10000000149011612,0.10000000149011612,0.0,0.0,0.0,0.10000000149011612,0.0,0.005982380872466386
111,-0.0035393042489886284,5.999999848427251e-05,0.06903380155563354,0.047644875943660736,0.0,0.10000000149011612,0.0,0.10000000149011612,0.0,0.10000000149011612,0.0,0.0,0.10000000149011612,0.0,0.10000000149011612,0.10000000149011612,0.0,0.10000000149011612,0.10000000149011612,0.10000000149011612,0.0,0.0,0.0,0.10000000149011612,0.0,-0.0023447989945551972
112,0.0032767162192612886,0.0,0.07253672182559967,0.05230458825826645,0.0,0.10000000149011612,0.0,0.10000000149011612,0.0,0.10000000149011612,0.0,0.0,0.10000000149011612,0.0,0.10000000149011612,0.10000000149011612,0.0,0.10000000149011612,0.10000000149011612,0.10000000149011612,0.0,0.0,0.0,0.10000000149011612,0.0,0.004447797552017407
113,0.004345672205090523,0.0,0.0771976113319397,0.052766308188438416,0.0,0.10000000149011612,0.0,0.10000000149011612,0.0,0.10000000149011612,0.0,0.0,0.10000000149011612,0.0,0.10000000149011612,0.10000000149011612,0.0,0.10000000149011612,0.10000000149011612,0.10000000149011612,0.0,0.0,0.0,0.10000000149011612,0.0,0.00043877023375538116
114,-0.007409228943288326,0.0,0.06921640783548355,0.04809887334704399,0.0,0.10000000149011612,0.0,0.10000000149011612,0.0,0.10000000149011612,0.0,0.0,0.10000000149011612,0.0,0.10000000149011612,0.10000000149011612,0.0,0.10000000149011612,0.10000000149011612,0.10000000149011612,0.0,0.0,0.0,0.10000000149011612,0.0,-0.004433495643896501
115,-0.0024552892427891493,0.0,0.06659117341041565,0.047899600118398666,0.0,0.10000000149011612,0.0,0.10000000149011612,0.0,0.10000000149011612,0.0,0.0,0.10000000149011612,0.0,0.10000000149011612,0.10000000149011612,0.0,0.10000000149011612,0.10000000149011612,0.10000000149011612,0.0,0.0,0.0,0.10000000149011612,0.0,-0.00019012827292619328
116,-0.002095479052513838,0.0,0.06435615569353104,0.0492100827395916,0.0,0.10000000149011612,0.0,0.10000000149011612,0.0,0.10000000149011612,0.0,0.0,0.10000000149011612,0.0,0.10000000149011612,0.10000000149011612,0.0,0.10000000149011612,0.10000000149011612,0.10000000149011612,0.0,0.0,0.0,0.10000000149011612,0.0,0.0012505803237685686
117,0.004690418019890785,0.0,0.06934843212366104,0.05894903093576431,0.0,0.10000000149011612,0.0,0.10000000149011612,0.0,0.10000000149011612,0.0,0.0,0.10000000149011612,0.0,0.10000000149011612,0.10000000149011612,0.0,0.10000000149011612,0.10000000149011612,0.10000000149011612,0.0,0.0,0.0,0.10000000149011612,0.0,0.00928217175605428
118,5.4048505262471735e-05,0.0,0.06940622627735138,0.055932678282260895,0.0,0.10000000149011612,0.0,0.10000000149011612,0.0,0.10000000149011612,0.0,0.0,0.10000000149011612,0.0,0.10000000149011612,0.10000000149011612,0.0,0.10000000149011612,0.10000000149011612,0.10000000149011612,0.0,0.0,0.0,0.10000000149011612,0.0,-0.002848439882737308
119,-0.01112617552280426,0.0,0.057507824152708054,0.04653333127498627,0.0,0.10000000149011612,0.0,0.10000000149011612,0.0,0.10000000149011612,0.0,0.0,0.10000000149011612,0.0,0.10000000149011612,0.10000000149011612,0.0,0.10000000149011612,0.10000000149011612,0.10000000149011612,0.0,0.0,0.0,0.10000000149011612,0.0,-0.008901464270018589
120,-0.010811912827193737,0.0,0.046074140816926956,0.039024826139211655,0.0,0.10000000149011612,0.0,0.10000000149011612,0.0,0.10000000149011612,0.0,0.0,0.10000000149011612,0.0,0.10000000149011612,0.10000000149011612,0.0,0.10000000149011612,0.10000000149011612,0.10000000149011612,0.0,0.0,0.0,0.10000000149011612,0.0,-0.0071746450030665265
121,-0.003914921544492245,0.0,0.04197884351015091,0.03516822308301926,0.0,0.10000000149011612,0.0,0.10000000149011612,0.0,0.10000000149011612,0.0,0.0,0.10000000149011612,0.0,0.10000000149011612,0.10000000149011612,0.0,0.10000000149011612,0.10000000149011612,0.10000000149011612,0.0,0.0,0.0,0.10000000149011612,0.0,-0.003711752557946757
122,-0.0006218080525286496,0.0,0.041330933570861816,0.03658706322312355,0.0,0.10000000149011612,0.0,0.10000000149011612,0.0,0.10000000149011612,0.0,0.0,0.10000000149011612,0.0,0.10000000149011612,0.10000000149011612,0.0,0.10000000149011612,0.10000000149011612,0.10000000149011612,0.0,0.0,0.0,0.10000000149011612,0.0,0.0013706372630706287
123,0.011830809526145458,0.0,0.05365072190761566,0.0436263307929039,0.0,0.10000000149011612,0.0,0.10000000149011612,0.0,0.10000000149011612,0.0,0.0,0.10000000149011612,0.0,0.10000000149011612,0.10000000149011612,0.0,0.10000000149011612,0.10000000149011612,0.10000000149011612,0.0,0.0,0.0,0.10000000149011612,0.0,0.0067908117123252065
124,-0.00603737635537982,0.0,0.04728943482041359,0.037326663732528687,0.0,0.10000000149011612,0.0,0.10000000149011612,0.0,0.10000000149011612,0.0,0.0,0.10000000149011612,0.0,0.10000000149011612,0.10000000149011612,0.0,0.10000000149011612,0.10000000149011612,0.10000000149011612,0.0,0.0,0.0,0.10000000149011612,0.0,-0.006036324376358926
125,0.0012714521726593375,0.0,0.04862101376056671,0.03883063420653343,0.0,0.10000000149011612,0.0,0.10000000149011612,0.0,0.10000000149011612,0.0,0.0,0.10000000149011612,0.0,0.10000000149011612,0.10000000149011612,0.0,0.10000000149011612,0.10000000149011612,0.10000000149011612,0.0,0.0,0.0,0.10000000149011612,0.0,0.0014498523238506422
126,0.012047262862324715,0.0,0.061254024505615234,0.05746319144964218,0.0,0.10000000149011612,0.0,0.10000000149011612,0.0,0.10000000149011612,0.0,0.0,0.10000000149011612,0.0,0.10000000149011612,0.10000000149011612,0.0,0.10000000149011612,0.10000000149011612,0.10000000149011612,0.0,0.0,0.0,0.10000000149011612,0.0,0.017936087586924554
127,0.007469401229172945,0.0,0.06918095797300339,0.06798172742128372,0.0,0.10000000149011612,0.0,0.10000000149011612,0.0,0.10000000149011612,0.0,0.0,0.10000000149011612,0.0,0.10000000149011612,0.10000000149011612,0.0,0.10000000149011612,0.10000000149011612,0.10000000149011612,0.0,0.0,0.0,0.10000000149011612,0.0,0.009946952344716653
128,-0.0007964629330672324,0.0,0.06832939386367798,0.0633043497800827,0.0,0.10000000149011612,0.0,0.10000000149011612,0.0,0.10000000149011612,0.0,0.0,0.10000000149011612,0.0,0.10000000149011612,0.10000000149011612,0.0,0.10000000149011612,0.10000000149011612,0.10000000149011612,0.0,0.0,0.0,0.10000000149011612,0.0,-0.004379642011755114
129,-0.0027200691401958466,0.0,0.06542346626520157,0.064834363758564,0.0,0.10000000149011612,0.0,0.10000000149011612,0.0,0.10000000149011612,0.0,0.0,0.10000000149011612,0.0,0.10000000149011612,0.10000000149011612,0.0,0.10000000149011612,0.10000000149011612,0.10000000149011612,0.0,0.0,0.0,0.10000000149011612,0.0,0.0014389238403829108
130,0.0024722269736230373,0.0,0.06805743277072906,0.06593109667301178,0.0,0.10000000149011612,0.0,0.10000000149011612,0.0,0.10000000149011612,0.0,0.0,0.10000000149011612,0.0,0.10000000149011612,0.10000000149011612,0.0,0.10000000149011612,0.10000000149011612,0.10000000149011612,0.0,0.0,0.0,0.10000000149011612,0.0,0.001029956349808847
131,0.0033930351492017508,0.0,0.07168138772249222,0.07075090706348419,0.0,0.10000000149011612,0.0,0.10000000149011612,0.0,0.10000000149011612,0.0,0.0,0.10000000149011612,0.0,0.10000000149011612,0.10000000149011612,0.0,0.10000000149011612,0.10000000149011612,0.10000000149011612,0.0,0.0,0.0,0.10000000149011612,0.0,0.00452169038459993
132,0.0007849717512726784,0.0,0.07252262532711029,0.06802009046077728,0.0,0.10000000149011612,0.0,0.10000000149011612,0.0,0.10000000149011612,0.0,0.0,0.10000000149011612,0.0,0.10000000149011612,0.10000000149011612,0.0,0.10000000149011612,0.10000000149011612,0.10000000149011612,0.0,0.0,0.0,0.10000000149011612,0.0,-0.0025503752410503955
133,0.0010828401427716017,0.0,0.07368399947881699,0.07385871559381485,0.0,0.10000000149011612,0.0,0.10000000149011612,0.0,0.10000000149011612,0.0,0.0,0.10000000149011612,0.0,0.10000000149011612,0.10000000149011612,0.0,0.10000000149011612,0.10000000149011612,0.10000000149011612,0.0,0.0,0.0,0.10000000149011612,0.0,0.00546677462829237
134,0.011265971697866917,0.0,0.08578009158372879,0.0772038996219635,0.0,0.10000000149011612,0.0,0.10000000149011612,0.0,0.10000000149011612,0.0,0.0,0.10000000149011612,0.0,0.10000000149011612,0.10000000149011612,0.0,0.10000000149011612,0.10000000149011612,0.10000000149011612,0.0,0.0,0.0,0.10000000149011612,0.0,0.003115106279413027
135,-0.00021299326908774674,0.0,0.08554882556200027,0.07624005526304245,0.0,0.10000000149011612,0.0,0.10000000149011612,0.0,0.10000000149011612,0.0,0.0,0.10000000149011612,0.0,0.10000000149011612,0.10000000149011612,0.0,0.10000000149011612,0.10000000149011612,0.10000000149011612,0.0,0.0,0.0,0.10000000149011612,0.0,-0.0008947650108389604
136,0.012477727606892586,0.0,0.09909401088953018,0.09175337851047516,0.0,0.10000000149011612,0.0,0.10000000149011612,0.0,0.10000000149011612,0.0,0.0,0.10000000149011612,0.0,0.10000000149011612,0.10000000149011612,0.0,0.10000000149011612,0.10000000149011612,0.10000000149011612,0.0,0.0,0.0,0.10000000149011612,0.0,0.01441437081956698
137,-0.008524389006197453,0.0,0.08972490578889847,0.07816518843173981,0.0,0.10000000149011612,0.0,0.10000000149011612,0.0,0.10000000149011612,0.0,0.0,0.10000000149011612,0.0,0.10000000149011612,0.10000000149011612,0.0,0.10000000149011612,0.10000000149011612,0.10000000149011612,0.0,0.0,0.0,0.10000000149011612,0.0,-0.012446208407684844
138,-0.00841930229216814,0.0,0.0805501788854599,0.07269705086946487,0.0,0.10000000149011612,0.0,0.10000000149011612,0.0,0.10000000149011612,0.0,0.0,0.10000000149011612,0.0,0.10000000149011612,0.10000000149011612,0.0,0.10000000149011612,0.10000000149011612,0.10000000149011612,0.0,0.0,0.0,0.10000000149011612,0.0,-0.0050717066558498836
139,0.004257718566805124,0.0,0.08515086024999619,0.07594320178031921,0.0,0.10000000149011612,0.0,0.10000000149011612,0.0,0.10000000149011612,0.0,0.0,0.10000000149011612,0.0,0.10000000149011612,0.10000000149011612,0.0,0.10000000149011612,0.10000000149011612,0.10000000149011612,0.0,0.0,0.0,0.10000000149011612,0.0,0.003026158138705881
140,-0.004568357020616531,0.0,0.08019350469112396,0.07302018254995346,0.0,0.10000000149011612,0.0,0.10000000149011612,0.0,0.10000000149011612,0.0,0.0,0.10000000149011612,0.0,0.10000000149011612,0.10000000149011612,0.0,0.10000000149011612,0.10000000149011612,0.10000000149011612,0.0,0.0,0.0,0.10000000149011612,0.0,-0.0027167040281765864
141,-0.0032642558217048645,0.0,0.07666748017072678,0.07309788465499878,0.0,0.10000000149011612,0.0,0.10000000149011612,0.0,0.10000000149011612,0.0,0.0,0.10000000149011612,0.0,0.10000000149011612,0.10000000149011612,0.0,0.10000000149011612,0.10000000149011612,0.10000000149011612,0.0,0.0,0.0,0.10000000149011612,0.0,7.24143928594323e-05
142,0.001112787052989006,0.0,0.07786557823419571,0.07303276658058167,0.0,0.10000000149011612,0.0,0.10000000149011612,0.0,0.10000000149011612,0.0,0.0,0.10000000149011612,0.0,0.10000000149011612,0.10000000149011612,0.0,0.10000000149011612,0.10000000149011612,0.10000000149011612,0.0,0.0,0.0,0.10000000149011612,0.0,-6.068232483569247e-05
143,0.002645637607201934,5.999999848427251e-05,0.08071722090244293,0.07583275437355042,0.0,0.10000000149011612,0.0,0.0,0.0,0.10000000149011612,0.0,0.0,0.10000000149011612,0.0,0.10000000149011612,0.10000000149011612,0.10000000149011612,0.10000000149011612,0.10000000149011612,0.10000000149011612,0.0,0.0,0.0,0.10000000149011612,0.0,0.0026094149966096047
144,-0.003354269778355956,0.0,0.07709220051765442,0.07636594772338867,0.0,0.10000000149011612,0.0,0.0,0.0,0.10000000149011612,0.0,0.0,0.10000000149011612,0.0,0.10000000149011612,0.10000000149011612,0.10000000149011612,0.10000000149011612,0.10000000149011612,0.10000000149011612,0.0,0.0,0.0,0.10000000149011612,0.0,0.0004956098870114722
145,0.012864422053098679,0.0,0.09094837307929993,0.09065285325050354,0.0,0.10000000149011612,0.0,0.0,0.0,0.10000000149011612,0.0,0.0,0.10000000149011612,0.0,0.10000000149011612,0.10000000149011612,0.10000000149011612,0.10000000149011612,0.10000000149011612,0.10000000149011612,0.0,0.0,0.0,0.10000000149011612,0.0,0.013273278997104176
146,0.006500509101897478,0.0,0.09804008901119232,0.09500162303447723,0.0,0.10000000149011612,0.0,0.0,0.0,0.10000000149011612,0.0,0.0,0.10000000149011612,0.0,0.10000000149011612,0.10000000149011612,0.10000000149011612,0.10000000149011612,0.10000000149011612,0.10000000149011612,0.0,0.0,0.0,0.10000000149011612,0.0,0.003987308859104921
147,-0.002002894412726164,0.0,0.09584083408117294,0.09276320040225983,0.0,0.10000000149011612,0.0,0.0,0.0,0.10000000149011612,0.0,0.0,0.10000000149011612,0.0,0.10000000149011612,0.10000000149011612,0.10000000149011612,0.10000000149011612,0.10000000149011612,0.10000000149011612,0.0,0.0,0.0,0.10000000149011612,0.0,-0.002044218551945365
148,-0.003787962021306157,0.0,0.091689832508564,0.08646026998758316,0.0,0.10000000149011612,0.0,0.0,0.0,0.10000000149011612,0.0,0.0,0.10000000149011612,0.0,0.10000000149011612,0.10000000149011612,0.10000000149011612,0.10000000149011612,0.10000000149011612,0.10000000149011612,0.0,0.0,0.0,0.10000000149011612,0.0,-0.005767883117180794
149,-0.0031464144121855497,0.0,0.08825492113828659,0.08139060437679291,0.0,0.10000000149011612,0.0,0.0,0.0,0.10000000149011612,0.0,0.0,0.10000000149011612,0.0,0.10000000149011612,0.10000000149011612,0.10000000149011612,0.10000000149011612,0.10000000149011612,0.10000000149011612,0.0,0.0,0.0,0.10000000149011612,0.0,-0.004666222733435199
150,-0.008339273743331432,0.0,0.07917966693639755,0.07831230014562607,0.0,0.10000000149011612,0.0,0.0,0.0,0.10000000149011612,0.0,0.0,0.10000000149011612,0.0,0.10000000149011612,0.10000000149011612,0.10000000149011612,0.10000000149011612,0.10000000149011612,0.10000000149011612,0.0,0.0,0.0,0.10000000149011612,0.0,-0.002846616401795843
151,0.0016516228206455708,0.0,0.08096206188201904,0.08262451738119125,0.0,0.10000000149011612,0.0,0.0,0.0,0.10000000149011612,0.0,0.0,0.10000000149011612,0.0,0.10000000149011612,0.10000000149011612,0.10000000149011612,0.10000000149011612,0.10000000149011612,0.10000000149011612,0.0,0.0,0.0,0.10000000149011612,0.0,0.003999042981317036
152,0.004853519611060619,0.0,0.0862085297703743,0.09305453300476074,0.0,0.10000000149011612,0.0,0.0,0.0,0.10000000149011612,0.0,0.0,0.10000000149011612,0.0,0.10000000149011612,0.10000000149011612,0.10000000149011612,0.10000000149011612,0.10000000149011612,0.10000000149011612,0.0,0.0,0.0,0.10000000149011612,0.0,0.00963401018184884
153,0.006174813024699688,0.0,0.09291566908359528,0.09817230701446533,0.0,0.10000000149011612,0.0,0.0,0.0,0.10000000149011612,0.0,0.0,0.10000000149011612,0.0,0.10000000149011612,0.10000000149011612,0.10000000149011612,0.10000000149011612,0.10000000149011612,0.10000000149011612,0.0,0.0,0.0,0.10000000149011612,0.0,0.004682084795564645
154,0.004528244957327843,0.0,0.09786465764045715,0.10272607207298279,0.0,0.10000000149011612,0.0,0.0,0.0,0.10000000149011612,0.0,0.0,0.10000000149011612,0.0,0.10000000149011612,0.10000000149011612,0.10000000149011612,0.10000000149011612,0.10000000149011612,0.10000000149011612,0.0,0.0,0.0,0.10000000149011612,0.0,0.0041466762815185465
155,8.326993702212349e-05,0.0,0.09795607626438141,0.1010119840502739,0.0,0.10000000149011612,0.0,0.0,0.0,0.10000000149011612,0.0,0.0,0.10000000149011612,0.0,0.10000000149011612,0.10000000149011612,0.10000000149011612,0.10000000149011612,0.10000000149011612,0.10000000149011612,0.0,0.0,0.0,0.10000000149011612,0.0,-0.0015544096273035768
156,-0.0010952722514048219,0.0,0.09675351530313492,0.101138174533844,0.0,0.10000000149011612,0.0,0.0,0.0,0.10000000149011612,0.0,0.0,0.10000000149011612,0.0,0.10000000149011612,0.10000000149011612,0.10000000149011612,0.10000000149011612,0.10000000149011612,0.10000000149011612,0.0,0.0,0.0,0.10000000149011612,0.0,0.00011461317896466205
157,0.009259400889277458,0.0,0.10690879821777344,0.11090750247240067,0.0,0.10000000149011612,0.0,0.0,0.0,0.10000000149011612,0.0,0.0,0.10000000149011612,0.0,0.10000000149011612,0.10000000149011612,0.10000000149011612,0.10000000149011612,0.10000000149011612,0.10000000149011612,0.0,0.0,0.0,0.10000000149011612,0.0,0.008872027293661322
158,-0.004959442652761936,0.0,0.10141914337873459,0.11080007255077362,0.0,0.10000000149011612,0.0,0.0,0.0,0.10000000149011612,0.0,0.0,0.10000000149011612,0.0,0.10000000149011612,0.10000000149011612,0.10000000149011612,0.10000000149011612,0.10000000149011612,0.10000000149011612,0.0,0.0,0.0,0.10000000149011612,0.0,-9.670465037636689e-05
159,0.010373515076935291,0.0,0.11284473538398743,0.11477868258953094,0.0,0.10000000149011612,0.0,0.0,0.0,0.10000000149011612,0.0,0.0,0.10000000149011612,0.0,0.10000000149011612,0.10000000149011612,0.10000000149011612,0.10000000149011612,0.10000000149011612,0.10000000149011612,0.0,0.0,0.0,0.10000000149011612,0.0,0.0035817516914822267
160,0.00285163801163435,0.0,0.11601816117763519,0.11789773404598236,0.0,0.10000000149011612,0.0,0.0,0.0,0.10000000149011612,0.0,0.0,0.10000000149011612,0.0,0.10000000149011612,0.10000000149011612,0.10000000149011612,0.10000000149011612,0.10000000149011612,0.10000000149011612,0.0,0.0,0.0,0.10000000149011612,0.0,0.0027979109263249757
161,0.006651719566434622,0.0,0.12344160676002502,0.12356223165988922,0.0,0.10000000149011612,0.0,0.0,0.0,0.10000000149011612,0.0,0.0,0.10000000149011612,0.0,0.10000000149011612,0.10000000149011612,0.10000000149011612,0.10000000149011612,0.10000000149011612,0.10000000149011612,0.0,0.0,0.0,0.10000000149011612,0.0,0.005067098216046562
162,-0.006105064880102873,0.0,0.11658292263746262,0.12587091326713562,0.0,0.10000000149011612,0.0,0.0,0.0,0.10000000149011612,0.0,0.0,0.10000000149011612,0.0,0.10000000149011612,0.10000000149011612,0.10000000149011612,0.10000000149011612,0.10000000149011612,0.10000000149011612,0.0,0.0,0.0,0.10000000149011612,0.0,0.0020547874805614263
163,0.004003108013421297,0.0,0.12105271965265274,0.13290420174598694,0.0,0.10000000149011612,0.0,0.0,0.0,0.10000000149011612,0.0,0.0,0.10000000149011612,0.0,0.10000000149011612,0.10000000149011612,0.10000000149011612,0.10000000149011612,0.10000000149011612,0.10000000149011612,0.0,0.0,0.0,0.10000000149011612,0.0,0.006246975915241926
164,-0.003118308261036873,0.0,0.11755693703889847,0.12641990184783936,0.0,0.10000000149011612,0.0,0.0,0.0,0.10000000149011612,0.0,0.0,0.10000000149011612,0.0,0.10000000149011612,0.10000000149011612,0.10000000149011612,0.10000000149011612,0.10000000149011612,0.10000000149011612,0.0,0.0,0.0,0.10000000149011612,0.0,-0.005723608305233774
165,0.0006957991281524301,0.0,0.11833453178405762,0.13186053931713104,0.0,0.10000000149011612,0.0,0.0,0.0,0.10000000149011612,0.0,0.0,0.10000000149011612,0.0,0.10000000149011612,0.10000000149011612,0.10000000149011612,0.10000000149011612,0.10000000149011612,0.10000000149011612,0.0,0.0,0.0,0.10000000149011612,0.0,0.004830026050113734
166,-0.001804223982617259,0.0,0.11631680279970169,0.13445672392845154,0.0,0.10000000149011612,0.0,0.0,0.0,0.10000000149011612,0.0,0.0,0.10000000149011612,0.0,0.10000000149011612,0.10000000149011612,0.10000000149011612,0.10000000149011612,0.10000000149011612,0.10000000149011612,0.0,0.0,0.0,0.10000000149011612,0.0,0.002293731887575756
167,-0.008012625388801098,0.0,0.10737217217683792,0.13017059862613678,0.0,0.10000000149011612,0.0,0.0,0.0,0.10000000149011612,0.0,0.0,0.10000000149011612,0.0,0.10000000149011612,0.10000000149011612,0.10000000149011612,0.10000000149011612,0.10000000149011612,0.10000000149011612,0.0,0.0,0.0,0.10000000149011612,0.0,-0.003778130282019565
168,-0.005036827176809311,0.0,0.10179453343153,0.12121270596981049,0.0,0.10000000149011612,0.0,0.0,0.0,0.10000000149011612,0.0,0.0,0.10000000149011612,0.0,0.10000000149011612,0.10000000149011612,0.10000000149011612,0.10000000149011612,0.10000000149011612,0.10000000149011612,0.0,0.0,0.0,0.10000000149011612,0.0,-0.007926142006539294
169,0.0020591774955391884,0.0,0.10406332463026047,0.13024333119392395,0.0,0.10000000149011612,0.0,0.0,0.0,0.10000000149011612,0.0,0.0,0.10000000149011612,0.0,0.10000000149011612,0.10000000149011612,0.10000000149011612,0.10000000149011612,0.10000000149011612,0.10000000149011612,0.0,0.0,0.0,0.10000000149011612,0.0,0.008054337215436913
170,-0.004358363337814808,0.0,0.0992514118552208,0.12595590949058533,0.0,0.10000000149011612,0.0,0.0,0.0,0.10000000149011612,0.0,0.0,0.10000000149011612,0.0,0.10000000149011612,0.10000000149011612,0.10000000149011612,0.10000000149011612,0.10000000149011612,0.10000000149011612,0.0,0.0,0.0,0.10000000149011612,0.0,-0.0037933616461240938
171,0.00900399498641491,0.0,0.10914906859397888,0.12850362062454224,0.0,0.10000000149011612,0.0,0.0,0.0,0.10000000149011612,0.0,0.0,0.10000000149011612,0.0,0.10000000149011612,0.10000000149011612,0.10000000149011612,0.10000000149011612,0.10000000149011612,0.10000000149011612,0.0,0.0,0.0,0.10000000149011612,0.0,0.002262709500862714
172,0.004754423163831234,0.0,0.11442243307828903,0.13633160293102264,0.0,0.10000000149011612,0.0,0.0,0.0,0.10000000149011612,0.0,0.0,0.10000000149011612,0.0,0.10000000149011612,0.10000000149011612,0.10000000149011612,0.10000000149011612,0.10000000149011612,0.10000000149011612,0.0,0.0,0.0,0.10000000149011612,0.0,0.006936603625735893
173,0.002726987935602665,0.0,0.11746145039796829,0.1376093029975891,0.0,0.10000000149011612,0.0,0.0,0.0,0.10000000149011612,0.0,0.0,0.10000000149011612,0.0,0.10000000149011612,0.10000000149011612,0.10000000149011612,0.10000000149011612,0.10000000149011612,0.10000000149011612,0.0,0.0,0.0,0.10000000149011612,0.0,0.0011244077549816822
174,-0.006226627621799707,5.999999848427251e-05,0.1105034351348877,0.13124483823776245,0.0,0.10000000149011612,0.10000000149011612,0.0,0.0,0.10000000149011612,0.0,0.0,0.10000000149011612,0.0,0.0,0.10000000149011612,0.10000000149011612,0.10000000149011612,0.10000000149011612,0.10000000149011612,0.0,0.0,0.0,0.10000000149011612,0.0,-0.005594596266975227
175,0.004843356087803841,0.0,0.11588199436664581,0.1365388035774231,0.0,0.10000000149011612,0.10000000149011612,0.0,0.0,0.10000000149011612,0.0,0.0,0.10000000149011612,0.0,0.0,0.10000000149011612,0.10000000149011612,0.10000000149011612,0.10000000149011612,0.10000000149011612,0.0,0.0,0.0,0.10000000149011612,0.0,0.004679769719796001
176,-0.0019673688802868128,0.0,0.11368664354085922,0.13595853745937347,0.0,0.10000000149011612,0.10000000149011612,0.0,0.0,0.10000000149011612,0.0,0.0,0.10000000149011612,0.0,0.0,0.10000000149011612,0.10000000149011612,0.10000000149011612,0.10000000149011612,0.10000000149011612,0.0,0.0,0.0,0.10000000149011612,0.0,-0.0005105554832119941
177,-0.0015934616094455123,0.0,0.11191202700138092,0.12663374841213226,0.0,0.10000000149011612,0.10000000149011612,0.0,0.0,0.10000000149011612,0.0,0.0,0.10000000149011612,0.0,0.0,0.10000000149011612,0.10000000149011612,0.10000000149011612,0.10000000149011612,0.10000000149011612,0.0,0.0,0.0,0.10000000149011612,0.0,-0.008208740671201364
178,-0.007661342155188322,0.0,0.10339328646659851,0.12227017432451248,0.0,0.10000000149011612,0.10000000149011612,0.0,0.0,0.10000000149011612,0.0,0.0,0.10000000149011612,0.0,0.0,0.10000000149011612,0.10000000149011612,0.10000000149011612,0.10000000149011612,0.10000000149011612,0.0,0.0,0.0,0.10000000149011612,0.0,-0.0038731079144129765
179,-0.0163321103900671,0.0,0.08537254482507706,0.10724552720785141,0.0,0.10000000149011612,0.10000000149011612,0.0,0.0,0.10000000149011612,0.0,0.0,0.10000000149011612,0.0,0.0,0.10000000149011612,0.10000000149011612,0.10000000149011612,0.10000000149011612,0.10000000149011612,0.0,0.0,0.0,0.10000000149011612,0.0,-0.013387727358703416
180,0.007579464931041002,0.0,0.09359908849000931,0.11748890578746796,0.0,0.10000000149011612,0.10000000149011612,0.0,0.0,0.10000000149011612,0.0,0.0,0.10000000149011612,0.0,0.0,0.10000000149011612,0.10000000149011612,0.10000000149011612,0.10000000149011612,0.10000000149011612,0.0,0.0,0.0,0.10000000149011612,0.0,0.009251225972840338
181,0.0022526513785123825,0.0,0.09606258571147919,0.11800343543291092,0.0,0.10000000149011612,0.10000000149011612,0.0,0.0,0.10000000149011612,0.0,0.0,0.10000000149011612,0.0,0.0,0.10000000149011612,0.10000000149011612,0.10000000149011612,0.10000000149011612,0.10000000149011612,0.0,0.0,0.0,0.10000000149011612,0.0,0.00046043378397597756
182,0.0035976229701191187,0.0,0.10000580549240112,0.11656789481639862,0.0,0.10000000149011612,0.10000000149011612,0.0,0.0,0.10000000149011612,0.0,0.0,0.10000000149011612,0.0,0.0,0.10000000149011612,0.10000000149011612,0.10000000149011612,0.10000000149011612,0.10000000149011612,0.0,0.0,0.0,0.10000000149011612,0.0,-0.0012840216505742852
183,0.005159120075404644,0.0,0.10568086802959442,0.12239966541528702,0.0,0.10000000149011612,0.10000000149011612,0.0,0.0,0.10000000149011612,0.0,0.0,0.10000000149011612,0.0,0.0,0.10000000149011612,0.10000000149011612,0.10000000149011612,0.10000000149011612,0.10000000149011612,0.0,0.0,0.0,0.10000000149011612,0.0,0.005222943115203327
184,-0.010460862889885902,5.999999848427251e-05,0.09411449730396271,0.11592860519886017,0.10000000149011612,0.10000000149011612,0.10000000149011612,0.0,0.0,0.10000000149011612,0.0,0.0,0.10000000149011612,0.0,0.0,0.10000000149011612,0.0,0.10000000149011612,0.10000000149011612,0.10000000149011612,0.0,0.0,0.0,0.10000000149011612,0.0,-0.005765379673409399
185,0.007869571447372437,0.0,0.10272470861673355,0.12333635985851288,0.10000000149011612,0.10000000149011612,0.10000000149011612,0.0,0.0,0.10000000149011612,0.0,0.0,0.10000000149011612,0.0,0.0,0.10000000149011612,0.0,0.10000000149011612,0.10000000149011612,0.10000000149011612,0.0,0.0,0.0,0.10000000149011612,0.0,0.006638197663489942
186,-0.0009446936892345548,0.0,0.10168296843767166,0.12471091747283936,0.10000000149011612,0.10000000149011612,0.10000000149011612,0.0,0.0,0.10000000149011612,0.0,0.0,0.10000000149011612,0.0,0.0,0.10000000149011612,0.0,0.10000000149011612,0.10000000149011612,0.10000000149011612,0.0,0.0,0.0,0.10000000149011612,0.0,0.0012236384963979496
187,0.013216150924563408,0.0,0.11624297499656677,0.1364043653011322,0.10000000149011612,0.10000000149011612,0.10000000149011612,0.0,0.0,0.10000000149011612,0.0,0.0,0.10000000149011612,0.0,0.0,0.10000000149011612,0.0,0.10000000149011612,0.10000000149011612,0.10000000149011612,0.0,0.0,0.0,0.10000000149011612,0.0,0.010396847444645863
188,0.0023903290275484324,0.0,0.11891116946935654,0.13876958191394806,0.10000000149011612,0.10000000149011612,0.10000000149011612,0.0,0.0,0.10000000149011612,0.0,0.0,0.10000000149011612,0.0,0.0,0.10000000149011612,0.0,0.10000000149011612,0.10000000149011612,0.10000000149011612,0.0,0.0,0.0,0.10000000149011612,0.0,0.002081316021862678
189,0.009185013361275196,0.0,0.12918837368488312,0.1448839157819748,0.10000000149011612,0.10000000149011612,0.10000000149011612,0.0,0.0,0.10000000149011612,0.0,0.0,0.10000000149011612,0.0,0.0,0.10000000149011612,0.0,0.10000000149011612,0.10000000149011612,0.10000000149011612,0.0,0.0,0.0,0.10000000149011612,0.0,0.00536924586425136
190,-0.007671989966183901,0.0,0.12052525579929352,0.14297336339950562,0.10000000149011612,0.10000000149011612,0.10000000149011612,0.0,0.0,0.10000000149011612,0.0,0.0,0.10000000149011612,0.0,0.0,0.10000000149011612,0.0,0.10000000149011612,0.10000000149011612,0.10000000149011612,0.0,0.0,0.0,0.10000000149011612,0.0,-0.0016687738871449254
191,-0.006652846932411194,0.0,0.11307057738304138,0.1359240710735321,0.10000000149011612,0.10000000149011612,0.10000000149011612,0.0,0.0,0.10000000149011612,0.0,0.0,0.10000000149011612,0.0,0.0,0.10000000149011612,0.0,0.10000000149011612,0.10000000149011612,0.10000000149011612,0.0,0.0,0.0,0.10000000149011612,0.0,-0.00616750359344076
192,-0.007091833278536797,0.0,0.10517686605453491,0.13128651678562164,0.10000000149011612,0.10000000149011612,0.10000000149011612,0.0,0.0,0.10000000149011612,0.0,0.0,0.10000000149011612,0.0,0.0,0.10000000149011612,0.0,0.10000000149011612,0.10000000149011612,0.10000000149011612,0.0,0.0,0.0,0.10000000149011612,0.0,-0.004082627004750039
193,0.008850338868796825,0.0,0.11495805531740189,0.13772213459014893,0.10000000149011612,0.10000000149011612,0.10000000149011612,0.0,0.0,0.10000000149011612,0.0,0.0,0.10000000149011612,0.0,0.0,0.10000000149011612,0.0,0.10000000149011612,0.10000000149011612,0.10000000149011612,0.0,0.0,0.0,0.10000000149011612,0.0,0.005688760282243077
194,0.006294684484601021,0.0,0.12197636067867279,0.14674299955368042,0.10000000149011612,0.10000000149011612,0.10000000149011612,0.0,0.0,0.10000000149011612,0.0,0.0,0.10000000149011612,0.0,0.0,0.10000000149011612,0.0,0.10000000149011612,0.10000000149011612,0.10000000149011612,0.0,0.0,0.0,0.10000000149011612,0.0,0.007928882359998335
195,0.003003346035256982,0.0,0.12534604966640472,0.14563968777656555,0.10000000149011612,0.10000000149011612,0.10000000149011612,0.0,0.0,0.10000000149011612,0.0,0.0,0.10000000149011612,0.0,0.0,0.10000000149011612,0.0,0.10000000149011612,0.10000000149011612,0.10000000149011612,0.0,0.0,0.0,0.10000000149011612,0.0,-0.0009621264551379349
196,-0.005617745220661163,0.0,0.11902414262294769,0.14709120988845825,0.10000000149011612,0.10000000149011612,0.10000000149011612,0.0,0.0,0.10000000149011612,0.0,0.0,0.10000000149011612,0.0,0.0,0.10000000149011612,0.0,0.10000000149011612,0.10000000149011612,0.10000000149011612,0.0,0.0,0.0,0.10000000149011612,0.0,0.001266997056212027
197,0.007402574643492699,0.0,0.12730780243873596,0.15293262898921967,0.10000000149011612,0.10000000149011612,0.10000000149011612,0.0,0.0,0.10000000149011612,0.0,0.0,0.10000000149011612,0.0,0.0,0.10000000149011612,0.0,0.10000000149011612,0.10000000149011612,0.10000000149011612,0.0,0.0,0.0,0.10000000149011612,0.0,0.005092375436587471
198,0.0031915686558932066,0.0,0.13090567290782928,0.15386609733104706,0.10000000149011612,0.10000000149011612,0.10000000149011612,0.0,0.0,0.10000000149011612,0.0,0.0,0.10000000149011612,0.0,0.0,0.10000000149011612,0.0,0.10000000149011612,0.10000000149011612,0.10000000149011612,0.0,0.0,0.0,0.10000000149011612,0.0,0.0008096469111518179
199,-0.0072882892563939095,0.0,0.12266331166028976,0.148356094956398,0.10000000149011612,0.10000000149011612,0.10000000149011612,0.0,0.0,0.10000000149011612,0.0,0.0,0.10000000149011612,0.0,0.0,0.10000000149011612,0.0,0.10000000149011612,0.10000000149011612,0.10000000149011612,0.0,0.0,0.0,0.10000000149011612,0.0,-0.004775252854203771
200,-0.0028869358357042074,5.999999848427251e-05,0.11942225694656372,0.14802609384059906,0.0,0.10000000149011612,0.10000000149011612,0.0,0.0,0.10000000149011612,0.0,0.0,0.10000000149011612,0.0,0.10000000149011612,0.10000000149011612,0.0,0.10000000149011612,0.10000000149011612,0.10000000149011612,0.0,0.0,0.0,0.10000000149011612,0.0,-0.0002873682799684474
201,0.0020103645510971546,0.0,0.12167269736528397,0.14812670648097992,0.0,0.10000000149011612,0.10000000149011612,0.0,0.0,0.10000000149011612,0.0,0.0,0.10000000149011612,0.0,0.10000000149011612,0.10000000149011612,0.0,0.10000000149011612,0.10000000149011612,0.10000000149011612,0.0,0.0,0.0,0.10000000149011612,0.0,8.763968077096784e-05
202,-0.01556203979998827,0.0,0.10421718657016754,0.13390527665615082,0.0,0.10000000149011612,0.10000000149011612,0.0,0.0,0.10000000149011612,0.0,0.0,0.10000000149011612,0.0,0.10000000149011612,0.10000000149011612,0.0,0.10000000149011612,0.10000000149011612,0.10000000149011612,0.0,0.0,0.0,0.10000000149011612,0.0,-0.01238663794209438
203,-0.010151427239179611,0.0,0.09300780296325684,0.12345041334629059,0.0,0.10000000149011612,0.10000000149011612,0.0,0.0,0.10000000149011612,0.0,0.0,0.10000000149011612,0.0,0.10000000149011612,0.10000000149011612,0.0,0.10000000149011612,0.10000000149011612,0.10000000149011612,0.0,0.0,0.0,0.10000000149011612,0.0,-0.009220226349674676
204,-0.00540996715426445,0.0,0.08709467202425003,0.11867110431194305,0.0,0.10000000149011612,0.10000000149011612,0.0,0.0,0.10000000149011612,0.0,0.0,0.10000000149011612,0.0,0.10000000149011612,0.10000000149011612,0.0,0.10000000149011612,0.10000000149011612,0.10000000149011612,0.0,0.0,0.0,0.10000000149011612,0.0,-0.0042541343859689995
205,-0.0022818995639681816,0.0,0.08461403101682663,0.11730407923460007,0.0,0.10000000149011612,0.10000000149011612,0.0,0.0,0.10000000149011612,0.0,0.0,0.10000000149011612,0.0,0.10000000149011612,0.10000000149011612,0.0,0.10000000149011612,0.10000000149011612,0.10000000149011612,0.0,0.0,0.0,0.10000000149011612,0.0,-0.0012220080344202966
206,-0.012257114052772522,0.0,0.07131978869438171,0.11046501249074936,0.0,0.10000000149011612,0.10000000149011612,0.0,0.0,0.10000000149011612,0.0,0.0,0.10000000149011612,0.0,0.10000000149011612,0.10000000149011612,0.0,0.10000000149011612,0.10000000149011612,0.10000000149011612,0.0,0.0,0.0,0.10000000149011612,0.0,-0.006121043385553304
207,-0.007836181670427322,0.0,0.06292473524808884,0.106782466173172,0.0,0.10000000149011612,0.10000000149011612,0.0,0.0,0.10000000149011612,0.0,0.0,0.10000000149011612,0.0,0.10000000149011612,0.10000000149011612,0.0,0.10000000149011612,0.10000000149011612,0.10000000149011612,0.0,0.0,0.0,0.10000000149011612,0.0,-0.0033162200304874823
208,0.007674890104681253,0.0,0.07108256220817566,0.11490965634584427,0.0,0.10000000149011612,0.10000000149011612,0.0,0.0,0.10000000149011612,0.0,0.0,0.10000000149011612,0.0,0.10000000149011612,0.10000000149011612,0.0,0.10000000149011612,0.10000000149011612,0.10000000149011612,0.0,0.0,0.0,0.10000000149011612,0.0,0.007343078175761963
209,-0.014837078750133514,0.0,0.05519082769751549,0.09837595373392105,0.0,0.10000000149011612,0.10000000149011612,0.0,0.0,0.10000000149011612,0.0,0.0,0.10000000149011612,0.0,0.10000000149011612,0.10000000149011612,0.0,0.10000000149011612,0.10000000149011612,0.10000000149011612,0.0,0.0,0.0,0.10000000149011612,0.0,-0.014829634417297122
210,-0.008146464824676514,0.0,0.04659475386142731,0.09379002451896667,0.0,0.10000000149011612,0.10000000149011612,0.0,0.0,0.10000000149011612,0.0,0.0,0.10000000149011612,0.0,0.10000000149011612,0.10000000149011612,0.0,0.10000000149011612,0.10000000149011612,0.10000000149011612,0.0,0.0,0.0,0.10000000149011612,0.0,-0.004175190834581288
211,-0.0005860712262801826,0.0,0.04598137363791466,0.08832985162734985,0.0,0.10000000149011612,0.10000000149011612,0.0,0.0,0.10000000149011612,0.0,0.0,0.10000000149011612,0.0,0.10000000149011612,0.10000000149011612,0.0,0.10000000149011612,0.10000000149011612,0.10000000149011612,0.0,0.0,0.0,0.10000000149011612,0.0,-0.004991975396756887
212,-0.004292375408113003,0.0,0.04149163141846657,0.08391615748405457,0.0,0.10000000149011612,0.10000000149011612,0.0,0.0,0.10000000149011612,0.0,0.0,0.10000000149011612,0.0,0.10000000149011612,0.10000000149011612,0.0,0.10000000149011612,0.10000000149011612,0.10000000149011612,0.0,0.0,0.0,0.10000000149011612,0.0,-0.004055474667625458
213,-0.009551999159157276,0.0,0.0315433032810688,0.07912896573543549,0.0,0.10000000149011612,0.10000000149011612,0.0,0.0,0.10000000149011612,0.0,0.0,0.10000000149011612,0.0,0.10000000149011612,0.10000000149011612,0.0,0.10000000149011612,0.10000000149011612,0.10000000149011612,0.0,0.0,0.0,0.10000000149011612,0.0,-0.004416570152188659
214,0.0044317590072751045,0.0,0.036114852875471115,0.09058979153633118,0.0,0.10000000149011612,0.10000000149011612,0.0,0.0,0.10000000149011612,0.0,0.0,0.10000000149011612,0.0,0.10000000149011612,0.10000000149011612,0.0,0.10000000149011612,0.10000000149011612,0.10000000149011612,0.0,0.0,0.0,0.10000000149011612,0.0,0.010620441267726655
215,0.011104105971753597,0.0,0.047619983553886414,0.10213538259267807,0.0,0.10000000149011612,0.10000000149011612,0.0,0.0,0.10000000149011612,0.0,0.0,0.10000000149011612,0.0,0.10000000149011612,0.10000000149011612,0.0,0.10000000149011612,0.10000000149011612,0.10000000149011612,0.0,0.0,0.0,0.10000000149011612,0.0,0.010586557059260926
216,0.01111103966832161,0.0,0.05926012992858887,0.10897889733314514,0.0,0.10000000149011612,0.10000000149011612,0.0,0.0,0.10000000149011612,0.0,0.0,0.10000000149011612,0.0,0.10000000149011612,0.10000000149011612,0.0,0.10000000149011612,0.10000000149011612,0.10000000149011612,0.0,0.0,0.0,0.10000000149011612,0.0,0.006209323145372814
217,0.0068462928757071495,0.0,0.06651213765144348,0.11543349921703339,0.0,0.10000000149011612,0.10000000149011612,0.0,0.0,0.10000000149011612,0.0,0.0,0.10000000149011612,0.0,0.10000000149011612,0.10000000149011612,0.0,0.10000000149011612,0.10000000149011612,0.10000000149011612,0.0,0.0,0.0,0.10000000149011612,0.0,0.00582031082774459
218,0.005073592532426119,0.0,0.07192318141460419,0.11955335736274719,0.0,0.10000000149011612,0.10000000149011612,0.0,0.0,0.10000000149011612,0.0,0.0,0.10000000149011612,0.0,0.10000000149011612,0.10000000149011612,0.0,0.10000000149011612,0.10000000149011612,0.10000000149011612,0.0,0.0,0.0,0.10000000149011612,0.0,0.003693504048968954
219,0.004363222047686577,0.0,0.07660022377967834,0.1240721344947815,0.0,0.10000000149011612,0.10000000149011612,0.0,0.0,0.10000000149011612,0.0,0.0,0.10000000149011612,0.0,0.10000000149011612,0.10000000149011612,0.0,0.10000000149011612,0.10000000149011612,0.10000000149011612,0.0,0.0,0.0,0.10000000149011612,0.0,0.004036232040497634
220,-0.002275269478559494,0.0,0.07415066659450531,0.12195191532373428,0.0,0.10000000149011612,0.10000000149011612,0.0,0.0,0.10000000149011612,0.0,0.0,0.10000000149011612,0.0,0.10000000149011612,0.10000000149011612,0.0,0.10000000149011612,0.10000000149011612,0.10000000149011612,0.0,0.0,0.0,0.10000000149011612,0.0,-0.0018861949389040733
221,0.006156768184155226,0.0,0.08076396584510803,0.12722329795360565,0.0,0.10000000149011612,0.10000000149011612,0.0,0.0,0.10000000149011612,0.0,0.0,0.10000000149011612,0.0,0.10000000149011612,0.10000000149011612,0.0,0.10000000149011612,0.10000000149011612,0.10000000149011612,0.0,0.0,0.0,0.10000000149011612,0.0,0.0046984033432042605
222,-0.009132536128163338,0.0,0.07089384645223618,0.12045583873987198,0.0,0.10000000149011612,0.10000000149011612,0.0,0.0,0.10000000149011612,0.0,0.0,0.10000000149011612,0.0,0.10000000149011612,0.10000000149011612,0.0,0.10000000149011612,0.10000000149011612,0.10000000149011612,0.0,0.0,0.0,0.10000000149011612,0.0,-0.0060036544897710264
223,-0.004522460047155619,0.0,0.06605077534914017,0.11245410889387131,0.0,0.10000000149011612,0.10000000149011612,0.0,0.0,0.10000000149011612,0.0,0.0,0.10000000149011612,0.0,0.10000000149011612,0.10000000149011612,0.0,0.10000000149011612,0.10000000149011612,0.10000000149011612,0.0,0.0,0.0,0.10000000149011612,0.0,-0.0071414950677572975
224,-0.013997712172567844,0.0,0.05112850293517113,0.096408411860466,0.0,0.10000000149011612,0.10000000149011612,0.0,0.0,0.10000000149011612,0.0,0.0,0.10000000149011612,0.0,0.10000000149011612,0.10000000149011612,0.0,0.10000000149011612,0.10000000149011612,0.10000000149011612,0.0,0.0,0.0,0.10000000149011612,0.0,-0.014423693440585805
225,0.011252772994339466,0.0,0.06295660883188248,0.10246067494153976,0.0,0.10000000149011612,0.10000000149011612,0.0,0.0,0.10000000149011612,0.0,0.0,0.10000000149011612,0.0,0.10000000149011612,0.10000000149011612,0.0,0.10000000149011612,0.10000000149011612,0.10000000149011612,0.0,0.0,0.0,0.10000000149011612,0.0,0.005520080852721598
226,0.008534845896065235,0.0,0.07202878594398499,0.10172084718942642,0.0,0.10000000149011612,0.10000000149011612,0.0,0.0,0.10000000149011612,0.0,0.0,0.10000000149011612,0.0,0.10000000149011612,0.10000000149011612,0.0,0.10000000149011612,0.10000000149011612,0.10000000149011612,0.0,0.0,0.0,0.10000000149011612,0.0,-0.0006710695165181857
227,-0.0019121695077046752,0.0,0.06997888535261154,0.09455602616071701,0.0,0.10000000149011612,0.10000000149011612,0.0,0.0,0.10000000149011612,0.0,0.0,0.10000000149011612,0.0,0.10000000149011612,0.10000000149011612,0.0,0.10000000149011612,0.10000000149011612,0.10000000149011612,0.0,0.0,0.0,0.10000000149011612,0.0,-0.006503299857661182
228,0.006656994111835957,0.0,0.07710172235965729,0.09299623966217041,0.0,0.10000000149011612,0.10000000149011612,0.0,0.0,0.10000000149011612,0.0,0.0,0.10000000149011612,0.0,0.10000000149011612,0.10000000149011612,0.0,0.10000000149011612,0.10000000149011612,0.10000000149011612,0.0,0.0,0.0,0.10000000149011612,0.0,-0.0014250403462833239
229,0.00031212964677251875,0.0,0.07743792235851288,0.09086741507053375,0.0,0.10000000149011612,0.10000000149011612,0.0,0.0,0.10000000149011612,0.0,0.0,0.10000000149011612,0.0,0.10000000149011612,0.10000000149011612,0.0,0.10000000149011612,0.10000000149011612,0.10000000149011612,0.0,0.0,0.0,0.10000000149011612,0.0,-0.0019476961716672347
230,0.011693457141518593,0.0,0.09003689140081406,0.09725017845630646,0.0,0.10000000149011612,0.10000000149011612,0.0,0.0,0.10000000149011612,0.0,0.0,0.10000000149011612,0.0,0.10000000149011612,0.10000000149011612,0.0,0.10000000149011612,0.10000000149011612,0.10000000149011612,0.0,0.0,0.0,0.10000000149011612,0.0,0.0058510899652823856
231,0.008310477249324322,0.0,0.09909562021493912,0.10133349895477295,0.0,0.10000000149011612,0.10000000149011612,0.0,0.0,0.10000000149011612,0.0,0.0,0.10000000149011612,0.0,0.10000000149011612,0.10000000149011612,0.0,0.10000000149011612,0.10000000149011612,0.10000000149011612,0.0,0.0,0.0,0.10000000149011612,0.0,0.0037214124715032604
232,0.00993441790342331,0.0,0.11001449823379517,0.11534526944160461,0.0,0.10000000149011612,0.10000000149011612,0.0,0.0,0.10000000149011612,0.0,0.0,0.10000000149011612,0.0,0.10000000149011612,0.10000000149011612,0.0,0.10000000149011612,0.10000000149011612,0.10000000149011612,0.0,0.0,0.0,0.10000000149011612,0.0,0.012722549981571962
233,0.013043391518294811,0.0,0.12449285387992859,0.12905435264110565,0.0,0.10000000149011612,0.10000000149011612,0.0,0.0,0.10000000149011612,0.0,0.0,0.10000000149011612,0.0,0.10000000149011612,0.10000000149011612,0.0,0.10000000149011612,0.10000000149011612,0.10000000149011612,0.0,0.0,0.0,0.10000000149011612,0.0,0.012291335764004652
234,-4.001460183644667e-05,0.0,0.12444785237312317,0.12973690032958984,0.0,0.10000000149011612,0.10000000149011612,0.0,0.0,0.10000000149011612,0.0,0.0,0.10000000149011612,0.0,0.10000000149011612,0.10000000149011612,0.0,0.10000000149011612,0.10000000149011612,0.10000000149011612,0.0,0.0,0.0,0.10000000149011612,0.0,0.0006045304080246616
235,0.0029486864805221558,0.0,0.12776349484920502,0.12898820638656616,0.0,0.10000000149011612,0.10000000149011612,0.0,0.0,0.10000000149011612,0.0,0.0,0.10000000149011612,0.0,0.10000000149011612,0.10000000149011612,0.0,0.10000000149011612,0.10000000149011612,0.10000000149011612,0.0,0.0,0.0,0.10000000149011612,0.0,-0.0006627153125698948
236,0.0005506127490662038,0.0,0.12838445603847504,0.13069060444831848,0.0,0.10000000149011612,0.10000000149011612,0.0,0.0,0.10000000149011612,0.0,0.0,0.10000000149011612,0.0,0.10000000149011612,0.10000000149011612,0.0,0.10000000149011612,0.10000000149011612,0.10000000149011612,0.0,0.0,0.0,0.10000000149011612,0.0,0.0015078971171904598
237,-0.004022004082798958,0.0,0.12384609133005142,0.1296204775571823,0.0,0.10000000149011612,0.10000000149011612,0.0,0.0,0.10000000149011612,0.0,0.0,0.10000000149011612,0.0,0.10000000149011612,0.10000000149011612,0.0,0.10000000149011612,0.10000000149011612,0.10000000149011612,0.0,0.0,0.0,0.10000000149011612,0.0,-0.0009464365290788868
238,-0.006275498308241367,0.0,0.11679340153932571,0.1242777407169342,0.0,0.10000000149011612,0.10000000149011612,0.0,0.0,0.10000000149011612,0.0,0.0,0.10000000149011612,0.0,0.10000000149011612,0.10000000149011612,0.0,0.10000000149011612,0.10000000149011612,0.10000000149011612,0.0,0.0,0.0,0.10000000149011612,0.0,-0.004729674210405488
239,0.006312689743936062,0.0,0.12384337186813354,0.12983675301074982,0.0,0.10000000149011612,0.10000000149011612,0.0,0.0,0.10000000149011612,0.0,0.0,0.10000000149011612,0.0,0.10000000149011612,0.10000000149011612,0.0,0.10000000149011612,0.10000000149011612,0.10000000149011612,0.0,0.0,0.0,0.10000000149011612,0.0,0.004944518682964194
240,0.01630510576069355,0.0,0.14216774702072144,0.1460389494895935,0.0,0.10000000149011612,0.10000000149011612,0.0,0.0,0.10000000149011612,0.0,0.0,0.10000000149011612,0.0,0.10000000149011612,0.10000000149011612,0.0,0.10000000149011612,0.10000000149011612,0.10000000149011612,0.0,0.0,0.0,0.10000000149011612,0.0,0.014340298663208406
241,0.008676502853631973,0.0,0.152077779173851,0.15312565863132477,0.0,0.10000000149011612,0.10000000149011612,0.0,0.0,0.10000000149011612,0.0,0.0,0.10000000149011612,0.0,0.10000000149011612,0.10000000149011612,0.0,0.10000000149011612,0.10000000149011612,0.10000000149011612,0.0,0.0,0.0,0.10000000149011612,0.0,0.00618365470465676
242,-0.008155270479619503,0.0,0.1426822692155838,0.147525355219841,0.0,0.10000000149011612,0.10000000149011612,0.0,0.0,0.10000000149011612,0.0,0.0,0.10000000149011612,0.0,0.10000000149011612,0.10000000149011612,0.0,0.10000000149011612,0.10000000149011612,0.10000000149011612,0.0,0.0,0.0,0.10000000149011612,0.0,-0.004856628910790972
243,0.004342441912740469,0.0,0.1476442962884903,0.15150031447410583,0.0,0.10000000149011612,0.10000000149011612,0.0,0.0,0.10000000149011612,0.0,0.0,0.10000000149011612,0.0,0.10000000149011612,0.10000000149011612,0.0,0.10000000149011612,0.10000000149011612,0.10000000149011612,0.0,0.0,0.0,0.10000000149011612,0.0,0.0034639402399114783
244,-0.0042650108225643635,0.0,0.1427495926618576,0.1502341479063034,0.0,0.10000000149011612,0.10000000149011612,0.0,0.0,0.10000000149011612,0.0,0.0,0.10000000149011612,0.0,0.10000000149011612,0.10000000149011612,0.0,0.10000000149011612,0.10000000149011612,0.10000000149011612,0.0,0.0,0.0,0.10000000149011612,0.0,-0.0010995798714833471
245,0.005879557691514492,0.0,0.14946845173835754,0.15541039407253265,0.0,0.10000000149011612,0.10000000149011612,0.0,0.0,0.10000000149011612,0.0,0.0,0.10000000149011612,0.0,0.10000000149011612,0.10000000149011612,0.0,0.10000000149011612,0.10000000149011612,0.10000000149011612,0.0,0.0,0.0,0.10000000149011612,0.0,0.004500167357795126
246,0.004541744478046894,0.0,0.15468904376029968,0.15557794272899628,0.0,0.10000000149011612,0.10000000149011612,0.0,0.0,0.10000000149011612,0.0,0.0,0.10000000149011612,0.0,0.10000000149011612,0.10000000149011612,0.0,0.10000000149011612,0.10000000149011612,0.10000000149011612,0.0,0.0,0.0,0.10000000149011612,0.0,0.00014501224614482666
247,0.0004044992965646088,0.0,0.15515610575675964,0.16029155254364014,0.0,0.10000000149011612,0.10000000149011612,0.0,0.0,0.10000000149011612,0.0,0.0,0.10000000149011612,0.0,0.10000000149011612,0.10000000149011612,0.0,0.10000000149011612,0.10000000149011612,0.10000000149011612,0.0,0.0,0.0,0.10000000149011612,0.0,0.004079006391825235
248,0.004066621419042349,0.0,0.15985369682312012,0.1619444638490677,0.0,0.10000000149011612,0.10000000149011612,0.0,0.0,0.10000000149011612,0.0,0.0,0.10000000149011612,0.0,0.10000000149011612,0.10000000149011612,0.0,0.10000000149011612,0.10000000149011612,0.10000000149011612,0.0,0.0,0.0,0.10000000149011612,0.0,0.0014245654911508865
249,0.000763655814807862,0.0,0.16073942184448242,0.16048824787139893,0.0,0.10000000149011612,0.10000000149011612,0.0,0.0,0.10000000149011612,0.0,0.0,0.10000000149011612,0.0,0.10000000149011612,0.10000000149011612,0.0,0.10000000149011612,0.10000000149011612,0.10000000149011612,0.0,0.0,0.0,0.10000000149011612,0.0,-0.0012532578130669547
250,0.009675240144133568,0.0,0.17196986079216003,0.16751134395599365,0.0,0.10000000149011612,0.10000000149011612,0.0,0.0,0.10000000149011612,0.0,0.0,0.10000000149011612,0.0,0.10000000149011612,0.10000000149011612,0.0,0.10000000149011612,0.10000000149011612,0.10000000149011612,0.0,0.0,0.0,0.10000000149011612,0.0,0.0060518459342235875
251,-0.007342430297285318,0.0,0.16336475312709808,0.16183671355247498,0.0,0.10000000149011612,0.10000000149011612,0.0,0.0,0.10000000149011612,0.0,0.0,0.10000000149011612,0.0,0.10000000149011612,0.10000000149011612,0.0,0.10000000149011612,0.10000000149011612,0.10000000149011612,0.0,0.0,0.0,0.10000000149011612,0.0,-0.004860449907313713
252,0.005378416273742914,0.0,0.1696218103170395,0.16540344059467316,0.0,0.10000000149011612,0.10000000149011612,0.0,0.0,0.10000000149011612,0.0,0.0,0.10000000149011612,0.0,0.10000000149011612,0.10000000149011612,0.0,0.10000000149011612,0.10000000149011612,0.10000000149011612,0.0,0.0,0.0,0.10000000149011612,0.0,0.0030699038863148953
253,-0.0049131507985293865,0.0,0.1638752818107605,0.16043627262115479,0.0,0.10000000149011612,0.10000000149011612,0.0,0.0,0.10000000149011612,0.0,0.0,0.10000000149011612,0.0,0.10000000149011612,0.10000000149011612,0.0,0.10000000149011612,0.10000000149011612,0.10000000149011612,0.0,0.0,0.0,0.10000000149011612,0.0,-0.0042621874970472096
254,-0.0008350659627467394,0.0,0.16290336847305298,0.16031576693058014,0.0,0.10000000149011612,0.10000000149011612,0.0,0.0,0.10000000149011612,0.0,0.0,0.10000000149011612,0.0,0.10000000149011612,0.10000000149011612,0.0,0.10000000149011612,0.10000000149011612,0.10000000149011612,0.0,0.0,0.0,0.10000000149011612,0.0,-0.00010384516015038425
255,0.005433713551610708,0.0,0.16922225058078766,0.16410286724567413,0.0,0.10000000149011612,0.10000000149011612,0.0,0.0,0.10000000149011612,0.0,0.0,0.10000000149011612,0.0,0.10000000149011612,0.10000000149011612,0.0,0.10000000149011612,0.10000000149011612,0.10000000149011612,0.0,0.0,0.0,0.10000000149011612,0.0,0.0032638531880955224
256,-0.001850184635259211,0.0,0.16705897450447083,0.16388319432735443,0.0,0.10000000149011612,0.10000000149011612,0.0,0.0,0.10000000149011612,0.0,0.0,0.10000000149011612,0.0,0.10000000149011612,0.10000000149011612,0.0,0.10000000149011612,0.10000000149011612,0.10000000149011612,0.0,0.0,0.0,0.10000000149011612,0.0,-0.00018870576175067377
257,-0.005909154191613197,0.0,0.16016264259815216,0.16007889807224274,0.0,0.10000000149011612,0.10000000149011612,0.0,0.0,0.10000000149011612,0.0,0.0,0.10000000149011612,0.0,0.10000000149011612,0.10000000149011612,0.0,0.10000000149011612,0.10000000149011612,0.10000000149011612,0.0,0.0,0.0,0.10000000149011612,0.0,-0.003268623753357236
258,-0.0022778792772442102,0.0,0.15751993656158447,0.15956738591194153,0.0,0.10000000149011612,0.10000000149011612,0.0,0.0,0.10000000149011612,0.0,0.0,0.10000000149011612,0.0,0.10000000149011612,0.10000000149011612,0.0,0.10000000149011612,0.10000000149011612,0.10000000149011612,0.0,0.0,0.0,0.10000000149011612,0.0,-0.0004409287688545982
259,0.01063049491494894,0.0,0.16982494294643402,0.16329436004161835,0.0,0.10000000149011612,0.10000000149011612,0.0,0.0,0.10000000149011612,0.0,0.0,0.10000000149011612,0.0,0.10000000149011612,0.10000000149011612,0.0,0.10000000149011612,0.10000000149011612,0.10000000149011612,0.0,0.0,0.0,0.10000000149011612,0.0,0.0032141074119169666
260,6.835284875705838e-05,0.0,0.1699049025774002,0.1644739806652069,0.0,0.10000000149011612,0.10000000149011612,0.0,0.0,0.10000000149011612,0.0,0.0,0.10000000149011612,0.0,0.10000000149011612,0.10000000149011612,0.0,0.10000000149011612,0.10000000149011612,0.10000000149011612,0.0,0.0,0.0,0.10000000149011612,0.0,0.0010140345076086188
261,0.02040179818868637,0.0,0.1937730610370636,0.18695156276226044,0.0,0.10000000149011612,0.10000000149011612,0.0,0.0,0.10000000149011612,0.0,0.0,0.10000000149011612,0.0,0.10000000149011612,0.10000000149011612,0.0,0.10000000149011612,0.10000000149011612,0.10000000149011612,0.0,0.0,0.0,0.10000000149011612,0.0,0.019302777451680964
262,-0.011566021479666233,0.0,0.17996586859226227,0.17534232139587402,0.0,0.10000000149011612,0.10000000149011612,0.0,0.0,0.10000000149011612,0.0,0.0,0.10000000149011612,0.0,0.10000000149011612,0.10000000149011612,0.0,0.10000000149011612,0.10000000149011612,0.10000000149011612,0.0,0.0,0.0,0.10000000149011612,0.0,-0.009780720402245868
263,0.009895438328385353,0.0,0.1916421353816986,0.18768414855003357,0.0,0.10000000149011612,0.10000000149011612,0.0,0.0,0.10000000149011612,0.0,0.0,0.10000000149011612,0.0,0.10000000149011612,0.10000000149011612,0.0,0.10000000149011612,0.10000000149011612,0.10000000149011612,0.0,0.0,0.0,0.10000000149011612,0.0,0.010500623460492742
264,0.006488825660198927,0.0,0.1993744969367981,0.19220827519893646,0.0,0.10000000149011612,0.10000000149011612,0.0,0.0,0.10000000149011612,0.0,0.0,0.10000000149011612,0.0,0.10000000149011612,0.10000000149011612,0.0,0.10000000149011612,0.10000000149011612,0.10000000149011612,0.0,0.0,0.0,0.10000000149011612,0.0,0.00380920016018238
265,0.0012791329063475132,0.0,0.20090866088867188,0.19744668900966644,0.0,0.10000000149011612,0.10000000149011612,0.0,0.0,0.10000000149011612,0.0,0.0,0.10000000149011612,0.0,0.10000000149011612,0.10000000149011612,0.0,0.10000000149011612,0.10000000149011612,0.10000000149011612,0.0,0.0,0.0,0.10000000149011612,0.0,0.0043938747278498
266,-0.005585278384387493,0.0,0.1942012459039688,0.18813200294971466,0.0,0.10000000149011612,0.10000000149011612,0.0,0.0,0.10000000149011612,0.0,0.0,0.10000000149011612,0.0,0.10000000149011612,0.10000000149011612,0.0,0.10000000149011612,0.10000000149011612,0.10000000149011612,0.0,0.0,0.0,0.10000000149011612,0.0,-0.007778789774478656
267,0.004787109792232513,0.0,0.1999180167913437,0.19464296102523804,0.0,0.10000000149011612,0.10000000149011612,0.0,0.0,0.10000000149011612,0.0,0.0,0.10000000149011612,0.0,0.10000000149011612,0.10000000149011612,0.0,0.10000000149011612,0.10000000149011612,0.10000000149011612,0.0,0.0,0.0,0.10000000149011612,0.0,0.005479995538676619
268,0.0014809882268309593,0.0,0.20169508457183838,0.19506226480007172,0.0,0.10000000149011612,0.10000000149011612,0.0,0.0,0.10000000149011612,0.0,0.0,0.10000000149011612,0.0,0.10000000149011612,0.10000000149011612,0.0,0.10000000149011612,0.10000000149011612,0.10000000149011612,0.0,0.0,0.0,0.10000000149011612,0.0,0.00035098668682898015
269,0.0011202292516827583,0.0,0.20304125547409058,0.19683398306369781,0.0,0.10000000149011612,0.10000000149011612,0.0,0.0,0.10000000149011612,0.0,0.0,0.10000000149011612,0.0,0.10000000149011612,0.10000000149011612,0.0,0.10000000149011612,0.10000000149011612,0.10000000149011612,0.0,0.0,0.0,0.10000000149011612,0.0,0.0014825321791267498
270,0.005632587242871523,0.0,0.20981749892234802,0.20114314556121826,0.0,0.10000000149011612,0.10000000149011612,0.0,0.0,0.10000000149011612,0.0,0.0,0.10000000149011612,0.0,0.10000000149011612,0.10000000149011612,0.0,0.10000000149011612,0.10000000149011612,0.10000000149011612,0.0,0.0,0.0,0.10000000149011612,0.0,0.0036004680335777195
271,-0.0010807424550876021,0.0,0.20850999653339386,0.19947746396064758,0.0,0.10000000149011612,0.10000000149011612,0.0,0.0,0.10000000149011612,0.0,0.0,0.10000000149011612,0.0,0.10000000149011612,0.10000000149011612,0.0,0.10000000149011612,0.10000000149011612,0.10000000149011612,0.0,0.0,0.0,0.10000000149011612,0.0,-0.0013867469557863332
272,-0.0035176428500562906,0.0,0.20425888895988464,0.1937379390001297,0.0,0.10000000149011612,0.10000000149011612,0.0,0.0,0.10000000149011612,0.0,0.0,0.10000000149011612,0.0,0.10000000149011612,0.10000000149011612,0.0,0.10000000149011612,0.10000000149011612,0.10000000149011612,0.0,0.0,0.0,0.10000000149011612,0.0,-0.004785021088738128
273,0.0011053793132305145,0.0,0.20559005439281464,0.19608817994594574,0.0,0.10000000149011612,0.10000000149011612,0.0,0.0,0.10000000149011612,0.0,0.0,0.10000000149011612,0.0,0.10000000149011612,0.10000000149011612,0.0,0.10000000149011612,0.10000000149011612,0.10000000149011612,0.0,0.0,0.0,0.10000000149011612,0.0,0.0019688081186266526
274,-0.0034580626524984837,0.0,0.20142105221748352,0.19909735023975372,0.0,0.10000000149011612,0.10000000149011612,0.0,0.0,0.10000000149011612,0.0,0.0,0.10000000149011612,0.0,0.10000000149011612,0.10000000149011612,0.0,0.10000000149011612,0.10000000149011612,0.10000000149011612,0.0,0.0,0.0,0.10000000149011612,0.0,0.0025158431830201167
275,0.00110273202881217,0.0,0.20274588465690613,0.1979505717754364,0.0,0.10000000149011612,0.10000000149011612,0.0,0.0,0.10000000149011612,0.0,0.0,0.10000000149011612,0.0,0.10000000149011612,0.10000000149011612,0.0,0.10000000149011612,0.10000000149011612,0.10000000149011612,0.0,0.0,0.0,0.10000000149011612,0.0,-0.0009563681081340425
276,-0.0010598074877634645,0.0,0.201471209526062,0.19324055314064026,0.0,0.10000000149011612,0.10000000149011612,0.0,0.0,0.10000000149011612,0.0,0.0,0.10000000149011612,0.0,0.10000000149011612,0.10000000149011612,0.0,0.10000000149011612,0.10000000149011612,0.10000000149011612,0.0,0.0,0.0,0.10000000149011612,0.0,-0.003931730361642183
277,0.006289523560553789,0.0,0.20902788639068604,0.20126785337924957,0.0,0.10000000149011612,0.10000000149011612,0.0,0.0,0.10000000149011612,0.0,0.0,0.10000000149011612,0.0,0.10000000149011612,0.10000000149011612,0.0,0.10000000149011612,0.10000000149011612,0.10000000149011612,0.0,0.0,0.0,0.10000000149011612,0.0,0.006727310949566023
278,0.002146077575162053,0.0,0.21162256598472595,0.20184160768985748,0.0,0.10000000149011612,0.10000000149011612,0.0,0.0,0.10000000149011612,0.0,0.0,0.10000000149011612,0.0,0.10000000149011612,0.10000000149011612,0.0,0.10000000149011612,0.10000000149011612,0.10000000149011612,0.0,0.0,0.0,0.10000000149011612,0.0,0.00047762396121231454
279,0.005434224847704172,0.0,0.21820679306983948,0.20748549699783325,0.0,0.10000000149011612,0.10000000149011612,0.0,0.0,0.10000000149011612,0.0,0.0,0.10000000149011612,0.0,0.10000000149011612,0.10000000149011612,0.0,0.10000000149011612,0.10000000149011612,0.10000000149011612,0.0,0.0,0.0,0.10000000149011612,0.0,0.004696034212714917
280,0.004942992236465216,0.0,0.2242283821105957,0.21015870571136475,0.0,0.10000000149011612,0.10000000149011612,0.0,0.0,0.10000000149011612,0.0,0.0,0.10000000149011612,0.0,0.10000000149011612,0.10000000149011612,0.0,0.10000000149011612,0.10000000149011612,0.10000000149011612,0.0,0.0,0.0,0.10000000149011612,0.0,0.002213864034125379
281,-0.006144352722913027,0.0,0.2167062908411026,0.20301082730293274,0.0,0.10000000149011612,0.10000000149011612,0.0,0.0,0.10000000149011612,0.0,0.0,0.10000000149011612,0.0,0.10000000149011612,0.10000000149011612,0.0,0.10000000149011612,0.10000000149011612,0.10000000149011612,0.0,0.0,0.0,0.10000000149011612,0.0,-0.005906562812544758
282,-0.007769051007926464,0.0,0.20725363492965698,0.1897278130054474,0.0,0.10000000149011612,0.10000000149011612,0.0,0.0,0.10000000149011612,0.0,0.0,0.10000000149011612,0.0,0.10000000149011612,0.10000000149011612,0.0,0.10000000149011612,0.10000000149011612,0.10000000149011612,0.0,0.0,0.0,0.10000000149011612,0.0,-0.011041475268568357
283,-0.0005749446572735906,0.0,0.20655952394008636,0.18970400094985962,0.0,0.10000000149011612,0.10000000149011612,0.0,0.0,0.10000000149011612,0.0,0.0,0.10000000149011612,0.0,0.10000000149011612,0.10000000149011612,0.0,0.10000000149011612,0.10000000149011612,0.10000000149011612,0.0,0.0,0.0,0.10000000149011612,0.0,-2.0014708681626026e-05
284,0.004567654337733984,0.0,0.21207067370414734,0.19748152792453766,0.0,0.10000000149011612,0.10000000149011612,0.0,0.0,0.10000000149011612,0.0,0.0,0.10000000149011612,0.0,0.10000000149011612,0.10000000149011612,0.0,0.10000000149011612,0.10000000149011612,0.10000000149011612,0.0,0.0,0.0,0.10000000149011612,0.0,0.006537363048681355
285,0.0018397283274680376,0.0,0.21430055797100067,0.20301701128482819,0.0,0.10000000149011612,0.10000000149011612,0.0,0.0,0.10000000149011612,0.0,0.0,0.10000000149011612,0.0,0.10000000149011612,0.10000000149011612,0.0,0.10000000149011612,0.10000000149011612,0.10000000149011612,0.0,0.0,0.0,0.10000000149011612,0.0,0.004622604383622164
286,0.0013901727506890893,0.0,0.2159886360168457,0.20654526352882385,0.0,0.10000000149011612,0.10000000149011612,0.0,0.0,0.10000000149011612,0.0,0.0,0.10000000149011612,0.0,0.10000000149011612,0.10000000149011612,0.0,0.10000000149011612,0.10000000149011612,0.10000000149011612,0.0,0.0,0.0,0.10000000149011612,0.0,0.002932836535892047
287,0.004506311845034361,5.999999848427251e-05,0.2214682698249817,0.2146911472082138,0.0,0.10000000149011612,0.0,0.0,0.0,0.10000000149011612,0.0,0.0,0.10000000149011612,0.0,0.10000000149011612,0.10000000149011612,0.10000000149011612,0.10000000149011612,0.10000000149011612,0.10000000149011612,0.0,0.0,0.0,0.10000000149011612,0.0,0.006751411592769818
288,-0.003263518214225769,0.0,0.21748198568820953,0.2142636477947235,0.0,0.10000000149011612,0.0,0.0,0.0,0.10000000149011612,0.0,0.0,0.10000000149011612,0.0,0.10000000149011612,0.10000000149011612,0.10000000149011612,0.10000000149011612,0.10000000149011612,0.10000000149011612,0.0,0.0,0.0,0.10000000149011612,0.0,-0.00035194083242706675
289,0.0038383908104151487,0.0,0.2221551537513733,0.21914438903331757,0.0,0.10000000149011612,0.0,0.0,0.0,0.10000000149011612,0.0,0.0,0.10000000149011612,0.0,0.10000000149011612,0.10000000149011612,0.10000000149011612,0.10000000149011612,0.10000000149011612,0.10000000149011612,0.0,0.0,0.0,0.10000000149011612,0.0,0.004019507005301737
290,0.0034769130870699883,0.0,0.22640448808670044,0.22358690202236176,0.0,0.10000000149011612,0.0,0.0,0.0,0.10000000149011612,0.0,0.0,0.10000000149011612,0.0,0.10000000149011612,0.10000000149011612,0.10000000149011612,0.10000000149011612,0.10000000149011612,0.10000000149011612,0.0,0.0,0.0,0.10000000149011612,0.0,0.003643959672870789
291,0.006494735833257437,0.0,0.2343696504831314,0.22959628701210022,0.0,0.10000000149011612,0.0,0.0,0.0,0.10000000149011612,0.0,0.0,0.10000000149011612,0.0,0.10000000149011612,0.10000000149011612,0.10000000149011612,0.10000000149011612,0.10000000149011612,0.10000000149011612,0.0,0.0,0.0,0.10000000149011612,0.0,0.004911285810436539
292,0.005731937941163778,0.0,0.24144499003887177,0.23243559896945953,0.0,0.10000000149011612,0.0,0.0,0.0,0.10000000149011612,0.0,0.0,0.10000000149011612,0.0,0.10000000149011612,0.10000000149011612,0.10000000149011612,0.10000000149011612,0.10000000149011612,0.10000000149011612,0.0,0.0,0.0,0.10000000149011612,0.0,0.0023091416161142853
293,-0.009202021174132824,0.0,0.2300211787223816,0.22136013209819794,0.0,0.10000000149011612,0.0,0.0,0.0,0.10000000149011612,0.0,0.0,0.10000000149011612,0.0,0.10000000149011612,0.10000000149011612,0.10000000149011612,0.10000000149011612,0.10000000149011612,0.10000000149011612,0.0,0.0,0.0,0.10000000149011612,0.0,-0.00898664959087736
294,0.006361236330121756,0.0,0.23784564435482025,0.23010686039924622,0.0,0.10000000149011612,0.0,0.0,0.0,0.10000000149011612,0.0,0.0,0.10000000149011612,0.0,0.10000000149011612,0.10000000149011612,0.10000000149011612,0.10000000149011612,0.10000000149011612,0.10000000149011612,0.0,0.0,0.0,0.10000000149011612,0.0,0.007161465378783927
295,5.530270209419541e-05,0.0,0.2379141002893448,0.23914489150047302,0.0,0.10000000149011612,0.0,0.0,0.0,0.10000000149011612,0.0,0.0,0.10000000149011612,0.0,0.10000000149011612,0.10000000149011612,0.10000000149011612,0.10000000149011612,0.10000000149011612,0.10000000149011612,0.0,0.0,0.0,0.10000000149011612,0.0,0.007347354439022791
296,0.000329313101246953,5.999999848427251e-05,0.23832175135612488,0.24178513884544373,0.0,0.10000000149011612,0.10000000149011612,0.0,0.0,0.10000000149011612,0.0,0.0,0.10000000149011612,0.0,0.10000000149011612,0.10000000149011612,0.0,0.10000000149011612,0.10000000149011612,0.10000000149011612,0.0,0.0,0.0,0.10000000149011612,0.0,0.0021307010690039263
297,0.0061810556799173355,0.0,0.24597589671611786,0.24829846620559692,0.0,0.10000000149011612,0.10000000149011612,0.0,0.0,0.10000000149011612,0.0,0.0,0.10000000149011612,0.0,0.10000000149011612,0.10000000149011612,0.0,0.10000000149011612,0.10000000149011612,0.10000000149011612,0.0,0.0,0.0,0.10000000149011612,0.0,0.005245132315087053
298,0.0021051671355962753,0.0,0.2485988736152649,0.25219613313674927,0.0,0.10000000149011612,0.10000000149011612,0.0,0.0,0.10000000149011612,0.0,0.0,0.10000000149011612,0.0,0.10000000149011612,0.10000000149011612,0.0,0.10000000149011612,0.10000000149011612,0.10000000149011612,0.0,0.0,0.0,0.10000000149011612,0.0,0.0031223838181904107
299,-0.0010105292312800884,0.0,0.24733713269233704,0.25296568870544434,0.0,0.10000000149011612,0.10000000149011612,0.0,0.0,0.10000000149011612,0.0,0.0,0.10000000149011612,0.0,0.10000000149011612,0.10000000149011612,0.0,0.10000000149011612,0.10000000149011612,0.10000000149011612,0.0,0.0,0.0,0.10000000149011612,0.0,0.0006145647221951211
300,0.005531350150704384,0.0,0.2542365789413452,0.2547086179256439,0.0,0.10000000149011612,0.10000000149011612,0.0,0.0,0.10000000149011612,0.0,0.0,0.10000000149011612,0.0,0.10000000149011612,0.10000000149011612,0.0,0.10000000149011612,0.10000000149011612,0.10000000149011612,0.0,0.0,0.0,0.10000000149011612,0.0,0.0013910430556165476
301,-0.010672544129192829,0.0,0.24085070192813873,0.24519722163677216,0.0,0.10000000149011612,0.10000000149011612,0.0,0.0,0.10000000149011612,0.0,0.0,0.10000000149011612,0.0,0.10000000149011612,0.10000000149011612,0.0,0.10000000149011612,0.10000000149011612,0.10000000149011612,0.0,0.0,0.0,0.10000000149011612,0.0,-0.0075805618555457865
302,-0.004004816524684429,0.0,0.23588131368160248,0.24311715364456177,0.0,0.10000000149011612,0.10000000149011612,0.0,0.0,0.10000000149011612,0.0,0.0,0.10000000149011612,0.0,0.10000000149011612,0.10000000149011612,0.0,0.10000000149011612,0.10000000149011612,0.10000000149011612,0.0,0.0,0.0,0.10000000149011612,0.0,-0.0016704727219646331
303,0.0062095243483781815,0.0,0.24355554580688477,0.24658209085464478,0.0,0.10000000149011612,0.10000000149011612,0.0,0.0,0.10000000149011612,0.0,0.0,0.10000000149011612,0.0,0.10000000149011612,0.10000000149011612,0.0,0.10000000149011612,0.10000000149011612,0.10000000149011612,0.0,0.0,0.0,0.10000000149011612,0.0,0.002787297399866606
304,0.0035682630259543657,0.0,0.2479928880929947,0.2573105990886688,0.0,0.10000000149011612,0.10000000149011612,0.0,0.0,0.10000000149011612,0.0,0.0,0.10000000149011612,0.0,0.10000000149011612,0.10000000149011612,0.0,0.10000000149011612,0.10000000149011612,0.10000000149011612,0.0,0.0,0.0,0.10000000149011612,0.0,0.008606339135410312
305,0.007051979191601276,0.0,0.25679370760917664,0.2585338056087494,0.0,0.10000000149011612,0.10000000149011612,0.0,0.0,0.10000000149011612,0.0,0.0,0.10000000149011612,0.0,0.10000000149011612,0.10000000149011612,0.0,0.10000000149011612,0.10000000149011612,0.10000000149011612,0.0,0.0,0.0,0.10000000149011612,0.0,0.0009728753746027774
306,0.00044935187906958163,0.0,0.25735846161842346,0.25484639406204224,0.0,0.10000000149011612,0.10000000149011612,0.0,0.0,0.10000000149011612,0.0,0.0,0.10000000149011612,0.0,0.10000000149011612,0.10000000149011612,0.0,0.10000000149011612,0.10000000149011612,0.10000000149011612,0.0,0.0,0.0,0.10000000149011612,0.0,-0.002929926498814628
307,0.00578851206228137,0.0,0.26463669538497925,0.2665271461009979,0.0,0.10000000149011612,0.10000000149011612,0.0,0.0,0.10000000149011612,0.0,0.0,0.10000000149011612,0.0,0.10000000149011612,0.10000000149011612,0.0,0.10000000149011612,0.10000000149011612,0.10000000149011612,0.0,0.0,0.0,0.10000000149011612,0.0,0.009308511459433788
308,0.008088909089565277,0.0,0.2748662233352661,0.275453120470047,0.0,0.10000000149011612,0.10000000149011612,0.0,0.0,0.10000000149011612,0.0,0.0,0.10000000149011612,0.0,0.10000000149011612,0.10000000149011612,0.0,0.10000000149011612,0.10000000149011612,0.10000000149011612,0.0,0.0,0.0,0.10000000149011612,0.0,0.0070475981478388405
309,0.000860243511851877,0.0,0.2759629189968109,0.2749212384223938,0.0,0.10000000149011612,0.10000000149011612,0.0,0.0,0.10000000149011612,0.0,0.0,0.10000000149011612,0.0,0.10000000149011612,0.10000000149011612,0.0,0.10000000149011612,0.10000000149011612,0.10000000149011612,0.0,0.0,0.0,0.10000000149011612,0.0,-0.0004170141882260392
310,-0.00289342668838799,0.0,0.2722710072994232,0.26802948117256165,0.0,0.10000000149011612,0.10000000149011612,0.0,0.0,0.10000000149011612,0.0,0.0,0.10000000149011612,0.0,0.10000000149011612,0.10000000149011612,0.0,0.10000000149011612,0.10000000149011612,0.10000000149011612,0.0,0.0,0.0,0.10000000149011612,0.0,-0.0054056337302531565
311,-0.0031557180918753147,0.0,0.2682560682296753,0.26319044828414917,0.0,0.10000000149011612,0.10000000149011612,0.0,0.0,0.10000000149011612,0.0,0.0,0.10000000149011612,0.0,0.10000000149011612,0.10000000149011612,0.0,0.10000000149011612,0.10000000149011612,0.10000000149011612,0.0,0.0,0.0,0.10000000149011612,0.0,-0.003816183267235873
312,0.010667352937161922,0.0,0.2817850112915039,0.27094829082489014,0.0,0.10000000149011612,0.10000000149011612,0.0,0.0,0.10000000149011612,0.0,0.0,0.10000000149011612,0.0,0.10000000149011612,0.10000000149011612,0.0,0.10000000149011612,0.10000000149011612,0.10000000149011612,0.0,0.0,0.0,0.10000000149011612,0.0,0.006141467069576745
313,-0.0001173001728602685,0.0,0.281634658575058,0.2712037265300751,0.0,0.10000000149011612,0.10000000149011612,0.0,0.0,0.10000000149011612,0.0,0.0,0.10000000149011612,0.0,0.10000000149011612,0.10000000149011612,0.0,0.10000000149011612,0.10000000149011612,0.10000000149011612,0.0,0.0,0.0,0.10000000149011612,0.0,0.00020098040732974276
314,0.004419384989887476,0.0,0.28729867935180664,0.2727290391921997,0.0,0.10000000149011612,0.10000000149011612,0.0,0.0,0.10000000149011612,0.0,0.0,0.10000000149011612,0.0,0.10000000149011612,0.10000000149011612,0.0,0.10000000149011612,0.10000000149011612,0.10000000149011612,0.0,0.0,0.0,0.10000000149011612,0.0,0.001199896311103732
315,0.011809132993221283,0.0,0.30250057578086853,0.2721043527126312,0.0,0.10000000149011612,0.10000000149011612,0.0,0.0,0.10000000149011612,0.0,0.0,0.10000000149011612,0.0,0.10000000149011612,0.10000000149011612,0.0,0.10000000149011612,0.10000000149011612,0.10000000149011612,0.0,0.0,0.0,0.10000000149011612,0.0,-0.0004908244098562609
316,0.0011303465580567718,0.0,0.30397284030914307,0.2746579647064209,0.0,0.10000000149011612,0.10000000149011612,0.0,0.0,0.10000000149011612,0.0,0.0,0.10000000149011612,0.0,0.10000000149011612,0.10000000149011612,0.0,0.10000000149011612,0.10000000149011612,0.10000000149011612,0.0,0.0,0.0,0.10000000149011612,0.0,0.0020073919158789533
317,0.00701853446662426,0.0,0.3131248354911804,0.27720144391059875,0.0,0.10000000149011612,0.10000000149011612,0.0,0.0,0.10000000149011612,0.0,0.0,0.10000000149011612,0.0,0.10000000149011612,0.10000000149011612,0.0,0.10000000149011612,0.10000000149011612,0.10000000149011612,0.0,0.0,0.0,0.10000000149011612,0.0,0.001995420947896065
318,-0.0024626185186207294,0.0,0.30989110469818115,0.27669087052345276,0.0,0.10000000149011612,0.10000000149011612,0.0,0.0,0.10000000149011612,0.0,0.0,0.10000000149011612,0.0,0.10000000149011612,0.10000000149011612,0.0,0.10000000149011612,0.10000000149011612,0.10000000149011612,0.0,0.0,0.0,0.10000000149011612,0.0,-0.0003997594816230743
319,-0.003315194509923458,0.0,0.3055485486984253,0.275591105222702,0.0,0.10000000149011612,0.10000000149011612,0.0,0.0,0.10000000149011612,0.0,0.0,0.10000000149011612,0.0,0.10000000149011612,0.10000000149011612,0.0,0.10000000149011612,0.10000000149011612,0.10000000149011612,0.0,0.0,0.0,0.10000000149011612,0.0,-0.0008614186301025839
320,0.0007525798864662647,0.0,0.3065311014652252,0.2789532244205475,0.0,0.10000000149011612,0.10000000149011612,0.0,0.0,0.10000000149011612,0.0,0.0,0.10000000149011612,0.0,0.10000000149011612,0.10000000149011612,0.0,0.10000000149011612,0.10000000149011612,0.10000000149011612,0.0,0.0,0.0,0.10000000149011612,0.0,0.0026357342757250546
321,0.010532204993069172,0.0,0.32029175758361816,0.2902979254722595,0.0,0.10000000149011612,0.10000000149011612,0.0,0.0,0.10000000149011612,0.0,0.0,0.10000000149011612,0.0,0.10000000149011612,0.10000000149011612,0.0,0.10000000149011612,0.10000000149011612,0.10000000149011612,0.0,0.0,0.0,0.10000000149011612,0.0,0.008870301771084721
322,0.0025905247312039137,0.0,0.32371199131011963,0.29600706696510315,0.0,0.10000000149011612,0.10000000149011612,0.0,0.0,0.10000000149011612,0.0,0.0,0.10000000149011612,0.0,0.10000000149011612,0.10000000149011612,0.0,0.10000000149011612,0.10000000149011612,0.10000000149011612,0.0,0.0,0.0,0.10000000149011612,0.0,0.004424669202466536
323,-0.009532458148896694,0.0,0.3110937476158142,0.28712013363838196,0.0,0.10000000149011612,0.10000000149011612,0.0,0.0,0.10000000149011612,0.0,0.0,0.10000000149011612,0.0,0.10000000149011612,0.10000000149011612,0.0,0.10000000149011612,0.10000000149011612,0.10000000149011612,0.0,0.0,0.0,0.10000000149011612,0.0,-0.006857164249522207
324,0.0012012592051178217,0.0,0.31266871094703674,0.2967381179332733,0.0,0.10000000149011612,0.10000000149011612,0.0,0.0,0.10000000149011612,0.0,0.0,0.10000000149011612,0.0,0.10000000149011612,0.10000000149011612,0.0,0.10000000149011612,0.10000000149011612,0.10000000149011612,0.0,0.0,0.0,0.10000000149011612,0.0,0.007472483759308091
325,0.002427031984552741,0.0,0.31585460901260376,0.2981806695461273,0.0,0.10000000149011612,0.10000000149011612,0.0,0.0,0.10000000149011612,0.0,0.0,0.10000000149011612,0.0,0.10000000149011612,0.10000000149011612,0.0,0.10000000149011612,0.10000000149011612,0.10000000149011612,0.0,0.0,0.0,0.10000000149011612,0.0,0.0011124463705540766
326,0.0036671296693384647,0.0,0.32068002223968506,0.3024291694164276,0.0,0.10000000149011612,0.10000000149011612,0.0,0.0,0.10000000149011612,0.0,0.0,0.10000000149011612,0.0,0.10000000149011612,0.10000000149011612,0.0,0.10000000149011612,0.10000000149011612,0.10000000149011612,0.0,0.0,0.0,0.10000000149011612,0.0,0.003272656857373768
327,0.011187550611793995,0.0,0.3354552090167999,0.31437504291534424,0.0,0.10000000149011612,0.10000000149011612,0.0,0.0,0.10000000149011612,0.0,0.0,0.10000000149011612,0.0,0.10000000149011612,0.10000000149011612,0.0,0.10000000149011612,0.10000000149011612,0.10000000149011612,0.0,0.0,0.0,0.10000000149011612,0.0,0.009171994745993839
328,-0.0016072285361588001,0.0,0.3333088159561157,0.3125583827495575,0.0,0.10000000149011612,0.10000000149011612,0.0,0.0,0.10000000149011612,0.0,0.0,0.10000000149011612,0.0,0.10000000149011612,0.10000000149011612,0.0,0.10000000149011612,0.10000000149011612,0.10000000149011612,0.0,0.0,0.0,0.10000000149011612,0.0,-0.0013821474894694097
329,-0.005619165953248739,0.0,0.32581672072410583,0.30454128980636597,0.0,0.10000000149011612,0.10000000149011612,0.0,0.0,0.10000000149011612,0.0,0.0,0.10000000149011612,0.0,0.10000000149011612,0.10000000149011612,0.0,0.10000000149011612,0.10000000149011612,0.10000000149011612,0.0,0.0,0.0,0.10000000149011612,0.0,-0.006107989593877927
330,0.0025654551573097706,5.999999848427251e-05,0.3292180597782135,0.30617275834083557,0.0,0.10000000149011612,0.10000000149011612,0.0,0.0,0.10000000149011612,0.0,0.0,0.10000000149011612,0.0,0.0,0.10000000149011612,0.10000000149011612,0.10000000149011612,0.10000000149011612,0.10000000149011612,0.0,0.0,0.0,0.10000000149011612,0.0,0.0012506070503233158
331,0.0007484951638616621,0.0,0.3302129805088043,0.30603712797164917,0.0,0.10000000149011612,0.10000000149011612,0.0,0.0,0.10000000149011612,0.0,0.0,0.10000000149011612,0.0,0.0,0.10000000149011612,0.10000000149011612,0.10000000149011612,0.10000000149011612,0.10000000149011612,0.0,0.0,0.0,0.10000000149011612,0.0,-0.00010383800176527735
332,0.005146719515323639,0.0,0.3370591998100281,0.31551593542099,0.0,0.10000000149011612,0.10000000149011612,0.0,0.0,0.10000000149011612,0.0,0.0,0.10000000149011612,0.0,0.0,0.10000000149011612,0.10000000149011612,0.10000000149011612,0.10000000149011612,0.10000000149011612,0.0,0.0,0.0,0.10000000149011612,0.0,0.007257686053735668
333,0.0009820074774324894,0.0,0.33837220072746277,0.3189834952354431,0.0,0.10000000149011612,0.10000000149011612,0.0,0.0,0.10000000149011612,0.0,0.0,0.10000000149011612,0.0,0.0,0.10000000149011612,0.10000000149011612,0.10000000149011612,0.10000000149011612,0.10000000149011612,0.0,0.0,0.0,0.10000000149011612,0.0,0.00263589343244508
334,-0.012146101333200932,0.0,0.3221161961555481,0.3063700795173645,0.0,0.10000000149011612,0.10000000149011612,0.0,0.0,0.10000000149011612,0.0,0.0,0.10000000149011612,0.0,0.0,0.10000000149011612,0.10000000149011612,0.10000000149011612,0.10000000149011612,0.10000000149011612,0.0,0.0,0.0,0.10000000149011612,0.0,-0.009562982223539573
335,-0.0006343888817355037,0.0,0.3212774693965912,0.3090676963329315,0.0,0.10000000149011612,0.10000000149011612,0.0,0.0,0.10000000149011612,0.0,0.0,0.10000000149011612,0.0,0.0,0.10000000149011612,0.10000000149011612,0.10000000149011612,0.10000000149011612,0.10000000149011612,0.0,0.0,0.0,0.10000000149011612,0.0,0.0020649713720966023
336,0.007062478456646204,0.0,0.33060896396636963,0.31693950295448303,0.0,0.10000000149011612,0.10000000149011612,0.0,0.0,0.10000000149011612,0.0,0.0,0.10000000149011612,0.0,0.0,0.10000000149011612,0.10000000149011612,0.10000000149011612,0.10000000149011612,0.10000000149011612,0.0,0.0,0.0,0.10000000149011612,0.0,0.006013292241190182
337,-0.009478257969021797,0.0,0.3179970979690552,0.3054383099079132,0.0,0.10000000149011612,0.10000000149011612,0.0,0.0,0.10000000149011612,0.0,0.0,0.10000000149011612,0.0,0.0,0.10000000149011612,0.10000000149011612,0.10000000149011612,0.10000000149011612,0.10000000149011612,0.0,0.0,0.0,0.10000000149011612,0.0,-0.008733273639956463
338,0.012846310622990131,0.0,0.3349285125732422,0.317753404378891,0.0,0.10000000149011612,0.10000000149011612,0.0,0.0,0.10000000149011612,0.0,0.0,0.10000000149011612,0.0,0.0,0.10000000149011612,0.10000000149011612,0.10000000149011612,0.10000000149011612,0.10000000149011612,0.0,0.0,0.0,0.10000000149011612,0.0,0.009433685511992085
339,0.0021153301931917667,0.0,0.3377523124217987,0.3193364441394806,0.0,0.10000000149011612,0.10000000149011612,0.0,0.0,0.10000000149011612,0.0,0.0,0.10000000149011612,0.0,0.0,0.10000000149011612,0.10000000149011612,0.10000000149011612,0.10000000149011612,0.10000000149011612,0.0,0.0,0.0,0.10000000149011612,0.0,0.0012013171472970985
340,-0.014695256017148495,0.0,0.3180937170982361,0.3062775135040283,0.0,0.10000000149011612,0.10000000149011612,0.0,0.0,0.10000000149011612,0.0,0.0,0.10000000149011612,0.0,0.0,0.10000000149011612,0.10000000149011612,0.10000000149011612,0.10000000149011612,0.10000000149011612,0.0,0.0,0.0,0.10000000149011612,0.0,-0.009898104985623823
341,0.010327538475394249,0.0,0.33170637488365173,0.313385546207428,0.0,0.10000000149011612,0.10000000149011612,0.0,0.0,0.10000000149011612,0.0,0.0,0.10000000149011612,0.0,0.0,0.10000000149011612,0.10000000149011612,0.10000000149011612,0.10000000149011612,0.10000000149011612,0.0,0.0,0.0,0.10000000149011612,0.0,0.005441441523656554
342,-0.003662597853690386,0.0,0.32682886719703674,0.30880120396614075,0.0,0.10000000149011612,0.10000000149011612,0.0,0.0,0.10000000149011612,0.0,0.0,0.10000000149011612,0.0,0.0,0.10000000149011612,0.10000000149011612,0.10000000149011612,0.10000000149011612,0.10000000149011612,0.0,0.0,0.0,0.10000000149011612,0.0,-0.0034904771523678324
343,0.000635409785900265,0.0,0.32767194509506226,0.3086671531200409,0.0,0.10000000149011612,0.10000000149011612,0.0,0.0,0.10000000149011612,0.0,0.0,0.10000000149011612,0.0,0.0,0.10000000149011612,0.10000000149011612,0.10000000149011612,0.10000000149011612,0.10000000149011612,0.0,0.0,0.0,0.10000000149011612,0.0,-0.00010242261826598487
344,-0.011643771082162857,0.0,0.31221282482147217,0.2957248389720917,0.0,0.10000000149011612,0.10000000149011612,0.0,0.0,0.10000000149011612,0.0,0.0,0.10000000149011612,0.0,0.0,0.10000000149011612,0.10000000149011612,0.10000000149011612,0.10000000149011612,0.10000000149011612,0.0,0.0,0.0,0.10000000149011612,0.0,-0.00988969129170314
345,0.00028859468875452876,0.0,0.3125915229320526,0.29378756880760193,0.0,0.10000000149011612,0.10000000149011612,0.0,0.0,0.10000000149011612,0.0,0.0,0.10000000149011612,0.0,0.0,0.10000000149011612,0.10000000149011612,0.10000000149011612,0.10000000149011612,0.10000000149011612,0.0,0.0,0.0,0.10000000149011612,0.0,-0.0014951246639884896
346,-0.0009972179541364312,0.0,0.31128260493278503,0.29292330145835876,0.0,0.10000000149011612,0.10000000149011612,0.0,0.0,0.10000000149011612,0.0,0.0,0.10000000149011612,0.0,0.0,0.10000000149011612,0.10000000149011612,0.10000000149011612,0.10000000149011612,0.10000000149011612,0.0,0.0,0.0,0.10000000149011612,0.0,-0.0006680133354811657
347,-0.0056335898116230965,0.0,0.30389535427093506,0.2913815677165985,0.0,0.10000000149011612,0.10000000149011612,0.0,0.0,0.10000000149011612,0.0,0.0,0.10000000149011612,0.0,0.0,0.10000000149011612,0.10000000149011612,0.10000000149011612,0.10000000149011612,0.10000000149011612,0.0,0.0,0.0,0.10000000149011612,0.0,-0.0011924402166944015
348,-0.005210227333009243,0.0,0.297101765871048,0.28973427414894104,0.0,0.10000000149011612,0.10000000149011612,0.0,0.0,0.10000000149011612,0.0,0.0,0.10000000149011612,0.0,0.0,0.10000000149011612,0.10000000149011612,0.10000000149011612,0.10000000149011612,0.10000000149011612,0.0,0.0,0.0,0.10000000149011612,0.0,-0.001275605606304464
349,0.008169956505298615,0.0,0.3076990246772766,0.2999056279659271,0.0,0.10000000149011612,0.10000000149011612,0.0,0.0,0.10000000149011612,0.0,0.0,0.10000000149011612,0.0,0.0,0.10000000149011612,0.10000000149011612,0.10000000149011612,0.10000000149011612,0.10000000149011612,0.0,0.0,0.0,0.10000000149011612,0.0,0.0078863949116168
350,0.001003003679215908,0.0,0.30901065468788147,0.3028642237186432,0.0,0.10000000149011612,0.10000000149011612,0.0,0.0,0.10000000149011612,0.0,0.0,0.10000000149011612,0.0,0.0,0.10000000149011612,0.10000000149011612,0.10000000149011612,0.10000000149011612,0.10000000149011612,0.0,0.0,0.0,0.10000000149011612,0.0,0.00227600811094697
351,-0.008355380967259407,0.0,0.2980733811855316,0.29238495230674744,0.0,0.10000000149011612,0.10000000149011612,0.0,0.0,0.10000000149011612,0.0,0.0,0.10000000149011612,0.0,0.0,0.10000000149011612,0.10000000149011612,0.10000000149011612,0.10000000149011612,0.10000000149011612,0.0,0.0,0.0,0.10000000149011612,0.0,-0.008043256711728342
352,0.010095429606735706,0.0,0.3111779987812042,0.31166020035743713,0.0,0.10000000149011612,0.10000000149011612,0.0,0.0,0.10000000149011612,0.0,0.0,0.10000000149011612,0.0,0.0,0.10000000149011612,0.10000000149011612,0.10000000149011612,0.10000000149011612,0.10000000149011612,0.0,0.0,0.0,0.10000000149011612,0.0,0.014914478860408975
353,0.005236214026808739,0.0,0.31804358959198,0.31441670656204224,0.0,0.10000000149011612,0.10000000149011612,0.0,0.0,0.10000000149011612,0.0,0.0,0.10000000149011612,0.0,0.0,0.10000000149011612,0.10000000149011612,0.10000000149011612,0.10000000149011612,0.10000000149011612,0.0,0.0,0.0,0.10000000149011612,0.0,0.0021015398682173725
354,0.0028298257384449244,0.0,0.3217734396457672,0.31268608570098877,0.0,0.10000000149011612,0.10000000149011612,0.0,0.0,0.10000000149011612,0.0,0.0,0.10000000149011612,0.0,0.0,0.10000000149011612,0.10000000149011612,0.10000000149011612,0.10000000149011612,0.10000000149011612,0.0,0.0,0.0,0.10000000149011612,0.0,-0.0013166455146329525
355,-0.004691568203270435,0.0,0.31557223200798035,0.2988910377025604,0.0,0.10000000149011612,0.10000000149011612,0.0,0.0,0.10000000149011612,0.0,0.0,0.10000000149011612,0.0,0.0,0.10000000149011612,0.10000000149011612,0.10000000149011612,0.10000000149011612,0.10000000149011612,0.0,0.0,0.0,0.10000000149011612,0.0,-0.010509022795851197
356,0.00246834778226912,0.0,0.318819522857666,0.30187729001045227,0.0,0.10000000149011612,0.10000000149011612,0.0,0.0,0.10000000149011612,0.0,0.0,0.10000000149011612,0.0,0.0,0.10000000149011612,0.10000000149011612,0.10000000149011612,0.10000000149011612,0.10000000149011612,0.0,0.0,0.0,0.10000000149011612,0.0,0.002299078383952713
357,0.005807857029139996,0.0,0.32647904753685,0.31536370515823364,0.0,0.10000000149011612,0.10000000149011612,0.0,0.0,0.10000000149011612,0.0,0.0,0.10000000149011612,0.0,0.0,0.10000000149011612,0.10000000149011612,0.10000000149011612,0.10000000149011612,0.10000000149011612,0.0,0.0,0.0,0.10000000149011612,0.0,0.010359206087444006
358,0.007237511221319437,0.0,0.3360794484615326,0.31946974992752075,0.0,0.10000000149011612,0.10000000149011612,0.0,0.0,0.10000000149011612,0.0,0.0,0.10000000149011612,0.0,0.0,0.10000000149011612,0.10000000149011612,0.10000000149011612,0.10000000149011612,0.10000000149011612,0.0,0.0,0.0,0.10000000149011612,0.0,0.003121604126056665
359,0.00964028388261795,0.0,0.34895965456962585,0.32974758744239807,0.0,0.10000000149011612,0.10000000149011612,0.0,0.0,0.10000000149011612,0.0,0.0,0.10000000149011612,0.0,0.0,0.10000000149011612,0.10000000149011612,0.10000000149011612,0.10000000149011612,0.10000000149011612,0.0,0.0,0.0,0.10000000149011612,0.0,0.007789369567162696
360,0.0014869635924696922,0.0,0.3509654998779297,0.3302086889743805,0.0,0.10000000149011612,0.10000000149011612,0.0,0.0,0.10000000149011612,0.0,0.0,0.10000000149011612,0.0,0.0,0.10000000149011612,0.10000000149011612,0.10000000149011612,0.10000000149011612,0.10000000149011612,0.0,0.0,0.0,0.10000000149011612,0.0,0.00034675869039868523
361,0.0030150790698826313,0.0,0.35503876209259033,0.3362562358379364,0.0,0.10000000149011612,0.10000000149011612,0.0,0.0,0.10000000149011612,0.0,0.0,0.10000000149011612,0.0,0.0,0.10000000149011612,0.10000000149011612,0.10000000149011612,0.10000000149011612,0.10000000149011612,0.0,0.0,0.0,0.10000000149011612,0.0,0.004546314359304526
362,0.010350042022764683,0.0,0.36906346678733826,0.35145238041877747,0.0,0.10000000149011612,0.10000000149011612,0.0,0.0,0.10000000149011612,0.0,0.0,0.10000000149011612,0.0,0.0,0.10000000149011612,0.10000000149011612,0.10000000149011612,0.10000000149011612,0.10000000149011612,0.0,0.0,0.0,0.10000000149011612,0.0,0.011372178608627381
363,-0.00028331964858807623,0.0,0.3686755895614624,0.351377010345459,0.0,0.10000000149011612,0.10000000149011612,0.0,0.0,0.10000000149011612,0.0,0.0,0.10000000149011612,0.0,0.0,0.10000000149011612,0.10000000149011612,0.10000000149011612,0.10000000149011612,0.10000000149011612,0.0,0.0,0.0,0.10000000149011612,0.0,-5.576968482978728e-05
364,-0.006237484514713287,0.0,0.36013850569725037,0.3487655520439148,0.0,0.10000000149011612,0.10000000149011612,0.0,0.0,0.10000000149011612,0.0,0.0,0.10000000149011612,0.0,0.0,0.10000000149011612,0.10000000149011612,0.10000000149011612,0.10000000149011612,0.10000000149011612,0.0,0.0,0.0,0.10000000149011612,0.0,-0.0019324424505908766
365,0.008523219265043736,0.0,0.3717312514781952,0.35563746094703674,0.0,0.10000000149011612,0.10000000149011612,0.0,0.0,0.10000000149011612,0.0,0.0,0.10000000149011612,0.0,0.0,0.10000000149011612,0.10000000149011612,0.10000000149011612,0.10000000149011612,0.10000000149011612,0.0,0.0,0.0,0.10000000149011612,0.0,0.0050949617542561665
366,0.012464926578104496,5.999999848427251e-05,0.3888297975063324,0.36966168880462646,0.0,0.10000000149011612,0.10000000149011612,0.0,0.0,0.10000000149011612,0.0,0.0,0.10000000149011612,0.0,0.10000000149011612,0.10000000149011612,0.0,0.10000000149011612,0.10000000149011612,0.10000000149011612,0.0,0.0,0.0,0.10000000149011612,0.0,0.010345116789405084
367,0.002388700842857361,0.0,0.3921472728252411,0.3699134886264801,0.0,0.10000000149011612,0.10000000149011612,0.0,0.0,0.10000000149011612,0.0,0.0,0.10000000149011612,0.0,0.10000000149011612,0.10000000149011612,0.0,0.10000000149011612,0.10000000149011612,0.10000000149011612,0.0,0.0,0.0,0.10000000149011612,0.0,0.00018384088852885228
368,0.00048186242929659784,0.0,0.3928180932998657,0.3727046251296997,0.0,0.10000000149011612,0.10000000149011612,0.0,0.0,0.10000000149011612,0.0,0.0,0.10000000149011612,0.0,0.10000000149011612,0.10000000149011612,0.0,0.10000000149011612,0.10000000149011612,0.10000000149011612,0.0,0.0,0.0,0.10000000149011612,0.0,0.0020374545738783834
369,-0.003828692017123103,5.999999848427251e-05,0.38748544454574585,0.369960755109787,0.0,0.10000000149011612,0.0,0.10000000149011612,0.0,0.10000000149011612,0.0,0.0,0.10000000149011612,0.0,0.10000000149011612,0.10000000149011612,0.0,0.10000000149011612,0.10000000149011612,0.10000000149011612,0.0,0.0,0.0,0.10000000149011612,0.0,-0.001998878687870298
370,0.005431585945188999,0.0,0.3950216770172119,0.37159454822540283,0.0,0.10000000149011612,0.0,0.10000000149011612,0.0,0.10000000149011612,0.0,0.0,0.10000000149011612,0.0,0.10000000149011612,0.10000000149011612,0.0,0.10000000149011612,0.10000000149011612,0.10000000149011612,0.0,0.0,0.0,0.10000000149011612,0.0,0.001192583882072551
371,-0.003458447754383087,0.00018000000272877514,0.3901970684528351,0.367156058549881,0.0,0.10000000149011612,0.0,0.10000000149011612,0.10000000149011612,0.0,0.0,0.0,0.0,0.0,0.10000000149011612,0.10000000149011612,0.10000000149011612,0.0,0.10000000149011612,0.10000000149011612,0.0,0.0,0.0,0.10000000149011612,0.10000000149011612,-0.0032360070847937683
372,-0.008253512904047966,0.0,0.37872305512428284,0.35628485679626465,0.0,0.10000000149011612,0.0,0.10000000149011612,0.10000000149011612,0.0,0.0,0.0,0.0,0.0,0.10000000149011612,0.10000000149011612,0.10000000149011612,0.0,0.10000000149011612,0.10000000149011612,0.0,0.0,0.0,0.10000000149011612,0.10000000149011612,-0.007951690434775394
373,0.001113714068196714,5.999999848427251e-05,0.38025856018066406,0.35710209608078003,0.0,0.10000000149011612,0.0,0.10000000149011612,0.0,0.0,0.0,0.0,0.10000000149011612,0.0,0.10000000149011612,0.10000000149011612,0.10000000149011612,0.0,0.10000000149011612,0.10000000149011612,0.0,0.0,0.0,0.10000000149011612,0.10000000149011612,0.0006025572581012106
374,-0.007376829162240028,0.0,0.37007662653923035,0.34668415784835815,0.0,0.10000000149011612,0.0,0.10000000149011612,0.0,0.0,0.0,0.0,0.10000000149011612,0.0,0.10000000149011612,0.10000000149011612,0.10000000149011612,0.0,0.10000000149011612,0.10000000149011612,0.0,0.0,0.0,0.10000000149011612,0.10000000149011612,-0.007676606102450356
375,0.0020072590559720993,0.0,0.3728267252445221,0.34416720271110535,0.0,0.10000000149011612,0.0,0.10000000149011612,0.0,0.0,0.0,0.0,0.10000000149011612,0.0,0.10000000149011612,0.10000000149011612,0.10000000149011612,0.0,0.10000000149011612,0.10000000149011612,0.0,0.0,0.0,0.10000000149011612,0.10000000149011612,-0.0018690018164869704
376,0.00809239037334919,5.999999848427251e-05,0.38393619656562805,0.34930646419525146,0.0,0.10000000149011612,0.0,0.0,0.0,0.10000000149011612,0.0,0.0,0.10000000149011612,0.0,0.10000000149011612,0.10000000149011612,0.10000000149011612,0.0,0.10000000149011612,0.10000000149011612,0.0,0.0,0.0,0.10000000149011612,0.10000000149011612,0.003823379616598732
377,0.00978140439838171,0.00011999999696854502,0.397473007440567,0.3617441952228546,0.0,0.10000000149011612,0.0,0.10000000149011612,0.0,0.10000000149011612,0.0,0.0,0.10000000149011612,0.0,0.10000000149011612,0.10000000149011612,0.0,0.10000000149011612,0.10000000149011612,0.10000000149011612,0.0,0.0,0.0,0.10000000149011612,0.0,0.009217869592747618
378,-0.0016360767185688019,5.999999848427251e-05,0.3951866626739502,0.35278138518333435,0.0,0.10000000149011612,0.10000000149011612,0.0,0.0,0.10000000149011612,0.0,0.0,0.10000000149011612,0.0,0.10000000149011612,0.10000000149011612,0.0,0.10000000149011612,0.10000000149011612,0.10000000149011612,0.0,0.0,0.0,0.10000000149011612,0.0,-0.0065818602869487375
379,0.007397835608571768,0.0,0.40550801157951355,0.3602185845375061,0.0,0.10000000149011612,0.10000000149011612,0.0,0.0,0.10000000149011612,0.0,0.0,0.10000000149011612,0.0,0.10000000149011612,0.10000000149011612,0.0,0.10000000149011612,0.10000000149011612,0.10000000149011612,0.0,0.0,0.0,0.10000000149011612,0.0,0.005497709708035314
380,0.0022115984465926886,0.0,0.40861642360687256,0.3616814613342285,0.0,0.10000000149011612,0.10000000149011612,0.0,0.0,0.10000000149011612,0.0,0.0,0.10000000149011612,0.0,0.10000000149011612,0.10000000149011612,0.0,0.10000000149011612,0.10000000149011612,0.10000000149011612,0.0,0.0,0.0,0.10000000149011612,0.0,0.001075471849415921
381,0.0009034109534695745,0.0,0.40988898277282715,0.36336657404899597,0.0,0.10000000149011612,0.10000000149011612,0.0,0.0,0.10000000149011612,0.0,0.0,0.10000000149011612,0.0,0.10000000149011612,0.10000000149011612,0.0,0.10000000149011612,0.10000000149011612,0.10000000149011612,0.0,0.0,0.0,0.10000000149011612,0.0,0.0012375234315933348
382,-0.002837046515196562,5.999999848427251e-05,0.4058890640735626,0.3618858754634857,0.0,0.10000000149011612,0.0,0.0,0.0,0.10000000149011612,0.0,0.0,0.10000000149011612,0.0,0.10000000149011612,0.10000000149011612,0.0,0.10000000149011612,0.10000000149011612,0.10000000149011612,0.0,0.0,0.10000000149011612,0.10000000149011612,0.0,-0.001086060501771624
383,-0.0023052701726555824,0.0,0.40264812111854553,0.3622508645057678,0.0,0.10000000149011612,0.0,0.0,0.0,0.10000000149011612,0.0,0.0,0.10000000149011612,0.0,0.10000000149011612,0.10000000149011612,0.0,0.10000000149011612,0.10000000149011612,0.10000000149011612,0.0,0.0,0.10000000149011612,0.10000000149011612,0.0,0.00026800266370186066
384,0.005801945459097624,0.0,0.4107862114906311,0.3756404519081116,0.0,0.10000000149011612,0.0,0.0,0.0,0.10000000149011612,0.0,0.0,0.10000000149011612,0.0,0.10000000149011612,0.10000000149011612,0.0,0.10000000149011612,0.10000000149011612,0.10000000149011612,0.0,0.0,0.10000000149011612,0.10000000149011612,0.0,0.009829017364728632
385,-0.012195553630590439,0.0,0.3935808837413788,0.36128881573677063,0.0,0.10000000149011612,0.0,0.0,0.0,0.10000000149011612,0.0,0.0,0.10000000149011612,0.0,0.10000000149011612,0.10000000149011612,0.0,0.10000000149011612,0.10000000149011612,0.10000000149011612,0.0,0.0,0.10000000149011612,0.10000000149011612,0.0,-0.010432694205403936
386,0.0031418404541909695,0.0,0.39795929193496704,0.3594828248023987,0.0,0.10000000149011612,0.0,0.0,0.0,0.10000000149011612,0.0,0.0,0.10000000149011612,0.0,0.10000000149011612,0.10000000149011612,0.0,0.10000000149011612,0.10000000149011612,0.10000000149011612,0.0,0.0,0.10000000149011612,0.10000000149011612,0.0,-0.0013266772734003007
387,0.0029096323996782303,0.0,0.40202683210372925,0.35888350009918213,0.0,0.10000000149011612,0.0,0.0,0.0,0.10000000149011612,0.0,0.0,0.10000000149011612,0.0,0.10000000149011612,0.10000000149011612,0.0,0.10000000149011612,0.10000000149011612,0.10000000149011612,0.0,0.0,0.10000000149011612,0.10000000149011612,0.0,-0.0004408475725345973
388,0.0007377826841548085,0.0,0.40306124091148376,0.3640460669994354,0.0,0.10000000149011612,0.0,0.0,0.0,0.10000000149011612,0.0,0.0,0.10000000149011612,0.0,0.10000000149011612,0.10000000149011612,0.0,0.10000000149011612,0.10000000149011612,0.10000000149011612,0.0,0.0,0.10000000149011612,0.10000000149011612,0.0,0.0037991239866232984
389,0.004777594935148954,0.0,0.40976449847221375,0.3661978840827942,0.0,0.10000000149011612,0.0,0.0,0.0,0.10000000149011612,0.0,0.0,0.10000000149011612,0.0,0.10000000149011612,0.10000000149011612,0.0,0.10000000149011612,0.10000000149011612,0.10000000149011612,0.0,0.0,0.10000000149011612,0.10000000149011612,0.0,0.0015775252283760643
390,0.008332290686666965,0.0,0.42151105403900146,0.37794050574302673,0.0,0.10000000149011612,0.0,0.0,0.0,0.10000000149011612,0.0,0.0,0.10000000149011612,0.0,0.10000000149011612,0.10000000149011612,0.0,0.10000000149011612,0.10000000149011612,0.10000000149011612,0.0,0.0,0.10000000149011612,0.10000000149011612,0.0,0.008595110413390783
391,-0.002638451987877488,0.0,0.4177604615688324,0.37723469734191895,0.0,0.10000000149011612,0.0,0.0,0.0,0.10000000149011612,0.0,0.0,0.10000000149011612,0.0,0.10000000149011612,0.10000000149011612,0.0,0.10000000149011612,0.10000000149011612,0.10000000149011612,0.0,0.0,0.10000000149011612,0.10000000149011612,0.0,-0.0005122197933554729
392,0.0007812029216438532,0.0,0.4188680350780487,0.380198210477829,0.0,0.10000000149011612,0.0,0.0,0.0,0.10000000149011612,0.0,0.0,0.10000000149011612,0.0,0.10000000149011612,0.10000000149011612,0.0,0.10000000149011612,0.10000000149011612,0.10000000149011612,0.0,0.0,0.10000000149011612,0.10000000149011612,0.0,0.0021517851253891607
393,-0.008100785315036774,0.0,0.4073740839958191,0.37529686093330383,0.0,0.10000000149011612,0.0,0.0,0.0,0.10000000149011612,0.0,0.0,0.10000000149011612,0.0,0.10000000149011612,0.10000000149011612,0.0,0.10000000149011612,0.10000000149011612,0.10000000149011612,0.0,0.0,0.10000000149011612,0.10000000149011612,0.0,-0.003551192507943002
394,0.005277798976749182,0.0,0.4148019254207611,0.383360356092453,0.0,0.10000000149011612,0.0,0.0,0.0,0.10000000149011612,0.0,0.0,0.10000000149011612,0.0,0.10000000149011612,0.10000000149011612,0.0,0.10000000149011612,0.10000000149011612,0.10000000149011612,0.0,0.0,0.10000000149011612,0.10000000149011612,0.0,0.005863094280370129
395,2.038827551587019e-05,0.0,0.4148307740688324,0.38801124691963196,0.0,0.10000000149011612,0.0,0.0,0.0,0.10000000149011612,0.0,0.0,0.10000000149011612,0.0,0.10000000149011612,0.10000000149011612,0.0,0.10000000149011612,0.10000000149011612,0.10000000149011612,0.0,0.0,0.10000000149011612,0.10000000149011612,0.0,0.0033620240790448452
396,-0.004486812278628349,0.0,0.4084826707839966,0.38470780849456787,0.0,0.10000000149011612,0.0,0.0,0.0,0.10000000149011612,0.0,0.0,0.10000000149011612,0.0,0.10000000149011612,0.10000000149011612,0.0,0.10000000149011612,0.10000000149011612,0.10000000149011612,0.0,0.0,0.10000000149011612,0.10000000149011612,0.0,-0.002379979580421465
397,-0.005955043248832226,0.0,0.4000951051712036,0.37926700711250305,0.0,0.10000000149011612,0.0,0.0,0.0,0.10000000149011612,0.0,0.0,0.10000000149011612,0.0,0.10000000149011612,0.10000000149011612,0.0,0.10000000149011612,0.10000000149011612,0.10000000149011612,0.0,0.0,0.10000000149011612,0.10000000149011612,0.0,-0.003929205388088275
398,0.009395554661750793,0.0,0.41324979066848755,0.389085978269577,0.0,0.10000000149011612,0.0,0.0,0.0,0.10000000149011612,0.0,0.0,0.10000000149011612,0.0,0.10000000149011612,0.10000000149011612,0.0,0.10000000149011612,0.10000000149011612,0.10000000149011612,0.0,0.0,0.10000000149011612,0.10000000149011612,0.0,0.00711897776604542
399,0.005926165264099836,0.0,0.42162492871284485,0.3922925889492035,0.0,0.10000000149011612,0.0,0.0,0.0,0.10000000149011612,0.0,0.0,0.10000000149011612,0.0,0.10000000149011612,0.10000000149011612,0.0,0.10000000149011612,0.10000000149011612,0.10000000149011612,0.0,0.0,0.10000000149011612,0.10000000149011612,0.0,0.0023084321127631036
400,0.008628017269074917,0.0,0.4338907301425934,0.4000919461250305,0.0,0.10000000149011612,0.0,0.0,0.0,0.10000000149011612,0.0,0.0,0.10000000149011612,0.0,0.10000000149011612,0.10000000149011612,0.0,0.10000000149011612,0.10000000149011612,0.10000000149011612,0.0,0.0,0.10000000149011612,0.10000000149011612,0.0,0.005601809014665005
401,-0.0016933288425207138,0.0,0.43146267533302307,0.39725640416145325,0.0,0.10000000149011612,0.0,0.0,0.0,0.10000000149011612,0.0,0.0,0.10000000149011612,0.0,0.10000000149011612,0.10000000149011612,0.0,0.10000000149011612,0.10000000149011612,0.10000000149011612,0.0,0.0,0.10000000149011612,0.10000000149011612,0.0,-0.0020252541066499985
402,-0.002005510265007615,0.0,0.42859187722206116,0.39594849944114685,0.0,0.10000000149011612,0.0,0.0,0.0,0.10000000149011612,0.0,0.0,0.10000000149011612,0.0,0.10000000149011612,0.10000000149011612,0.0,0.10000000149011612,0.10000000149011612,0.10000000149011612,0.0,0.0,0.10000000149011612,0.10000000149011612,0.0,-0.0009360520491522584
403,0.007501143962144852,0.0,0.43930795788764954,0.40605658292770386,0.0,0.10000000149011612,0.0,0.0,0.0,0.10000000149011612,0.0,0.0,0.10000000149011612,0.0,0.10000000149011612,0.10000000149011612,0.0,0.10000000149011612,0.10000000149011612,0.10000000149011612,0.0,0.0,0.10000000149011612,0.10000000149011612,0.0,0.0072410146152266375
404,-0.0008342376095242798,0.0,0.4381072223186493,0.4084610641002655,0.0,0.10000000149011612,0.0,0.0,0.0,0.10000000149011612,0.0,0.0,0.10000000149011612,0.0,0.10000000149011612,0.10000000149011612,0.0,0.10000000149011612,0.10000000149011612,0.10000000149011612,0.0,0.0,0.10000000149011612,0.10000000149011612,0.0,0.001710088485596284
405,0.003037424525246024,5.999999848427251e-05,0.4424753487110138,0.41721752285957336,0.0,0.10000000149011612,0.0,0.0,0.10000000149011612,0.0,0.0,0.0,0.10000000149011612,0.0,0.10000000149011612,0.10000000149011612,0.0,0.10000000149011612,0.10000000149011612,0.10000000149011612,0.0,0.0,0.10000000149011612,0.10000000149011612,0.0,0.006217039989601325
406,0.0017114707734435797,0.0,0.4449441134929657,0.423257440328598,0.0,0.10000000149011612,0.0,0.0,0.10000000149011612,0.0,0.0,0.0,0.10000000149011612,0.0,0.10000000149011612,0.10000000149011612,0.0,0.10000000149011612,0.10000000149011612,0.10000000149011612,0.0,0.0,0.10000000149011612,0.10000000149011612,0.0,0.004261813992278096
407,0.008729474619030952,0.0,0.45755770802497864,0.42869171500205994,0.0,0.10000000149011612,0.0,0.0,0.10000000149011612,0.0,0.0,0.0,0.10000000149011612,0.0,0.10000000149011612,0.10000000149011612,0.0,0.10000000149011612,0.10000000149011612,0.10000000149011612,0.0,0.0,0.10000000149011612,0.10000000149011612,0.0,0.0038181951623645904
408,0.0017121266573667526,0.0,0.4600532352924347,0.4329509437084198,0.0,0.10000000149011612,0.0,0.0,0.10000000149011612,0.0,0.0,0.0,0.10000000149011612,0.0,0.10000000149011612,0.10000000149011612,0.0,0.10000000149011612,0.10000000149011612,0.10000000149011612,0.0,0.0,0.10000000149011612,0.10000000149011612,0.0,0.0029812090751528686
409,-0.0057455855421721935,0.0,0.45166438817977905,0.4198249876499176,0.0,0.10000000149011612,0.0,0.0,0.10000000149011612,0.0,0.0,0.0,0.10000000149011612,0.0,0.10000000149011612,0.10000000149011612,0.0,0.10000000149011612,0.10000000149011612,0.10000000149011612,0.0,0.0,0.10000000149011612,0.10000000149011612,0.0,-0.009160087521581706
410,-0.0005318376352079213,0.0,0.4508923292160034,0.41598832607269287,0.0,0.10000000149011612,0.0,0.0,0.10000000149011612,0.0,0.0,0.0,0.10000000149011612,0.0,0.10000000149011612,0.10000000149011612,0.0,0.10000000149011612,0.10000000149011612,0.10000000149011612,0.0,0.0,0.10000000149011612,0.10000000149011612,0.0,-0.0027022073921766365
411,-0.0008024187991395593,0.0,0.4497281014919281,0.4142211377620697,0.0,0.10000000149011612,0.0,0.0,0.10000000149011612,0.0,0.0,0.0,0.10000000149011612,0.0,0.10000000149011612,0.10000000149011612,0.0,0.10000000149011612,0.10000000149011612,0.10000000149011612,0.0,0.0,0.10000000149011612,0.10000000149011612,0.0,-0.0012480246327486455
412,-0.006174208130687475,0.0,0.4407771825790405,0.4034147560596466,0.0,0.10000000149011612,0.0,0.0,0.10000000149011612,0.0,0.0,0.0,0.10000000149011612,0.0,0.10000000149011612,0.10000000149011612,0.0,0.10000000149011612,0.10000000149011612,0.10000000149011612,0.0,0.0,0.10000000149011612,0.10000000149011612,0.0,-0.007641224850820416
413,-0.0020021055825054646,5.999999848427251e-05,0.4378925859928131,0.3962650001049042,0.0,0.10000000149011612,0.0,0.10000000149011612,0.10000000149011612,0.0,0.0,0.0,0.0,0.0,0.10000000149011612,0.10000000149011612,0.0,0.10000000149011612,0.10000000149011612,0.10000000149011612,0.0,0.0,0.10000000149011612,0.10000000149011612,0.0,-0.005094542382336642
414,0.00024164235219359398,0.0,0.43824005126953125,0.3918728828430176,0.0,0.10000000149011612,0.0,0.10000000149011612,0.10000000149011612,0.0,0.0,0.0,0.0,0.0,0.10000000149011612,0.10000000149011612,0.0,0.10000000149011612,0.10000000149011612,0.10000000149011612,0.0,0.0,0.10000000149011612,0.10000000149011612,0.0,-0.0031456186766527505
415,0.008693255484104156,5.999999848427251e-05,0.45074304938316345,0.40382152795791626,0.0,0.10000000149011612,0.0,0.10000000149011612,0.10000000149011612,0.0,0.0,0.0,0.0,0.0,0.10000000149011612,0.10000000149011612,0.0,0.0,0.10000000149011612,0.10000000149011612,0.0,0.0,0.10000000149011612,0.10000000149011612,0.10000000149011612,0.008584580720110369
416,-0.002281751250848174,0.0,0.44743281602859497,0.4020516574382782,0.0,0.10000000149011612,0.0,0.10000000149011612,0.10000000149011612,0.0,0.0,0.0,0.0,0.0,0.10000000149011612,0.10000000149011612,0.0,0.0,0.10000000149011612,0.10000000149011612,0.0,0.0,0.10000000149011612,0.10000000149011612,0.10000000149011612,-0.001260751800987614
417,0.004833756946027279,0.0,0.45442935824394226,0.4097200334072113,0.0,0.10000000149011612,0.0,0.10000000149011612,0.10000000149011612,0.0,0.0,0.0,0.0,0.0,0.10000000149011612,0.10000000149011612,0.0,0.0,0.10000000149011612,0.10000000149011612,0.0,0.0,0.10000000149011612,0.10000000149011612,0.10000000149011612,0.005469396172566254
418,0.001824988517910242,0.0,0.45708367228507996,0.4170807898044586,0.0,0.10000000149011612,0.0,0.10000000149011612,0.10000000149011612,0.0,0.0,0.0,0.0,0.0,0.10000000149011612,0.10000000149011612,0.0,0.0,0.10000000149011612,0.10000000149011612,0.0,0.0,0.10000000149011612,0.10000000149011612,0.10000000149011612,0.00522143136425246
419,-0.0054960548877716064,0.0,0.44907546043395996,0.3945768475532532,0.0,0.10000000149011612,0.0,0.10000000149011612,0.10000000149011612,0.0,0.0,0.0,0.0,0.0,0.10000000149011612,0.10000000149011612,0.0,0.0,0.10000000149011612,0.10000000149011612,0.0,0.0,0.10000000149011612,0.10000000149011612,0.10000000149011612,-0.01588049348570364
420,-0.015513326041400433,3.479999941191636e-05,0.4265954792499542,0.3522242307662964,0.0,0.041999999433755875,0.0,0.10000000149011612,0.10000000149011612,0.0,0.0,0.0,0.0,0.0,0.10000000149011612,0.10000000149011612,0.0,0.0,0.10000000149011612,0.10000000149011612,0.0,0.057999998331069946,0.10000000149011612,0.10000000149011612,0.10000000149011612,-0.030369510910254416
421,-0.006948679685592651,2.5200000891345553e-05,0.41668251156806946,0.35597413778305054,0.0,0.0,0.0,0.10000000149011612,0.10000000149011612,0.0,0.0,0.0,0.0,0.0,0.10000000149011612,0.10000000149011612,0.0,0.0,0.10000000149011612,0.10000000149011612,0.0,0.10000000149011612,0.10000000149011612,0.10000000149011612,0.10000000149011612,0.0027731399359920417
422,0.019429173320531845,0.0,0.44420748949050903,0.374907910823822,0.0,0.0,0.0,0.10000000149011612,0.10000000149011612,0.0,0.0,0.0,0.0,0.0,0.10000000149011612,0.10000000149011612,0.0,0.0,0.10000000149011612,0.10000000149011612,0.0,0.10000000149011612,0.10000000149011612,0.10000000149011612,0.10000000149011612,0.013963225782261057
423,-0.00621410459280014,5.999999848427251e-05,0.4352330267429352,0.3783559203147888,0.0,0.0,0.0,0.10000000149011612,0.10000000149011612,0.0,0.0,0.0,0.0,0.0,0.10000000149011612,0.10000000149011612,0.0,0.0,0.10000000149011612,0.0,0.10000000149011612,0.10000000149011612,0.10000000149011612,0.10000000149011612,0.10000000149011612,0.002507811224171874
424,0.009569473564624786,0.0,0.44896745681762695,0.38764968514442444,0.0,0.0,0.0,0.10000000149011612,0.10000000149011612,0.0,0.0,0.0,0.0,0.0,0.10000000149011612,0.10000000149011612,0.0,0.0,0.10000000149011612,0.0,0.10000000149011612,0.10000000149011612,0.10000000149011612,0.10000000149011612,0.10000000149011612,0.006742645127183922
425,0.0053179021924734116,5.999999848427251e-05,0.45667293667793274,0.39956459403038025,0.0,0.0,0.0,0.10000000149011612,0.10000000149011612,0.0,0.10000000149011612,0.0,0.0,0.0,0.10000000149011612,0.10000000149011612,0.0,0.0,0.10000000149011612,0.0,0.0,0.10000000149011612,0.10000000149011612,0.10000000149011612,0.10000000149011612,0.008586395409094782
426,-0.0016572152962908149,5.999999848427251e-05,0.45425888895988464,0.40179094672203064,0.0,0.0,0.0,0.0,0.10000000149011612,0.0,0.10000000149011612,0.0,0.0,0.0,0.10000000149011612,0.10000000149011612,0.0,0.0,0.10000000149011612,0.10000000149011612,0.0,0.10000000149011612,0.10000000149011612,0.10000000149011612,0.10000000149011612,0.0015907466515989732
427,5.318522380548529e-05,0.0,0.4543362557888031,0.4048954248428345,0.0,0.0,0.0,0.0,0.10000000149011612,0.0,0.10000000149011612,0.0,0.0,0.0,0.10000000149011612,0.10000000149011612,0.0,0.0,0.10000000149011612,0.10000000149011612,0.0,0.10000000149011612,0.10000000149011612,0.10000000149011612,0.10000000149011612,0.002214651284532465
428,0.019401492550969124,0.0,0.48255252838134766,0.4241548478603363,0.0,0.0,0.0,0.0,0.10000000149011612,0.0,0.10000000149011612,0.0,0.0,0.0,0.10000000149011612,0.10000000149011612,0.0,0.0,0.10000000149011612,0.10000000149011612,0.0,0.10000000149011612,0.10000000149011612,0.10000000149011612,0.10000000149011612,0.013708794745100894
429,-0.0004719225107692182,0.0,0.4818528890609741,0.42474594712257385,0.0,0.0,0.0,0.0,0.10000000149011612,0.0,0.10000000149011612,0.0,0.0,0.0,0.10000000149011612,0.10000000149011612,0.0,0.0,0.10000000149011612,0.10000000149011612,0.0,0.10000000149011612,0.10000000149011612,0.10000000149011612,0.10000000149011612,0.00041505266307639843
430,0.005451587028801441,0.0,0.4899313449859619,0.4303695261478424,0.0,0.0,0.0,0.0,0.10000000149011612,0.0,0.10000000149011612,0.0,0.0,0.0,0.10000000149011612,0.10000000149011612,0.0,0.0,0.10000000149011612,0.10000000149011612,0.0,0.10000000149011612,0.10000000149011612,0.10000000149011612,0.10000000149011612,0.003947074941063056
431,0.004138640593737364,5.999999848427251e-05,0.4960976243019104,0.4366113245487213,0.0,0.0,0.0,0.0,0.10000000149011612,0.0,0.0,0.0,0.0,0.0,0.10000000149011612,0.10000000149011612,0.0,0.10000000149011612,0.10000000149011612,0.10000000149011612,0.0,0.10000000149011612,0.10000000149011612,0.10000000149011612,0.10000000149011612,0.004363766346231479
432,0.0013748056953772902,0.0,0.4981544613838196,0.4388676881790161,0.0,0.0,0.0,0.0,0.10000000149011612,0.0,0.0,0.0,0.0,0.0,0.10000000149011612,0.10000000149011612,0.0,0.10000000149011612,0.10000000149011612,0.10000000149011612,0.0,0.10000000149011612,0.10000000149011612,0.10000000149011612,0.10000000149011612,0.0015706152330405843
433,-0.00010074306919705123,5.999999848427251e-05,0.4980035424232483,0.43858715891838074,0.0,0.0,0.0,0.10000000149011612,0.10000000149011612,0.0,0.0,0.0,0.0,0.0,0.10000000149011612,0.10000000149011612,0.0,0.10000000149011612,0.10000000149011612,0.10000000149011612,0.0,0.10000000149011612,0.10000000149011612,0.10000000149011612,0.0,-0.00019496529315377042
434,0.001536842784844339,0.00011999999696854502,0.5003057718276978,0.4391977787017822,0.0,0.10000000149011612,0.0,0.0,0.10000000149011612,0.0,0.0,0.0,0.0,0.0,0.10000000149011612,0.10000000149011612,0.0,0.10000000149011612,0.10000000149011612,0.0,0.10000000149011612,0.10000000149011612,0.10000000149011612,0.10000000149011612,0.0,0.00042445796878975983
435,0.008260988630354404,0.0,0.5126997232437134,0.45026132464408875,0.0,0.10000000149011612,0.0,0.0,0.10000000149011612,0.0,0.0,0.0,0.0,0.0,0.10000000149011612,0.10000000149011612,0.0,0.10000000149011612,0.10000000149011612,0.0,0.10000000149011612,0.10000000149011612,0.10000000149011612,0.10000000149011612,0.0,0.007687300596229685
436,0.0006349061150103807,0.0,0.513660192489624,0.4510292410850525,0.0,0.10000000149011612,0.0,0.0,0.10000000149011612,0.0,0.0,0.0,0.0,0.0,0.10000000149011612,0.10000000149011612,0.0,0.10000000149011612,0.10000000149011612,0.0,0.10000000149011612,0.10000000149011612,0.10000000149011612,0.10000000149011612,0.0,0.0005295021165596658
437,0.003079695161432028,0.0,0.5183218121528625,0.4519699215888977,0.0,0.10000000149011612,0.0,0.0,0.10000000149011612,0.0,0.0,0.0,0.0,0.0,0.10000000149011612,0.10000000149011612,0.0,0.10000000149011612,0.10000000149011612,0.0,0.10000000149011612,0.10000000149011612,0.10000000149011612,0.10000000149011612,0.0,0.0006482850084688074
438,0.0016487748362123966,0.0,0.5208251476287842,0.4532199800014496,0.0,0.10000000149011612,0.0,0.0,0.10000000149011612,0.0,0.0,0.0,0.0,0.0,0.10000000149011612,0.10000000149011612,0.0,0.10000000149011612,0.10000000149011612,0.0,0.10000000149011612,0.10000000149011612,0.10000000149011612,0.10000000149011612,0.0,0.0008609396062309038
439,0.004303683061152697,0.00010859999747481197,0.5273703336715698,0.4542144536972046,0.0,0.10000000149011612,0.0,0.10000000149011612,0.10000000149011612,0.0,0.0,0.0,0.0,0.0,0.10000000149011612,0.10000000149011612,0.0,0.01899999938905239,0.10000000149011612,0.08100000023841858,0.10000000149011612,0.0,0.10000000149011612,0.10000000149011612,0.0,0.0006843242657275095
440,0.0026430932339280844,7.139999797800556e-05,0.5314072966575623,0.45808494091033936,0.0,0.10000000149011612,0.0,0.0,0.10000000149011612,0.0,0.0,0.0,0.0,0.10000000149011612,0.10000000149011612,0.10000000149011612,0.0,0.0,0.10000000149011612,0.10000000149011612,0.10000000149011612,0.0,0.10000000149011612,0.10000000149011612,0.0,0.0026615656331117066
441,0.00016583707474637777,0.0,0.5316612720489502,0.4497472643852234,0.0,0.10000000149011612,0.0,0.0,0.10000000149011612,0.0,0.0,0.0,0.0,0.10000000149011612,0.10000000149011612,0.10000000149011612,0.0,0.0,0.10000000149011612,0.10000000149011612,0.10000000149011612,0.0,0.10000000149011612,0.10000000149011612,0.0,-0.005718237868851728
442,0.0034013958647847176,0.0,0.5368710160255432,0.4533783197402954,0.0,0.10000000149011612,0.0,0.0,0.10000000149011612,0.0,0.0,0.0,0.0,0.10000000149011612,0.10000000149011612,0.10000000149011612,0.0,0.0,0.10000000149011612,0.10000000149011612,0.10000000149011612,0.0,0.10000000149011612,0.10000000149011612,0.0,0.002504612661995198
443,-0.007015484385192394,0.0,0.5260891318321228,0.4431203305721283,0.0,0.10000000149011612,0.0,0.0,0.10000000149011612,0.0,0.0,0.0,0.0,0.10000000149011612,0.10000000149011612,0.10000000149011612,0.0,0.0,0.10000000149011612,0.10000000149011612,0.10000000149011612,0.0,0.10000000149011612,0.10000000149011612,0.0,-0.007058030953702499
444,-0.003730282885953784,0.0,0.5203964114189148,0.4342496395111084,0.0,0.10000000149011612,0.0,0.0,0.10000000149011612,0.0,0.0,0.0,0.0,0.10000000149011612,0.10000000149011612,0.10000000149011612,0.0,0.0,0.10000000149011612,0.10000000149011612,0.10000000149011612,0.0,0.10000000149011612,0.10000000149011612,0.0,-0.0061468824692554325
445,0.00601660180836916,0.0,0.5295439958572388,0.44276368618011475,0.0,0.10000000149011612,0.0,0.0,0.10000000149011612,0.0,0.0,0.0,0.0,0.10000000149011612,0.10000000149011612,0.10000000149011612,0.0,0.0,0.10000000149011612,0.10000000149011612,0.10000000149011612,0.0,0.10000000149011612,0.10000000149011612,0.0,0.005936237621721574
446,-0.004306088667362928,0.0,0.5229576826095581,0.4366970360279083,0.0,0.10000000149011612,0.0,0.0,0.10000000149011612,0.0,0.0,0.0,0.0,0.10000000149011612,0.10000000149011612,0.10000000149011612,0.0,0.0,0.10000000149011612,0.10000000149011612,0.10000000149011612,0.0,0.10000000149011612,0.10000000149011612,0.0,-0.004204881374765268
447,0.004032780881971121,0.0,0.5290994048118591,0.4448535442352295,0.0,0.10000000149011612,0.0,0.0,0.10000000149011612,0.0,0.0,0.0,0.0,0.10000000149011612,0.10000000149011612,0.10000000149011612,0.0,0.0,0.10000000149011612,0.10000000149011612,0.10000000149011612,0.0,0.10000000149011612,0.10000000149011612,0.0,0.005677263892651885
448,0.00465910229831934,0.0,0.5362236499786377,0.4554009735584259,0.0,0.10000000149011612,0.0,0.0,0.10000000149011612,0.0,0.0,0.0,0.0,0.10000000149011612,0.10000000149011612,0.10000000149011612,0.0,0.0,0.10000000149011612,0.10000000149011612,0.10000000149011612,0.0,0.10000000149011612,0.10000000149011612,0.0,0.0072999989274202814
449,0.009926138445734978,0.0,0.5514724254608154,0.46199896931648254,0.0,0.10000000149011612,0.0,0.0,0.10000000149011612,0.0,0.0,0.0,0.0,0.10000000149011612,0.10000000149011612,0.10000000149011612,0.0,0.0,0.10000000149011612,0.10000000149011612,0.10000000149011612,0.0,0.10000000149011612,0.10000000149011612,0.0,0.004533455644134099
450,0.0021543658804148436,0.0,0.554814875125885,0.4650358557701111,0.0,0.10000000149011612,0.0,0.0,0.10000000149011612,0.0,0.0,0.0,0.0,0.10000000149011612,0.10000000149011612,0.10000000149011612,0.0,0.0,0.10000000149011612,0.10000000149011612,0.10000000149011612,0.0,0.10000000149011612,0.10000000149011612,0.0,0.00207721518097137
451,-0.002732669236138463,0.0,0.5505660772323608,0.46414780616760254,0.0,0.10000000149011612,0.0,0.0,0.10000000149011612,0.0,0.0,0.0,0.0,0.10000000149011612,0.10000000149011612,0.10000000149011612,0.0,0.0,0.10000000149011612,0.10000000149011612,0.10000000149011612,0.0,0.10000000149011612,0.10000000149011612,0.0,-0.0006061623672969363
452,0.002493178704753518,0.0,0.5544319152832031,0.47399628162384033,0.0,0.10000000149011612,0.0,0.0,0.10000000149011612,0.0,0.0,0.0,0.0,0.10000000149011612,0.10000000149011612,0.10000000149011612,0.0,0.0,0.10000000149011612,0.10000000149011612,0.10000000149011612,0.0,0.10000000149011612,0.10000000149011612,0.0,0.006726421618604261
453,-0.00722940219566226,0.0,0.5431942939758301,0.4682610034942627,0.0,0.10000000149011612,0.0,0.0,0.10000000149011612,0.0,0.0,0.0,0.0,0.10000000149011612,0.10000000149011612,0.10000000149011612,0.0,0.0,0.10000000149011612,0.10000000149011612,0.10000000149011612,0.0,0.10000000149011612,0.10000000149011612,0.0,-0.0038909719115840513
454,0.008494759909808636,0.0,0.5563033819198608,0.47545406222343445,0.0,0.10000000149011612,0.0,0.0,0.10000000149011612,0.0,0.0,0.0,0.0,0.10000000149011612,0.10000000149011612,0.10000000149011612,0.0,0.0,0.10000000149011612,0.10000000149011612,0.10000000149011612,0.0,0.10000000149011612,0.10000000149011612,0.0,0.004899032741490172
455,0.0016716901445761323,0.0,0.5589050054550171,0.4812503457069397,0.0,0.10000000149011612,0.0,0.0,0.10000000149011612,0.0,0.0,0.0,0.0,0.10000000149011612,0.10000000149011612,0.10000000149011612,0.0,0.0,0.10000000149011612,0.10000000149011612,0.10000000149011612,0.0,0.10000000149011612,0.10000000149011612,0.0,0.003928474380809011
456,0.0035226482432335615,0.0,0.5643965005874634,0.482052206993103,0.0,0.10000000149011612,0.0,0.0,0.10000000149011612,0.0,0.0,0.0,0.0,0.10000000149011612,0.10000000149011612,0.10000000149011612,0.0,0.0,0.10000000149011612,0.10000000149011612,0.10000000149011612,0.0,0.10000000149011612,0.10000000149011612,0.0,0.0005413408263412745
457,-0.0036552364472299814,0.0,0.5586782693862915,0.47327330708503723,0.0,0.10000000149011612,0.0,0.0,0.10000000149011612,0.0,0.0,0.0,0.0,0.10000000149011612,0.10000000149011612,0.10000000149011612,0.0,0.0,0.10000000149011612,0.10000000149011612,0.10000000149011612,0.0,0.10000000149011612,0.10000000149011612,0.0,-0.005923475479907014
458,-0.00015682607772760093,0.0,0.5584338307380676,0.47092390060424805,0.0,0.10000000149011612,0.0,0.0,0.10000000149011612,0.0,0.0,0.0,0.0,0.10000000149011612,0.10000000149011612,0.10000000149011612,0.0,0.0,0.10000000149011612,0.10000000149011612,0.10000000149011612,0.0,0.10000000149011612,0.10000000149011612,0.0,-0.0015946847536643105
459,-0.0007197309751063585,4.5600001612911e-05,0.5573121309280396,0.469093918800354,0.0,0.10000000149011612,0.0,0.07599999755620956,0.10000000149011612,0.0,0.0,0.0,0.0,0.10000000149011612,0.10000000149011612,0.10000000149011612,0.0,0.0,0.10000000149011612,0.10000000149011612,0.024000000208616257,0.0,0.10000000149011612,0.10000000149011612,0.0,-0.001244103656988793
460,0.006303082220256329,1.4399999599845614e-05,0.5671280026435852,0.4755348563194275,0.0,0.10000000149011612,0.0,0.10000000149011612,0.10000000149011612,0.0,0.0,0.0,0.0,0.10000000149011612,0.10000000149011612,0.10000000149011612,0.0,0.0,0.10000000149011612,0.10000000149011612,0.0,0.0,0.10000000149011612,0.10000000149011612,0.0,0.004384292547023216
461,-0.0027947083581238985,0.0,0.562748372554779,0.4803638756275177,0.0,0.10000000149011612,0.0,0.10000000149011612,0.10000000149011612,0.0,0.0,0.0,0.0,0.10000000149011612,0.10000000149011612,0.10000000149011612,0.0,0.0,0.10000000149011612,0.10000000149011612,0.0,0.0,0.10000000149011612,0.10000000149011612,0.0,0.0032727246580508407
462,-0.003639391390606761,5.999999848427251e-05,0.5570608973503113,0.4748178720474243,0.0,0.10000000149011612,0.0,0.10000000149011612,0.10000000149011612,0.0,0.0,0.0,0.0,0.0,0.10000000149011612,0.10000000149011612,0.0,0.0,0.10000000149011612,0.10000000149011612,0.10000000149011612,0.0,0.10000000149011612,0.10000000149011612,0.0,-0.0037463786244732455
463,-0.0016349965007975698,5.999999848427251e-05,0.5545151233673096,0.47811999917030334,0.0,0.10000000149011612,0.0,0.10000000149011612,0.10000000149011612,0.0,0.0,0.0,0.0,0.10000000149011612,0.10000000149011612,0.10000000149011612,0.0,0.0,0.10000000149011612,0.10000000149011612,0.0,0.0,0.10000000149011612,0.10000000149011612,0.0,0.0022390067176869533
464,-0.0006025337497703731,0.00011999999696854502,0.5535784363746643,0.47600701451301575,0.0,0.10000000149011612,0.0,0.0,0.0,0.0,0.0,0.0,0.10000000149011612,0.10000000149011612,0.10000000149011612,0.10000000149011612,0.10000000149011612,0.0,0.10000000149011612,0.10000000149011612,0.0,0.0,0.10000000149011612,0.10000000149011612,0.0,-0.001429508198572238
465,-0.00648499047383666,5.999999848427251e-05,0.5435035228729248,0.4651963412761688,0.0,0.10000000149011612,0.0,0.0,0.0,0.0,0.0,0.0,0.10000000149011612,0.0,0.10000000149011612,0.10000000149011612,0.10000000149011612,0.0,0.10000000149011612,0.10000000149011612,0.0,0.0,0.10000000149011612,0.10000000149011612,0.10000000149011612,-0.007324269553294571
466,-0.002077618381008506,0.0,0.540296733379364,0.4614553153514862,0.0,0.10000000149011612,0.0,0.0,0.0,0.0,0.0,0.0,0.10000000149011612,0.0,0.10000000149011612,0.10000000149011612,0.10000000149011612,0.0,0.10000000149011612,0.10000000149011612,0.0,0.0,0.10000000149011612,0.10000000149011612,0.10000000149011612,-0.002553259122544782
467,0.007990924641489983,1.8000000636675395e-05,0.5526050925254822,0.4755779504776001,0.0,0.10000000149011612,0.0,0.0,0.029999999329447746,0.0,0.0,0.0,0.10000000149011612,0.0,0.10000000149011612,0.10000000149011612,0.10000000149011612,0.0,0.10000000149011612,0.10000000149011612,0.0,0.0,0.10000000149011612,0.10000000149011612,0.07000000029802322,0.009663405358868227
468,0.0006113661802373827,4.199999966658652e-05,0.5535542964935303,0.4771759808063507,0.0,0.10000000149011612,0.0,0.0,0.10000000149011612,0.0,0.0,0.0,0.10000000149011612,0.0,0.10000000149011612,0.10000000149011612,0.10000000149011612,0.0,0.10000000149011612,0.10000000149011612,0.0,0.0,0.10000000149011612,0.10000000149011612,0.0,0.0010829860450498607
469,0.008584708906710148,0.0,0.5668911337852478,0.4862707257270813,0.0,0.10000000149011612,0.0,0.0,0.10000000149011612,0.0,0.0,0.0,0.10000000149011612,0.0,0.10000000149011612,0.10000000149011612,0.10000000149011612,0.0,0.10000000149011612,0.10000000149011612,0.0,0.0,0.10000000149011612,0.10000000149011612,0.0,0.0061568459268921405
470,0.006324160378426313,5.999999848427251e-05,0.5768004059791565,0.48437878489494324,0.0,0.10000000149011612,0.0,0.0,0.0,0.10000000149011612,0.0,0.0,0.10000000149011612,0.0,0.10000000149011612,0.10000000149011612,0.10000000149011612,0.0,0.10000000149011612,0.10000000149011612,0.0,0.0,0.10000000149011612,0.10000000149011612,0.0,-0.0012729449617683297
471,-0.0009104542550630867,5.999999848427251e-05,0.5753647685050964,0.48224034905433655,0.0,0.10000000149011612,0.0,0.0,0.0,0.0,0.0,0.0,0.10000000149011612,0.0,0.10000000149011612,0.10000000149011612,0.10000000149011612,0.10000000149011612,0.10000000149011612,0.10000000149011612,0.0,0.0,0.10000000149011612,0.10000000149011612,0.0,-0.0014406267876956314
472,0.009610522538423538,0.0,0.5905048847198486,0.49334052205085754,0.0,0.10000000149011612,0.0,0.0,0.0,0.0,0.0,0.0,0.10000000149011612,0.0,0.10000000149011612,0.10000000149011612,0.10000000149011612,0.10000000149011612,0.10000000149011612,0.10000000149011612,0.0,0.0,0.10000000149011612,0.10000000149011612,0.0,0.007488780752462176
473,-0.0025883428752422333,5.999999848427251e-05,0.586388111114502,0.49118363857269287,0.0,0.10000000149011612,0.0,0.0,0.0,0.0,0.0,0.0,0.10000000149011612,0.10000000149011612,0.10000000149011612,0.10000000149011612,0.10000000149011612,0.0,0.10000000149011612,0.10000000149011612,0.0,0.0,0.10000000149011612,0.10000000149011612,0.0,-0.0014443346619983366
474,0.00280080852098763,5.999999848427251e-05,0.5908312797546387,0.49421998858451843,0.0,0.10000000149011612,0.0,0.0,0.0,0.0,0.0,0.0,0.10000000149011612,0.0,0.10000000149011612,0.10000000149011612,0.10000000149011612,0.10000000149011612,0.10000000149011612,0.10000000149011612,0.0,0.0,0.10000000149011612,0.10000000149011612,0.0,0.002036201265413373
475,-0.010117912665009499,0.0,0.5747354030609131,0.48522239923477173,0.0,0.10000000149011612,0.0,0.0,0.0,0.0,0.0,0.0,0.10000000149011612,0.0,0.10000000149011612,0.10000000149011612,0.10000000149011612,0.10000000149011612,0.10000000149011612,0.10000000149011612,0.0,0.0,0.10000000149011612,0.10000000149011612,0.0,-0.0060215961628716785
476,0.00818560179322958,5.999999848427251e-05,0.5876255631446838,0.49118199944496155,0.0,0.10000000149011612,0.0,0.0,0.0,0.0,0.0,0.0,0.10000000149011612,0.10000000149011612,0.10000000149011612,0.10000000149011612,0.0,0.10000000149011612,0.10000000149011612,0.10000000149011612,0.0,0.0,0.10000000149011612,0.10000000149011612,0.0,0.0040125978528604556
477,-0.0018263872480019927,6.599999778700294e-06,0.5847259163856506,0.4834442436695099,0.0,0.10000000149011612,0.0,0.0,0.0,0.010999999940395355,0.0,0.0,0.10000000149011612,0.08900000154972076,0.10000000149011612,0.10000000149011612,0.0,0.10000000149011612,0.10000000149011612,0.10000000149011612,0.0,0.0,0.10000000149011612,0.10000000149011612,0.0,-0.005189008302361353
478,-0.0009559968020766973,5.339999916031957e-05,0.5832109451293945,0.484668105840683,0.0,0.10000000149011612,0.0,0.0,0.0,0.10000000149011612,0.0,0.0,0.10000000149011612,0.0,0.10000000149011612,0.10000000149011612,0.0,0.10000000149011612,0.10000000149011612,0.10000000149011612,0.0,0.0,0.10000000149011612,0.10000000149011612,0.0,0.000825013933887897
479,-0.001202716026455164,0.0,0.5813067555427551,0.4815211892127991,0.0,0.10000000149011612,0.0,0.0,0.0,0.10000000149011612,0.0,0.0,0.10000000149011612,0.0,0.10000000149011612,0.10000000149011612,0.0,0.10000000149011612,0.10000000149011612,0.10000000149011612,0.0,0.0,0.10000000149011612,0.10000000149011612,0.0,-0.0021196095043086727
480,-0.006995386444032192,5.999999848427251e-05,0.5702449083328247,0.4787130355834961,0.0,0.10000000149011612,0.0,0.0,0.0,0.0,0.0,0.0,0.10000000149011612,0.10000000149011612,0.10000000149011612,0.10000000149011612,0.0,0.10000000149011612,0.10000000149011612,0.10000000149011612,0.0,0.0,0.10000000149011612,0.10000000149011612,0.0,-0.0018954528964888473
481,0.008827355690300465,0.0,0.5841060280799866,0.47446495294570923,0.0,0.10000000149011612,0.0,0.0,0.0,0.0,0.0,0.0,0.10000000149011612,0.10000000149011612,0.10000000149011612,0.10000000149011612,0.0,0.10000000149011612,0.10000000149011612,0.10000000149011612,0.0,0.0,0.10000000149011612,0.10000000149011612,0.0,-0.0028728242299632667
482,-0.013514714315533638,5.999999848427251e-05,0.5626972913742065,0.4634055197238922,0.0,0.10000000149011612,0.0,0.0,0.0,0.10000000149011612,0.0,0.0,0.10000000149011612,0.0,0.10000000149011612,0.10000000149011612,0.0,0.10000000149011612,0.10000000149011612,0.10000000149011612,0.0,0.0,0.10000000149011612,0.10000000149011612,0.0,-0.007500641639343386
483,0.0020035640336573124,0.0,0.565828263759613,0.46847060322761536,0.0,0.10000000149011612,0.0,0.0,0.0,0.10000000149011612,0.0,0.0,0.10000000149011612,0.0,0.10000000149011612,0.10000000149011612,0.0,0.10000000149011612,0.10000000149011612,0.10000000149011612,0.0,0.0,0.10000000149011612,0.10000000149011612,0.0,0.0034611619509805625
484,-0.003303995355963707,0.0,0.5606547594070435,0.46130576729774475,0.0,0.10000000149011612,0.0,0.0,0.0,0.10000000149011612,0.0,0.0,0.10000000149011612,0.0,0.10000000149011612,0.10000000149011612,0.0,0.10000000149011612,0.10000000149011612,0.10000000149011612,0.0,0.0,0.10000000149011612,0.10000000149011612,0.0,-0.004879114307172805
485,-0.0011662408942356706,0.0,0.5588346719741821,0.45999592542648315,0.0,0.10000000149011612,0.0,0.0,0.0,0.10000000149011612,0.0,0.0,0.10000000149011612,0.0,0.10000000149011612,0.10000000149011612,0.0,0.10000000149011612,0.10000000149011612,0.10000000149011612,0.0,0.0,0.10000000149011612,0.10000000149011612,0.0,-0.0008963503057157762
486,0.006965623237192631,5.999999848427251e-05,0.5696929097175598,0.48905041813850403,0.0,0.10000000149011612,0.0,0.0,0.0,0.0,0.0,0.0,0.10000000149011612,0.0,0.10000000149011612,0.10000000149011612,0.10000000149011612,0.10000000149011612,0.10000000149011612,0.10000000149011612,0.0,0.0,0.10000000149011612,0.10000000149011612,0.0,0.01990039301207891
487,-0.003581410041078925,5.999999848427251e-05,0.5640711784362793,0.49681439995765686,0.0,0.10000000149011612,0.0,0.0,0.0,0.0,0.0,0.0,0.10000000149011612,0.0,0.10000000149011612,0.10000000149011612,0.10000000149011612,0.0,0.10000000149011612,0.10000000149011612,0.0,0.0,0.10000000149011612,0.10000000149011612,0.10000000149011612,0.005214048983552155
488,0.003886497812345624,0.0,0.5701499581336975,0.49931827187538147,0.0,0.10000000149011612,0.0,0.0,0.0,0.0,0.0,0.0,0.10000000149011612,0.0,0.10000000149011612,0.10000000149011612,0.10000000149011612,0.0,0.10000000149011612,0.10000000149011612,0.0,0.0,0.10000000149011612,0.10000000149011612,0.10000000149011612,0.0016728005274371238
489,0.006527434568852186,0.0,0.5803990364074707,0.5045011043548584,0.0,0.10000000149011612,0.0,0.0,0.0,0.0,0.0,0.0,0.10000000149011612,0.0,0.10000000149011612,0.10000000149011612,0.10000000149011612,0.0,0.10000000149011612,0.10000000149011612,0.0,0.0,0.10000000149011612,0.10000000149011612,0.10000000149011612,0.00345679271486099
490,-0.005929164122790098,0.0,0.5710285902023315,0.4994438588619232,0.0,0.10000000149011612,0.0,0.0,0.0,0.0,0.0,0.0,0.10000000149011612,0.0,0.10000000149011612,0.10000000149011612,0.10000000149011612,0.0,0.10000000149011612,0.10000000149011612,0.0,0.0,0.10000000149011612,0.10000000149011612,0.10000000149011612,-0.0033614102896279974
491,-0.004888995550572872,5.999999848427251e-05,0.5633478164672852,0.49329012632369995,0.0,0.10000000149011612,0.0,0.0,0.10000000149011612,0.0,0.0,0.0,0.0,0.0,0.10000000149011612,0.10000000149011612,0.10000000149011612,0.0,0.10000000149011612,0.10000000149011612,0.0,0.0,0.10000000149011612,0.10000000149011612,0.10000000149011612,-0.004104009964663757
492,0.0013110556174069643,5.999999848427251e-05,0.5653974413871765,0.49514466524124146,0.0,0.0,0.0,0.10000000149011612,0.10000000149011612,0.0,0.0,0.0,0.0,0.0,0.10000000149011612,0.10000000149011612,0.10000000149011612,0.0,0.10000000149011612,0.10000000149011612,0.0,0.0,0.10000000149011612,0.10000000149011612,0.10000000149011612,0.0012419146720719088
493,-0.005855233874171972,0.0,0.556231677532196,0.48341891169548035,0.0,0.0,0.0,0.10000000149011612,0.10000000149011612,0.0,0.0,0.0,0.0,0.0,0.10000000149011612,0.10000000149011612,0.10000000149011612,0.0,0.10000000149011612,0.10000000149011612,0.0,0.0,0.10000000149011612,0.10000000149011612,0.10000000149011612,-0.007842554515531841
494,-0.000620431499555707,0.0,0.5552661418914795,0.4809969961643219,0.0,0.0,0.0,0.10000000149011612,0.10000000149011612,0.0,0.0,0.0,0.0,0.0,0.10000000149011612,0.10000000149011612,0.10000000149011612,0.0,0.10000000149011612,0.10000000149011612,0.0,0.0,0.10000000149011612,0.10000000149011612,0.10000000149011612,-0.0016326578500945876
495,-0.004502576310187578,0.0,0.548263430595398,0.479706734418869,0.0,0.0,0.0,0.10000000149011612,0.10000000149011612,0.0,0.0,0.0,0.0,0.0,0.10000000149011612,0.10000000149011612,0.10000000149011612,0.0,0.10000000149011612,0.10000000149011612,0.0,0.0,0.10000000149011612,0.10000000149011612,0.10000000149011612,-0.0008712115884060845
496,0.0063113742507994175,0.0,0.558035135269165,0.48851677775382996,0.0,0.0,0.0,0.10000000149011612,0.10000000149011612,0.0,0.0,0.0,0.0,0.0,0.10000000149011612,0.10000000149011612,0.10000000149011612,0.0,0.10000000149011612,0.10000000149011612,0.0,0.0,0.10000000149011612,0.10000000149011612,0.10000000149011612,0.005953911765104625
497,0.004186858888715506,0.0,0.5645583868026733,0.49633505940437317,0.0,0.0,0.0,0.10000000149011612,0.10000000149011612,0.0,0.0,0.0,0.0,0.0,0.10000000149011612,0.10000000149011612,0.10000000149011612,0.0,0.10000000149011612,0.10000000149011612,0.0,0.0,0.10000000149011612,0.10000000149011612,0.10000000149011612,0.005252397398127329
498,0.008342349901795387,5.999999848427251e-05,0.5776104927062988,0.5012751221656799,0.0,0.0,0.0,0.10000000149011612,0.10000000149011612,0.0,0.10000000149011612,0.0,0.0,0.0,0.10000000149011612,0.10000000149011612,0.10000000149011612,0.0,0.10000000149011612,0.0,0.0,0.0,0.10000000149011612,0.10000000149011612,0.10000000149011612,0.0033014415656833496
499,0.007519536651670933,0.0,0.5894733667373657,0.5124586820602417,0.0,0.0,0.0,0.10000000149011612,0.10000000149011612,0.0,0.10000000149011612,0.0,0.0,0.0,0.10000000149011612,0.10000000149011612,0.10000000149011612,0.0,0.10000000149011612,0.0,0.0,0.0,0.10000000149011612,0.10000000149011612,0.10000000149011612,0.007449374021750721
500,0.004490339662879705,0.0,0.5966106653213501,0.5192689299583435,0.0,0.0,0.0,0.10000000149011612,0.10000000149011612,0.0,0.10000000149011612,0.0,0.0,0.0,0.10000000149011612,0.10000000149011612,0.10000000149011612,0.0,0.10000000149011612,0.0,0.0,0.0,0.10000000149011612,0.10000000149011612,0.10000000149011612,0.004502766243389189
501,0.004182647913694382,0.0,0.6032887101173401,0.5282437801361084,0.0,0.0,0.0,0.10000000149011612,0.10000000149011612,0.0,0.10000000149011612,0.0,0.0,0.0,0.10000000149011612,0.10000000149011612,0.10000000149011612,0.0,0.10000000149011612,0.0,0.0,0.0,0.10000000149011612,0.10000000149011612,0.10000000149011612,0.005907347936096485
502,0.002453695982694626,0.0,0.6072226762771606,0.5280530452728271,0.0,0.0,0.0,0.10000000149011612,0.10000000149011612,0.0,0.10000000149011612,0.0,0.0,0.0,0.10000000149011612,0.10000000149011612,0.10000000149011612,0.0,0.10000000149011612,0.0,0.0,0.0,0.10000000149011612,0.10000000149011612,0.10000000149011612,-0.0001248065693185696
503,0.003936680033802986,0.0,0.6135498285293579,0.5328936576843262,0.0,0.0,0.0,0.10000000149011612,0.10000000149011612,0.0,0.10000000149011612,0.0,0.0,0.0,0.10000000149011612,0.10000000149011612,0.10000000149011612,0.0,0.10000000149011612,0.0,0.0,0.0,0.10000000149011612,0.10000000149011612,0.10000000149011612,0.0031678300870994214
504,-0.004029993899166584,5.999999848427251e-05,0.6070472002029419,0.5340100526809692,0.0,0.0,0.0,0.10000000149011612,0.10000000149011612,0.0,0.0,0.0,0.0,0.0,0.10000000149011612,0.10000000149011612,0.10000000149011612,0.0,0.10000000149011612,0.0,0.10000000149011612,0.0,0.10000000149011612,0.10000000149011612,0.10000000149011612,0.0007282925276952401
505,-0.0073850941844284534,0.00011999999696854502,0.59517902135849,0.5296818017959595,0.0,0.10000000149011612,0.0,0.0,0.10000000149011612,0.0,0.0,0.0,0.0,0.0,0.10000000149011612,0.10000000149011612,0.10000000149011612,0.0,0.10000000149011612,0.10000000149011612,0.0,0.0,0.10000000149011612,0.10000000149011612,0.10000000149011612,-0.00282152706720884
506,-0.0027100034058094025,5.999999848427251e-05,0.5908560752868652,0.5295024514198303,0.0,0.10000000149011612,0.0,0.0,0.0,0.0,0.0,0.0,0.0,0.0,0.10000000149011612,0.10000000149011612,0.10000000149011612,0.0,0.10000000149011612,0.10000000149011612,0.10000000149011612,0.0,0.10000000149011612,0.10000000149011612,0.10000000149011612,-0.00011724685220060316
507,-0.0025028667878359556,0.0,0.5868743658065796,0.5260045528411865,0.0,0.10000000149011612,0.0,0.0,0.0,0.0,0.0,0.0,0.0,0.0,0.10000000149011612,0.10000000149011612,0.10000000149011612,0.0,0.10000000149011612,0.10000000149011612,0.10000000149011612,0.0,0.10000000149011612,0.10000000149011612,0.10000000149011612,-0.002286951927011782
508,-0.0004443945945240557,0.00011999999696854502,0.5861691832542419,0.5259566307067871,0.0,0.10000000149011612,0.0,0.10000000149011612,0.10000000149011612,0.0,0.0,0.0,0.0,0.0,0.10000000149011612,0.10000000149011612,0.0,0.0,0.10000000149011612,0.10000000149011612,0.0,0.0,0.10000000149011612,0.10000000149011612,0.10000000149011612,-3.1403664104479034e-05
509,-0.013147396966814995,0.0,0.5653151869773865,0.5226848721504211,0.0,0.10000000149011612,0.0,0.10000000149011612,0.10000000149011612,0.0,0.0,0.0,0.0,0.0,0.10000000149011612,0.10000000149011612,0.0,0.0,0.10000000149011612,0.10000000149011612,0.0,0.0,0.10000000149011612,0.10000000149011612,0.10000000149011612,-0.002144070473910187
510,-0.002771837869659066,5.999999848427251e-05,0.5609763860702515,0.5215945243835449,0.0,0.10000000149011612,0.0,0.10000000149011612,0.10000000149011612,0.0,0.0,0.0,0.0,0.0,0.10000000149011612,0.10000000149011612,0.0,0.0,0.10000000149011612,0.10000000149011612,0.0,0.10000000149011612,0.0,0.10000000149011612,0.10000000149011612,-0.0007160692187979656
511,-0.003278447547927499,0.0,0.5558587908744812,0.5214692950248718,0.0,0.10000000149011612,0.0,0.10000000149011612,0.10000000149011612,0.0,0.0,0.0,0.0,0.0,0.10000000149011612,0.10000000149011612,0.0,0.0,0.10000000149011612,0.10000000149011612,0.0,0.10000000149011612,0.0,0.10000000149011612,0.10000000149011612,-8.23013993980215e-05
512,-0.008015459403395653,0.0,0.5433878898620605,0.5079114437103271,0.0,0.10000000149011612,0.0,0.10000000149011612,0.10000000149011612,0.0,0.0,0.0,0.0,0.0,0.10000000149011612,0.10000000149011612,0.0,0.0,0.10000000149011612,0.10000000149011612,0.0,0.10000000149011612,0.0,0.10000000149011612,0.10000000149011612,-0.008911025256229776
513,-0.0005598071147687733,0.0,0.5425239205360413,0.5100128054618835,0.0,0.10000000149011612,0.0,0.10000000149011612,0.10000000149011612,0.0,0.0,0.0,0.0,0.0,0.10000000149011612,0.10000000149011612,0.0,0.0,0.10000000149011612,0.10000000149011612,0.0,0.10000000149011612,0.0,0.10000000149011612,0.10000000149011612,0.0013935577983186231
514,-0.014535810798406601,5.999999848427251e-05,0.5201020836830139,0.49468672275543213,0.0,0.0,0.0,0.10000000149011612,0.10000000149011612,0.0,0.10000000149011612,0.0,0.0,0.0,0.10000000149011612,0.10000000149011612,0.0,0.0,0.10000000149011612,0.10000000149011612,0.0,0.10000000149011612,0.0,0.10000000149011612,0.10000000149011612,-0.010149637573281023
515,0.0004915713798254728,0.0,0.5208492875099182,0.4945703446865082,0.0,0.0,0.0,0.10000000149011612,0.10000000149011612,0.0,0.10000000149011612,0.0,0.0,0.0,0.10000000149011612,0.10000000149011612,0.0,0.0,0.10000000149011612,0.10000000149011612,0.0,0.10000000149011612,0.0,0.10000000149011612,0.10000000149011612,-7.78611779660432e-05
516,-0.016293667256832123,0.0,0.496069073677063,0.4713136553764343,0.0,0.0,0.0,0.10000000149011612,0.10000000149011612,0.0,0.10000000149011612,0.0,0.0,0.0,0.10000000149011612,0.10000000149011612,0.0,0.0,0.10000000149011612,0.10000000149011612,0.0,0.10000000149011612,0.0,0.10000000149011612,0.10000000149011612,-0.015560786009675587
517,-0.012059853412210941,0.0,0.47802671790122986,0.45862698554992676,0.0,0.0,0.0,0.10000000149011612,0.10000000149011612,0.0,0.10000000149011612,0.0,0.0,0.0,0.10000000149011612,0.10000000149011612,0.0,0.0,0.10000000149011612,0.10000000149011612,0.0,0.10000000149011612,0.0,0.10000000149011612,0.10000000149011612,-0.00862268203666039
518,0.007835384458303452,0.0,0.48960763216018677,0.4715840816497803,0.0,0.0,0.0,0.10000000149011612,0.10000000149011612,0.0,0.10000000149011612,0.0,0.0,0.0,0.10000000149011612,0.10000000149011612,0.0,0.0,0.10000000149011612,0.10000000149011612,0.0,0.10000000149011612,0.0,0.10000000149011612,0.10000000149011612,0.008883077187118227
519,0.005330979358404875,5.999999848427251e-05,0.4975486993789673,0.47766903042793274,0.0,0.0,0.0,0.10000000149011612,0.10000000149011612,0.0,0.10000000149011612,0.0,0.0,0.0,0.10000000149011612,0.10000000149011612,0.0,0.0,0.10000000149011612,0.0,0.0,0.10000000149011612,0.10000000149011612,0.10000000149011612,0.10000000149011612,0.004134965072013275
520,0.005687893833965063,0.0,0.5060665607452393,0.486027330160141,0.0,0.0,0.0,0.10000000149011612,0.10000000149011612,0.0,0.10000000149011612,0.0,0.0,0.0,0.10000000149011612,0.10000000149011612,0.0,0.0,0.10000000149011612,0.0,0.0,0.10000000149011612,0.10000000149011612,0.10000000149011612,0.10000000149011612,0.005656408546227398
521,-0.0013642302947118878,0.0,0.5040119886398315,0.4828951358795166,0.0,0.0,0.0,0.10000000149011612,0.10000000149011612,0.0,0.10000000149011612,0.0,0.0,0.0,0.10000000149011612,0.10000000149011612,0.0,0.0,0.10000000149011612,0.0,0.0,0.10000000149011612,0.10000000149011612,0.10000000149011612,0.10000000149011612,-0.002107763576788879
522,-0.007845915853977203,0.0,0.49221161007881165,0.468268483877182,0.0,0.0,0.0,0.10000000149011612,0.10000000149011612,0.0,0.10000000149011612,0.0,0.0,0.0,0.10000000149011612,0.10000000149011612,0.0,0.0,0.10000000149011612,0.0,0.0,0.10000000149011612,0.10000000149011612,0.10000000149011612,0.10000000149011612,-0.009863578110436921
523,0.0009462145389989018,0.0,0.4936235547065735,0.4692692160606384,0.0,0.0,0.0,0.10000000149011612,0.10000000149011612,0.0,0.10000000149011612,0.0,0.0,0.0,0.10000000149011612,0.10000000149011612,0.0,0.0,0.10000000149011612,0.0,0.0,0.10000000149011612,0.10000000149011612,0.10000000149011612,0.10000000149011612,0.0006815730191347402
524,0.007199885789304972,0.0,0.5043774843215942,0.4752080738544464,0.0,0.0,0.0,0.10000000149011612,0.10000000149011612,0.0,0.10000000149011612,0.0,0.0,0.0,0.10000000149011612,0.10000000149011612,0.0,0.0,0.10000000149011612,0.0,0.0,0.10000000149011612,0.10000000149011612,0.10000000149011612,0.10000000149011612,0.0040420487470165245
525,-0.0023046103306114674,0.0,0.5009104609489441,0.4696371257305145,0.0,0.0,0.0,0.10000000149011612,0.10000000149011612,0.0,0.10000000149011612,0.0,0.0,0.0,0.10000000149011612,0.10000000149011612,0.0,0.0,0.10000000149011612,0.0,0.0,0.10000000149011612,0.10000000149011612,0.10000000149011612,0.10000000149011612,-0.0037763812594762136
526,0.004754099994897842,0.0,0.5080459713935852,0.47657328844070435,0.0,0.0,0.0,0.10000000149011612,0.10000000149011612,0.0,0.10000000149011612,0.0,0.0,0.0,0.10000000149011612,0.10000000149011612,0.0,0.0,0.10000000149011612,0.0,0.0,0.10000000149011612,0.10000000149011612,0.10000000149011612,0.10000000149011612,0.004719643093353376
527,-0.002460892777889967,0.0,0.5043348073959351,0.4754755198955536,0.0,0.0,0.0,0.10000000149011612,0.10000000149011612,0.0,0.10000000149011612,0.0,0.0,0.0,0.10000000149011612,0.10000000149011612,0.0,0.0,0.10000000149011612,0.0,0.0,0.10000000149011612,0.10000000149011612,0.10000000149011612,0.10000000149011612,-0.0007434568630928506
528,-0.004547055345028639,0.0,0.49749451875686646,0.46680349111557007,0.0,0.0,0.0,0.10000000149011612,0.10000000149011612,0.0,0.10000000149011612,0.0,0.0,0.0,0.10000000149011612,0.10000000149011612,0.0,0.0,0.10000000149011612,0.0,0.0,0.10000000149011612,0.10000000149011612,0.10000000149011612,0.10000000149011612,-0.005877446737033942
529,0.004482158925384283,0.0,0.5042065382003784,0.4746372401714325,0.0,0.0,0.0,0.10000000149011612,0.10000000149011612,0.0,0.10000000149011612,0.0,0.0,0.0,0.10000000149011612,0.10000000149011612,0.0,0.0,0.10000000149011612,0.0,0.0,0.10000000149011612,0.10000000149011612,0.10000000149011612,0.10000000149011612,0.0053406943079366
530,-0.011052444577217102,5.999999848427251e-05,0.48758137226104736,0.4593764841556549,0.0,0.0,0.0,0.10000000149011612,0.10000000149011612,0.0,0.10000000149011612,0.0,0.0,0.0,0.10000000149011612,0.10000000149011612,0.0,0.0,0.10000000149011612,0.0,0.10000000149011612,0.10000000149011612,0.0,0.10000000149011612,0.10000000149011612,-0.010348820442106499
531,0.011912871152162552,0.0,0.5053027272224426,0.46926721930503845,0.0,0.0,0.0,0.10000000149011612,0.10000000149011612,0.0,0.10000000149011612,0.0,0.0,0.0,0.10000000149011612,0.10000000149011612,0.0,0.0,0.10000000149011612,0.0,0.10000000149011612,0.10000000149011612,0.0,0.10000000149011612,0.10000000149011612,0.006777370511836134
532,0.017913801595568657,0.0,0.5322684049606323,0.4865877628326416,0.0,0.0,0.0,0.10000000149011612,0.10000000149011612,0.0,0.10000000149011612,0.0,0.0,0.0,0.10000000149011612,0.10000000149011612,0.0,0.0,0.10000000149011612,0.0,0.10000000149011612,0.10000000149011612,0.0,0.10000000149011612,0.10000000149011612,0.011788559153858902
533,-0.000416434631915763,0.0,0.5316303372383118,0.4893813133239746,0.0,0.0,0.0,0.10000000149011612,0.10000000149011612,0.0,0.10000000149011612,0.0,0.0,0.0,0.10000000149011612,0.10000000149011612,0.0,0.0,0.10000000149011612,0.0,0.10000000149011612,0.10000000149011612,0.0,0.10000000149011612,0.10000000149011612,0.0018791695728814783
534,0.009863089770078659,0.0,0.5467369556427002,0.5009827017784119,0.0,0.0,0.0,0.10000000149011612,0.10000000149011612,0.0,0.10000000149011612,0.0,0.0,0.0,0.10000000149011612,0.10000000149011612,0.0,0.0,0.10000000149011612,0.0,0.10000000149011612,0.10000000149011612,0.0,0.10000000149011612,0.10000000149011612,0.007789401109475014
535,0.008768671192228794,0.0,0.5602997541427612,0.5071690082550049,0.0,0.0,0.0,0.10000000149011612,0.10000000149011612,0.0,0.10000000149011612,0.0,0.0,0.0,0.10000000149011612,0.10000000149011612,0.0,0.0,0.10000000149011612,0.0,0.10000000149011612,0.10000000149011612,0.0,0.10000000149011612,0.10000000149011612,0.0041215041780715556
536,0.003231581998988986,0.0,0.5653420090675354,0.5157138109207153,0.0,0.0,0.0,0.10000000149011612,0.10000000149011612,0.0,0.10000000149011612,0.0,0.0,0.0,0.10000000149011612,0.10000000149011612,0.0,0.0,0.10000000149011612,0.0,0.10000000149011612,0.10000000149011612,0.0,0.10000000149011612,0.10000000149011612,0.005669438940761884
537,-0.0005227503716014326,0.0,0.5645237565040588,0.5146637558937073,0.0,0.0,0.0,0.10000000149011612,0.10000000149011612,0.0,0.10000000149011612,0.0,0.0,0.0,0.10000000149011612,0.10000000149011612,0.0,0.0,0.10000000149011612,0.0,0.10000000149011612,0.10000000149011612,0.0,0.10000000149011612,0.10000000149011612,-0.0006927792169223457
538,0.000333581177983433,0.0,0.5650455951690674,0.5199851989746094,0.0,0.0,0.0,0.10000000149011612,0.10000000149011612,0.0,0.10000000149011612,0.0,0.0,0.0,0.10000000149011612,0.10000000149011612,0.0,0.0,0.10000000149011612,0.0,0.10000000149011612,0.10000000149011612,0.0,0.10000000149011612,0.10000000149011612,0.0035132834334985485
539,0.010645431466400623,0.0,0.5817062258720398,0.521095335483551,0.0,0.0,0.0,0.10000000149011612,0.10000000149011612,0.0,0.10000000149011612,0.0,0.0,0.0,0.10000000149011612,0.10000000149011612,0.0,0.0,0.10000000149011612,0.0,0.10000000149011612,0.10000000149011612,0.0,0.10000000149011612,0.10000000149011612,0.0007303600783024056
540,0.008751134388148785,5.999999848427251e-05,0.5955479145050049,0.5394030213356018,0.0,0.0,0.0,0.10000000149011612,0.10000000149011612,0.0,0.10000000149011612,0.0,0.0,0.0,0.10000000149011612,0.10000000149011612,0.10000000149011612,0.0,0.10000000149011612,0.0,0.10000000149011612,0.0,0.0,0.10000000149011612,0.10000000149011612,0.012035856941360557
541,-0.006703964900225401,5.999999848427251e-05,0.5848514437675476,0.5353366136550903,0.0,0.0,0.0,0.10000000149011612,0.10000000149011612,0.0,0.0,0.0,0.0,0.0,0.10000000149011612,0.10000000149011612,0.10000000149011612,0.0,0.10000000149011612,0.0,0.10000000149011612,0.0,0.10000000149011612,0.10000000149011612,0.10000000149011612,-0.002641548460118881
542,0.001885432517156005,0.0,0.5878395438194275,0.536220371723175,0.0,0.0,0.0,0.10000000149011612,0.10000000149011612,0.0,0.0,0.0,0.0,0.0,0.10000000149011612,0.10000000149011612,0.10000000149011612,0.0,0.10000000149011612,0.0,0.10000000149011612,0.0,0.10000000149011612,0.10000000149011612,0.10000000149011612,0.0005756119278499394
543,0.008869022130966187,0.0,0.6019221544265747,0.5447877049446106,0.0,0.0,0.0,0.10000000149011612,0.10000000149011612,0.0,0.0,0.0,0.0,0.0,0.10000000149011612,0.10000000149011612,0.10000000149011612,0.0,0.10000000149011612,0.0,0.10000000149011612,0.0,0.10000000149011612,0.10000000149011612,0.10000000149011612,0.00557689077630541
544,-0.01994730904698372,0.0,0.5699681043624878,0.5182030200958252,0.0,0.0,0.0,0.10000000149011612,0.10000000149011612,0.0,0.0,0.0,0.0,0.0,0.10000000149011612,0.10000000149011612,0.10000000149011612,0.0,0.10000000149011612,0.0,0.10000000149011612,0.0,0.10000000149011612,0.10000000149011612,0.10000000149011612,-0.017209280449146602
545,0.013620046898722649,0.0,0.5913511514663696,0.5332978963851929,0.0,0.0,0.0,0.10000000149011612,0.10000000149011612,0.0,0.0,0.0,0.0,0.0,0.10000000149011612,0.10000000149011612,0.10000000149011612,0.0,0.10000000149011612,0.0,0.10000000149011612,0.0,0.10000000149011612,0.10000000149011612,0.10000000149011612,0.009942594033579777
546,0.0032638502307236195,0.0,0.5965451002120972,0.5369963049888611,0.0,0.0,0.0,0.10000000149011612,0.10000000149011612,0.0,0.0,0.0,0.0,0.0,0.10000000149011612,0.10000000149011612,0.10000000149011612,0.0,0.10000000149011612,0.0,0.10000000149011612,0.0,0.10000000149011612,0.10000000149011612,0.10000000149011612,0.0024120613563660687
547,0.0059227850288152695,0.0,0.606001079082489,0.5461862087249756,0.0,0.0,0.0,0.10000000149011612,0.10000000149011612,0.0,0.0,0.0,0.0,0.0,0.10000000149011612,0.10000000149011612,0.10000000149011612,0.0,0.10000000149011612,0.0,0.10000000149011612,0.0,0.10000000149011612,0.10000000149011612,0.10000000149011612,0.005979131964263917
548,0.005667285993695259,0.0,0.6151027679443359,0.5500380992889404,0.0,0.0,0.0,0.10000000149011612,0.10000000149011612,0.0,0.0,0.0,0.0,0.0,0.10000000149011612,0.10000000149011612,0.10000000149011612,0.0,0.10000000149011612,0.0,0.10000000149011612,0.0,0.10000000149011612,0.10000000149011612,0.10000000149011612,0.002491220360283153
549,-0.0035617812536656857,0.0,0.6093500852584839,0.5455176830291748,0.0,0.0,0.0,0.10000000149011612,0.10000000149011612,0.0,0.0,0.0,0.0,0.0,0.10000000149011612,0.10000000149011612,0.10000000149011612,0.0,0.10000000149011612,0.0,0.10000000149011612,0.0,0.10000000149011612,0.10000000149011612,0.10000000149011612,-0.0029163259031111943
550,0.0011449783341959119,0.0,0.6111927628517151,0.5473042130470276,0.0,0.0,0.0,0.10000000149011612,0.10000000149011612,0.0,0.0,0.0,0.0,0.0,0.10000000149011612,0.10000000149011612,0.10000000149011612,0.0,0.10000000149011612,0.0,0.10000000149011612,0.0,0.10000000149011612,0.10000000149011612,0.10000000149011612,0.0011559427869833883
551,-0.000976980198174715,5.999999848427251e-05,0.6096186637878418,0.5448446869850159,0.0,0.10000000149011612,0.0,0.10000000149011612,0.10000000149011612,0.0,0.0,0.0,0.0,0.0,0.10000000149011612,0.10000000149011612,0.10000000149011612,0.0,0.10000000149011612,0.0,0.10000000149011612,0.0,0.10000000149011612,0.10000000149011612,0.0,-0.0015895555904732461
552,0.005279906559735537,5.999999848427251e-05,0.6181173324584961,0.5491883754730225,0.0,0.10000000149011612,0.0,0.10000000149011612,0.0,0.0,0.0,0.0,0.0,0.10000000149011612,0.10000000149011612,0.10000000149011612,0.10000000149011612,0.0,0.10000000149011612,0.0,0.10000000149011612,0.0,0.10000000149011612,0.10000000149011612,0.0,0.0028117315123010744
553,0.006438405252993107,0.00011999999696854502,0.6285353899002075,0.559151828289032,0.0,0.10000000149011612,0.0,0.10000000149011612,0.10000000149011612,0.0,0.0,0.0,0.0,0.0,0.10000000149011612,0.10000000149011612,0.0,0.0,0.10000000149011612,0.0,0.10000000149011612,0.0,0.10000000149011612,0.10000000149011612,0.10000000149011612,0.006431401741552101
554,-0.009092268534004688,0.0,0.6137283444404602,0.5486937761306763,0.0,0.10000000149011612,0.0,0.10000000149011612,0.10000000149011612,0.0,0.0,0.0,0.0,0.0,0.10000000149011612,0.10000000149011612,0.0,0.0,0.10000000149011612,0.0,0.10000000149011612,0.0,0.10000000149011612,0.10000000149011612,0.10000000149011612,-0.006707526469588276
555,0.0034880745224654675,0.0,0.6193571090698242,0.552212655544281,0.0,0.10000000149011612,0.0,0.10000000149011612,0.10000000149011612,0.0,0.0,0.0,0.0,0.0,0.10000000149011612,0.10000000149011612,0.0,0.0,0.10000000149011612,0.0,0.10000000149011612,0.0,0.10000000149011612,0.10000000149011612,0.10000000149011612,0.0022721595888353097
556,-0.003921786323189735,5.999999848427251e-05,0.6130063533782959,0.5501542687416077,0.0,0.0,0.0,0.10000000149011612,0.10000000149011612,0.0,0.0,0.0,0.0,0.0,0.10000000149011612,0.10000000149011612,0.0,0.0,0.10000000149011612,0.0,0.10000000149011612,0.10000000149011612,0.10000000149011612,0.10000000149011612,0.10000000149011612,-0.001326098453920621
557,-0.0191049724817276,0.0,0.5821899175643921,0.5400316715240479,0.0,0.0,0.0,0.10000000149011612,0.10000000149011612,0.0,0.0,0.0,0.0,0.0,0.10000000149011612,0.10000000149011612,0.0,0.0,0.10000000149011612,0.0,0.10000000149011612,0.10000000149011612,0.10000000149011612,0.10000000149011612,0.10000000149011612,-0.006530057957249147
558,0.00038038170896470547,0.0,0.5827917456626892,0.5339050889015198,0.0,0.0,0.0,0.10000000149011612,0.10000000149011612,0.0,0.0,0.0,0.0,0.0,0.10000000149011612,0.10000000149011612,0.0,0.0,0.10000000149011612,0.0,0.10000000149011612,0.10000000149011612,0.10000000149011612,0.10000000149011612,0.10000000149011612,-0.003978218588495008
559,0.0010987528366968036,0.0,0.5845308303833008,0.5360989570617676,0.0,0.0,0.0,0.10000000149011612,0.10000000149011612,0.0,0.0,0.0,0.0,0.0,0.10000000149011612,0.10000000149011612,0.0,0.0,0.10000000149011612,0.0,0.10000000149011612,0.10000000149011612,0.10000000149011612,0.10000000149011612,0.10000000149011612,0.0014302502652356885
560,0.0009152328129857779,5.999999848427251e-05,0.5859810709953308,0.5385692715644836,0.0,0.0,0.0,0.10000000149011612,0.10000000149011612,0.0,0.0,0.0,0.0,0.10000000149011612,0.10000000149011612,0.10000000149011612,0.0,0.0,0.10000000149011612,0.0,0.10000000149011612,0.0,0.10000000149011612,0.10000000149011612,0.10000000149011612,0.0016081740641509246
561,-0.002651526825502515,0.0,0.5817757844924927,0.5341577529907227,0.0,0.0,0.0,0.10000000149011612,0.10000000149011612,0.0,0.0,0.0,0.0,0.10000000149011612,0.10000000149011612,0.10000000149011612,0.0,0.0,0.10000000149011612,0.0,0.10000000149011612,0.0,0.10000000149011612,0.10000000149011612,0.10000000149011612,-0.0028672862868729387
562,-7.691356586292386e-05,5.999999848427251e-05,0.5816541314125061,0.530525267124176,0.0,0.0,0.0,0.10000000149011612,0.10000000149011612,0.0,0.0,0.0,0.0,0.10000000149011612,0.10000000149011612,0.10000000149011612,0.10000000149011612,0.0,0.10000000149011612,0.0,0.10000000149011612,0.0,0.10000000149011612,0.10000000149011612,0.0,-0.002367739471032526
563,0.013499071821570396,0.0,0.6030049920082092,0.5503476858139038,0.0,0.0,0.0,0.10000000149011612,0.10000000149011612,0.0,0.0,0.0,0.0,0.10000000149011612,0.10000000149011612,0.10000000149011612,0.10000000149011612,0.0,0.10000000149011612,0.0,0.10000000149011612,0.0,0.10000000149011612,0.10000000149011612,0.0,0.01295138284582098
564,-0.014573485590517521,0.0,0.5796436071395874,0.5258890986442566,0.0,0.0,0.0,0.10000000149011612,0.10000000149011612,0.0,0.0,0.0,0.0,0.10000000149011612,0.10000000149011612,0.10000000149011612,0.10000000149011612,0.0,0.10000000149011612,0.0,0.10000000149011612,0.0,0.10000000149011612,0.10000000149011612,0.0,-0.015776194845485203
565,-0.009086455218493938,0.0,0.5652902722358704,0.5143669843673706,0.0,0.0,0.0,0.10000000149011612,0.10000000149011612,0.0,0.0,0.0,0.0,0.10000000149011612,0.10000000149011612,0.10000000149011612,0.10000000149011612,0.0,0.10000000149011612,0.0,0.10000000149011612,0.0,0.10000000149011612,0.10000000149011612,0.0,-0.0075510823736294475
566,0.0024348129518330097,0.0,0.5691014528274536,0.5193256735801697,0.0,0.0,0.0,0.10000000149011612,0.10000000149011612,0.0,0.0,0.0,0.0,0.10000000149011612,0.10000000149011612,0.10000000149011612,0.10000000149011612,0.0,0.10000000149011612,0.0,0.10000000149011612,0.0,0.10000000149011612,0.10000000149011612,0.0,0.0032744303487775017
567,-0.001887942780740559,0.0,0.5661391019821167,0.5180819630622864,0.0,0.0,0.0,0.10000000149011612,0.10000000149011612,0.0,0.0,0.0,0.0,0.10000000149011612,0.10000000149011612,0.10000000149011612,0.10000000149011612,0.0,0.10000000149011612,0.0,0.10000000149011612,0.0,0.10000000149011612,0.10000000149011612,0.0,-0.0008185937613708338
568,-0.0027217452879995108,5.999999848427251e-05,0.5618764162063599,0.5116389393806458,0.0,0.0,0.0,0.10000000149011612,0.10000000149011612,0.0,0.0,0.0,0.0,0.10000000149011612,0.10000000149011612,0.10000000149011612,0.0,0.0,0.10000000149011612,0.0,0.10000000149011612,0.0,0.10000000149011612,0.10000000149011612,0.10000000149011612,-0.004244186966455787
569,-0.005347121972590685,5.999999848427251e-05,0.553524911403656,0.5002502799034119,0.0,0.10000000149011612,0.0,0.10000000149011612,0.10000000149011612,0.0,0.0,0.0,0.0,0.10000000149011612,0.10000000149011612,0.10000000149011612,0.0,0.0,0.10000000149011612,0.0,0.10000000149011612,0.0,0.10000000149011612,0.10000000149011612,0.0,-0.007533981283850855
570,-0.0058243973180651665,0.0,0.5444765686988831,0.4879029393196106,0.0,0.10000000149011612,0.0,0.10000000149011612,0.10000000149011612,0.0,0.0,0.0,0.0,0.10000000149011612,0.10000000149011612,0.10000000149011612,0.0,0.0,0.10000000149011612,0.0,0.10000000149011612,0.0,0.10000000149011612,0.10000000149011612,0.0,-0.00823018715556989
571,-0.010924063622951508,0.0,0.5276045799255371,0.475788950920105,0.0,0.10000000149011612,0.0,0.10000000149011612,0.10000000149011612,0.0,0.0,0.0,0.0,0.10000000149011612,0.10000000149011612,0.10000000149011612,0.0,0.0,0.10000000149011612,0.0,0.10000000149011612,0.0,0.10000000149011612,0.10000000149011612,0.0,-0.008141652307673497
572,0.0006860924768261611,0.0,0.5286526679992676,0.4722844064235687,0.0,0.10000000149011612,0.0,0.10000000149011612,0.10000000149011612,0.0,0.0,0.0,0.0,0.10000000149011612,0.10000000149011612,0.10000000149011612,0.0,0.0,0.10000000149011612,0.0,0.10000000149011612,0.0,0.10000000149011612,0.10000000149011612,0.0,-0.002374692190472927
573,0.009620609693229198,0.0,0.5433592200279236,0.4880041778087616,0.0,0.10000000149011612,0.0,0.10000000149011612,0.10000000149011612,0.0,0.0,0.0,0.0,0.10000000149011612,0.10000000149011612,0.10000000149011612,0.0,0.0,0.10000000149011612,0.0,0.10000000149011612,0.0,0.10000000149011612,0.10000000149011612,0.0,0.010677129579453215
574,0.010806964710354805,5.999999848427251e-05,0.5600382685661316,0.5021240711212158,0.0,0.10000000149011612,0.0,0.10000000149011612,0.10000000149011612,0.0,0.0,0.0,0.0,0.10000000149011612,0.10000000149011612,0.10000000149011612,0.10000000149011612,0.0,0.10000000149011612,0.0,0.0,0.0,0.10000000149011612,0.10000000149011612,0.0,0.009489148970836414
575,-0.006731385365128517,0.0,0.5495370626449585,0.49575936794281006,0.0,0.10000000149011612,0.0,0.10000000149011612,0.10000000149011612,0.0,0.0,0.0,0.0,0.10000000149011612,0.10000000149011612,0.10000000149011612,0.10000000149011612,0.0,0.10000000149011612,0.0,0.0,0.0,0.10000000149011612,0.10000000149011612,0.0,-0.004237135467548336
576,0.0015651527792215347,0.0,0.5519623160362244,0.497477650642395,0.0,0.10000000149011612,0.0,0.10000000149011612,0.10000000149011612,0.0,0.0,0.0,0.0,0.10000000149011612,0.10000000149011612,0.10000000149011612,0.10000000149011612,0.0,0.10000000149011612,0.0,0.0,0.0,0.10000000149011612,0.10000000149011612,0.0,0.0011487694721565855
577,-0.0019288306357339025,0.0,0.5489688515663147,0.4947270154953003,0.0,0.10000000149011612,0.0,0.10000000149011612,0.10000000149011612,0.0,0.0,0.0,0.0,0.10000000149011612,0.10000000149011612,0.10000000149011612,0.10000000149011612,0.0,0.10000000149011612,0.0,0.0,0.0,0.10000000149011612,0.10000000149011612,0.0,-0.0018368455421786667
578,0.00875846017152071,5.999999848427251e-05,0.5625354051589966,0.5152764320373535,0.0,0.10000000149011612,0.0,0.10000000149011612,0.0,0.0,0.0,0.0,0.0,0.10000000149011612,0.10000000149011612,0.10000000149011612,0.10000000149011612,0.0,0.10000000149011612,0.10000000149011612,0.0,0.0,0.10000000149011612,0.10000000149011612,0.0,0.01374793947592079
579,0.006591666955500841,0.0,0.5728351473808289,0.5233967900276184,0.0,0.10000000149011612,0.0,0.10000000149011612,0.0,0.0,0.0,0.0,0.0,0.10000000149011612,0.10000000149011612,0.10000000149011612,0.10000000149011612,0.0,0.10000000149011612,0.10000000149011612,0.0,0.0,0.10000000149011612,0.10000000149011612,0.0,0.005358994450502141
580,-0.0071432869881391525,0.0,0.5615999102592468,0.521887481212616,0.0,0.10000000149011612,0.0,0.10000000149011612,0.0,0.0,0.0,0.0,0.0,0.10000000149011612,0.10000000149011612,0.10000000149011612,0.10000000149011612,0.0,0.10000000149011612,0.10000000149011612,0.0,0.0,0.10000000149011612,0.10000000149011612,0.0,-0.0009907522615792974
581,-0.0012833804357796907,0.0,0.5595958232879639,0.5178995132446289,0.0,0.10000000149011612,0.0,0.10000000149011612,0.0,0.0,0.0,0.0,0.0,0.10000000149011612,0.10000000149011612,0.10000000149011612,0.10000000149011612,0.0,0.10000000149011612,0.10000000149011612,0.0,0.0,0.10000000149011612,0.10000000149011612,0.0,-0.0026204092071310248
582,0.0016056516906246543,5.999999848427251e-05,0.5620999932289124,0.5193053483963013,0.0,0.10000000149011612,0.0,0.10000000149011612,0.10000000149011612,0.0,0.0,0.0,0.0,0.10000000149011612,0.10000000149011612,0.10000000149011612,0.10000000149011612,0.0,0.10000000149011612,0.0,0.0,0.0,0.10000000149011612,0.10000000149011612,0.0,0.000926171422683586
583,-0.019461864605545998,0.0,0.5316985845565796,0.49505943059921265,0.0,0.10000000149011612,0.0,0.10000000149011612,0.10000000149011612,0.0,0.0,0.0,0.0,0.10000000149011612,0.10000000149011612,0.10000000149011612,0.10000000149011612,0.0,0.10000000149011612,0.0,0.0,0.0,0.10000000149011612,0.10000000149011612,0.0,-0.015958554890023513
584,0.014550453051924706,0.0,0.5539854764938354,0.5135658979415894,0.0,0.10000000149011612,0.0,0.10000000149011612,0.10000000149011612,0.0,0.0,0.0,0.0,0.10000000149011612,0.10000000149011612,0.10000000149011612,0.10000000149011612,0.0,0.10000000149011612,0.0,0.0,0.0,0.10000000149011612,0.10000000149011612,0.0,0.012378415843281587
585,-0.0034645742271095514,0.0,0.5486015677452087,0.5115165710449219,0.0,0.10000000149011612,0.0,0.10000000149011612,0.10000000149011612,0.0,0.0,0.0,0.0,0.10000000149011612,0.10000000149011612,0.10000000149011612,0.10000000149011612,0.0,0.10000000149011612,0.0,0.0,0.0,0.10000000149011612,0.10000000149011612,0.0,-0.0013539726941882435
586,-0.007564104162156582,0.0,0.5368878245353699,0.4892379641532898,0.0,0.10000000149011612,0.0,0.10000000149011612,0.10000000149011612,0.0,0.0,0.0,0.0,0.10000000149011612,0.10000000149011612,0.10000000149011612,0.10000000149011612,0.0,0.10000000149011612,0.0,0.0,0.0,0.10000000149011612,0.10000000149011612,0.0,-0.01473924091763723
587,-0.0219674464315176,5.999999848427251e-05,0.503126323223114,0.44903984665870667,0.0,0.10000000149011612,0.0,0.10000000149011612,0.10000000149011612,0.0,0.0,0.0,0.0,0.10000000149011612,0.10000000149011612,0.10000000149011612,0.0,0.10000000149011612,0.10000000149011612,0.0,0.0,0.0,0.10000000149011612,0.10000000149011612,0.0,-0.026992407165390753
588,-0.06466508656740189,0.0,0.40592652559280396,0.3625582158565521,0.0,0.10000000149011612,0.0,0.10000000149011612,0.10000000149011612,0.0,0.0,0.0,0.0,0.10000000149011612,0.10000000149011612,0.10000000149011612,0.0,0.10000000149011612,0.10000000149011612,0.0,0.0,0.0,0.10000000149011612,0.10000000149011612,0.0,-0.059682023928858574
589,0.0490550622344017,0.0,0.47489434480667114,0.4317663013935089,0.0,0.10000000149011612,0.0,0.10000000149011612,0.10000000149011612,0.0,0.0,0.0,0.0,0.10000000149011612,0.10000000149011612,0.10000000149011612,0.0,0.10000000149011612,0.10000000149011612,0.0,0.0,0.0,0.10000000149011612,0.10000000149011612,0.0,0.05079275493080493
590,-0.046533845365047455,0.0,0.4062618315219879,0.36561310291290283,0.0,0.10000000149011612,0.0,0.10000000149011612,0.10000000149011612,0.0,0.0,0.0,0.0,0.10000000149011612,0.10000000149011612,0.10000000149011612,0.0,0.10000000149011612,0.10000000149011612,0.0,0.0,0.0,0.10000000149011612,0.10000000149011612,0.0,-0.04620390800944296
591,0.0684463307261467,0.0,0.5025153160095215,0.4484335482120514,0.0,0.10000000149011612,0.0,0.10000000149011612,0.10000000149011612,0.0,0.0,0.0,0.0,0.10000000149011612,0.10000000149011612,0.10000000149011612,0.0,0.10000000149011612,0.10000000149011612,0.0,0.0,0.0,0.10000000149011612,0.10000000149011612,0.0,0.06064707868025687
592,-0.004817173350602388,5.999999848427251e-05,0.49527740478515625,0.43526962399482727,0.0,0.10000000149011612,0.0,0.10000000149011612,0.10000000149011612,0.0,0.0,0.0,0.0,0.0,0.10000000149011612,0.10000000149011612,0.0,0.10000000149011612,0.10000000149011612,0.10000000149011612,0.0,0.0,0.10000000149011612,0.10000000149011612,0.0,-0.009088386715064511
593,0.02784098871052265,0.0,0.536907434463501,0.47938597202301025,0.0,0.10000000149011612,0.0,0.10000000149011612,0.10000000149011612,0.0,0.0,0.0,0.0,0.0,0.10000000149011612,0.10000000149011612,0.0,0.10000000149011612,0.10000000149011612,0.10000000149011612,0.0,0.0,0.10000000149011612,0.10000000149011612,0.0,0.030737324395811116
594,0.0075220987200737,0.0,0.5484681725502014,0.4777628481388092,0.0,0.10000000149011612,0.0,0.10000000149011612,0.10000000149011612,0.0,0.0,0.0,0.0,0.0,0.10000000149011612,0.10000000149011612,0.0,0.10000000149011612,0.10000000149011612,0.10000000149011612,0.0,0.0,0.10000000149011612,0.10000000149011612,0.0,-0.0010971605212543034
595,-0.006201284006237984,0.0,0.5388656854629517,0.4677766263484955,0.0,0.10000000149011612,0.0,0.10000000149011612,0.10000000149011612,0.0,0.0,0.0,0.0,0.0,0.10000000149011612,0.10000000149011612,0.0,0.10000000149011612,0.10000000149011612,0.10000000149011612,0.0,0.0,0.10000000149011612,0.10000000149011612,0.0,-0.0067576619637521596
596,-0.012245281599462032,0.0,0.5200218558311462,0.45649927854537964,0.0,0.10000000149011612,0.0,0.10000000149011612,0.10000000149011612,0.0,0.0,0.0,0.0,0.0,0.10000000149011612,0.10000000149011612,0.0,0.10000000149011612,0.10000000149011612,0.10000000149011612,0.0,0.0,0.10000000149011612,0.10000000149011612,0.0,-0.007683286135419243
597,-0.00046903890324756503,0.0,0.5193089246749878,0.44908592104911804,0.0,0.10000000149011612,0.0,0.10000000149011612,0.10000000149011612,0.0,0.0,0.0,0.0,0.0,0.10000000149011612,0.10000000149011612,0.0,0.10000000149011612,0.10000000149011612,0.10000000149011612,0.0,0.0,0.10000000149011612,0.10000000149011612,0.0,-0.005089846322248404
598,-0.00636204332113266,0.0,0.509643018245697,0.43934178352355957,0.0,0.10000000149011612,0.0,0.10000000149011612,0.10000000149011612,0.0,0.0,0.0,0.0,0.0,0.10000000149011612,0.10000000149011612,0.0,0.10000000149011612,0.10000000149011612,0.10000000149011612,0.0,0.0,0.10000000149011612,0.10000000149011612,0.0,-0.006724333860413045
599,0.025745997205376625,0.0,0.5485102534294128,0.4731096923351288,0.0,0.10000000149011612,0.0,0.10000000149011612,0.10000000149011612,0.0,0.0,0.0,0.0,0.0,0.10000000149011612,0.10000000149011612,0.0,0.10000000149011612,0.10000000149011612,0.10000000149011612,0.0,0.0,0.10000000149011612,0.10000000149011612,0.0,0.023460660420004054
600,-0.011609135195612907,0.0,0.5305333733558655,0.4588136374950409,0.0,0.10000000149011612,0.0,0.10000000149011612,0.10000000149011612,0.0,0.0,0.0,0.0,0.0,0.10000000149011612,0.10000000149011612,0.0,0.10000000149011612,0.10000000149011612,0.10000000149011612,0.0,0.0,0.10000000149011612,0.10000000149011612,0.0,-0.009704677740207002
601,0.008072243072092533,0.0,0.5428882241249084,0.4735206067562103,0.0,0.10000000149011612,0.0,0.10000000149011612,0.10000000149011612,0.0,0.0,0.0,0.0,0.0,0.10000000149011612,0.10000000149011612,0.0,0.10000000149011612,0.10000000149011612,0.10000000149011612,0.0,0.0,0.10000000149011612,0.10000000149011612,0.0,0.010081458579193958
602,0.0015649974811822176,0.0,0.5453028678894043,0.4773946702480316,0.0,0.10000000149011612,0.0,0.10000000149011612,0.10000000149011612,0.0,0.0,0.0,0.0,0.0,0.10000000149011612,0.10000000149011612,0.0,0.10000000149011612,0.10000000149011612,0.10000000149011612,0.0,0.0,0.10000000149011612,0.10000000149011612,0.0,0.002629120674701335
603,-0.001269352389499545,0.0,0.543341338634491,0.471951961517334,0.0,0.10000000149011612,0.0,0.10000000149011612,0.10000000149011612,0.0,0.0,0.0,0.0,0.0,0.10000000149011612,0.10000000149011612,0.0,0.10000000149011612,0.10000000149011612,0.10000000149011612,0.0,0.0,0.10000000149011612,0.10000000149011612,0.0,-0.003683991042003565
604,0.009627237915992737,0.0,0.558199405670166,0.47596803307533264,0.0,0.10000000149011612,0.0,0.10000000149011612,0.10000000149011612,0.0,0.0,0.0,0.0,0.0,0.10000000149011612,0.10000000149011612,0.0,0.10000000149011612,0.10000000149011612,0.10000000149011612,0.0,0.0,0.10000000149011612,0.10000000149011612,0.0,0.002728398523181852
605,0.012822708114981651,0.0,0.5781797766685486,0.4815741777420044,0.0,0.10000000149011612,0.0,0.10000000149011612,0.10000000149011612,0.0,0.0,0.0,0.0,0.0,0.10000000149011612,0.10000000149011612,0.0,0.10000000149011612,0.10000000149011612,0.10000000149011612,0.0,0.0,0.10000000149011612,0.10000000149011612,0.0,0.003798283256169599
606,0.010528684593737125,0.0,0.5947959423065186,0.49216508865356445,0.0,0.10000000149011612,0.0,0.10000000149011612,0.10000000149011612,0.0,0.0,0.0,0.0,0.0,0.10000000149011612,0.10000000149011612,0.0,0.10000000149011612,0.10000000149011612,0.10000000149011612,0.0,0.0,0.10000000149011612,0.10000000149011612,0.0,0.007148417588987099
607,-0.000925020722206682,5.999999848427251e-05,0.5933207273483276,0.4862293601036072,0.0,0.10000000149011612,0.0,0.10000000149011612,0.10000000149011612,0.0,0.0,0.0,0.0,0.0,0.10000000149011612,0.10000000149011612,0.0,0.0,0.10000000149011612,0.10000000149011612,0.0,0.10000000149011612,0.10000000149011612,0.10000000149011612,0.0,-0.0039779301868758665
608,-0.007056632544845343,0.0,0.5820772051811218,0.4809436798095703,0.0,0.10000000149011612,0.0,0.10000000149011612,0.10000000149011612,0.0,0.0,0.0,0.0,0.0,0.10000000149011612,0.10000000149011612,0.0,0.0,0.10000000149011612,0.10000000149011612,0.0,0.10000000149011612,0.10000000149011612,0.10000000149011612,0.0,-0.0035564364666220705
609,0.0008290787227451801,0.0,0.5833888649940491,0.47927162051200867,0.0,0.10000000149011612,0.0,0.10000000149011612,0.10000000149011612,0.0,0.0,0.0,0.0,0.0,0.10000000149011612,0.10000000149011612,0.0,0.0,0.10000000149011612,0.10000000149011612,0.0,0.10000000149011612,0.10000000149011612,0.10000000149011612,0.0,-0.0011290498891738387
610,0.004129401873797178,0.0,0.5899273157119751,0.4777884781360626,0.0,0.10000000149011612,0.0,0.10000000149011612,0.10000000149011612,0.0,0.0,0.0,0.0,0.0,0.10000000149011612,0.10000000149011612,0.0,0.0,0.10000000149011612,0.10000000149011612,0.0,0.10000000149011612,0.10000000149011612,0.10000000149011612,0.0,-0.0010026166630795474
611,0.0012728028232231736,0.0,0.5919510126113892,0.4801329970359802,0.0,0.10000000149011612,0.0,0.10000000149011612,0.10000000149011612,0.0,0.0,0.0,0.0,0.0,0.10000000149011612,0.10000000149011612,0.0,0.0,0.10000000149011612,0.10000000149011612,0.0,0.10000000149011612,0.10000000149011612,0.10000000149011612,0.0,0.001586505061180743
612,0.020989231765270233,0.0,0.6253648400306702,0.5083882212638855,0.0,0.10000000149011612,0.0,0.10000000149011612,0.10000000149011612,0.0,0.0,0.0,0.0,0.0,0.10000000149011612,0.10000000149011612,0.0,0.0,0.10000000149011612,0.10000000149011612,0.0,0.10000000149011612,0.10000000149011612,0.10000000149011612,0.0,0.019089652270767088
613,-0.004338851664215326,0.0,0.6183125972747803,0.499274879693985,0.0,0.10000000149011612,0.0,0.10000000149011612,0.10000000149011612,0.0,0.0,0.0,0.0,0.0,0.10000000149011612,0.10000000149011612,0.0,0.0,0.10000000149011612,0.10000000149011612,0.0,0.10000000149011612,0.10000000149011612,0.10000000149011612,0.0,-0.006041774552087431
614,-0.006962321698665619,5.999999848427251e-05,0.6070454120635986,0.49222707748413086,0.0,0.10000000149011612,0.0,0.10000000149011612,0.10000000149011612,0.0,0.0,0.0,0.0,0.0,0.10000000149011612,0.10000000149011612,0.0,0.0,0.10000000149011612,0.0,0.10000000149011612,0.10000000149011612,0.10000000149011612,0.10000000149011612,0.0,-0.004700807240425875
615,-0.013334156014025211,0.0,0.5856168270111084,0.4791756272315979,0.0,0.10000000149011612,0.0,0.10000000149011612,0.10000000149011612,0.0,0.0,0.0,0.0,0.0,0.10000000149011612,0.10000000149011612,0.0,0.0,0.10000000149011612,0.0,0.10000000149011612,0.10000000149011612,0.10000000149011612,0.10000000149011612,0.0,-0.008746289656221373
616,0.013785578310489655,5.999999848427251e-05,0.6074754595756531,0.49851560592651367,0.0,0.0,0.0,0.10000000149011612,0.10000000149011612,0.0,0.0,0.0,0.0,0.10000000149011612,0.10000000149011612,0.10000000149011612,0.0,0.0,0.10000000149011612,0.0,0.10000000149011612,0.10000000149011612,0.10000000149011612,0.10000000149011612,0.0,0.013074835968675425
617,0.007617897819727659,5.999999848427251e-05,0.6197210550308228,0.5015606880187988,0.0,0.10000000149011612,0.0,0.10000000149011612,0.10000000149011612,0.0,0.0,0.0,0.0,0.10000000149011612,0.10000000149011612,0.10000000149011612,0.0,0.0,0.10000000149011612,0.0,0.10000000149011612,0.0,0.10000000149011612,0.10000000149011612,0.0,0.002032065652330939
618,0.008943833410739899,0.0,0.634207546710968,0.5100941061973572,0.0,0.10000000149011612,0.0,0.10000000149011612,0.10000000149011612,0.0,0.0,0.0,0.0,0.10000000149011612,0.10000000149011612,0.10000000149011612,0.0,0.0,0.10000000149011612,0.0,0.10000000149011612,0.0,0.10000000149011612,0.10000000149011612,0.0,0.005683032491891948
619,-0.011574462056159973,0.0,0.615292489528656,0.4983888268470764,0.0,0.10000000149011612,0.0,0.10000000149011612,0.10000000149011612,0.0,0.0,0.0,0.0,0.10000000149011612,0.10000000149011612,0.10000000149011612,0.0,0.0,0.10000000149011612,0.0,0.10000000149011612,0.0,0.10000000149011612,0.10000000149011612,0.0,-0.007751357549336091
620,-0.010848036035895348,0.0,0.5977697372436523,0.4824211299419403,0.0,0.10000000149011612,0.0,0.10000000149011612,0.10000000149011612,0.0,0.0,0.0,0.0,0.10000000149011612,0.10000000149011612,0.10000000149011612,0.0,0.0,0.10000000149011612,0.0,0.10000000149011612,0.0,0.10000000149011612,0.10000000149011612,0.0,-0.01065657766464767
621,-0.010388504713773727,0.0,0.5811712741851807,0.4687122404575348,0.0,0.10000000149011612,0.0,0.10000000149011612,0.10000000149011612,0.0,0.0,0.0,0.0,0.10000000149011612,0.10000000149011612,0.10000000149011612,0.0,0.0,0.10000000149011612,0.0,0.10000000149011612,0.0,0.10000000149011612,0.10000000149011612,0.0,-0.009247634971947805
622,0.013294982723891735,0.0,0.6021929383277893,0.48536384105682373,0.0,0.10000000149011612,0.0,0.10000000149011612,0.10000000149011612,0.0,0.0,0.0,0.0,0.10000000149011612,0.10000000149011612,0.10000000149011612,0.0,0.0,0.10000000149011612,0.0,0.10000000149011612,0.0,0.10000000149011612,0.10000000149011612,0.0,0.011337551455349537
623,0.005535764154046774,0.0,0.6110622882843018,0.4957699179649353,0.0,0.10000000149011612,0.0,0.10000000149011612,0.10000000149011612,0.0,0.0,0.0,0.0,0.10000000149011612,0.10000000149011612,0.10000000149011612,0.0,0.0,0.10000000149011612,0.0,0.10000000149011612,0.0,0.10000000149011612,0.10000000149011612,0.0,0.007005742714665697
624,-0.0033518855925649405,5.999999848427251e-05,0.6056622266769409,0.4911309480667114,0.0,0.10000000149011612,0.0,0.10000000149011612,0.0,0.0,0.0,0.0,0.0,0.10000000149011612,0.10000000149011612,0.10000000149011612,0.0,0.0,0.10000000149011612,0.0,0.10000000149011612,0.10000000149011612,0.10000000149011612,0.10000000149011612,0.0,-0.003101392695833427
625,0.002125747501850128,5.999999848427251e-05,0.6090754270553589,0.48960718512535095,0.0,0.10000000149011612,0.0,0.10000000149011612,0.0,0.0,0.0,0.0,0.0,0.10000000149011612,0.10000000149011612,0.10000000149011612,0.0,0.10000000149011612,0.10000000149011612,0.0,0.10000000149011612,0.0,0.10000000149011612,0.10000000149011612,0.0,-0.0010218840560825004
626,0.002700318116694689,0.0,0.6134204268455505,0.4978295564651489,0.0,0.10000000149011612,0.0,0.10000000149011612,0.0,0.0,0.0,0.0,0.0,0.10000000149011612,0.10000000149011612,0.10000000149011612,0.0,0.10000000149011612,0.10000000149011612,0.0,0.10000000149011612,0.0,0.10000000149011612,0.10000000149011612,0.0,0.00551982524111283
627,0.0024738258216530085,5.999999848427251e-05,0.6174117922782898,0.5008423924446106,0.0,0.10000000149011612,0.0,0.10000000149011612,0.0,0.0,0.0,0.0,0.0,0.10000000149011612,0.10000000149011612,0.0,0.0,0.10000000149011612,0.10000000149011612,0.0,0.10000000149011612,0.10000000149011612,0.10000000149011612,0.10000000149011612,0.0,0.0020114678378839734
628,0.0021578255109488964,5.999999848427251e-05,0.620901882648468,0.5099257826805115,0.0,0.10000000149011612,0.10000000149011612,0.10000000149011612,0.0,0.0,0.0,0.0,0.0,0.10000000149011612,0.10000000149011612,0.0,0.0,0.10000000149011612,0.10000000149011612,0.0,0.10000000149011612,0.0,0.10000000149011612,0.10000000149011612,0.0,0.0060521946085929645
629,0.0010067527182400227,0.0,0.6225336790084839,0.5107628107070923,0.0,0.10000000149011612,0.10000000149011612,0.10000000149011612,0.0,0.0,0.0,0.0,0.0,0.10000000149011612,0.10000000149011612,0.0,0.0,0.10000000149011612,0.10000000149011612,0.0,0.10000000149011612,0.0,0.10000000149011612,0.10000000149011612,0.0,0.0005543504430363111
630,0.004448063671588898,5.999999848427251e-05,0.6297508478164673,0.5096607804298401,0.0,0.10000000149011612,0.10000000149011612,0.10000000149011612,0.0,0.0,0.0,0.0,0.0,0.10000000149011612,0.10000000149011612,0.0,0.0,0.10000000149011612,0.10000000149011612,0.0,0.10000000149011612,0.10000000149011612,0.10000000149011612,0.0,0.0,-0.0007294528760185548
631,0.0069193160161376,0.0,0.6410276293754578,0.5163776278495789,0.0,0.10000000149011612,0.10000000149011612,0.10000000149011612,0.0,0.0,0.0,0.0,0.0,0.10000000149011612,0.10000000149011612,0.0,0.0,0.10000000149011612,0.10000000149011612,0.0,0.10000000149011612,0.10000000149011612,0.10000000149011612,0.0,0.0,0.0044492428410483065
632,0.0013377929572016,5.999999848427251e-05,0.6432229280471802,0.5200833678245544,0.0,0.10000000149011612,0.10000000149011612,0.10000000149011612,0.0,0.10000000149011612,0.0,0.0,0.0,0.10000000149011612,0.10000000149011612,0.0,0.0,0.10000000149011612,0.10000000149011612,0.0,0.10000000149011612,0.0,0.10000000149011612,0.0,0.0,0.002443810767790655
633,0.008405694738030434,5.999999848427251e-05,0.6570354104042053,0.5303468704223633,0.0,0.10000000149011612,0.10000000149011612,0.10000000149011612,0.0,0.0,0.0,0.0,0.0,0.10000000149011612,0.10000000149011612,0.0,0.10000000149011612,0.10000000149011612,0.10000000149011612,0.0,0.10000000149011612,0.0,0.10000000149011612,0.0,0.0,0.006751934015630567
634,-0.00032903271494433284,0.0,0.6564901471138,0.5269368886947632,0.0,0.10000000149011612,0.10000000149011612,0.10000000149011612,0.0,0.0,0.0,0.0,0.0,0.10000000149011612,0.10000000149011612,0.0,0.10000000149011612,0.10000000149011612,0.10000000149011612,0.0,0.10000000149011612,0.0,0.10000000149011612,0.0,0.0,-0.0022282410566559774
635,-0.003698440035805106,0.0,0.6503637433052063,0.530721127986908,0.0,0.10000000149011612,0.10000000149011612,0.10000000149011612,0.0,0.0,0.0,0.0,0.0,0.10000000149011612,0.10000000149011612,0.0,0.10000000149011612,0.10000000149011612,0.10000000149011612,0.0,0.10000000149011612,0.0,0.10000000149011612,0.0,0.0,0.00247832069561138
636,0.0041895536705851555,0.0,0.6572780013084412,0.5308680534362793,0.0,0.10000000149011612,0.10000000149011612,0.10000000149011612,0.0,0.0,0.0,0.0,0.0,0.10000000149011612,0.10000000149011612,0.0,0.10000000149011612,0.10000000149011612,0.10000000149011612,0.0,0.10000000149011612,0.0,0.10000000149011612,0.0,0.0,9.598446554703877e-05
637,-0.001345324795693159,5.999999848427251e-05,0.6550484299659729,0.5285502672195435,0.10000000149011612,0.10000000149011612,0.10000000149011612,0.10000000149011612,0.0,0.0,0.0,0.0,0.0,0.10000000149011612,0.10000000149011612,0.0,0.10000000149011612,0.10000000149011612,0.0,0.0,0.10000000149011612,0.0,0.10000000149011612,0.0,0.0,-0.0015140339570959283
638,0.0017013328615576029,5.999999848427251e-05,0.6578642129898071,0.5264976620674133,0.10000000149011612,0.10000000149011612,0.10000000149011612,0.0,0.0,0.0,0.0,0.10000000149011612,0.0,0.10000000149011612,0.10000000149011612,0.0,0.10000000149011612,0.10000000149011612,0.0,0.0,0.10000000149011612,0.0,0.10000000149011612,0.0,0.0,-0.0013428443906289278
639,-0.0027535250410437584,0.0,0.6532992720603943,0.5250565409660339,0.10000000149011612,0.10000000149011612,0.10000000149011612,0.0,0.0,0.0,0.0,0.10000000149011612,0.0,0.10000000149011612,0.10000000149011612,0.0,0.10000000149011612,0.10000000149011612,0.0,0.0,0.10000000149011612,0.0,0.10000000149011612,0.0,0.0,-0.0009440702971189596
640,-0.008905782364308834,0.0,0.6385753154754639,0.5221124291419983,0.10000000149011612,0.10000000149011612,0.10000000149011612,0.0,0.0,0.0,0.0,0.10000000149011612,0.0,0.10000000149011612,0.10000000149011612,0.0,0.10000000149011612,0.10000000149011612,0.0,0.0,0.10000000149011612,0.0,0.10000000149011612,0.0,0.0,-0.001930493555452495
641,0.0054527767933905125,0.0,0.6475101113319397,0.524658739566803,0.10000000149011612,0.10000000149011612,0.10000000149011612,0.0,0.0,0.0,0.0,0.10000000149011612,0.0,0.10000000149011612,0.10000000149011612,0.0,0.10000000149011612,0.10000000149011612,0.0,0.0,0.10000000149011612,0.0,0.10000000149011612,0.0,0.0,0.00167287933273097
642,0.0036239034961909056,0.0,0.6534805297851562,0.5265403985977173,0.10000000149011612,0.10000000149011612,0.10000000149011612,0.0,0.0,0.0,0.0,0.10000000149011612,0.0,0.10000000149011612,0.10000000149011612,0.0,0.10000000149011612,0.10000000149011612,0.0,0.0,0.10000000149011612,0.0,0.10000000149011612,0.0,0.0,0.0012341509493782876
643,0.002740602707490325,0.0,0.6580120921134949,0.5258730053901672,0.10000000149011612,0.10000000149011612,0.10000000149011612,0.0,0.0,0.0,0.0,0.10000000149011612,0.0,0.10000000149011612,0.10000000149011612,0.0,0.10000000149011612,0.10000000149011612,0.0,0.0,0.10000000149011612,0.0,0.10000000149011612,0.0,0.0,-0.00043719328238089883
644,0.004642138257622719,0.0,0.6657087802886963,0.5316405296325684,0.10000000149011612,0.10000000149011612,0.10000000149011612,0.0,0.0,0.0,0.0,0.10000000149011612,0.0,0.10000000149011612,0.10000000149011612,0.0,0.10000000149011612,0.10000000149011612,0.0,0.0,0.10000000149011612,0.0,0.10000000149011612,0.0,0.0,0.0037798193047700046
645,0.006498497910797596,5.999999848427251e-05,0.6765334010124207,0.5350384712219238,0.10000000149011612,0.10000000149011612,0.10000000149011612,0.0,0.0,0.0,0.0,0.10000000149011612,0.0,0.10000000149011612,0.10000000149011612,0.0,0.10000000149011612,0.0,0.0,0.0,0.10000000149011612,0.0,0.10000000149011612,0.0,0.10000000149011612,0.0022184980898687368
646,0.002126115607097745,0.0,0.6800979375839233,0.541130542755127,0.10000000149011612,0.10000000149011612,0.10000000149011612,0.0,0.0,0.0,0.0,0.10000000149011612,0.0,0.10000000149011612,0.10000000149011612,0.0,0.10000000149011612,0.0,0.0,0.0,0.10000000149011612,0.0,0.10000000149011612,0.0,0.10000000149011612,0.0039686767774320675
647,0.011520477011799812,0.00011999999696854502,0.6994534134864807,0.5561948418617249,0.10000000149011612,0.10000000149011612,0.0,0.0,0.10000000149011612,0.0,0.0,0.10000000149011612,0.0,0.10000000149011612,0.0,0.0,0.10000000149011612,0.0,0.0,0.0,0.10000000149011612,0.10000000149011612,0.10000000149011612,0.0,0.10000000149011612,0.009774836516877494
648,0.004971460904926062,5.999999848427251e-05,0.707902193069458,0.5603986978530884,0.10000000149011612,0.0,0.0,0.0,0.10000000149011612,0.0,0.0,0.10000000149011612,0.0,0.10000000149011612,0.0,0.10000000149011612,0.10000000149011612,0.0,0.0,0.0,0.10000000149011612,0.10000000149011612,0.10000000149011612,0.0,0.10000000149011612,0.0027013686707342277
649,-0.0010889109689742327,0.0,0.706042468547821,0.5619936585426331,0.10000000149011612,0.0,0.0,0.0,0.10000000149011612,0.0,0.0,0.10000000149011612,0.0,0.10000000149011612,0.0,0.10000000149011612,0.10000000149011612,0.0,0.0,0.0,0.10000000149011612,0.10000000149011612,0.10000000149011612,0.0,0.10000000149011612,0.0010221494620183957
650,-0.006578620057553053,5.999999848427251e-05,0.6948190331459045,0.5525033473968506,0.10000000149011612,0.0,0.0,0.0,0.10000000149011612,0.0,0.10000000149011612,0.10000000149011612,0.0,0.10000000149011612,0.0,0.10000000149011612,0.10000000149011612,0.0,0.0,0.0,0.10000000149011612,0.10000000149011612,0.0,0.0,0.10000000149011612,-0.006075768037776208
651,0.009193944744765759,0.0,0.7104011178016663,0.5558286309242249,0.10000000149011612,0.0,0.0,0.0,0.10000000149011612,0.0,0.10000000149011612,0.10000000149011612,0.0,0.10000000149011612,0.0,0.10000000149011612,0.10000000149011612,0.0,0.0,0.0,0.10000000149011612,0.10000000149011612,0.0,0.0,0.10000000149011612,0.0021418849324543743
652,0.002265144372358918,5.999999848427251e-05,0.7142754197120667,0.5579715371131897,0.10000000149011612,0.0,0.0,0.10000000149011612,0.10000000149011612,0.0,0.0,0.10000000149011612,0.0,0.10000000149011612,0.0,0.10000000149011612,0.10000000149011612,0.0,0.0,0.0,0.10000000149011612,0.10000000149011612,0.0,0.0,0.10000000149011612,0.0013773407600115029
653,-0.0004532023740466684,0.0,0.7134985327720642,0.5570550560951233,0.10000000149011612,0.0,0.0,0.10000000149011612,0.10000000149011612,0.0,0.0,0.10000000149011612,0.0,0.10000000149011612,0.0,0.10000000149011612,0.10000000149011612,0.0,0.0,0.0,0.10000000149011612,0.10000000149011612,0.0,0.0,0.10000000149011612,-0.0005882527351973588
654,0.0027252205181866884,0.0,0.7181681990623474,0.5581483840942383,0.10000000149011612,0.0,0.0,0.10000000149011612,0.10000000149011612,0.0,0.0,0.10000000149011612,0.0,0.10000000149011612,0.0,0.10000000149011612,0.10000000149011612,0.0,0.0,0.0,0.10000000149011612,0.10000000149011612,0.0,0.0,0.10000000149011612,0.0007021768400772288
655,-0.0005469647003337741,0.0,0.7172284126281738,0.5590628385543823,0.10000000149011612,0.0,0.0,0.10000000149011612,0.10000000149011612,0.0,0.0,0.10000000149011612,0.0,0.10000000149011612,0.0,0.10000000149011612,0.10000000149011612,0.0,0.0,0.0,0.10000000149011612,0.10000000149011612,0.0,0.0,0.10000000149011612,0.0005868853502521976
656,-0.009616945870220661,0.0,0.7007139325141907,0.5493026971817017,0.10000000149011612,0.0,0.0,0.10000000149011612,0.10000000149011612,0.0,0.0,0.10000000149011612,0.0,0.10000000149011612,0.0,0.10000000149011612,0.10000000149011612,0.0,0.0,0.0,0.10000000149011612,0.10000000149011612,0.0,0.0,0.10000000149011612,-0.006260261697809799
657,0.00018861204443965107,0.0,0.701034665107727,0.5463545918464661,0.10000000149011612,0.0,0.0,0.10000000149011612,0.10000000149011612,0.0,0.0,0.10000000149011612,0.0,0.10000000149011612,0.0,0.10000000149011612,0.10000000149011612,0.0,0.0,0.0,0.10000000149011612,0.10000000149011612,0.0,0.0,0.10000000149011612,-0.001902859486786146
658,0.0018700105138123035,5.999999848427251e-05,0.7042156457901001,0.5574239492416382,0.10000000149011612,0.10000000149011612,0.0,0.10000000149011612,0.0,0.0,0.0,0.10000000149011612,0.0,0.10000000149011612,0.0,0.10000000149011612,0.10000000149011612,0.0,0.0,0.0,0.10000000149011612,0.10000000149011612,0.0,0.0,0.10000000149011612,0.007158356468521587
659,-0.0024620024487376213,0.00011999999696854502,0.7000198364257812,0.553946852684021,0.10000000149011612,0.10000000149011612,0.0,0.10000000149011612,0.0,0.10000000149011612,0.0,0.10000000149011612,0.0,0.10000000149011612,0.0,0.0,0.10000000149011612,0.0,0.10000000149011612,0.0,0.10000000149011612,0.0,0.0,0.0,0.10000000149011612,-0.0022325947660624124
660,0.003852633759379387,5.999999848427251e-05,0.7065693736076355,0.5591509342193604,0.10000000149011612,0.10000000149011612,0.0,0.0,0.0,0.10000000149011612,0.0,0.10000000149011612,0.0,0.10000000149011612,0.0,0.0,0.10000000149011612,0.0,0.10000000149011612,0.0,0.10000000149011612,0.0,0.10000000149011612,0.0,0.10000000149011612,0.0033489443518295303
661,0.007540944963693619,0.0,0.7194385528564453,0.5703401565551758,0.10000000149011612,0.10000000149011612,0.0,0.0,0.0,0.10000000149011612,0.0,0.10000000149011612,0.0,0.10000000149011612,0.0,0.0,0.10000000149011612,0.0,0.10000000149011612,0.0,0.10000000149011612,0.0,0.10000000149011612,0.0,0.10000000149011612,0.007176484386623994
662,-0.0031455240678042173,5.999999848427251e-05,0.7140300273895264,0.5703042149543762,0.10000000149011612,0.10000000149011612,0.0,0.0,0.0,0.10000000149011612,0.0,0.10000000149011612,0.0,0.10000000149011612,0.0,0.10000000149011612,0.10000000149011612,0.0,0.10000000149011612,0.0,0.10000000149011612,0.0,0.0,0.0,0.10000000149011612,-2.288778049108764e-05
663,-0.0017049727030098438,0.0,0.711107611656189,0.5710132718086243,0.10000000149011612,0.10000000149011612,0.0,0.0,0.0,0.10000000149011612,0.0,0.10000000149011612,0.0,0.10000000149011612,0.0,0.10000000149011612,0.10000000149011612,0.0,0.10000000149011612,0.0,0.10000000149011612,0.0,0.0,0.0,0.10000000149011612,0.00045154107560541057
664,-0.0002720827469602227,0.0,0.7106420993804932,0.5734952688217163,0.10000000149011612,0.10000000149011612,0.0,0.0,0.0,0.10000000149011612,0.0,0.10000000149011612,0.0,0.10000000149011612,0.0,0.10000000149011612,0.10000000149011612,0.0,0.10000000149011612,0.0,0.10000000149011612,0.0,0.0,0.0,0.10000000149011612,0.0015798701752751665
665,-0.012618975713849068,0.00011999999696854502,0.6890555024147034,0.5655849575996399,0.10000000149011612,0.10000000149011612,0.0,0.0,0.10000000149011612,0.0,0.0,0.10000000149011612,0.0,0.0,0.0,0.10000000149011612,0.10000000149011612,0.0,0.10000000149011612,0.0,0.10000000149011612,0.10000000149011612,0.0,0.0,0.10000000149011612,-0.005027222756125549
666,-0.0029715176206082106,0.00011999999696854502,0.6840364933013916,0.5594133734703064,0.10000000149011612,0.0,0.0,0.10000000149011612,0.10000000149011612,0.0,0.10000000149011612,0.10000000149011612,0.0,0.0,0.0,0.10000000149011612,0.10000000149011612,0.0,0.0,0.0,0.10000000149011612,0.10000000149011612,0.0,0.0,0.10000000149011612,-0.003942030804125585
667,-0.01525544747710228,0.0,0.6583457589149475,0.5480145215988159,0.10000000149011612,0.0,0.0,0.10000000149011612,0.10000000149011612,0.0,0.10000000149011612,0.10000000149011612,0.0,0.0,0.0,0.10000000149011612,0.10000000149011612,0.0,0.0,0.0,0.10000000149011612,0.10000000149011612,0.0,0.0,0.10000000149011612,-0.007309705088730634
668,-0.003561411751434207,0.0,0.6524397134780884,0.5363445281982422,0.10000000149011612,0.0,0.0,0.10000000149011612,0.10000000149011612,0.0,0.10000000149011612,0.10000000149011612,0.0,0.0,0.0,0.10000000149011612,0.10000000149011612,0.0,0.0,0.0,0.10000000149011612,0.10000000149011612,0.0,0.0,0.10000000149011612,-0.0075386847072472785
669,-0.011998928152024746,0.0,0.6326121687889099,0.5266833901405334,0.10000000149011612,0.0,0.0,0.10000000149011612,0.10000000149011612,0.0,0.10000000149011612,0.10000000149011612,0.0,0.0,0.0,0.10000000149011612,0.10000000149011612,0.0,0.0,0.0,0.10000000149011612,0.10000000149011612,0.0,0.0,0.10000000149011612,-0.006288392922542463
670,0.002595545956864953,5.999999848427251e-05,0.6368497014045715,0.5312355160713196,0.10000000149011612,0.0,0.0,0.10000000149011612,0.10000000149011612,0.0,0.0,0.10000000149011612,0.0,0.10000000149011612,0.0,0.10000000149011612,0.10000000149011612,0.0,0.0,0.0,0.10000000149011612,0.10000000149011612,0.0,0.0,0.10000000149011612,0.0029817092137007783
671,0.00878810789436102,0.0,0.65123450756073,0.5369187593460083,0.10000000149011612,0.0,0.0,0.10000000149011612,0.10000000149011612,0.0,0.0,0.10000000149011612,0.0,0.10000000149011612,0.0,0.10000000149011612,0.10000000149011612,0.0,0.0,0.0,0.10000000149011612,0.10000000149011612,0.0,0.0,0.10000000149011612,0.0037115409191070814
672,-0.005226123612374067,0.0,0.6426049470901489,0.5406267046928406,0.10000000149011612,0.0,0.0,0.10000000149011612,0.10000000149011612,0.0,0.0,0.10000000149011612,0.0,0.10000000149011612,0.0,0.10000000149011612,0.10000000149011612,0.0,0.0,0.0,0.10000000149011612,0.10000000149011612,0.0,0.0,0.10000000149011612,0.0024125838300068647
673,-0.006252473685890436,5.999999848427251e-05,0.6323345899581909,0.5343867540359497,0.10000000149011612,0.10000000149011612,0.0,0.10000000149011612,0.10000000149011612,0.0,0.0,0.10000000149011612,0.0,0.10000000149011612,0.0,0.10000000149011612,0.10000000149011612,0.0,0.0,0.0,0.10000000149011612,0.0,0.0,0.0,0.10000000149011612,-0.004050267750055014
674,0.004499542061239481,5.999999848427251e-05,0.6396793723106384,0.5382474064826965,0.10000000149011612,0.10000000149011612,0.0,0.10000000149011612,0.0,0.0,0.0,0.10000000149011612,0.0,0.10000000149011612,0.0,0.10000000149011612,0.10000000149011612,0.0,0.10000000149011612,0.0,0.10000000149011612,0.0,0.0,0.0,0.10000000149011612,0.002516088226512725
675,-0.00013558147475123405,5.999999848427251e-05,0.6394570469856262,0.53835129737854,0.10000000149011612,0.10000000149011612,0.0,0.10000000149011612,0.0,0.0,0.0,0.10000000149011612,0.0,0.10000000149011612,0.0,0.10000000149011612,0.10000000149011612,0.0,0.0,0.0,0.10000000149011612,0.10000000149011612,0.0,0.0,0.10000000149011612,6.753848269513973e-05
676,0.009045298211276531,5.999999848427251e-05,0.6542864441871643,0.5459586381912231,0.0,0.10000000149011612,0.0,0.10000000149011612,0.10000000149011612,0.0,0.0,0.10000000149011612,0.0,0.10000000149011612,0.0,0.10000000149011612,0.10000000149011612,0.0,0.0,0.0,0.10000000149011612,0.10000000149011612,0.0,0.0,0.10000000149011612,0.004945125879665113
677,0.005547461565583944,0.0,0.6634635329246521,0.5508877635002136,0.0,0.10000000149011612,0.0,0.10000000149011612,0.10000000149011612,0.0,0.0,0.10000000149011612,0.0,0.10000000149011612,0.0,0.10000000149011612,0.10000000149011612,0.0,0.0,0.0,0.10000000149011612,0.10000000149011612,0.0,0.0,0.10000000149011612,0.0031883940405790234
678,0.020803729072213173,0.0,0.6980697512626648,0.5694968104362488,0.0,0.10000000149011612,0.0,0.10000000149011612,0.10000000149011612,0.0,0.0,0.10000000149011612,0.0,0.10000000149011612,0.0,0.10000000149011612,0.10000000149011612,0.0,0.0,0.0,0.10000000149011612,0.10000000149011612,0.0,0.0,0.10000000149011612,0.011998964318369554
679,0.0006596175953745842,0.0,0.6991898417472839,0.5700721144676208,0.0,0.10000000149011612,0.0,0.10000000149011612,0.10000000149011612,0.0,0.0,0.10000000149011612,0.0,0.10000000149011612,0.0,0.10000000149011612,0.10000000149011612,0.0,0.0,0.0,0.10000000149011612,0.10000000149011612,0.0,0.0,0.10000000149011612,0.00036655317012845856
680,0.0025349631905555725,5.999999848427251e-05,0.7034972310066223,0.5708760023117065,0.0,0.0,0.0,0.10000000149011612,0.10000000149011612,0.0,0.10000000149011612,0.10000000149011612,0.0,0.10000000149011612,0.0,0.10000000149011612,0.10000000149011612,0.0,0.0,0.0,0.10000000149011612,0.10000000149011612,0.0,0.0,0.10000000149011612,0.0005120069560360374
681,0.0017870602896437049,0.0,0.7065414786338806,0.5747160315513611,0.0,0.0,0.0,0.10000000149011612,0.10000000149011612,0.0,0.10000000149011612,0.10000000149011612,0.0,0.10000000149011612,0.0,0.10000000149011612,0.10000000149011612,0.0,0.0,0.0,0.10000000149011612,0.10000000149011612,0.0,0.0,0.10000000149011612,0.0024445145472993257
682,0.0010950391879305243,0.0,0.7084102034568787,0.5711960792541504,0.0,0.0,0.0,0.10000000149011612,0.10000000149011612,0.0,0.10000000149011612,0.10000000149011612,0.0,0.10000000149011612,0.0,0.10000000149011612,0.10000000149011612,0.0,0.0,0.0,0.10000000149011612,0.10000000149011612,0.0,0.0,0.10000000149011612,-0.002235293365079216
683,0.009860944002866745,0.0,0.7252567410469055,0.578626275062561,0.0,0.0,0.0,0.10000000149011612,0.10000000149011612,0.0,0.10000000149011612,0.10000000149011612,0.0,0.10000000149011612,0.0,0.10000000149011612,0.10000000149011612,0.0,0.0,0.0,0.10000000149011612,0.10000000149011612,0.0,0.0,0.10000000149011612,0.00472900607792881
684,0.008188312873244286,0.0,0.7393836975097656,0.5859278440475464,0.0,0.0,0.0,0.10000000149011612,0.10000000149011612,0.0,0.10000000149011612,0.10000000149011612,0.0,0.10000000149011612,0.0,0.10000000149011612,0.10000000149011612,0.0,0.0,0.0,0.10000000149011612,0.10000000149011612,0.0,0.0,0.10000000149011612,0.00462526761420845
685,-0.005436936393380165,0.0,0.7299267649650574,0.5771725177764893,0.0,0.0,0.0,0.10000000149011612,0.10000000149011612,0.0,0.10000000149011612,0.10000000149011612,0.0,0.10000000149011612,0.0,0.10000000149011612,0.10000000149011612,0.0,0.0,0.0,0.10000000149011612,0.10000000149011612,0.0,0.0,0.10000000149011612,-0.005520633428512167
686,0.002133600879460573,0.0,0.7336177229881287,0.5796265006065369,0.0,0.0,0.0,0.10000000149011612,0.10000000149011612,0.0,0.10000000149011612,0.10000000149011612,0.0,0.10000000149011612,0.0,0.10000000149011612,0.10000000149011612,0.0,0.0,0.0,0.10000000149011612,0.10000000149011612,0.0,0.0,0.10000000149011612,0.001555938112279165
687,0.005074282642453909,5.999999848427251e-05,0.7424145936965942,0.5871747732162476,0.0,0.10000000149011612,0.0,0.10000000149011612,0.10000000149011612,0.0,0.0,0.10000000149011612,0.0,0.10000000149011612,0.0,0.10000000149011612,0.10000000149011612,0.0,0.0,0.0,0.10000000149011612,0.10000000149011612,0.0,0.0,0.10000000149011612,0.00477851733103507
688,-0.0004278430133126676,0.0,0.7416691184043884,0.5878782272338867,0.0,0.10000000149011612,0.0,0.10000000149011612,0.10000000149011612,0.0,0.0,0.10000000149011612,0.0,0.10000000149011612,0.0,0.10000000149011612,0.10000000149011612,0.0,0.0,0.0,0.10000000149011612,0.10000000149011612,0.0,0.0,0.10000000149011612,0.00044321144054837447
689,-6.357932579703629e-05,5.999999848427251e-05,0.7415583729743958,0.5840213894844055,0.10000000149011612,0.10000000149011612,0.0,0.10000000149011612,0.0,0.0,0.0,0.10000000149011612,0.0,0.10000000149011612,0.0,0.10000000149011612,0.10000000149011612,0.0,0.0,0.0,0.10000000149011612,0.10000000149011612,0.0,0.0,0.10000000149011612,-0.002428925394486914
690,0.009590605273842812,0.0,0.7582610249519348,0.5950765013694763,0.10000000149011612,0.10000000149011612,0.0,0.10000000149011612,0.0,0.0,0.0,0.10000000149011612,0.0,0.10000000149011612,0.0,0.10000000149011612,0.10000000149011612,0.0,0.0,0.0,0.10000000149011612,0.10000000149011612,0.0,0.0,0.10000000149011612,0.006979143058585269
691,-0.0013303710147738457,0.0,0.7559218406677246,0.5979157090187073,0.10000000149011612,0.10000000149011612,0.0,0.10000000149011612,0.0,0.0,0.0,0.10000000149011612,0.0,0.10000000149011612,0.0,0.10000000149011612,0.10000000149011612,0.0,0.0,0.0,0.10000000149011612,0.10000000149011612,0.0,0.0,0.10000000149011612,0.0017799821179693698
692,0.003618907183408737,0.0,0.7622763514518738,0.6047961115837097,0.10000000149011612,0.10000000149011612,0.0,0.10000000149011612,0.0,0.0,0.0,0.10000000149011612,0.0,0.10000000149011612,0.0,0.10000000149011612,0.10000000149011612,0.0,0.0,0.0,0.10000000149011612,0.10000000149011612,0.0,0.0,0.10000000149011612,0.004305860769857395
693,-0.0036346432752907276,0.0,0.7558711171150208,0.5966417193412781,0.10000000149011612,0.10000000149011612,0.0,0.10000000149011612,0.0,0.0,0.0,0.10000000149011612,0.0,0.10000000149011612,0.0,0.10000000149011612,0.10000000149011612,0.0,0.0,0.0,0.10000000149011612,0.10000000149011612,0.0,0.0,0.10000000149011612,-0.0050812637091850466
694,0.0025965676177293062,0.0,0.7604303956031799,0.5998304486274719,0.10000000149011612,0.10000000149011612,0.0,0.10000000149011612,0.0,0.0,0.0,0.10000000149011612,0.0,0.10000000149011612,0.0,0.10000000149011612,0.10000000149011612,0.0,0.0,0.0,0.10000000149011612,0.10000000149011612,0.0,0.0,0.10000000149011612,0.001997147667862187
695,0.004707565531134605,0.0,0.7687177062034607,0.6053040027618408,0.10000000149011612,0.10000000149011612,0.0,0.10000000149011612,0.0,0.0,0.0,0.10000000149011612,0.0,0.10000000149011612,0.0,0.10000000149011612,0.10000000149011612,0.0,0.0,0.0,0.10000000149011612,0.10000000149011612,0.0,0.0,0.10000000149011612,0.0034213338913913205
696,-0.0006536997971124947,0.0,0.7675614953041077,0.6024406552314758,0.10000000149011612,0.10000000149011612,0.0,0.10000000149011612,0.0,0.0,0.0,0.10000000149011612,0.0,0.10000000149011612,0.0,0.10000000149011612,0.10000000149011612,0.0,0.0,0.0,0.10000000149011612,0.10000000149011612,0.0,0.0,0.10000000149011612,-0.0017836793064981427
697,0.010123062878847122,0.0,0.7854546308517456,0.6162815093994141,0.10000000149011612,0.10000000149011612,0.0,0.10000000149011612,0.0,0.0,0.0,0.10000000149011612,0.0,0.10000000149011612,0.0,0.10000000149011612,0.10000000149011612,0.0,0.0,0.0,0.10000000149011612,0.10000000149011612,0.0,0.0,0.10000000149011612,0.008637358346315072
698,0.004043871536850929,0.0,0.7926747798919678,0.6223419904708862,0.10000000149011612,0.10000000149011612,0.0,0.10000000149011612,0.0,0.0,0.0,0.10000000149011612,0.0,0.10000000149011612,0.0,0.10000000149011612,0.10000000149011612,0.0,0.0,0.0,0.10000000149011612,0.10000000149011612,0.0,0.0,0.10000000149011612,0.003749644499567495
699,1.7010046576615423e-05,0.0,0.7927052974700928,0.6245607137680054,0.10000000149011612,0.10000000149011612,0.0,0.10000000149011612,0.0,0.0,0.0,0.10000000149011612,0.0,0.10000000149011612,0.0,0.10000000149011612,0.10000000149011612,0.0,0.0,0.0,0.10000000149011612,0.10000000149011612,0.0,0.0,0.10000000149011612,0.0013676051721223104
700,0.001188380061648786,0.0,0.7948356866836548,0.6264474391937256,0.10000000149011612,0.10000000149011612,0.0,0.10000000149011612,0.0,0.0,0.0,0.10000000149011612,0.0,0.10000000149011612,0.0,0.10000000149011612,0.10000000149011612,0.0,0.0,0.0,0.10000000149011612,0.10000000149011612,0.0,0.0,0.10000000149011612,0.0011613757551383053
701,0.00361432833597064,0.0,0.8013228178024292,0.6312182545661926,0.10000000149011612,0.10000000149011612,0.0,0.10000000149011612,0.0,0.0,0.0,0.10000000149011612,0.0,0.10000000149011612,0.0,0.10000000149011612,0.10000000149011612,0.0,0.0,0.0,0.10000000149011612,0.10000000149011612,0.0,0.0,0.10000000149011612,0.0029332736229288336
702,-0.001195318065583706,0.0,0.799169659614563,0.6331354975700378,0.10000000149011612,0.10000000149011612,0.0,0.10000000149011612,0.0,0.0,0.0,0.10000000149011612,0.0,0.10000000149011612,0.0,0.10000000149011612,0.10000000149011612,0.0,0.0,0.0,0.10000000149011612,0.10000000149011612,0.0,0.0,0.10000000149011612,0.001175344254809696
703,-0.0018068947829306126,0.0,0.7959187626838684,0.6279863119125366,0.10000000149011612,0.10000000149011612,0.0,0.10000000149011612,0.0,0.0,0.0,0.10000000149011612,0.0,0.10000000149011612,0.0,0.10000000149011612,0.10000000149011612,0.0,0.0,0.0,0.10000000149011612,0.10000000149011612,0.0,0.0,0.10000000149011612,-0.0031529445445052096
704,0.008705112151801586,0.0,0.8115524053573608,0.6372242569923401,0.10000000149011612,0.10000000149011612,0.0,0.10000000149011612,0.0,0.0,0.0,0.10000000149011612,0.0,0.10000000149011612,0.0,0.10000000149011612,0.10000000149011612,0.0,0.0,0.0,0.10000000149011612,0.10000000149011612,0.0,0.0,0.10000000149011612,0.005674461150076082
705,0.005720252171158791,0.0,0.8219149708747864,0.6395059823989868,0.10000000149011612,0.10000000149011612,0.0,0.10000000149011612,0.0,0.0,0.0,0.10000000149011612,0.0,0.10000000149011612,0.0,0.10000000149011612,0.10000000149011612,0.0,0.0,0.0,0.10000000149011612,0.10000000149011612,0.0,0.0,0.10000000149011612,0.0013936547769199947
706,-0.004169754683971405,0.0,0.8143180012702942,0.6364982724189758,0.10000000149011612,0.10000000149011612,0.0,0.10000000149011612,0.0,0.0,0.0,0.10000000149011612,0.0,0.10000000149011612,0.0,0.10000000149011612,0.10000000149011612,0.0,0.0,0.0,0.10000000149011612,0.10000000149011612,0.0,0.0,0.10000000149011612,-0.0018345221135515066
707,0.001211388036608696,5.999999848427251e-05,0.8165158629417419,0.6361914873123169,0.0,0.10000000149011612,0.0,0.10000000149011612,0.10000000149011612,0.0,0.0,0.10000000149011612,0.0,0.10000000149011612,0.0,0.10000000149011612,0.10000000149011612,0.0,0.0,0.0,0.10000000149011612,0.10000000149011612,0.0,0.0,0.10000000149011612,-0.00018746436328676008
708,0.002006071386858821,1.0800000382005237e-05,0.820159912109375,0.6402678489685059,0.0,0.0820000022649765,0.0,0.10000000149011612,0.10000000149011612,0.0,0.017999999225139618,0.10000000149011612,0.0,0.10000000149011612,0.0,0.10000000149011612,0.10000000149011612,0.0,0.0,0.0,0.10000000149011612,0.10000000149011612,0.0,0.0,0.10000000149011612,0.002491371998814662
709,-0.004446874838322401,1.0800000382005237e-05,0.8120658993721008,0.6372743248939514,0.0,0.10000000149011612,0.0,0.10000000149011612,0.10000000149011612,0.0,0.0,0.10000000149011612,0.0,0.10000000149011612,0.0,0.10000000149011612,0.10000000149011612,0.0,0.0,0.0,0.10000000149011612,0.10000000149011612,0.0,0.0,0.10000000149011612,-0.001825021490506562
710,0.0029725837521255016,5.579999924520962e-05,0.8174524307250977,0.6394302248954773,0.09300000220537186,0.10000000149011612,0.0,0.10000000149011612,0.007000000216066837,0.0,0.0,0.10000000149011612,0.0,0.10000000149011612,0.0,0.10000000149011612,0.10000000149011612,0.0,0.0,0.0,0.10000000149011612,0.10000000149011612,0.0,0.0,0.10000000149011612,0.0013167616255544967
711,0.006121121346950531,4.200000148557592e-06,0.8285772800445557,0.6485918164253235,0.10000000149011612,0.10000000149011612,0.0,0.10000000149011612,0.0,0.0,0.0,0.10000000149011612,0.0,0.10000000149011612,0.0,0.10000000149011612,0.10000000149011612,0.0,0.0,0.0,0.10000000149011612,0.10000000149011612,0.0,0.0,0.10000000149011612,0.005588277799642327
712,0.003356281202286482,0.0,0.8347144722938538,0.6519010066986084,0.10000000149011612,0.10000000149011612,0.0,0.10000000149011612,0.0,0.0,0.0,0.10000000149011612,0.0,0.10000000149011612,0.0,0.10000000149011612,0.10000000149011612,0.0,0.0,0.0,0.10000000149011612,0.10000000149011612,0.0,0.0,0.10000000149011612,0.0020072829673873915
713,0.0070359674282372,0.0,0.8476234674453735,0.6627201437950134,0.10000000149011612,0.10000000149011612,0.0,0.10000000149011612,0.0,0.0,0.0,0.10000000149011612,0.0,0.10000000149011612,0.0,0.10000000149011612,0.10000000149011612,0.0,0.0,0.0,0.10000000149011612,0.10000000149011612,0.0,0.0,0.10000000149011612,0.006549506933243743
714,-2.194565058744047e-05,5.999999848427251e-05,0.8475829362869263,0.6675357818603516,0.10000000149011612,0.10000000149011612,0.0,0.10000000149011612,0.0,0.10000000149011612,0.0,0.10000000149011612,0.0,0.10000000149011612,0.0,0.10000000149011612,0.10000000149011612,0.0,0.0,0.0,0.10000000149011612,0.0,0.0,0.0,0.10000000149011612,0.002896240887745982
715,0.004007913172245026,0.0,0.8549878597259521,0.6711957454681396,0.10000000149011612,0.10000000149011612,0.0,0.10000000149011612,0.0,0.10000000149011612,0.0,0.10000000149011612,0.0,0.10000000149011612,0.0,0.10000000149011612,0.10000000149011612,0.0,0.0,0.0,0.10000000149011612,0.0,0.0,0.0,0.10000000149011612,0.0021948336267212376
716,0.00451310072094202,5.999999848427251e-05,0.8633596301078796,0.6758562922477722,0.10000000149011612,0.10000000149011612,0.0,0.10000000149011612,0.0,0.10000000149011612,0.0,0.10000000149011612,0.0,0.10000000149011612,0.0,0.0,0.10000000149011612,0.0,0.10000000149011612,0.0,0.10000000149011612,0.0,0.0,0.0,0.10000000149011612,0.0027887497872531863
717,-0.006091878283768892,0.0,0.8520082831382751,0.6647135615348816,0.10000000149011612,0.10000000149011612,0.0,0.10000000149011612,0.0,0.10000000149011612,0.0,0.10000000149011612,0.0,0.10000000149011612,0.0,0.0,0.10000000149011612,0.0,0.10000000149011612,0.0,0.10000000149011612,0.0,0.0,0.0,0.10000000149011612,-0.006648977459723149
718,-0.01544252596795559,5.999999848427251e-05,0.8234086036682129,0.645149827003479,0.10000000149011612,0.10000000149011612,0.0,0.0,0.0,0.10000000149011612,0.0,0.10000000149011612,0.0,0.10000000149011612,0.0,0.0,0.10000000149011612,0.0,0.10000000149011612,0.0,0.10000000149011612,0.0,0.10000000149011612,0.0,0.10000000149011612,-0.011752012468357997
719,-0.0024286506231874228,0.0,0.8189801573753357,0.6416900753974915,0.10000000149011612,0.10000000149011612,0.0,0.0,0.0,0.10000000149011612,0.0,0.10000000149011612,0.0,0.10000000149011612,0.0,0.0,0.10000000149011612,0.0,0.10000000149011612,0.0,0.10000000149011612,0.0,0.10000000149011612,0.0,0.10000000149011612,-0.0021030009238059977
720,0.011388303712010384,0.0,0.8396952748298645,0.6660100221633911,0.10000000149011612,0.10000000149011612,0.0,0.0,0.0,0.10000000149011612,0.0,0.10000000149011612,0.0,0.10000000149011612,0.0,0.0,0.10000000149011612,0.0,0.10000000149011612,0.0,0.10000000149011612,0.0,0.10000000149011612,0.0,0.10000000149011612,0.01481396953685743
721,0.006617858540266752,0.0,0.8518701195716858,0.6714014410972595,0.10000000149011612,0.10000000149011612,0.0,0.0,0.0,0.10000000149011612,0.0,0.10000000149011612,0.0,0.10000000149011612,0.0,0.0,0.10000000149011612,0.0,0.10000000149011612,0.0,0.10000000149011612,0.0,0.10000000149011612,0.0,0.10000000149011612,0.0032361263510691796
722,-0.013448338024318218,0.0,0.8269655108451843,0.6565154194831848,0.10000000149011612,0.10000000149011612,0.0,0.0,0.0,0.10000000149011612,0.0,0.10000000149011612,0.0,0.10000000149011612,0.0,0.0,0.10000000149011612,0.0,0.10000000149011612,0.0,0.10000000149011612,0.0,0.10000000149011612,0.0,0.10000000149011612,-0.008906311343313322
723,0.011002927087247372,0.0,0.8470674753189087,0.668783962726593,0.10000000149011612,0.10000000149011612,0.0,0.0,0.0,0.10000000149011612,0.0,0.10000000149011612,0.0,0.10000000149011612,0.0,0.0,0.10000000149011612,0.0,0.10000000149011612,0.0,0.10000000149011612,0.0,0.10000000149011612,0.0,0.10000000149011612,0.00740623546217023
724,0.005423777736723423,0.0,0.8570855855941772,0.6734748482704163,0.10000000149011612,0.10000000149011612,0.0,0.0,0.0,0.10000000149011612,0.0,0.10000000149011612,0.0,0.10000000149011612,0.0,0.0,0.10000000149011612,0.0,0.10000000149011612,0.0,0.10000000149011612,0.0,0.10000000149011612,0.0,0.10000000149011612,0.002810960345135838
725,0.0006263467366807163,0.00011999999696854502,0.858248770236969,0.6698172688484192,0.10000000149011612,0.10000000149011612,0.0,0.10000000149011612,0.0,0.0,0.0,0.10000000149011612,0.0,0.10000000149011612,0.0,0.10000000149011612,0.10000000149011612,0.0,0.0,0.0,0.10000000149011612,0.0,0.10000000149011612,0.0,0.10000000149011612,-0.002185619596121957
726,0.002023687120527029,0.0,0.8620092868804932,0.6733179688453674,0.10000000149011612,0.10000000149011612,0.0,0.10000000149011612,0.0,0.0,0.0,0.10000000149011612,0.0,0.10000000149011612,0.0,0.10000000149011612,0.10000000149011612,0.0,0.0,0.0,0.10000000149011612,0.0,0.10000000149011612,0.0,0.10000000149011612,0.0020964569370889308
727,0.005207695998251438,5.999999848427251e-05,0.8717060685157776,0.6788046360015869,0.10000000149011612,0.0,0.0,0.10000000149011612,0.10000000149011612,0.0,0.0,0.10000000149011612,0.0,0.10000000149011612,0.0,0.10000000149011612,0.10000000149011612,0.0,0.0,0.0,0.10000000149011612,0.0,0.10000000149011612,0.0,0.10000000149011612,0.003278914861594151
728,0.002830487210303545,0.00011999999696854502,0.8770039081573486,0.6819061636924744,0.0,0.0,0.0,0.10000000149011612,0.10000000149011612,0.0,0.10000000149011612,0.10000000149011612,0.0,0.10000000149011612,0.0,0.10000000149011612,0.10000000149011612,0.0,0.0,0.0,0.10000000149011612,0.10000000149011612,0.0,0.0,0.10000000149011612,0.0018474619526154257
729,0.0029141237027943134,0.0,0.8824737071990967,0.6864230036735535,0.0,0.0,0.0,0.10000000149011612,0.10000000149011612,0.0,0.10000000149011612,0.10000000149011612,0.0,0.10000000149011612,0.0,0.10000000149011612,0.10000000149011612,0.0,0.0,0.0,0.10000000149011612,0.10000000149011612,0.0,0.0,0.10000000149011612,0.0026855481468495146
730,-0.0032418728806078434,0.0,0.8763709664344788,0.6780732274055481,0.0,0.0,0.0,0.10000000149011612,0.10000000149011612,0.0,0.10000000149011612,0.10000000149011612,0.0,0.10000000149011612,0.0,0.10000000149011612,0.10000000149011612,0.0,0.0,0.0,0.10000000149011612,0.10000000149011612,0.0,0.0,0.10000000149011612,-0.004951175505680916
731,0.00833697896450758,0.0,0.8920142650604248,0.6763609647750854,0.0,0.0,0.0,0.10000000149011612,0.10000000149011612,0.0,0.10000000149011612,0.10000000149011612,0.0,0.10000000149011612,0.0,0.10000000149011612,0.10000000149011612,0.0,0.0,0.0,0.10000000149011612,0.10000000149011612,0.0,0.0,0.10000000149011612,-0.001020374202090113
732,-0.004096064250916243,0.0,0.8842644095420837,0.6820542812347412,0.0,0.0,0.0,0.10000000149011612,0.10000000149011612,0.0,0.10000000149011612,0.10000000149011612,0.0,0.10000000149011612,0.0,0.10000000149011612,0.10000000149011612,0.0,0.0,0.0,0.10000000149011612,0.10000000149011612,0.0,0.0,0.10000000149011612,0.0033962354047176735
733,0.0032177462708204985,0.0,0.890327513217926,0.6830546855926514,0.0,0.0,0.0,0.10000000149011612,0.10000000149011612,0.0,0.10000000149011612,0.10000000149011612,0.0,0.10000000149011612,0.0,0.10000000149011612,0.10000000149011612,0.0,0.0,0.0,0.10000000149011612,0.10000000149011612,0.0,0.0,0.10000000149011612,0.0005947515303583728
734,-0.011267418041825294,0.0,0.8690283894538879,0.6702006459236145,0.0,0.0,0.0,0.10000000149011612,0.10000000149011612,0.0,0.10000000149011612,0.10000000149011612,0.0,0.10000000149011612,0.0,0.10000000149011612,0.10000000149011612,0.0,0.0,0.0,0.10000000149011612,0.10000000149011612,0.0,0.0,0.10000000149011612,-0.007637327401819105
735,0.004266451578587294,0.0,0.8770025372505188,0.6756058931350708,0.0,0.0,0.0,0.10000000149011612,0.10000000149011612,0.0,0.10000000149011612,0.10000000149011612,0.0,0.10000000149011612,0.0,0.10000000149011612,0.10000000149011612,0.0,0.0,0.0,0.10000000149011612,0.10000000149011612,0.0,0.0,0.10000000149011612,0.003236286146008016
736,0.007099473848938942,0.0,0.8903282284736633,0.6778198480606079,0.0,0.0,0.0,0.10000000149011612,0.10000000149011612,0.0,0.10000000149011612,0.10000000149011612,0.0,0.10000000149011612,0.0,0.10000000149011612,0.10000000149011612,0.0,0.0,0.0,0.10000000149011612,0.10000000149011612,0.0,0.0,0.10000000149011612,0.001321286189436055
737,0.0009136628941632807,0.00011999999696854502,0.8920553922653198,0.6756291389465332,0.0,0.10000000149011612,0.0,0.10000000149011612,0.0,0.10000000149011612,0.0,0.10000000149011612,0.0,0.10000000149011612,0.0,0.10000000149011612,0.10000000149011612,0.0,0.0,0.0,0.10000000149011612,0.10000000149011612,0.0,0.0,0.10000000149011612,-0.0013056879238894092
738,0.003902026219293475,0.0,0.899438202381134,0.6872294545173645,0.0,0.10000000149011612,0.0,0.10000000149011612,0.0,0.10000000149011612,0.0,0.10000000149011612,0.0,0.10000000149011612,0.0,0.10000000149011612,0.10000000149011612,0.0,0.0,0.0,0.10000000149011612,0.10000000149011612,0.0,0.0,0.10000000149011612,0.00692296123360836
739,0.011690063402056694,5.999999848427251e-05,0.9216427803039551,0.7006940245628357,0.0,0.10000000149011612,0.0,0.10000000149011612,0.0,0.10000000149011612,0.0,0.10000000149011612,0.0,0.10000000149011612,0.0,0.10000000149011612,0.10000000149011612,0.0,0.10000000149011612,0.0,0.10000000149011612,0.0,0.0,0.0,0.10000000149011612,0.007980283896432239
740,0.009140419773757458,5.999999848427251e-05,0.9392074346542358,0.7123798727989197,0.0,0.10000000149011612,0.0,0.10000000149011612,0.0,0.10000000149011612,0.0,0.0,0.0,0.10000000149011612,0.0,0.10000000149011612,0.10000000149011612,0.0,0.10000000149011612,0.0,0.10000000149011612,0.0,0.0,0.10000000149011612,0.10000000149011612,0.006871223199063081
741,0.002772022970020771,0.0,0.9445829391479492,0.7130501866340637,0.0,0.10000000149011612,0.0,0.10000000149011612,0.0,0.10000000149011612,0.0,0.0,0.0,0.10000000149011612,0.0,0.10000000149011612,0.10000000149011612,0.0,0.10000000149011612,0.0,0.10000000149011612,0.0,0.0,0.10000000149011612,0.10000000149011612,0.0003914515965715015
742,-0.010719622485339642,5.999999848427251e-05,0.9237377643585205,0.6908953189849854,0.0,0.10000000149011612,0.0,0.10000000149011612,0.0,0.10000000149011612,0.0,0.0,0.0,0.10000000149011612,0.0,0.10000000149011612,0.10000000149011612,0.0,0.10000000149011612,0.0,0.10000000149011612,0.0,0.10000000149011612,0.10000000149011612,0.0,-0.012932993920399927
743,0.0015487081836909056,0.0,0.9267170429229736,0.6931803226470947,0.0,0.10000000149011612,0.0,0.10000000149011612,0.0,0.10000000149011612,0.0,0.0,0.0,0.10000000149011612,0.0,0.10000000149011612,0.10000000149011612,0.0,0.10000000149011612,0.0,0.10000000149011612,0.0,0.10000000149011612,0.10000000149011612,0.0,0.0013513572581660416
744,-0.0032359783072024584,0.0,0.9204822182655334,0.6806225180625916,0.0,0.10000000149011612,0.0,0.10000000149011612,0.0,0.10000000149011612,0.0,0.0,0.0,0.10000000149011612,0.0,0.10000000149011612,0.10000000149011612,0.0,0.10000000149011612,0.0,0.10000000149011612,0.0,0.10000000149011612,0.10000000149011612,0.0,-0.007416696506885034
745,-0.005114099010825157,0.0,0.9106606841087341,0.673612654209137,0.0,0.10000000149011612,0.0,0.10000000149011612,0.0,0.10000000149011612,0.0,0.0,0.0,0.10000000149011612,0.0,0.10000000149011612,0.10000000149011612,0.0,0.10000000149011612,0.0,0.10000000149011612,0.0,0.10000000149011612,0.10000000149011612,0.0,-0.004170992461493106
746,0.007935067638754845,0.0,0.9258219003677368,0.6884099245071411,0.0,0.10000000149011612,0.0,0.10000000149011612,0.0,0.10000000149011612,0.0,0.0,0.0,0.10000000149011612,0.0,0.10000000149011612,0.10000000149011612,0.0,0.10000000149011612,0.0,0.10000000149011612,0.0,0.10000000149011612,0.10000000149011612,0.0,0.00884151434968472
747,0.0003031656378880143,0.0,0.9264057874679565,0.6744117736816406,0.0,0.10000000149011612,0.0,0.10000000149011612,0.0,0.10000000149011612,0.0,0.0,0.0,0.10000000149011612,0.0,0.10000000149011612,0.10000000149011612,0.0,0.10000000149011612,0.0,0.10000000149011612,0.0,0.10000000149011612,0.10000000149011612,0.0,-0.008290730007161407
748,0.00908750295639038,0.0,0.9439119696617126,0.6872005462646484,0.0,0.10000000149011612,0.0,0.10000000149011612,0.0,0.10000000149011612,0.0,0.0,0.0,0.10000000149011612,0.0,0.10000000149011612,0.10000000149011612,0.0,0.10000000149011612,0.0,0.10000000149011612,0.0,0.10000000149011612,0.10000000149011612,0.0,0.0076377703406182995
749,0.0068515632301568985,0.0,0.957230806350708,0.6950808167457581,0.0,0.10000000149011612,0.0,0.10000000149011612,0.0,0.10000000149011612,0.0,0.0,0.0,0.10000000149011612,0.0,0.10000000149011612,0.10000000149011612,0.0,0.10000000149011612,0.0,0.10000000149011612,0.0,0.10000000149011612,0.10000000149011612,0.0,0.004670618735014065
750,0.007131786551326513,0.0,0.9711893796920776,0.7077289819717407,0.0,0.10000000149011612,0.0,0.10000000149011612,0.0,0.10000000149011612,0.0,0.0,0.0,0.10000000149011612,0.0,0.10000000149011612,0.10000000149011612,0.0,0.10000000149011612,0.0,0.10000000149011612,0.0,0.10000000149011612,0.10000000149011612,0.0,0.007461688611558159
751,0.0055734929628670216,0.0,0.9821757674217224,0.7189095616340637,0.0,0.10000000149011612,0.0,0.10000000149011612,0.0,0.10000000149011612,0.0,0.0,0.0,0.10000000149011612,0.0,0.10000000149011612,0.10000000149011612,0.0,0.10000000149011612,0.0,0.10000000149011612,0.0,0.10000000149011612,0.10000000149011612,0.0,0.006547045684856867
752,-0.003373898332938552,0.0,0.9754881262779236,0.7217640280723572,0.0,0.10000000149011612,0.0,0.10000000149011612,0.0,0.10000000149011612,0.0,0.0,0.0,0.10000000149011612,0.0,0.10000000149011612,0.10000000149011612,0.0,0.10000000149011612,0.0,0.10000000149011612,0.0,0.10000000149011612,0.10000000149011612,0.0,0.001660626307517843
753,-0.006357854697853327,0.0,0.9629282355308533,0.7157620191574097,0.0,0.10000000149011612,0.0,0.10000000149011612,0.0,0.10000000149011612,0.0,0.0,0.0,0.10000000149011612,0.0,0.10000000149011612,0.10000000149011612,0.0,0.10000000149011612,0.0,0.10000000149011612,0.0,0.10000000149011612,0.10000000149011612,0.0,-0.0034859648692203704
754,-0.00046317680971696973,2.5800000003073364e-05,0.9620190858840942,0.7161931395530701,0.0,0.10000000149011612,0.0,0.10000000149011612,0.0,0.10000000149011612,0.0,0.0,0.0,0.10000000149011612,0.0,0.10000000149011612,0.10000000149011612,0.0430000014603138,0.10000000149011612,0.0,0.10000000149011612,0.0,0.10000000149011612,0.05700000002980232,0.0,0.0002512705088739686
755,0.0035233478993177414,3.4199998481199145e-05,0.9689319729804993,0.7244285941123962,0.0,0.10000000149011612,0.0,0.10000000149011612,0.0,0.10000000149011612,0.0,0.0,0.0,0.10000000149011612,0.0,0.10000000149011612,0.10000000149011612,0.10000000149011612,0.10000000149011612,0.0,0.10000000149011612,0.0,0.10000000149011612,0.0,0.0,0.00479867584220206
756,-0.005278889089822769,0.0,0.9585381746292114,0.7219157814979553,0.0,0.10000000149011612,0.0,0.10000000149011612,0.0,0.10000000149011612,0.0,0.0,0.0,0.10000000149011612,0.0,0.10000000149011612,0.10000000149011612,0.10000000149011612,0.10000000149011612,0.0,0.10000000149011612,0.0,0.10000000149011612,0.0,0.0,-0.001457185657336102
757,-0.0033428140450268984,0.0,0.9519911408424377,0.7133902311325073,0.0,0.10000000149011612,0.0,0.10000000149011612,0.0,0.10000000149011612,0.0,0.0,0.0,0.10000000149011612,0.0,0.10000000149011612,0.10000000149011612,0.10000000149011612,0.10000000149011612,0.0,0.10000000149011612,0.0,0.10000000149011612,0.0,0.0,-0.0049512005506049395
758,-0.00879261177033186,0.0,0.9348280429840088,0.7007316946983337,0.0,0.10000000149011612,0.0,0.10000000149011612,0.0,0.10000000149011612,0.0,0.0,0.0,0.10000000149011612,0.0,0.10000000149011612,0.10000000149011612,0.10000000149011612,0.10000000149011612,0.0,0.10000000149011612,0.0,0.10000000149011612,0.0,0.0,-0.007388005490031713
759,-0.006756907794624567,5.999999848427251e-05,0.9217545986175537,0.6952599287033081,0.0,0.10000000149011612,0.0,0.10000000149011612,0.0,0.10000000149011612,0.0,0.0,0.0,0.10000000149011612,0.0,0.0,0.10000000149011612,0.10000000149011612,0.10000000149011612,0.0,0.10000000149011612,0.10000000149011612,0.10000000149011612,0.0,0.0,-0.003217301125205463
760,0.00924282893538475,5.999999848427251e-05,0.9395170211791992,0.709064781665802,0.0,0.10000000149011612,0.0,0.10000000149011612,0.0,0.10000000149011612,0.0,0.0,0.0,0.10000000149011612,0.0,0.10000000149011612,0.10000000149011612,0.10000000149011612,0.10000000149011612,0.0,0.10000000149011612,0.0,0.10000000149011612,0.0,0.0,0.008143207262058638
761,0.011315317824482918,0.0,0.9614632725715637,0.7279639840126038,0.0,0.10000000149011612,0.0,0.10000000149011612,0.0,0.10000000149011612,0.0,0.0,0.0,0.10000000149011612,0.0,0.10000000149011612,0.10000000149011612,0.10000000149011612,0.10000000149011612,0.0,0.10000000149011612,0.0,0.10000000149011612,0.0,0.0,0.01105821297679599
762,0.002452488522976637,5.999999848427251e-05,0.9662737846374512,0.7315273880958557,0.0,0.10000000149011612,0.10000000149011612,0.10000000149011612,0.0,0.10000000149011612,0.0,0.0,0.0,0.10000000149011612,0.0,0.0,0.10000000149011612,0.10000000149011612,0.10000000149011612,0.0,0.10000000149011612,0.0,0.10000000149011612,0.0,0.0,0.0020621981223110097
763,-0.006398109719157219,0.0,0.9536933302879333,0.7213698029518127,0.0,0.10000000149011612,0.10000000149011612,0.10000000149011612,0.0,0.10000000149011612,0.0,0.0,0.0,0.10000000149011612,0.0,0.0,0.10000000149011612,0.10000000149011612,0.10000000149011612,0.0,0.10000000149011612,0.0,0.10000000149011612,0.0,0.0,-0.005866257278906328
764,-0.0021262553054839373,5.999999848427251e-05,0.9495392441749573,0.7163447141647339,0.0,0.10000000149011612,0.10000000149011612,0.0,0.0,0.10000000149011612,0.0,0.0,0.0,0.10000000149011612,0.0,0.0,0.10000000149011612,0.10000000149011612,0.10000000149011612,0.0,0.10000000149011612,0.0,0.10000000149011612,0.10000000149011612,0.0,-0.002919238375427402
765,-0.006418667733669281,5.999999848427251e-05,0.9370258450508118,0.7110157012939453,0.10000000149011612,0.10000000149011612,0.0,0.0,0.0,0.10000000149011612,0.0,0.0,0.0,0.10000000149011612,0.0,0.0,0.10000000149011612,0.10000000149011612,0.10000000149011612,0.0,0.10000000149011612,0.0,0.10000000149011612,0.10000000149011612,0.0,-0.003104861643939638
766,0.0005286209052428603,0.0,0.9380497932434082,0.7090774178504944,0.10000000149011612,0.10000000149011612,0.0,0.0,0.0,0.10000000149011612,0.0,0.0,0.0,0.10000000149011612,0.0,0.0,0.10000000149011612,0.10000000149011612,0.10000000149011612,0.0,0.10000000149011612,0.0,0.10000000149011612,0.10000000149011612,0.0,-0.0011328262166063752
767,-0.0024105519987642765,5.999999848427251e-05,0.9333779811859131,0.7144551873207092,0.0,0.10000000149011612,0.0,0.10000000149011612,0.0,0.10000000149011612,0.0,0.0,0.0,0.10000000149011612,0.0,0.0,0.10000000149011612,0.10000000149011612,0.10000000149011612,0.0,0.10000000149011612,0.0,0.10000000149011612,0.10000000149011612,0.0,0.0031465920818136706
768,0.001925304881297052,5.999999848427251e-05,0.937100350856781,0.7171602845191956,0.0,0.10000000149011612,0.10000000149011612,0.10000000149011612,0.0,0.10000000149011612,0.0,0.0,0.0,0.10000000149011612,0.0,0.0,0.10000000149011612,0.10000000149011612,0.10000000149011612,0.0,0.10000000149011612,0.0,0.10000000149011612,0.0,0.0,0.0015778173839082754
769,0.0071480656042695045,0.0,0.9509468674659729,0.7256202101707458,0.0,0.10000000149011612,0.10000000149011612,0.10000000149011612,0.0,0.10000000149011612,0.0,0.0,0.0,0.10000000149011612,0.0,0.0,0.10000000149011612,0.10000000149011612,0.10000000149011612,0.0,0.10000000149011612,0.0,0.10000000149011612,0.0,0.0,0.004926695386458402
770,0.0031526610255241394,0.0,0.9570975303649902,0.7321120500564575,0.0,0.10000000149011612,0.10000000149011612,0.10000000149011612,0.0,0.10000000149011612,0.0,0.0,0.0,0.10000000149011612,0.0,0.0,0.10000000149011612,0.10000000149011612,0.10000000149011612,0.0,0.10000000149011612,0.0,0.10000000149011612,0.0,0.0,0.003762032831702511
771,0.0012060777517035604,0.0,0.9594579339027405,0.7293887138366699,0.0,0.10000000149011612,0.10000000149011612,0.10000000149011612,0.0,0.10000000149011612,0.0,0.0,0.0,0.10000000149011612,0.0,0.0,0.10000000149011612,0.10000000149011612,0.10000000149011612,0.0,0.10000000149011612,0.0,0.10000000149011612,0.0,0.0,-0.0015722633069257252
772,-0.0012195076560601592,0.0,0.9570683836936951,0.729394257068634,0.0,0.10000000149011612,0.10000000149011612,0.10000000149011612,0.0,0.10000000149011612,0.0,0.0,0.0,0.10000000149011612,0.0,0.0,0.10000000149011612,0.10000000149011612,0.10000000149011612,0.0,0.10000000149011612,0.0,0.10000000149011612,0.0,0.0,3.205312905985025e-06
773,0.0032835903111845255,0.0,0.963494598865509,0.7304880619049072,0.0,0.10000000149011612,0.10000000149011612,0.10000000149011612,0.0,0.10000000149011612,0.0,0.0,0.0,0.10000000149011612,0.0,0.0,0.10000000149011612,0.10000000149011612,0.10000000149011612,0.0,0.10000000149011612,0.0,0.10000000149011612,0.0,0.0,0.0006324785871136829
774,-0.0034998648334294558,0.0,0.9566226005554199,0.7247015833854675,0.0,0.10000000149011612,0.10000000149011612,0.10000000149011612,0.0,0.10000000149011612,0.0,0.0,0.0,0.10000000149011612,0.0,0.0,0.10000000149011612,0.10000000149011612,0.10000000149011612,0.0,0.10000000149011612,0.0,0.10000000149011612,0.0,0.0,-0.0033438419176784473
775,-0.004569523502141237,0.0,0.9476817846298218,0.7378424406051636,0.0,0.10000000149011612,0.10000000149011612,0.10000000149011612,0.0,0.10000000149011612,0.0,0.0,0.0,0.10000000149011612,0.0,0.0,0.10000000149011612,0.10000000149011612,0.10000000149011612,0.0,0.10000000149011612,0.0,0.10000000149011612,0.0,0.0,0.00761920632895885
776,0.008491046726703644,5.999999848427251e-05,0.9642196297645569,0.7493392825126648,0.0,0.10000000149011612,0.0,0.10000000149011612,0.0,0.10000000149011612,0.0,0.0,0.0,0.10000000149011612,0.0,0.10000000149011612,0.10000000149011612,0.10000000149011612,0.10000000149011612,0.0,0.10000000149011612,0.0,0.10000000149011612,0.0,0.0,0.006615583575860784
777,0.007614555303007364,0.0,0.9791762828826904,0.7509157061576843,0.0,0.10000000149011612,0.0,0.10000000149011612,0.0,0.10000000149011612,0.0,0.0,0.0,0.10000000149011612,0.0,0.10000000149011612,0.10000000149011612,0.10000000149011612,0.10000000149011612,0.0,0.10000000149011612,0.0,0.10000000149011612,0.0,0.0,0.0009011537446041995
778,-0.0023636131081730127,0.0,0.9744983315467834,0.7345331311225891,0.0,0.10000000149011612,0.0,0.10000000149011612,0.0,0.10000000149011612,0.0,0.0,0.0,0.10000000149011612,0.0,0.10000000149011612,0.10000000149011612,0.10000000149011612,0.10000000149011612,0.0,0.10000000149011612,0.0,0.10000000149011612,0.0,0.0,-0.009356575520729216
779,0.007011399604380131,5.999999848427251e-05,0.98834228515625,0.7540997862815857,0.0,0.10000000149011612,0.0,0.10000000149011612,0.0,0.10000000149011612,0.0,0.0,0.0,0.10000000149011612,0.0,0.10000000149011612,0.10000000149011612,0.0,0.10000000149011612,0.0,0.10000000149011612,0.10000000149011612,0.10000000149011612,0.0,0.0,0.011280646537050076
780,-0.008535662665963173,0.0,0.9713704586029053,0.755135178565979,0.0,0.10000000149011612,0.0,0.10000000149011612,0.0,0.10000000149011612,0.0,0.0,0.0,0.10000000149011612,0.0,0.10000000149011612,0.10000000149011612,0.0,0.10000000149011612,0.0,0.10000000149011612,0.10000000149011612,0.10000000149011612,0.0,0.0,0.0005902698880022594
781,0.010400153696537018,0.0,0.991873025894165,0.7701252102851868,0.0,0.10000000149011612,0.0,0.10000000149011612,0.0,0.10000000149011612,0.0,0.0,0.0,0.10000000149011612,0.0,0.10000000149011612,0.10000000149011612,0.0,0.10000000149011612,0.0,0.10000000149011612,0.10000000149011612,0.10000000149011612,0.0,0.0,0.008540670771270964
782,-0.01020258478820324,5.999999848427251e-05,0.9715507626533508,0.7635316848754883,0.0,0.10000000149011612,0.0,0.10000000149011612,0.0,0.10000000149011612,0.0,0.0,0.0,0.10000000149011612,0.10000000149011612,0.10000000149011612,0.0,0.0,0.10000000149011612,0.0,0.10000000149011612,0.10000000149011612,0.10000000149011612,0.0,0.0,-0.0037248920988115497
783,0.005811631213873625,0.0,0.9830086827278137,0.7681506276130676,0.0,0.10000000149011612,0.0,0.10000000149011612,0.0,0.10000000149011612,0.0,0.0,0.0,0.10000000149011612,0.10000000149011612,0.10000000149011612,0.0,0.0,0.10000000149011612,0.0,0.10000000149011612,0.10000000149011612,0.10000000149011612,0.0,0.0,0.0026191436066573814
784,0.0022961944341659546,0.0,0.9875620603561401,0.7641463875770569,0.0,0.10000000149011612,0.0,0.10000000149011612,0.0,0.10000000149011612,0.0,0.0,0.0,0.10000000149011612,0.10000000149011612,0.10000000149011612,0.0,0.0,0.10000000149011612,0.0,0.10000000149011612,0.10000000149011612,0.10000000149011612,0.0,0.0,-0.0022646487089260647
785,-0.01130925677716732,0.0,0.9650842547416687,0.7567079067230225,0.0,0.10000000149011612,0.0,0.10000000149011612,0.0,0.10000000149011612,0.0,0.0,0.0,0.10000000149011612,0.10000000149011612,0.10000000149011612,0.0,0.0,0.10000000149011612,0.0,0.10000000149011612,0.10000000149011612,0.10000000149011612,0.0,0.0,-0.004216475971844158
786,0.001157544320449233,0.0,0.9673588871955872,0.7587073445320129,0.0,0.10000000149011612,0.0,0.10000000149011612,0.0,0.10000000149011612,0.0,0.0,0.0,0.10000000149011612,0.10000000149011612,0.10000000149011612,0.0,0.0,0.10000000149011612,0.0,0.10000000149011612,0.10000000149011612,0.10000000149011612,0.0,0.0,0.001138173171156387
787,0.012467949651181698,0.0,0.9918878078460693,0.775302529335022,0.0,0.10000000149011612,0.0,0.10000000149011612,0.0,0.10000000149011612,0.0,0.0,0.0,0.10000000149011612,0.10000000149011612,0.10000000149011612,0.0,0.0,0.10000000149011612,0.0,0.10000000149011612,0.10000000149011612,0.10000000149011612,0.0,0.0,0.009436012679770123
788,0.0016922153299674392,0.0,0.9952585101127625,0.7836663126945496,0.0,0.10000000149011612,0.0,0.10000000149011612,0.0,0.10000000149011612,0.0,0.0,0.0,0.10000000149011612,0.10000000149011612,0.10000000149011612,0.0,0.0,0.10000000149011612,0.0,0.10000000149011612,0.10000000149011612,0.10000000149011612,0.0,0.0,0.004711187654681259
789,0.0007006772793829441,5.999999848427251e-05,0.996656596660614,0.7912614941596985,0.0,0.10000000149011612,0.0,0.10000000149011612,0.0,0.10000000149011612,0.0,0.0,0.0,0.10000000149011612,0.10000000149011612,0.10000000149011612,0.10000000149011612,0.0,0.10000000149011612,0.0,0.10000000149011612,0.0,0.10000000149011612,0.0,0.0,0.004258185183570129
790,-0.014255527406930923,0.0,0.9681931734085083,0.7834789156913757,0.0,0.10000000149011612,0.0,0.10000000149011612,0.0,0.10000000149011612,0.0,0.0,0.0,0.10000000149011612,0.10000000149011612,0.10000000149011612,0.10000000149011612,0.0,0.10000000149011612,0.0,0.10000000149011612,0.0,0.10000000149011612,0.0,0.0,-0.004344747259792836
791,-0.0007715803221799433,5.999999848427251e-05,0.9666745662689209,0.787422239780426,0.0,0.10000000149011612,0.0,0.10000000149011612,0.0,0.10000000149011612,0.0,0.0,0.0,0.10000000149011612,0.10000000149011612,0.10000000149011612,0.0,0.10000000149011612,0.10000000149011612,0.0,0.10000000149011612,0.0,0.10000000149011612,0.0,0.0,0.002211029272259024
792,0.004318842198699713,5.999999848427251e-05,0.9751682877540588,0.7944768071174622,0.0,0.10000000149011612,0.0,0.10000000149011612,0.0,0.10000000149011612,0.0,0.0,0.0,0.10000000149011612,0.10000000149011612,0.10000000149011612,0.0,0.0,0.10000000149011612,0.0,0.10000000149011612,0.10000000149011612,0.10000000149011612,0.0,0.0,0.003946782791458769
793,0.0012389946496114135,0.0,0.9776155352592468,0.785129725933075,0.0,0.10000000149011612,0.0,0.10000000149011612,0.0,0.10000000149011612,0.0,0.0,0.0,0.10000000149011612,0.10000000149011612,0.10000000149011612,0.0,0.0,0.10000000149011612,0.0,0.10000000149011612,0.10000000149011612,0.10000000149011612,0.0,0.0,-0.005208805790809734
794,-0.0018068208592012525,0.0,0.9740423560142517,0.778143048286438,0.0,0.10000000149011612,0.0,0.10000000149011612,0.0,0.10000000149011612,0.0,0.0,0.0,0.10000000149011612,0.10000000149011612,0.10000000149011612,0.0,0.0,0.10000000149011612,0.0,0.10000000149011612,0.10000000149011612,0.10000000149011612,0.0,0.0,-0.003913820684928182
795,0.004387322347611189,0.0,0.9827030897140503,0.7975574135780334,0.0,0.10000000149011612,0.0,0.10000000149011612,0.0,0.10000000149011612,0.0,0.0,0.0,0.10000000149011612,0.10000000149011612,0.10000000149011612,0.0,0.0,0.10000000149011612,0.0,0.10000000149011612,0.10000000149011612,0.10000000149011612,0.0,0.0,0.01091833714408108
796,0.011392694897949696,0.0,1.00529146194458,0.8218480348587036,0.0,0.10000000149011612,0.0,0.10000000149011612,0.0,0.10000000149011612,0.0,0.0,0.0,0.10000000149011612,0.10000000149011612,0.10000000149011612,0.0,0.0,0.10000000149011612,0.0,0.10000000149011612,0.10000000149011612,0.10000000149011612,0.0,0.0,0.01351312681152117
797,-0.006800563540309668,5.999999848427251e-05,0.9916543364524841,0.8108761310577393,0.0,0.10000000149011612,0.0,0.10000000149011612,0.0,0.10000000149011612,0.0,0.0,0.0,0.10000000149011612,0.10000000149011612,0.10000000149011612,0.10000000149011612,0.0,0.10000000149011612,0.0,0.10000000149011612,0.0,0.10000000149011612,0.0,0.0,-0.006022403400849696
798,-0.003181342501193285,5.999999848427251e-05,0.9853181838989258,0.7997925281524658,0.0,0.10000000149011612,0.0,0.10000000149011612,0.0,0.10000000149011612,0.0,0.0,0.0,0.10000000149011612,0.10000000149011612,0.10000000149011612,0.0,0.0,0.10000000149011612,0.0,0.10000000149011612,0.0,0.10000000149011612,0.10000000149011612,0.0,-0.00612057485058326
799,0.003782178508117795,0.0,0.9928269982337952,0.8175235986709595,0.0,0.10000000149011612,0.0,0.10000000149011612,0.0,0.10000000149011612,0.0,0.0,0.0,0.10000000149011612,0.10000000149011612,0.10000000149011612,0.0,0.0,0.10000000149011612,0.0,0.10000000149011612,0.0,0.10000000149011612,0.10000000149011612,0.0,0.009851730263984892
800,-0.0006597668980248272,0.0,0.9915122389793396,0.8233551383018494,0.0,0.10000000149011612,0.0,0.10000000149011612,0.0,0.10000000149011612,0.0,0.0,0.0,0.10000000149011612,0.10000000149011612,0.10000000149011612,0.0,0.0,0.10000000149011612,0.0,0.10000000149011612,0.0,0.10000000149011612,0.10000000149011612,0.0,0.0032085083435253736
801,0.003923551645129919,5.999999848427251e-05,0.9993259906768799,0.8274534344673157,0.0,0.10000000149011612,0.0,0.10000000149011612,0.0,0.10000000149011612,0.0,0.0,0.0,0.10000000149011612,0.10000000149011612,0.10000000149011612,0.0,0.0,0.10000000149011612,0.0,0.10000000149011612,0.10000000149011612,0.10000000149011612,0.0,0.0,0.002247667543956
802,0.00431477464735508,0.0,1.0079526901245117,0.8326376676559448,0.0,0.10000000149011612,0.0,0.10000000149011612,0.0,0.10000000149011612,0.0,0.0,0.0,0.10000000149011612,0.10000000149011612,0.10000000149011612,0.0,0.0,0.10000000149011612,0.0,0.10000000149011612,0.10000000149011612,0.10000000149011612,0.0,0.0,0.002836861991036388
803,0.00040070744580589235,0.0,1.00875723361969,0.8237521052360535,0.0,0.10000000149011612,0.0,0.10000000149011612,0.0,0.10000000149011612,0.0,0.0,0.0,0.10000000149011612,0.10000000149011612,0.10000000149011612,0.0,0.0,0.10000000149011612,0.0,0.10000000149011612,0.10000000149011612,0.10000000149011612,0.0,0.0,-0.004848510197466682
804,0.007219765335321426,5.999999848427251e-05,1.0232599973678589,0.8251780271530151,0.0,0.10000000149011612,0.0,0.10000000149011612,0.0,0.10000000149011612,0.0,0.0,0.0,0.10000000149011612,0.0,0.10000000149011612,0.10000000149011612,0.0,0.10000000149011612,0.0,0.10000000149011612,0.10000000149011612,0.10000000149011612,0.0,0.0,0.0007818616975781012
805,-0.0020781257189810276,0.0,1.0190553665161133,0.8267498016357422,0.0,0.10000000149011612,0.0,0.10000000149011612,0.0,0.10000000149011612,0.0,0.0,0.0,0.10000000149011612,0.0,0.10000000149011612,0.10000000149011612,0.0,0.10000000149011612,0.0,0.10000000149011612,0.10000000149011612,0.10000000149011612,0.0,0.0,0.0008611622862777502
806,-0.008437837474048138,0.0,1.002018928527832,0.822613537311554,0.0,0.10000000149011612,0.0,0.10000000149011612,0.0,0.10000000149011612,0.0,0.0,0.0,0.10000000149011612,0.0,0.10000000149011612,0.10000000149011612,0.0,0.10000000149011612,0.0,0.10000000149011612,0.10000000149011612,0.10000000149011612,0.0,0.0,-0.002264275228323287
807,0.001038474147208035,0.0,1.0040980577468872,0.8203740119934082,0.0,0.10000000149011612,0.0,0.10000000149011612,0.0,0.10000000149011612,0.0,0.0,0.0,0.10000000149011612,0.0,0.10000000149011612,0.10000000149011612,0.0,0.10000000149011612,0.0,0.10000000149011612,0.10000000149011612,0.10000000149011612,0.0,0.0,-0.0012287439285945112
808,0.01100100576877594,0.0,1.026145100593567,0.8360258936882019,0.0,0.10000000149011612,0.0,0.10000000149011612,0.0,0.10000000149011612,0.0,0.0,0.0,0.10000000149011612,0.0,0.10000000149011612,0.10000000149011612,0.0,0.10000000149011612,0.0,0.10000000149011612,0.10000000149011612,0.10000000149011612,0.0,0.0,0.008598168064184897
809,-0.007736125495284796,0.0,1.0104706287384033,0.8281553983688354,0.0,0.10000000149011612,0.0,0.10000000149011612,0.0,0.10000000149011612,0.0,0.0,0.0,0.10000000149011612,0.0,0.10000000149011612,0.10000000149011612,0.0,0.10000000149011612,0.0,0.10000000149011612,0.10000000149011612,0.10000000149011612,0.0,0.0,-0.004286701699808937
810,0.006296184379607439,5.999999848427251e-05,1.023128867149353,0.8430881500244141,0.0,0.10000000149011612,0.0,0.10000000149011612,0.0,0.0,0.0,0.0,0.0,0.10000000149011612,0.0,0.10000000149011612,0.10000000149011612,0.0,0.10000000149011612,0.0,0.10000000149011612,0.10000000149011612,0.10000000149011612,0.10000000149011612,0.0,0.00816820696364351
811,-0.00358014483936131,5.999999848427251e-05,1.015885829925537,0.8431479334831238,0.0,0.10000000149011612,0.0,0.10000000149011612,0.0,0.0,0.10000000149011612,0.0,0.0,0.10000000149011612,0.0,0.10000000149011612,0.10000000149011612,0.0,0.10000000149011612,0.0,0.10000000149011612,0.10000000149011612,0.10000000149011612,0.0,0.0,3.243657049667448e-05
