step,agent_model_0,agent_model_1,agent_model_2,agent_model_3,agent_model_4,agent_cumulative_return_mean,agent_cumulative_return_std,benchmark_cumulative_return
0,-0.004313969984650612,-0.002457852242514491,-0.0036721532233059406,0.0011252672411501408,0.00034966086968779564,-0.0017938094679266214,0.0024205273713395936,0.0008211430395022035
1,0.02577049657702446,0.02283095009624958,0.024480316787958145,0.028870442882180214,0.028073417022824287,0.026005124673247337,0.002497166161752007,0.026684386655688286
2,0.006267877295613289,0.006560766603797674,0.007524766027927399,0.010072242468595505,0.010843279771506786,0.00825378643348813,0.002082899427397136,0.0077875955030322075
3,0.010466440580785275,0.010239418596029282,0.012206231243908405,0.013259004801511765,0.014844532124698162,0.012203125469386577,0.0019341754713143046,0.010605163872241974
4,0.005855945870280266,0.004657466895878315,0.006209306884557009,0.008294488303363323,0.007616098970174789,0.00652666138485074,0.0014453846792533724,-0.0008969649206846952
5,-0.004594676196575165,-0.004344809800386429,-0.005289310123771429,0.0013289150083437562,-0.0014915351057425141,-0.002878283243626356,0.002762849211262788,-0.013896427117288113
6,-0.002348310546949506,-0.002522860886529088,-0.0031165468972176313,0.0041407435201108456,0.0002222201437689364,-0.0007249509333632886,0.0030066436209236955,-0.00876579713076353
7,-0.0035141317639499903,-0.0027966320049017668,-0.004436316434293985,0.003391221398487687,-0.0013101572403684258,-0.0017332032090052961,0.0030841572544193234,-0.011802962981164455
8,-0.0031976643949747086,-0.0017272209515795112,-0.0035035014152526855,0.0029642616864293814,0.00010244088480249047,-0.0010723368381150068,0.002670705991576085,-0.013522177003324032
9,0.02738279104232788,0.02717781811952591,0.02712417021393776,0.030623553320765495,0.02960347943007946,0.028382362425327302,0.001623821183523695,0.02011456899344921
10,0.012414952740073204,0.015310452319681644,0.013296602293848991,0.01799432560801506,0.0167703740298748,0.01515734139829874,0.0023268456222184227,0.007593754678964615
11,-0.0020960804540663958,0.0016115427715703845,-0.0013667101738974452,0.004741080105304718,0.00297122192569077,0.0011722108349204064,0.002885053256139846,-0.009138116613030434
12,-0.01893671415746212,-0.012953018769621849,-0.016391703858971596,-0.008891998790204525,-0.011392897926270962,-0.01371326670050621,0.003989521944268261,-0.026378139853477478
13,-0.024835238233208656,-0.0167989581823349,-0.021793652325868607,-0.013293307274580002,-0.015196955762803555,-0.018383622355759143,0.004791371514766851,-0.02624710649251938
14,-0.03497609123587608,-0.024234438315033913,-0.031596239656209946,-0.020014794543385506,-0.022491751238703728,-0.026662662997841834,0.006343110489212088,-0.034170035272836685
15,-0.027280038222670555,-0.017051687464118004,-0.022714274004101753,-0.01283735129982233,-0.013311825692653656,-0.01863903533667326,0.0062416519166725816,-0.023653611540794373
16,-0.024054642766714096,-0.016002971678972244,-0.020745638757944107,-0.011328554712235928,-0.01178324967622757,-0.016783011518418788,0.005566332170533898,-0.023025577887892723
17,-0.03289583697915077,-0.022521482780575752,-0.029687829315662384,-0.018279561772942543,-0.019323816522955894,-0.02454170547425747,0.006457480398116335,-0.03139229491353035
18,-0.02248454838991165,-0.01224121730774641,-0.02047470584511757,-0.0074616954661905766,-0.009200917556881905,-0.014372616913169623,0.00674701962671111,-0.019744638353586197
19,-0.025350505486130714,-0.014512036927044392,-0.023462342098355293,-0.008985218591988087,-0.011476517654955387,-0.016757324151694775,0.007282408391458567,-0.021839339286088943
20,-0.029967308044433594,-0.016988186165690422,-0.027341580018401146,-0.012106692418456078,-0.013743218034505844,-0.020029396936297416,0.008120411837355132,-0.026184367015957832
21,-0.02850431576371193,-0.01590043492615223,-0.02499520592391491,-0.010518894530832767,-0.011362076736986637,-0.018256185576319695,0.008114532305067697,-0.02503799833357334
22,-0.02413426712155342,-0.01336641889065504,-0.01852680742740631,-0.006304564885795116,-0.007151402998715639,-0.013896692264825105,0.007577374555875905,-0.018872149288654327
23,-0.029851805418729782,-0.014147408306598663,-0.02218196913599968,-0.00864776037633419,-0.009492408484220505,-0.016864270344376563,0.009030375274849697,-0.02437708154320717
24,-0.035541970282793045,-0.022088713943958282,-0.025747263804078102,-0.01581970788538456,-0.016658322885632515,-0.0231711957603693,0.008020377840099811,-0.03083992749452591
25,-0.03948952630162239,-0.022036084905266762,-0.02736698091030121,-0.018439367413520813,-0.0192757286131382,-0.025321537628769875,0.008654854336954024,-0.02968635968863964
26,-0.021390102803707123,-0.0010757138952612877,-0.007644108962267637,-0.0018458683043718338,-0.002696423791348934,-0.006930443551391363,0.008480105425776917,-0.009275151416659355
27,-0.02809891477227211,-0.006946371402591467,-0.013672860339283943,-0.008470791392028332,-0.00931566208600998,-0.013300919998437166,0.008641639019647438,-0.01648811064660549
28,-0.021112872287631035,0.0013820811873301864,-0.005780122708529234,-0.002012089593335986,-0.0028625051490962505,-0.006077101710252464,0.008784360498128084,-0.005413991864770651
29,-0.01062898337841034,0.010498777963221073,0.0046141669154167175,0.007390383165329695,0.0065319715067744255,0.003681263234466314,0.008276715574299393,0.006517443340271711
30,-0.01562933810055256,0.008686743676662445,0.0008765020756982267,0.004234754480421543,0.0033790136221796274,0.0003095351508818567,0.00934579851556691,0.0019035645527765155
31,-0.006843863520771265,0.016884472221136093,0.009468392468988895,0.01177723053842783,0.010915110819041729,0.008440268505364657,0.008989250068248906,0.014244369231164455
32,-0.007160349283367395,0.015513677150011063,0.010196254588663578,0.010364576242864132,0.009503659792244434,0.0076835636980831625,0.00863809329134327,0.012847552075982094
33,-0.030724558979272842,-0.0076417080126702785,-0.011983320116996765,-0.011902730911970139,-0.012744709849357605,-0.014999405574053526,0.009016456916112978,-0.010394337587058544
34,-0.03344723582267761,-0.012364916503429413,-0.015960169956088066,-0.015180395916104317,-0.01601959951221943,-0.018594463542103767,0.00843559994828839,-0.009318823926150799
35,-0.02694861963391304,-0.008018706925213337,-0.009967268444597721,-0.011016943491995335,-0.01185973547399044,-0.013562254793941974,0.007619494653720423,0.001292480039410293
36,-0.018629267811775208,-0.003293628105893731,-0.003593559842556715,-0.003458511084318161,-0.004307693801820278,-0.006656532129272819,0.006704134964989872,0.003556724637746811
37,-0.03070426918566227,-0.014152311719954014,-0.0137830451130867,-0.01624867133796215,-0.017086893320083618,-0.01839503813534975,0.0070197312877686635,-0.00506523996591568
38,-0.022887155413627625,-0.007499277126044035,-0.006038741208612919,-0.009468227624893188,-0.01031224150210619,-0.011241128575056792,0.006721276602608904,0.0066190906800329685
39,-0.01887689344584942,-0.004729695152491331,-0.002620419254526496,-0.005879705771803856,-0.006726826541125774,-0.007766708033159375,0.00639894691309851,0.010956617072224617
40,-0.021594898775219917,-0.007562611717730761,-0.004248388111591339,-0.009872650727629662,-0.010716329328715801,-0.010798975732177496,0.006534544991855447,0.0060229175724089146
41,-0.024171648547053337,-0.010240401141345501,-0.009211834520101547,-0.01119615975767374,-0.012038780376315117,-0.013371764868497848,0.006128989558243,0.0005929265171289444
42,-0.015939682722091675,-0.0014420209918171167,-0.0007263281149789691,-0.003220550250262022,-0.0040698545053601265,-0.0050796873169019815,0.006216912533046178,0.008637032471597195
43,-0.0037991937715560198,0.009635217487812042,0.013478539884090424,0.006401161663234234,0.005543622188270092,0.006251869490370154,0.006426888511175521,0.022622888907790184
44,-0.01200911309570074,0.0003605742531362921,0.005580629222095013,-0.0047284262254834175,-0.005576487630605698,-0.0032745646953117103,0.006620679587419348,0.008286901749670506
45,-0.013540880754590034,-0.004900016356259584,0.0042394292540848255,-0.009784718044102192,-0.010628492571413517,-0.0069229356944561,0.006971526746296824,0.005519464612007141
46,-0.018081162124872208,-0.009316103532910347,-0.00040343202999792993,-0.013311612419784069,-0.014152375049889088,-0.011052937031490729,0.0067181214986300935,0.0029149693436920643
47,-0.008145052008330822,0.005083282012492418,0.009473469108343124,-0.004756448790431023,-0.005604540929198265,-0.0007898581214249134,0.007629605986661782,0.014845170080661774
48,-0.005781922955065966,0.004418984521180391,0.010038853622972965,-0.002007619710639119,-0.0028580620419234037,0.0007620466873049736,0.00638420157674583,0.013511598110198975
49,-0.019295709207654,-0.009854869917035103,-0.0054883756674826145,-0.01397500466555357,-0.014815190806984901,-0.012685830052942038,0.005236991879037505,-0.0009988091187551618
50,-0.007262562867254019,0.00035278857103548944,0.005191237200051546,-0.003387811593711376,-0.004237009212374687,-0.0018686715804506094,0.004790304529103121,0.006794588174670935
51,-0.00044854357838630676,0.006061377003788948,0.011606927961111069,0.002259171800687909,0.0014051267644390464,0.004176811990328133,0.0047830875398276245,0.011299964040517807
52,-0.006701396778225899,-0.001163516310043633,0.005422267597168684,-0.005461402237415314,-0.0063088503666222095,-0.002842579619027674,0.005120807743241687,0.005237469915300608
53,-0.013009975664317608,-0.010130835697054863,-0.0014245175989344716,-0.012189213186502457,-0.013030982576310635,-0.009957104944624007,0.004913915946456782,0.0010451212292537093
54,-0.021561454981565475,-0.018928511068224907,-0.00958540290594101,-0.020273922011256218,-0.02110874280333519,-0.01829160675406456,0.004968937745644516,-0.007719495799392462
55,-0.02540930174291134,-0.021880274638533592,-0.014598851092159748,-0.021977119147777557,-0.022810574620962143,-0.021335224248468877,0.004026865978737342,-0.0131809888407588
56,-0.02613218128681183,-0.01970633678138256,-0.014782444573938847,-0.022059299051761627,-0.022892607375979424,-0.021114573813974857,0.004222241292444059,-0.017739368602633476
57,-0.029398581013083458,-0.02197394147515297,-0.017416929826140404,-0.026696287095546722,-0.027525603771209717,-0.024602268636226655,0.004859851116988018,-0.018011361360549927
58,-0.04419887438416481,-0.038897305727005005,-0.03381100669503212,-0.04041897505521774,-0.04123665764927864,-0.03971256390213966,0.0038223645682115676,-0.0327284075319767
59,-0.038864824920892715,-0.026614712551236153,-0.02799520082771778,-0.03519309684634209,-0.036015208810567856,-0.03293660879135132,0.005340813318986025,-0.0162176713347435
60,-0.050879403948783875,-0.03769068047404289,-0.038990143686532974,-0.0468796081840992,-0.047691792249679565,-0.0444263257086277,0.005771591572354476,-0.02250484749674797
61,-0.0555780753493309,-0.0376942977309227,-0.04070820286870003,-0.0502299964427948,-0.05103934928774834,-0.04704998433589935,0.00752500681196813,-0.025617271661758423
62,-0.06234016269445419,-0.0434662289917469,-0.048142146319150925,-0.055684514343738556,-0.056489214301109314,-0.05322445333003998,0.0074306713760466095,-0.02804180234670639
63,-0.04618023708462715,-0.028169794008135796,-0.03176533058285713,-0.041288793087005615,-0.042105745524168015,-0.037901980057358745,0.007583627068837731,-0.014882877469062805
64,-0.0356743149459362,-0.020081033930182457,-0.021304043009877205,-0.03396610915660858,-0.03478929027915001,-0.02916295826435089,0.00776800384361927,-0.0034707817249000072
65,-0.03361588343977928,-0.020429156720638275,-0.020621443167328835,-0.032912805676460266,-0.03373679146170616,-0.028263216093182563,0.0070710490387568305,-0.003411030862480402
66,-0.05017722398042679,-0.0362374372780323,-0.03616843372583389,-0.04995325952768326,-0.05076279118657112,-0.04465982913970947,0.007725747174101757,-0.019512822851538658
67,-0.043404608964920044,-0.02988462522625923,-0.029093727469444275,-0.04300291836261749,-0.0438183955848217,-0.037840855121612546,0.007634577264547737,-0.01584145799279213
68,-0.05477607622742653,-0.03772927075624466,-0.03743591159582138,-0.051062460988759995,-0.051871053874492645,-0.04657495468854904,0.008324857457611313,-0.0327514223754406
69,-0.06478206068277359,-0.044592127203941345,-0.04412027820944786,-0.056980881839990616,-0.05778442323207855,-0.053651954233646396,0.009013484928686597,-0.04590551182627678
70,-0.045886486768722534,-0.02778785489499569,-0.025684431195259094,-0.03977326676249504,-0.04059150815010071,-0.03594470955431461,0.008759239573239024,-0.02792554721236229
71,-0.045434582978487015,-0.029052164405584335,-0.02362588420510292,-0.038443733006715775,-0.039263129234313965,-0.0351638987660408,0.00871101363463681,-0.03832309693098068
72,-0.032788634300231934,-0.017399227246642113,-0.011124152690172195,-0.025972725823521614,-0.026802634820342064,-0.022817474976181983,0.008534522829395456,-0.035687483847141266
73,-0.020352507010102272,-0.005720316898077726,0.0010009795660153031,-0.015138868242502213,-0.01597810909152031,-0.011237764335237443,0.00867463389191395,-0.020084921270608902
74,-0.022631168365478516,-0.006353062577545643,0.0007207949529401958,-0.01506762858480215,-0.01590694859623909,-0.011847602634225041,0.009100641941444151,-0.024852564558386803
75,-0.012584528885781765,0.0030577341094613075,0.008384251035749912,-0.007195895072072744,-0.007016872055828571,-0.003071062173694372,0.008542190227839388,-0.01009767223149538
76,-0.01725521683692932,-0.005585929378867149,0.0016218184027820826,-0.014364566653966904,-0.014981139451265335,-0.010113006783649325,0.007921271890147647,-0.009065992198884487
77,-0.02182287909090519,-0.007331610657274723,-0.00014123633445706218,-0.016737163066864014,-0.01719590090215206,-0.01264575801033061,0.00875023101741504,-0.014257705770432949
78,-0.023622404783964157,-0.006663769483566284,0.0007091527804732323,-0.017655745148658752,-0.020404674112796783,-0.01352748814970255,0.010198506181982323,-0.022772928699851036
79,-0.006737058982253075,0.006377255544066429,0.012074917554855347,-0.003695536870509386,-0.005274777300655842,0.0005489599891006947,0.00824370167075868,-0.008229908533394337
80,-0.012945189140737057,0.0024291810113936663,0.007137305568903685,-0.00805748626589775,-0.009385527111589909,-0.004164343187585473,0.00852529187516545,-0.009378871880471706
81,-0.009779234416782856,0.007657877169549465,0.011906785890460014,-0.005657029803842306,-0.005810943432152271,-0.0003365089185535908,0.00950330096960338,-0.0011960919946432114
82,-0.0026785340160131454,0.015140224248170853,0.02112601138651371,0.00026722048642113805,0.0001302533783018589,0.006797035096678883,0.010627784741732949,0.005156821105629206
83,0.0023630191572010517,0.01935524120926857,0.025964507833123207,0.005504540167748928,0.005122239235788584,0.011661909520626068,0.010379083747292588,0.008262740448117256
84,0.011425658129155636,0.025217823684215546,0.0321190282702446,0.013320820406079292,0.013303597457706928,0.0190773855894804,0.009121581949372147,0.020385242998600006
85,0.0194868091493845,0.031870584934949875,0.03916795924305916,0.0204392671585083,0.019220586866140366,0.026037041470408438,0.00904372579448332,0.027696507051587105
86,0.022474011406302452,0.03643365204334259,0.04333026707172394,0.026568321511149406,0.02537594921886921,0.03083644025027752,0.008737684254804786,0.024623854085803032
87,0.024677051231265068,0.03575284034013748,0.04192018881440163,0.02942933328449726,0.02917005494236946,0.03218989372253418,0.006718559251498243,0.023494966328144073
88,0.027460772544145584,0.0391513854265213,0.04383625462651253,0.031924206763505936,0.032465558499097824,0.03496763557195663,0.006481358034574073,0.024502713233232498
89,0.03236621618270874,0.04403305426239967,0.048142142593860626,0.03666318207979202,0.0369291827082634,0.03962675556540489,0.006338422195298804,0.030479006469249725
90,0.03538457304239273,0.047366756945848465,0.05033043026924133,0.041324567049741745,0.041384655982255936,0.04315819665789604,0.005832876281402729,0.03625449910759926
91,0.035686641931533813,0.04815060272812843,0.052094221115112305,0.04259616136550903,0.04263846203684807,0.04423321783542633,0.006233146007125888,0.03406738489866257
92,0.041083864867687225,0.051943257451057434,0.05702910199761391,0.0451970174908638,0.04483259841799736,0.04801716804504395,0.006379548522356218,0.043321382254362106
93,0.03774799779057503,0.04936925321817398,0.05510040372610092,0.040313463658094406,0.03991803154349327,0.044489829987287524,0.007419378751415744,0.04299161583185196
94,0.039702992886304855,0.0526154525578022,0.0577666312456131,0.04127306491136551,0.04253995418548584,0.0467796191573143,0.007955295786819323,0.04574602469801903
95,0.03619975969195366,0.04893900826573372,0.05432857573032379,0.0374523364007473,0.03825017809867859,0.043033971637487414,0.008111462948341855,0.040331315249204636
96,0.03278324753046036,0.04964354634284973,0.055072762072086334,0.03485754132270813,0.03580769896507263,0.04163295924663544,0.010036871380866997,0.03913870081305504
97,0.043508995324373245,0.06009442359209061,0.06437932699918747,0.04560801014304161,0.0454876534640789,0.051815681904554364,0.009669060406476412,0.04712085425853729
98,0.03961408883333206,0.05780576542019844,0.06132298335433006,0.04122253134846687,0.042116597294807434,0.04841639325022697,0.010291501579589466,0.04457727074623108
99,0.041672222316265106,0.05802226811647415,0.06183280795812607,0.04359954223036766,0.04553507640957832,0.05013238340616226,0.009145187075098815,0.04623539373278618
100,0.03717178851366043,0.0567803680896759,0.05974120646715164,0.041447002440690994,0.043326716870069504,0.047693416476249695,0.009956308829418229,0.038943756371736526
101,0.033339422196149826,0.050927016884088516,0.05507577210664749,0.03471506014466286,0.03758791834115982,0.0423290379345417,0.00997081413399428,0.03354913368821144
102,0.048053305596113205,0.06289749592542648,0.06918971240520477,0.047882162034511566,0.05162984877824783,0.05593050494790077,0.009613366767756619,0.04354618489742279
103,0.051990918815135956,0.06733693182468414,0.07264488190412521,0.052042290568351746,0.05506606772542,0.059816218167543414,0.009557313124959072,0.050533540546894073
104,0.05325956270098686,0.06706415861845016,0.07298813760280609,0.052015967667102814,0.05577380210161209,0.0602203257381916,0.009292340315718566,0.046809617429971695
105,0.05033309385180473,0.066095270216465,0.07191106677055359,0.05114421993494034,0.05619548633694649,0.05913582742214203,0.009508418620540788,0.03906339406967163
106,0.04289824888110161,0.06176155060529709,0.0666312649846077,0.047262996435165405,0.05209987238049507,0.054130786657333375,0.009898883485906921,0.03198559209704399
107,0.05147475004196167,0.06421306729316711,0.07256873697042465,0.05073203146457672,0.05392119288444519,0.05858195573091507,0.009502576767274748,0.03794466331601143
108,0.0560874305665493,0.07020624727010727,0.07843689620494843,0.0551292859017849,0.05858573317527771,0.06368911862373353,0.010211156275862695,0.046863801777362823
109,0.05768671631813049,0.07059784978628159,0.0800669714808464,0.05654696002602577,0.05899263918399811,0.06477822735905647,0.010236332635516935,0.04386240243911743
110,0.05894729122519493,0.0745486468076706,0.08260180801153183,0.0583074614405632,0.059676043689250946,0.0668162502348423,0.011116163268362378,0.05010725557804108
111,0.06126830726861954,0.0759790763258934,0.08497506380081177,0.05981701239943504,0.060938771814107895,0.06859564632177353,0.011315723506992476,0.04764491319656372
112,0.06526638567447662,0.07882634550333023,0.08831189572811127,0.06323537230491638,0.06471803784370422,0.07207160741090775,0.01104353352004207,0.05230466276407242
113,0.06979741901159286,0.08428432047367096,0.09227771311998367,0.06796575337648392,0.0695209726691246,0.0767692357301712,0.010904519899605529,0.05276632681488991
114,0.06137287616729736,0.075785331428051,0.08409641683101654,0.059866659343242645,0.060633860528469086,0.06835102885961533,0.010993406264528525,0.04809894040226936
115,0.05828767642378807,0.07315874844789505,0.08132035285234451,0.055668916553258896,0.05719758942723274,0.06512665674090386,0.011465610544567876,0.04789964109659195
116,0.056404273957014084,0.06771539896726608,0.07763765007257462,0.05173129215836525,0.05400591343641281,0.06149890571832657,0.010915703578134773,0.049210116267204285
117,0.05931021645665169,0.07154484838247299,0.08189599961042404,0.053287602961063385,0.056171663105487823,0.06444206610321998,0.011981723639672856,0.0589490681886673
118,0.05791586637496948,0.07173629105091095,0.07975341379642487,0.052829619497060776,0.05594416335225105,0.06363587081432343,0.011554738008598176,0.05593274161219597
119,0.04765138030052185,0.05866817757487297,0.06852387636899948,0.041460905224084854,0.04555298015475273,0.05237146392464638,0.011049436999943405,0.046533361077308655
120,0.040043070912361145,0.045352477580308914,0.057547494769096375,0.03295852988958359,0.038335926830768585,0.04284749999642372,0.009332411313574642,0.03902485594153404
121,0.033936548978090286,0.04294411092996597,0.05447288975119591,0.028518088161945343,0.033227186650037766,0.03861976489424705,0.010284427798956983,0.035168278962373734
122,0.032666806131601334,0.041617002338171005,0.053400542587041855,0.027021748945116997,0.03104901686310768,0.037151023373007776,0.010534903072110526,0.03658709675073624
123,0.042329709976911545,0.05323230102658272,0.06763091683387756,0.0384424589574337,0.04242320731282234,0.048811718821525574,0.01187491925180268,0.043626442551612854
124,0.03665338456630707,0.04560350626707077,0.06074751168489456,0.031843844801187515,0.037899184972047806,0.04254948645830155,0.011308130303728823,0.037326689809560776
125,0.0402054488658905,0.04911326617002487,0.06379389762878418,0.0366787351667881,0.04155248403549194,0.04626876637339592,0.010795800589152329,0.03883066400885582
126,0.05397781729698181,0.06342190504074097,0.07960154861211777,0.05103559046983719,0.05434546619653702,0.06047646552324295,0.011655429211255793,0.05746325105428696
127,0.06178193539381027,0.06938844919204712,0.08535714447498322,0.0575685016810894,0.06317167729139328,0.06745354160666465,0.01086851365653021,0.06798175722360611
128,0.062229838222265244,0.07081958651542664,0.08506383001804352,0.05865401774644852,0.06423768401145935,0.06820099130272865,0.010412967256098943,0.06330438703298569
129,0.05516959726810455,0.06393970549106598,0.07827505469322205,0.0508234016597271,0.05782761797308922,0.061207075417041776,0.01065921830396473,0.06483439356088638
130,0.04988382011651993,0.06330535560846329,0.07625953108072281,0.04798464477062225,0.05632873624563217,0.05875241756439209,0.0114858549014908,0.06593114137649536
131,0.05744895711541176,0.06965820491313934,0.08475182950496674,0.05534471943974495,0.0645129531621933,0.06634333282709122,0.011761067472265355,0.07075096666812897
132,0.05528273805975914,0.06975866854190826,0.08472217619419098,0.055947158485651016,0.0645638108253479,0.06605491042137146,0.012068702915352251,0.06802012771368027
133,0.05956083536148071,0.07196583598852158,0.08734910935163498,0.05730636790394783,0.06474395841360092,0.0681852214038372,0.012104951744650778,0.07385878264904022
134,0.05627569183707237,0.08008935302495956,0.0926414281129837,0.05431907996535301,0.06390096247196198,0.06944530308246613,0.016464636456345407,0.07720400393009186
135,0.05997392162680626,0.08215160667896271,0.09504137933254242,0.05843984708189964,0.06848273426294327,0.07281789779663086,0.01558437488437812,0.07624012231826782
136,0.07427630573511124,0.0961775928735733,0.11048063635826111,0.07272014021873474,0.08237256854772568,0.08720544874668121,0.015988881775853264,0.09175343066453934
137,0.060211725533008575,0.08596876263618469,0.09945160895586014,0.061237987130880356,0.06961333751678467,0.07529668435454369,0.016991593648750775,0.07816524058580399
138,0.05884137004613876,0.0785612091422081,0.0943702906370163,0.058885958045721054,0.06738847494125366,0.07160946056246757,0.015075730209012442,0.07269707322120667
139,0.06490279734134674,0.08333940804004669,0.09819812327623367,0.06533817201852798,0.0742664784193039,0.0772089958190918,0.013956564877654546,0.0759432315826416
140,0.0673777237534523,0.08334384858608246,0.09888479113578796,0.06498821079730988,0.07231977581977844,0.07738287001848221,0.013939434431468254,0.07302021235227585
141,0.06558170169591904,0.08254334330558777,0.09872391074895859,0.06405529379844666,0.07035517692565918,0.07625188529491425,0.014508232177519936,0.07309787720441818
142,0.06522399187088013,0.08233162760734558,0.09746922552585602,0.06337332725524902,0.07033444941043854,0.07574652433395386,0.014215744638925495,0.07303280383348465
143,0.06575121730566025,0.08508004248142242,0.10069555789232254,0.06618422269821167,0.07368569076061249,0.07827934622764587,0.01477399499931965,0.07583282142877579
144,0.061259400099515915,0.08134619891643524,0.09779329597949982,0.06119851395487785,0.06916040927171707,0.07415156364440918,0.01556916249835984,0.07636599987745285
145,0.07073970884084702,0.09529519081115723,0.11139799654483795,0.0735708549618721,0.07963274419307709,0.08612729907035828,0.017024099495954164,0.09065290540456772
146,0.07809137552976608,0.1015491634607315,0.11852633953094482,0.07927457988262177,0.08654759079217911,0.09279780983924865,0.017152008825499276,0.09500162303447723
147,0.07949190586805344,0.09833097457885742,0.11717157810926437,0.07873088121414185,0.08795907348394394,0.0923368826508522,0.015984157416812163,0.09276328235864639
148,0.07621078938245773,0.09743406623601913,0.11788132786750793,0.07887664437294006,0.08731792867183685,0.09154415130615234,0.016895092813046894,0.08646031469106674
149,0.07124969363212585,0.092588871717453,0.11366989463567734,0.07291996479034424,0.08317624777555466,0.08672093451023102,0.01734264975771703,0.08139065653085709
150,0.06086835265159607,0.08315879851579666,0.10253999382257462,0.06224878504872322,0.07428208738565445,0.076619603484869,0.017137050605070345,0.07831233739852905
151,0.059008389711380005,0.08439110964536667,0.10194551199674606,0.06227952614426613,0.07411537319421768,0.0763479821383953,0.017489231667185492,0.08262458443641663
152,0.06545109301805496,0.09007588028907776,0.10785842686891556,0.06783223897218704,0.08120471239089966,0.08248447030782699,0.01737763492540205,0.09305459260940552
153,0.06999684870243073,0.0968935638666153,0.1135522648692131,0.07032185047864914,0.0855264961719513,0.08725820481777191,0.018520333866212314,0.09817232191562653
154,0.07500890642404556,0.10018131136894226,0.11642411351203918,0.07573208957910538,0.08916042745113373,0.09130136966705323,0.017481676818052662,0.10272615402936935
155,0.08027344942092896,0.10041570663452148,0.11723654717206955,0.07988692820072174,0.08711545169353485,0.09298561662435531,0.015897700617790344,0.1010119840502739
156,0.07773619145154953,0.09698832780122757,0.11507920920848846,0.0788307934999466,0.08486548066139221,0.09070000052452087,0.0156274511605485,0.10113825649023056
157,0.09114815294742584,0.10676152259111404,0.12324213236570358,0.09088259190320969,0.0960884764790535,0.10162457525730133,0.013688508170381043,0.11090755462646484
158,0.08662426471710205,0.0999416783452034,0.11932292580604553,0.08576303720474243,0.09118472784757614,0.0965673267841339,0.013908388325033794,0.11080015450716019
159,0.09321162104606628,0.10980017483234406,0.12751641869544983,0.09391672909259796,0.10121797025203705,0.10513258278369904,0.014195522354778754,0.11477869004011154
160,0.09478702396154404,0.11352841556072235,0.12953385710716248,0.09632369130849838,0.10494286566972733,0.10782317072153091,0.014268663465094486,0.11789777129888535
161,0.10043845325708389,0.11941911280155182,0.13530109822750092,0.1029798611998558,0.11215146631002426,0.11405799835920334,0.014070028751240625,0.12356226146221161
162,0.09161146730184555,0.10899389535188675,0.12444180995225906,0.09256871044635773,0.10492441058158875,0.10450805872678756,0.013477023268848679,0.125870943069458
163,0.09819862991571426,0.1155584529042244,0.13216890394687653,0.09811673313379288,0.10921671986579895,0.1106518879532814,0.014153884682522282,0.13290421664714813
164,0.09373278170824051,0.11109185218811035,0.1273110955953598,0.09343583881855011,0.10603583604097366,0.10632148087024688,0.01403493034773791,0.12641997635364532
165,0.09651602804660797,0.11260818690061569,0.1291092485189438,0.09392087161540985,0.107499860227108,0.10793083906173706,0.014117059281744239,0.13186058402061462
166,0.09525980800390244,0.11096128076314926,0.12715797126293182,0.09290863573551178,0.10495466738939285,0.10624847263097763,0.013782177115912014,0.13445675373077393
167,0.08665475994348526,0.10407719016075134,0.12070441246032715,0.08779110014438629,0.09833751618862152,0.09951299577951431,0.013910668834153237,0.13017062842845917
168,0.07893919944763184,0.09769685566425323,0.11331227421760559,0.08110013604164124,0.09246046096086502,0.09270178526639938,0.013908704591559053,0.12121277302503586
169,0.09252451360225677,0.09989598393440247,0.11132419854402542,0.08411231637001038,0.09536255896091461,0.09664391428232193,0.01002171370930234,0.1302434355020523
170,0.08760010451078415,0.09552528709173203,0.10583745688199997,0.07983534038066864,0.09220192581415176,0.0922000229358673,0.009631739383032143,0.12595593929290771
171,0.0972738116979599,0.10753394663333893,0.1156359314918518,0.09026500582695007,0.1023230254650116,0.10260634422302246,0.009680860188615187,0.12850362062454224
172,0.10168787091970444,0.11211893707513809,0.12118753790855408,0.09519112855195999,0.11038607358932495,0.10811430960893631,0.010005185827327541,0.13633163273334503
173,0.1053023710846901,0.11608938127756119,0.12488753348588943,0.0997491329908371,0.1132090613245964,0.11184749603271485,0.009735233383604974,0.1376093178987503
174,0.09837567806243896,0.11019260436296463,0.11743676662445068,0.0938945785164833,0.10571879148483276,0.10512368381023407,0.009344630869842241,0.13124492764472961
175,0.10481056571006775,0.11517541855573654,0.12321832031011581,0.09991483390331268,0.11064112186431885,0.11075205206871033,0.009051697053175009,0.13653883337974548
176,0.10377605259418488,0.11216799914836884,0.12138539552688599,0.09808246046304703,0.10682054609060287,0.10844649076461792,0.008847806140168972,0.13595861196517944
177,0.10131467133760452,0.11014871299266815,0.11832321435213089,0.09538979083299637,0.10627670586109161,0.10629061907529831,0.008707131324455504,0.12663379311561584
178,0.08996512740850449,0.10467197000980377,0.1126118078827858,0.08708970248699188,0.09913501143455505,0.0986947238445282,0.010493914041658498,0.12227021902799606
179,0.07341146469116211,0.08772742748260498,0.09393634647130966,0.07165928930044174,0.08437865972518921,0.08222263753414154,0.009505040950792286,0.1072455421090126
180,0.08166393637657166,0.09597433358430862,0.10350420325994492,0.07990071922540665,0.09235161542892456,0.09067896157503127,0.009909171854702747,0.11748895049095154
181,0.08296190947294235,0.09762900322675705,0.10572647303342819,0.08039433509111404,0.09219914674758911,0.09178217351436616,0.010443690621073162,0.11800350248813629
182,0.08661791682243347,0.10265281796455383,0.1119941994547844,0.08509982377290726,0.09560393542051315,0.09639373868703842,0.011250482722800615,0.1165679469704628
183,0.09193252772092819,0.10720888525247574,0.11798395961523056,0.08929233253002167,0.10079388320446014,0.10144231766462326,0.011676449920253294,0.12239970266819
184,0.08097188174724579,0.09982018172740936,0.10788901150226593,0.08110541105270386,0.09478078782558441,0.09291345477104188,0.011805593717951533,0.11592864245176315
185,0.08720221370458603,0.10655010491609573,0.11549092829227448,0.08699748665094376,0.10122516751289368,0.09949318021535873,0.012409050378532736,0.12333637475967407
186,0.08766214549541473,0.10696618258953094,0.11605669558048248,0.08800149708986282,0.10065273940563202,0.0998678520321846,0.01227671222274648,0.12471102178096771
187,0.09806545823812485,0.11872117966413498,0.12945517897605896,0.09844843298196793,0.1113983765244484,0.11121772527694702,0.013462690425915863,0.13640442490577698
188,0.09680954366922379,0.11754588037729263,0.12981785833835602,0.09671622514724731,0.11153215169906616,0.11048433184623718,0.014153703000300397,0.13876961171627045
189,0.10402339696884155,0.1259436160326004,0.1384912133216858,0.10119613260030746,0.11931266635656357,0.11779340505599975,0.015509802840095017,0.14488397538661957
190,0.09637275338172913,0.1204104796051979,0.13192938268184662,0.09532267600297928,0.11466070264577866,0.11173919886350632,0.015787650919659255,0.14297346770763397
191,0.09300247579813004,0.11306891590356827,0.12737682461738586,0.0917847529053688,0.10988299548625946,0.10702319294214249,0.014897903569595548,0.13592414557933807
192,0.09197266399860382,0.11562676727771759,0.12095415592193604,0.09272985905408859,0.1117350235581398,0.10660369396209717,0.013418573757951925,0.13128653168678284
193,0.10104259103536606,0.12366563081741333,0.13035646080970764,0.10040974617004395,0.11862517148256302,0.1148199200630188,0.013523854316095077,0.13772214949131012
194,0.10956905782222748,0.13080444931983948,0.13800789415836334,0.10720742493867874,0.12707950174808502,0.1225336655974388,0.013523100113715445,0.1467430740594864
195,0.11326716095209122,0.13221268355846405,0.13941285014152527,0.10787425935268402,0.12943124771118164,0.12443964034318925,0.013311362624772996,0.14563971757888794
196,0.11062458902597427,0.12962505221366882,0.13504362106323242,0.10640513896942139,0.12828391790390015,0.1219964638352394,0.012652714123796437,0.14709122478961945
197,0.12146583944559097,0.13617098331451416,0.1399129182100296,0.11300080269575119,0.13683564960956573,0.12947723865509034,0.011656664363466688,0.15293268859386444
198,0.1221136599779129,0.1372392475605011,0.14189714193344116,0.11406903713941574,0.13792484998703003,0.13064878731966018,0.011944007393062468,0.15386615693569183
199,0.11248304694890976,0.1275712549686432,0.13278433680534363,0.10579074174165726,0.12999173998832703,0.12172422409057618,0.011875825205001139,0.14835615456104279
200,0.1058690994977951,0.12538044154644012,0.13113993406295776,0.10248099267482758,0.12639981508255005,0.11825405657291413,0.013089702915481682,0.14802613854408264
201,0.10792762041091919,0.1273767203092575,0.1340802162885666,0.10403609275817871,0.12796705961227417,0.12027754187583924,0.01338232106197824,0.1481267213821411
202,0.09692155569791794,0.11422207206487656,0.1212262362241745,0.09703972935676575,0.11797689646482468,0.10947729796171188,0.011674045816435072,0.13390536606311798
203,0.08534134179353714,0.09836000949144363,0.10720860213041306,0.08431678265333176,0.10463664680719376,0.09597267657518387,0.010675847789213084,0.12345045804977417
204,0.08307476341724396,0.0949532613158226,0.10338084399700165,0.0828721672296524,0.09973626583814621,0.09280346035957336,0.00945839056072253,0.11867116391658783
205,0.08068693429231644,0.09089085459709167,0.09892790764570236,0.07826133817434311,0.09606188535690308,0.08896578401327133,0.00917100010522743,0.11730411648750305
206,0.06692487746477127,0.07978398352861404,0.08702673017978668,0.06736673414707184,0.08751900494098663,0.0777242660522461,0.010131885878937166,0.11046507954597473
207,0.05762394517660141,0.0724618136882782,0.07722115516662598,0.05971188843250275,0.07891419529914856,0.06918659955263137,0.00991680842793923,0.10678251832723618
208,0.06285955011844635,0.07526989281177521,0.08083321899175644,0.06240073963999748,0.07974404096603394,0.07222148850560188,0.009001895146942374,0.11490967124700546
209,0.048427172005176544,0.05928453058004379,0.06567444652318954,0.04709438234567642,0.06304898858070374,0.056705904006958005,0.008488780006296158,0.09837602823972702
210,0.04333700239658356,0.051764555275440216,0.05942857265472412,0.04193076863884926,0.053811393678188324,0.0500544585287571,0.007349006098816515,0.09379007667303085
211,0.038360919803380966,0.050297629088163376,0.05564209073781967,0.03814113512635231,0.0484500415623188,0.046178363263607025,0.007703902733622636,0.08832992613315582
212,0.034842267632484436,0.04734306409955025,0.05317294970154762,0.03450871631503105,0.04153351113200188,0.04228010177612305,0.00807094990905512,0.08391622453927994
213,0.029797062277793884,0.042112912982702255,0.050431229174137115,0.03278617933392525,0.03860977664589882,0.03874743208289146,0.008116375101619949,0.07912900298833847
214,0.03822663798928261,0.04812510311603546,0.05798343941569328,0.039362821727991104,0.045698072761297226,0.045879215002059937,0.00794692378889939,0.09058982878923416
215,0.048976510763168335,0.058377236127853394,0.06739868223667145,0.04892095923423767,0.05465345084667206,0.05566536784172058,0.007685647805796045,0.10213543474674225
216,0.06244604289531708,0.07464656233787537,0.08273777365684509,0.06282404810190201,0.06880789250135422,0.07029246389865876,0.008564336190041504,0.10897894948720932
217,0.07214297354221344,0.08143430203199387,0.09060756117105484,0.0701579675078392,0.0756949931383133,0.07800755947828293,0.008244089285179224,0.11543355137109756
218,0.08025076985359192,0.08670613169670105,0.09703106433153152,0.0774502083659172,0.08205807954072952,0.08469925075769424,0.007671612941104575,0.11955342441797256
219,0.08542536199092865,0.09261003881692886,0.1005195677280426,0.08565647155046463,0.08846200257539749,0.09053468853235244,0.006288941426457479,0.12407216429710388
220,0.08534044772386551,0.0934697836637497,0.10157044976949692,0.08610698580741882,0.0883556455373764,0.09096866250038146,0.006722984081861786,0.12195193767547607
221,0.09087342023849487,0.0994122251868248,0.10645219683647156,0.09220162779092789,0.0945499986410141,0.09669789373874664,0.006349574326516405,0.12722331285476685
222,0.08258552849292755,0.08809085935354233,0.09788424521684647,0.08220687508583069,0.08526056259870529,0.08720561414957047,0.0064213049643305755,0.12045586109161377
223,0.0746375098824501,0.08172253519296646,0.09113367646932602,0.07482818514108658,0.0812230259180069,0.08070898652076722,0.006734469752202071,0.1124541312456131
224,0.060737840831279755,0.06868737936019897,0.07672116160392761,0.06252509355545044,0.06885962933301926,0.0675062209367752,0.006300090877297684,0.09640844166278839
225,0.07159200310707092,0.07895644009113312,0.08796422183513641,0.07144878059625626,0.07822535932064056,0.07763736099004745,0.006774486066286061,0.10246071219444275
226,0.08486194908618927,0.09292954206466675,0.10093258321285248,0.08584847301244736,0.09197324514389038,0.09130915850400925,0.006462633990693602,0.1017208844423294
227,0.07910843938589096,0.09415089339017868,0.10027971863746643,0.08583518862724304,0.09051646292209625,0.08997814059257507,0.008048891575319487,0.09455602616071701
228,0.08469755947589874,0.09222565591335297,0.09700806438922882,0.08487149327993393,0.09616833180189133,0.09099422097206115,0.005949577882703254,0.0929962620139122
229,0.08595031499862671,0.09356577694416046,0.09729249775409698,0.08357715606689453,0.08939294517040253,0.08995573818683625,0.005565673398925064,0.09086745977401733
230,0.09866278618574142,0.10300227254629135,0.10635097324848175,0.0943748727440834,0.09629474580287933,0.09973713010549545,0.004903113929778235,0.09725026041269302
231,0.10165662318468094,0.10784906893968582,0.11169078946113586,0.09756366163492203,0.10167504847049713,0.10408703833818436,0.005618028166965932,0.10133351385593414
232,0.11548873782157898,0.11489872634410858,0.12598001956939697,0.109188511967659,0.10727204382419586,0.11456560790538788,0.007303443846943789,0.11534532904624939
233,0.12816724181175232,0.13010172545909882,0.13964691758155823,0.1239963248372078,0.1255430281162262,0.12949104756116867,0.006145037029569298,0.12905439734458923
234,0.12458594143390656,0.1274276226758957,0.13772352039813995,0.12010061740875244,0.12310181558132172,0.12658790349960328,0.006762999222183766,0.1297369748353958
235,0.13426601886749268,0.12625880539417267,0.14678175747394562,0.1280263513326645,0.11528568714857101,0.1301237240433693,0.011555870710682838,0.12898823618888855
236,0.13700304925441742,0.12376806139945984,0.14889124035835266,0.1290833055973053,0.11150795966386795,0.13005072325468064,0.014031587045270313,0.13069067895412445
237,0.13135559856891632,0.11926868557929993,0.14523954689502716,0.12461503595113754,0.10644660145044327,0.12538509368896483,0.014374597089878267,0.1296205371618271
238,0.12288635969161987,0.11088558286428452,0.13746197521686554,0.11727042496204376,0.09997405856847763,0.11769568026065827,0.013948689125404012,0.12427779287099838
239,0.12755568325519562,0.11401946097612381,0.14282011985778809,0.1210949495434761,0.10038606822490692,0.1211752563714981,0.015752874049517075,0.12983675301074982
240,0.146671861410141,0.13434788584709167,0.1619960069656372,0.13833287358283997,0.12007087469100952,0.14028390049934386,0.015490568098931966,0.14603900909423828
241,0.15468524396419525,0.13990139961242676,0.16864067316055298,0.14496669173240662,0.12305139005184174,0.14624907970428466,0.016975148685659837,0.15312573313713074
242,0.14021261036396027,0.12798017263412476,0.16114817559719086,0.13622987270355225,0.11357685923576355,0.13582953810691833,0.017444191367270143,0.14752539992332458
243,0.1406985968351364,0.1286398470401764,0.16184550523757935,0.13569557666778564,0.11424622684717178,0.1362251505255699,0.017444946696328567,0.15150032937526703
244,0.1388244926929474,0.12712489068508148,0.15562449395656586,0.13046333193778992,0.11497100442647934,0.13340164273977279,0.015091240283513215,0.150234192609787
245,0.1455727219581604,0.13311399519443512,0.1640370637178421,0.13899363577365875,0.11880568414926529,0.14010462015867234,0.016631369387617993,0.15541045367717743
246,0.14809054136276245,0.1325269192457199,0.16955536603927612,0.14207597076892853,0.1161157414317131,0.14167290776968003,0.01972053382377814,0.15557792782783508
247,0.14975187182426453,0.1348198503255844,0.16837142407894135,0.14245814085006714,0.11930517852306366,0.14294129312038423,0.018151671584831393,0.1602916270494461
248,0.15395332872867584,0.13889636099338531,0.17227274179458618,0.14644156396389008,0.12303883582353592,0.14692056626081468,0.018215013822926857,0.16194455325603485
249,0.153932586312294,0.1384781450033188,0.17219895124435425,0.1465403437614441,0.1227828785777092,0.14678658097982406,0.018317494539551282,0.1604882776737213
250,0.1655149906873703,0.14779117703437805,0.18272407352924347,0.15408551692962646,0.13162851333618164,0.15634885430335999,0.01916456390884382,0.16751141846179962
251,0.15761756896972656,0.14212501049041748,0.1758982390165329,0.14993828535079956,0.12615060806274414,0.15034594237804413,0.018432040885182653,0.16183674335479736
252,0.16015493869781494,0.14440496265888214,0.18065279722213745,0.15501686930656433,0.12765635550022125,0.15357718467712403,0.01958601143958837,0.16540348529815674
253,0.15180151164531708,0.1377091109752655,0.17422331869602203,0.14684048295021057,0.12073925137519836,0.1462627351284027,0.019604966082251762,0.16043633222579956
254,0.15109407901763916,0.1384802609682083,0.17413000762462616,0.14765411615371704,0.12210684269666672,0.14669306129217147,0.019006649109614332,0.16031576693058014
255,0.1561950296163559,0.135030135512352,0.1814837008714676,0.14919593930244446,0.11955800652503967,0.14829256236553193,0.02327274918894957,0.1641029417514801
256,0.15519966185092926,0.13532619178295135,0.1819649040699005,0.15011553466320038,0.11980926990509033,0.14848311245441437,0.02325994956972713,0.1638832688331604
257,0.14885444939136505,0.12795570492744446,0.1760532408952713,0.14408978819847107,0.11325288563966751,0.14204121381044388,0.023635800292590145,0.1600789576768875
258,0.1457262635231018,0.12642018496990204,0.17296425998210907,0.14073745906352997,0.11180870980024338,0.13953137546777725,0.022902175391172067,0.15956740081310272
259,0.14589370787143707,0.1319388598203659,0.17526307702064514,0.14019209146499634,0.11102346330881119,0.14086223989725113,0.02334074583201113,0.16329440474510193
260,0.14894013106822968,0.12666009366512299,0.18006689846515656,0.1421177238225937,0.11170776933431625,0.14189852327108382,0.025739796591719526,0.16447407007217407
261,0.17348264157772064,0.15500527620315552,0.20737919211387634,0.16774685680866241,0.14063803851604462,0.1688504010438919,0.024973826723267322,0.1869516223669052
262,0.15485724806785583,0.14090074598789215,0.18471333384513855,0.1473517268896103,0.12452083826065063,0.1504687786102295,0.022172658250047994,0.17534239590168
263,0.1637742668390274,0.15197241306304932,0.19331888854503632,0.15608540177345276,0.13412819802761078,0.15985583364963532,0.021641429440831524,0.18768420815467834
264,0.1710103452205658,0.15555371344089508,0.1987156718969345,0.15944939851760864,0.13849270343780518,0.16464436650276185,0.022332245088769766,0.19220833480358124
265,0.17222653329372406,0.15813064575195312,0.20089252293109894,0.16161641478538513,0.14181284606456757,0.16693579256534577,0.0218977185217986,0.19744671881198883
266,0.16420075297355652,0.14761342108249664,0.1925659328699112,0.15225723385810852,0.1304628551006317,0.15742003917694092,0.023079893920919813,0.18813207745552063
267,0.17006337642669678,0.154368594288826,0.19761605560779572,0.15792861580848694,0.1365574151277542,0.16330681145191192,0.02262256795186411,0.194643035531044
268,0.17015908658504486,0.15470364689826965,0.19719988107681274,0.15818138420581818,0.13700933754444122,0.16345066726207733,0.02229031151270706,0.19506235420703888
269,0.1736288219690323,0.1570102721452713,0.19888140261173248,0.161586731672287,0.13969431817531586,0.16616030931472778,0.021974633714035442,0.19683407247066498
270,0.17982591688632965,0.16245926916599274,0.20679907500743866,0.16843050718307495,0.14485137164592743,0.1724732279777527,0.02297779209484155,0.20114320516586304
271,0.1782655119895935,0.15951363742351532,0.20702917873859406,0.1679166704416275,0.142480731010437,0.17104114592075348,0.024008712326036782,0.19947749376296997
272,0.1736341267824173,0.1577335149049759,0.19919437170028687,0.16470704972743988,0.14003421366214752,0.1670606553554535,0.021787323216541202,0.1937379539012909
273,0.17728620767593384,0.16507820785045624,0.2032230794429779,0.17371121048927307,0.15018890798091888,0.17389752268791198,0.01943826704406038,0.19608822464942932
274,0.17837059497833252,0.1710076630115509,0.20506536960601807,0.1780558079481125,0.15724265575408936,0.17794841825962066,0.017409921743067762,0.1990973949432373
275,0.17678050696849823,0.17006966471672058,0.20512568950653076,0.17762669920921326,0.15510278940200806,0.17694106996059417,0.0181589878205755,0.19795061647891998
276,0.17477521300315857,0.16320569813251495,0.2038998007774353,0.17231526970863342,0.14903637766838074,0.1726464718580246,0.020174095757008223,0.19324058294296265
277,0.1854037344455719,0.17215384542942047,0.21374382078647614,0.18134699761867523,0.15860724449157715,0.18225112855434417,0.020393224492220818,0.20126792788505554
278,0.1902969479560852,0.17006945610046387,0.2166983187198639,0.18327468633651733,0.15686635673046112,0.1834411531686783,0.022572609408800005,0.20184166729450226
279,0.19690608978271484,0.17106829583644867,0.2227950394153595,0.18709281086921692,0.1576712727546692,0.1871067017316818,0.02496678087217093,0.20748555660247803
280,0.20177343487739563,0.17758584022521973,0.22575074434280396,0.18782836198806763,0.16314730048179626,0.19121713638305665,0.023922882513325947,0.21015870571136475
281,0.2012554109096527,0.17525266110897064,0.22414545714855194,0.1898484230041504,0.1600683182477951,0.19011405408382415,0.024525211667926306,0.20301087200641632
282,0.18784746527671814,0.16073298454284668,0.21430394053459167,0.17759673297405243,0.1453370451927185,0.17716363370418547,0.026346879282211806,0.18972788751125336
283,0.18378612399101257,0.155888631939888,0.21332921087741852,0.16894958913326263,0.1399001032114029,0.17237073183059692,0.02804288564455099,0.1897040456533432
284,0.19027510285377502,0.15991397202014923,0.22016453742980957,0.17680668830871582,0.14480483531951904,0.17839302718639374,0.028974995142100956,0.19748155772686005
285,0.19246774911880493,0.1569778323173523,0.22468651831150055,0.17410632967948914,0.14521339535713196,0.17869036495685578,0.03129943044368542,0.20301705598831177
286,0.19410069286823273,0.16241499781608582,0.22848275303840637,0.17923519015312195,0.1496141403913498,0.18276955485343932,0.030594821502923635,0.20654533803462982
287,0.20274993777275085,0.1692432314157486,0.23441706597805023,0.18677276372909546,0.157271146774292,0.19009082913398742,0.030198641290329304,0.2146911919116974
288,0.19887542724609375,0.1658395379781723,0.22975687682628632,0.17664337158203125,0.15779203176498413,0.18578144907951355,0.029025343538316564,0.21426373720169067
289,0.20302042365074158,0.17176683247089386,0.22981438040733337,0.1809825450181961,0.16316485404968262,0.1897498071193695,0.026871412725911887,0.21914441883563995
290,0.20853284001350403,0.17723366618156433,0.23328712582588196,0.18806155025959015,0.16984042525291443,0.19539112150669097,0.02571510152748528,0.22358699142932892
291,0.21619060635566711,0.18160852789878845,0.24332039058208466,0.19491328299045563,0.1731380671262741,0.20183417499065398,0.02831808326213226,0.22959637641906738
292,0.21751119196414948,0.19081197679042816,0.2455846667289734,0.19895491003990173,0.18229733407497406,0.20703201591968537,0.025180616601369832,0.2324356585741043
293,0.20647279918193817,0.1806974858045578,0.2325868010520935,0.1899743378162384,0.17182494699954987,0.19631127417087554,0.023993216796172317,0.2213602364063263
294,0.22246849536895752,0.1855236291885376,0.2401820421218872,0.19544658064842224,0.17779144644737244,0.2042824387550354,0.02622619003657912,0.230106920003891
295,0.22564849257469177,0.18051862716674805,0.24857407808303833,0.19824489951133728,0.17676082253456116,0.2059493839740753,0.030671542262657066,0.239144966006279
296,0.2298908233642578,0.1924152672290802,0.2505468428134918,0.2015480101108551,0.18336984515190125,0.21155415773391723,0.027917012697839066,0.2417851984500885
297,0.23036392033100128,0.19376400113105774,0.25546151399612427,0.20434747636318207,0.18482284247875214,0.2137519508600235,0.02889853271955958,0.2482984960079193
298,0.23714901506900787,0.1984613686800003,0.26105621457099915,0.2124193161725998,0.19020673632621765,0.21985853016376494,0.02910592452976523,0.25219619274139404
299,0.23957830667495728,0.20007620751857758,0.259366512298584,0.21352486312389374,0.19339579343795776,0.22118833661079407,0.02771570121119697,0.2529657185077667
300,0.24541035294532776,0.2011123150587082,0.26303234696388245,0.21628496050834656,0.1929396539926529,0.22375592589378357,0.02970581808472674,0.2547086775302887
301,0.23026302456855774,0.19723965227603912,0.249891996383667,0.20729848742485046,0.18906207382678986,0.21475104689598085,0.024988100686958545,0.24519725143909454
302,0.22821533679962158,0.19199076294898987,0.2478167861700058,0.2026648372411728,0.18325549364089966,0.21078864336013795,0.02670301420932692,0.24311715364456177
303,0.23510432243347168,0.19659771025180817,0.25438448786735535,0.20892232656478882,0.18863366544246674,0.21672850251197814,0.027436968859435484,0.24658215045928955
304,0.23604167997837067,0.20632797479629517,0.2580960690975189,0.21230284869670868,0.1964777559041977,0.22184926569461821,0.024955026737232426,0.2573106288909912
305,0.24753324687480927,0.22031886875629425,0.2660905718803406,0.22467085719108582,0.21003596484661102,0.23372990190982817,0.02269950466518899,0.25853386521339417
306,0.23863090574741364,0.21137690544128418,0.25646549463272095,0.21499545872211456,0.2010994255542755,0.22451363801956176,0.02253671013296323,0.2548464834690094
307,0.2472078949213028,0.21619924902915955,0.2656741738319397,0.22054001688957214,0.20567500591278076,0.231059268116951,0.02467187379714039,0.2665272057056427
308,0.25527775287628174,0.22308535873889923,0.27708736062049866,0.22819897532463074,0.2125895470380783,0.23924779891967773,0.02637591336037289,0.2754531800746918
309,0.25605282187461853,0.22369252145290375,0.27428680658340454,0.22832274436950684,0.21464593708515167,0.23940016627311705,0.024882724203955587,0.2749212980270386
310,0.25243818759918213,0.2223702371120453,0.2702208459377289,0.22509272396564484,0.21073757112026215,0.23617191314697267,0.024413428463473073,0.2680295407772064
311,0.2498091161251068,0.2208053022623062,0.2684687674045563,0.2168302685022354,0.20882731676101685,0.2329481542110443,0.025174669266806705,0.26319047808647156
312,0.2568662762641907,0.22975054383277893,0.2767404615879059,0.22405053675174713,0.2167215347290039,0.2408258706331253,0.025160714199934892,0.2709483206272125
313,0.2613307237625122,0.23062722384929657,0.2755771577358246,0.22352273762226105,0.21777261793613434,0.24176609218120576,0.0252910267806532,0.27120378613471985
314,0.27282044291496277,0.2409074604511261,0.28294408321380615,0.23258326947689056,0.2262842357158661,0.25110789835453035,0.025240851278019793,0.2727290689945221
315,0.28216323256492615,0.2509301006793976,0.2884663939476013,0.24183040857315063,0.23349231481552124,0.2593764901161194,0.024569570302380588,0.2721043527126312
316,0.2811301052570343,0.257442444562912,0.288134902715683,0.23975878953933716,0.239095076918602,0.26111226379871366,0.02283162250569614,0.2746579945087433
317,0.28578779101371765,0.26316532492637634,0.2924797236919403,0.24465256929397583,0.2443200945854187,0.26608110070228574,0.022508143152486122,0.27720147371292114
318,0.28630539774894714,0.2616068720817566,0.28913530707359314,0.24423201382160187,0.24089846014976501,0.26443561017513273,0.02268560739507305,0.27669093012809753
319,0.27577096223831177,0.2574438452720642,0.2837057411670685,0.23526398837566376,0.23544418811798096,0.2575257450342178,0.022368883640457825,0.2755911648273468
320,0.27843600511550903,0.25650617480278015,0.2849988639354706,0.2391992211341858,0.23730666935443878,0.25928938686847686,0.021921285884339566,0.2789532542228699
321,0.29404282569885254,0.2675478458404541,0.29873764514923096,0.25350236892700195,0.24668116867542267,0.27210237085819244,0.02347212541275638,0.2902979552745819
322,0.2953961491584778,0.27153900265693665,0.3021044433116913,0.25448694825172424,0.25018569827079773,0.27474244832992556,0.02344587089639555,0.29600706696510315
323,0.2850796580314636,0.26324430108070374,0.2890942096710205,0.2454039305448532,0.24143239855766296,0.2648508995771408,0.021943864211791286,0.28712019324302673
324,0.2872427701950073,0.2677449584007263,0.29410654306411743,0.24952207505702972,0.24825845658779144,0.26937496066093447,0.021057127677774644,0.2967381775379181
325,0.2881287932395935,0.269552618265152,0.297164648771286,0.2517232894897461,0.2505912780761719,0.2714321255683899,0.021019355087525098,0.2981807291507721
326,0.29477769136428833,0.27225637435913086,0.3031591475009918,0.25598669052124023,0.2543436288833618,0.2761047065258026,0.022213238551838405,0.3024292588233948
327,0.30876898765563965,0.2812482714653015,0.31648483872413635,0.26736441254615784,0.26507481932640076,0.28778826594352724,0.023661624762024564,0.3143750727176666
328,0.3051888644695282,0.2787805199623108,0.3098212778568268,0.26508739590644836,0.26159384846687317,0.28409438133239745,0.02237536044668703,0.31255844235420227
329,0.29760831594467163,0.2746926546096802,0.29917436838150024,0.25738847255706787,0.2560749351978302,0.27698774933815,0.02088180270696487,0.30454134941101074
330,0.3009144067764282,0.2778080105781555,0.30165672302246094,0.2596319615840912,0.25955018401145935,0.27991225719451907,0.020882075743233214,0.30617284774780273
331,0.3039238154888153,0.27637404203414917,0.3019140362739563,0.26113948225975037,0.2597915828227997,0.28062859177589417,0.02137665268852736,0.30603715777397156
332,0.3107921779155731,0.2871057689189911,0.3084251880645752,0.268583208322525,0.27146825194358826,0.2892749190330505,0.019872435249470615,0.3155159652233124
333,0.31128600239753723,0.289517879486084,0.30905988812446594,0.27012747526168823,0.27434051036834717,0.2908663511276245,0.019059051046628944,0.3189835846424103
334,0.28711649775505066,0.27892935276031494,0.2926928997039795,0.248916357755661,0.26432693004608154,0.2743964076042175,0.017802648868699922,0.3063701391220093
335,0.28740358352661133,0.28059855103492737,0.29263854026794434,0.24985206127166748,0.2661750018596649,0.2753335475921631,0.017364143408586986,0.3090677261352539
336,0.29546859860420227,0.2850404679775238,0.2982921898365021,0.2552061975002289,0.27134257555007935,0.2810700058937073,0.017911219575072912,0.3169395327568054
337,0.2819637060165405,0.2775932550430298,0.28716719150543213,0.24429261684417725,0.26338258385658264,0.27087987065315244,0.01729370645124211,0.305438369512558
338,0.2984350323677063,0.29081788659095764,0.2986522316932678,0.2575629949569702,0.27551648020744324,0.28419692516326905,0.01760847151752057,0.31775346398353577
339,0.30131757259368896,0.29273420572280884,0.30217549204826355,0.26002037525177,0.2774858772754669,0.2867467045783997,0.017932285472533328,0.31933650374412537
340,0.2845861315727234,0.2775316834449768,0.2872355878353119,0.24603351950645447,0.2632928192615509,0.2717359483242035,0.017108900136954184,0.3062775731086731
341,0.2969385087490082,0.28872549533843994,0.29724422097206116,0.2556248903274536,0.2735489010810852,0.2824164032936096,0.01779731811887741,0.31338563561439514
342,0.289687842130661,0.28555163741111755,0.2975015640258789,0.24865657091140747,0.2697385847568512,0.2782272398471832,0.019384101110652186,0.3088012635707855
343,0.2910766303539276,0.2823469638824463,0.30053097009658813,0.2512544095516205,0.2672789692878723,0.278497588634491,0.019535660378004017,0.3086671829223633
344,0.28711241483688354,0.27214938402175903,0.2830764949321747,0.2468801587820053,0.2562223970890045,0.2690881699323654,0.017238340570447323,0.29572486877441406
345,0.28831207752227783,0.26946738362312317,0.2827620804309845,0.2486068159341812,0.2532641887664795,0.26848250925540923,0.01749805968980696,0.29378756880760193
346,0.2874959409236908,0.27152299880981445,0.28037017583847046,0.24940624833106995,0.25401628017425537,0.2685623288154602,0.01647130410893406,0.29292336106300354
347,0.28283607959747314,0.2685960531234741,0.27289584279060364,0.2462596297264099,0.2512719929218292,0.264371919631958,0.015256874667130719,0.2913816273212433
348,0.2787916958332062,0.2639055848121643,0.269192636013031,0.24334686994552612,0.2508333921432495,0.2612140357494354,0.014202728682254567,0.2897343635559082
349,0.2865774929523468,0.2727242708206177,0.27913400530815125,0.25151997804641724,0.25970935821533203,0.269933021068573,0.014257025162332179,0.2999056875705719
350,0.28867271542549133,0.2727392911911011,0.2866785228252411,0.2561606466770172,0.26139721274375916,0.27312967777252195,0.01458516691195646,0.30286428332328796
351,0.27772006392478943,0.274960458278656,0.2796403765678406,0.248379185795784,0.2613694667816162,0.26841391026973727,0.013290125103168906,0.2923850119113922
352,0.2922971248626709,0.2752964198589325,0.2885405123233795,0.25758033990859985,0.2622843384742737,0.27519974708557127,0.015391206730410828,0.3116602301597595
353,0.29818281531333923,0.27907508611679077,0.29123687744140625,0.2585766613483429,0.2638181447982788,0.2781779170036316,0.017043690896988272,0.314416766166687
354,0.30070605874061584,0.28489387035369873,0.2957993149757385,0.2613389492034912,0.26951584219932556,0.282450807094574,0.01681092869130446,0.31268611550331116
355,0.2922755479812622,0.2791617512702942,0.28563421964645386,0.2516707479953766,0.262840211391449,0.27431649565696714,0.016722962703591596,0.2988910973072052
356,0.3017716109752655,0.27794381976127625,0.2970905900001526,0.2619730234146118,0.26787546277046204,0.2813309013843536,0.0175601749959386,0.30187734961509705
357,0.3134669363498688,0.27992287278175354,0.3130410611629486,0.26886236667633057,0.27325016260147095,0.28970867991447447,0.021852164381235585,0.31536373496055603
358,0.3206106126308441,0.2886817455291748,0.31753990054130554,0.2765517830848694,0.27908286452293396,0.29649338126182556,0.02113298314527748,0.31946977972984314
359,0.33344125747680664,0.29842567443847656,0.3303152024745941,0.2890719771385193,0.28887686133384705,0.30802619457244873,0.022140768982540242,0.32974764704704285
360,0.337527334690094,0.30083024501800537,0.3347903788089752,0.2959534525871277,0.29102808237075806,0.3120258986949921,0.022322182174933713,0.33020874857902527
361,0.3410899341106415,0.3042707145214081,0.33716559410095215,0.2979431748390198,0.29443880915641785,0.31498164534568784,0.02236521830677426,0.3362562358379364
362,0.3565808832645416,0.32012370228767395,0.3538122773170471,0.31403279304504395,0.31110554933547974,0.3311310410499573,0.022229849623999865,0.35145241022109985
363,0.3555693030357361,0.3185787796974182,0.3541421592235565,0.3147566318511963,0.30952608585357666,0.33051459193229676,0.02245715248879584,0.35137706995010376
364,0.34796133637428284,0.3142470121383667,0.3494236469268799,0.30935734510421753,0.3042539060115814,0.3250486493110657,0.02187718834449365,0.3487655520439148
365,0.35958412289619446,0.32294386625289917,0.35859715938568115,0.31804272532463074,0.312969833612442,0.3344275414943695,0.022791414185787607,0.3556375205516815
366,0.3822116255760193,0.34372490644454956,0.38447070121765137,0.3426719009876251,0.3354173004627228,0.35769928693771363,0.023638717858628373,0.36966177821159363
367,0.38358059525489807,0.3453654944896698,0.3849034011363983,0.3445274531841278,0.3375450670719147,0.3591844022274017,0.023079700666431977,0.36991357803344727
368,0.38245025277137756,0.34744420647621155,0.3823453485965729,0.34260615706443787,0.339848130941391,0.35893881916999815,0.02158697222438586,0.3727046549320221
369,0.3851136565208435,0.3495402932167053,0.38888198137283325,0.34609195590019226,0.34121108055114746,0.36216779351234435,0.02289776516953646,0.36996081471443176
370,0.3934800624847412,0.3533322513103485,0.3944852352142334,0.3518601059913635,0.34426742792129517,0.36748501658439636,0.02443485848481409,0.3715945780277252
371,0.3889097571372986,0.3476335108280182,0.3901963531970978,0.34744569659233093,0.33782440423965454,0.36240194439888,0.025105003263710776,0.36715608835220337
372,0.3786183297634125,0.33847859501838684,0.38032108545303345,0.3388236165046692,0.32749679684638977,0.3527476847171783,0.024822754872949722,0.3562849164009094
373,0.37906569242477417,0.3419645428657532,0.3861810564994812,0.3401460349559784,0.33209291100502014,0.3558900475502014,0.024813066414448377,0.35710209608078003
374,0.36818382143974304,0.33441686630249023,0.3737757205963135,0.3256970942020416,0.32456308603286743,0.34532731771469116,0.02380792059147247,0.34668418765068054
375,0.36871442198753357,0.3353642523288727,0.3780791163444519,0.32634779810905457,0.32567253708839417,0.3468356251716614,0.02476922102448995,0.3441673219203949
376,0.37220191955566406,0.3455025553703308,0.38574910163879395,0.33328181505203247,0.3358294665813446,0.3545129716396332,0.02328957743475045,0.34930649399757385
377,0.3836943209171295,0.3567487299442291,0.3963538110256195,0.34570738673210144,0.34796905517578125,0.3660946607589722,0.02267646993769234,0.3617442846298218
378,0.3863102197647095,0.3518778383731842,0.397279292345047,0.34659188985824585,0.3435654044151306,0.3651249289512634,0.024831893187698333,0.35278141498565674
379,0.39894089102745056,0.3577533960342407,0.40779969096183777,0.3589436709880829,0.3477324843406677,0.3742340266704559,0.027133101898765034,0.3602186441421509
380,0.40174946188926697,0.36076152324676514,0.4115964472293854,0.36105793714523315,0.3494875729084015,0.37693058848381045,0.027767773923706218,0.3616815209388733
381,0.40357664227485657,0.36041805148124695,0.41218581795692444,0.36191439628601074,0.3500518202781677,0.37762934565544126,0.028156349934551534,0.36336663365364075
382,0.3975053131580353,0.3575189411640167,0.41166767477989197,0.35684552788734436,0.3482491075992584,0.37435731291770935,0.02828305491203522,0.3618858754634857
383,0.4054431915283203,0.3616028130054474,0.41327589750289917,0.3605922758579254,0.3523739278316498,0.3786576211452484,0.028389908215597122,0.3622509241104126
384,0.41232889890670776,0.3675110936164856,0.42800408601760864,0.3676651120185852,0.3558880388736725,0.38627944588661195,0.03178797606493464,0.37564054131507874
385,0.39850160479545593,0.35088855028152466,0.420012503862381,0.35249170660972595,0.34031054377555847,0.3724409818649292,0.03477445799312053,0.361288845539093
386,0.4033021926879883,0.35765132308006287,0.4245825409889221,0.35921192169189453,0.34412315487861633,0.3777742266654968,0.03436779155726163,0.35948291420936584
387,0.404729425907135,0.3564963638782501,0.4265466034412384,0.36045652627944946,0.34340140223503113,0.3783260643482208,0.03548924530457206,0.3588835895061493
388,0.4049070179462433,0.3551163375377655,0.4299945533275604,0.36088237166404724,0.3415546715259552,0.3784909904003143,0.03732007840204885,0.3640461564064026
389,0.4067782461643219,0.36413684487342834,0.43424540758132935,0.3642577826976776,0.350811630487442,0.38404598236083987,0.03510415522393776,0.3661979138851166
390,0.4187312424182892,0.3739626407623291,0.44099900126457214,0.37418970465660095,0.3635043501853943,0.39427738785743716,0.03370491053143966,0.3779405951499939
391,0.4178551137447357,0.3694470226764679,0.4348298907279968,0.3713044226169586,0.3610609769821167,0.39089948534965513,0.03313230160553886,0.3772347867488861
392,0.41713064908981323,0.3736925423145294,0.4372691214084625,0.3731909692287445,0.3691977560520172,0.3940962076187134,0.031095648487321905,0.38019827008247375
393,0.4097194969654083,0.36654195189476013,0.43103617429733276,0.3639744818210602,0.3609335124492645,0.3864411234855652,0.031945134477851155,0.3752969205379486
394,0.42534247040748596,0.37658318877220154,0.44039055705070496,0.3709881007671356,0.3684297800064087,0.39634681940078736,0.033888144676229366,0.3833604156970978
395,0.43093132972717285,0.3777410387992859,0.44068971276283264,0.3737827241420746,0.37082791328430176,0.39879454374313356,0.034054925524696474,0.38801130652427673
396,0.4246240556240082,0.3721892237663269,0.43012019991874695,0.3689199686050415,0.3648766577243805,0.3921460211277008,0.032319508182861806,0.38470786809921265
397,0.41619738936424255,0.36152833700180054,0.4248240888118744,0.35785597562789917,0.35807737708091736,0.3836966335773468,0.03377604913447944,0.3792670965194702
398,0.4269216060638428,0.3662010133266449,0.43856140971183777,0.3693147599697113,0.3611471951007843,0.39242919683456423,0.0371438615169811,0.3890860378742218
399,0.43023020029067993,0.3744521141052246,0.4462164044380188,0.37333762645721436,0.3663161098957062,0.3981104910373688,0.037182492242248476,0.39229267835617065
400,0.4460114538669586,0.38387757539749146,0.46532750129699707,0.3881683647632599,0.3697119653224945,0.41061937212944033,0.04224383446908959,0.4000920355319977
401,0.44673171639442444,0.3820684254169464,0.4655635952949524,0.3876345753669739,0.36823570728302,0.4100468039512634,0.043189010124643566,0.39725643396377563
402,0.45048394799232483,0.38450533151626587,0.46469590067863464,0.3867206573486328,0.37045958638191223,0.41137308478355405,0.04294332023564002,0.39594852924346924
403,0.4606421887874603,0.3931557238101959,0.4759073555469513,0.3965488374233246,0.38118112087249756,0.42148704528808595,0.04342764373734916,0.4060567021369934
404,0.4582209289073944,0.3986693024635315,0.47429749369621277,0.3991035223007202,0.3953094780445099,0.42512014508247375,0.03801072582827708,0.4084611237049103
405,0.4640638530254364,0.40066155791282654,0.480959951877594,0.40422141551971436,0.3992882966995239,0.42983901500701904,0.03945130390428031,0.41721758246421814
406,0.4641195237636566,0.3947966396808624,0.4781651794910431,0.4050377905368805,0.3980485200881958,0.4280335307121277,0.03983709627205688,0.4232575297355652
407,0.46151599287986755,0.4005487263202667,0.4696410298347473,0.4066880941390991,0.40236490964889526,0.4281517505645752,0.034358803888615015,0.4286918044090271
408,0.4633786380290985,0.4010735750198364,0.4727197587490082,0.41179218888282776,0.40804895758628845,0.43140262365341187,0.033835577464946955,0.43295103311538696
409,0.4451429545879364,0.39194056391716003,0.4556907117366791,0.3989611268043518,0.40122541785240173,0.4185921549797058,0.029489557495503298,0.4198250472545624
410,0.4512932300567627,0.3879946172237396,0.4595826268196106,0.4003346264362335,0.3888298571109772,0.41760699152946473,0.035000240704191214,0.41598838567733765
411,0.45013225078582764,0.387503981590271,0.45869573950767517,0.39989563822746277,0.38690805435180664,0.41662713289260866,0.035013158499322565,0.4142211973667145
412,0.44866636395454407,0.3861721158027649,0.4511294364929199,0.39316830039024353,0.3835648000240326,0.412540203332901,0.03429412871639729,0.40341484546661377
413,0.44349896907806396,0.38425758481025696,0.44199487566947937,0.387426495552063,0.3840201199054718,0.408239609003067,0.0315338997298,0.39626505970954895
414,0.4258573055267334,0.3753138780593872,0.42683282494544983,0.37249019742012024,0.3815026879310608,0.3963993787765503,0.02753235726335786,0.39187294244766235
415,0.43961599469184875,0.3825841248035431,0.4379226863384247,0.38564905524253845,0.3869497776031494,0.4065443277359009,0.02946602567309621,0.40382158756256104
416,0.4365546703338623,0.37721070647239685,0.43695947527885437,0.38358819484710693,0.38089653849601746,0.40304191708564757,0.03086106741358662,0.4020516872406006
417,0.43330198526382446,0.38315585255622864,0.43600940704345703,0.38089674711227417,0.3908666968345642,0.4048461377620697,0.027478860796984646,0.40972012281417847
418,0.45037931203842163,0.3939402103424072,0.4497137665748596,0.39512011408805847,0.3986412286758423,0.41755892634391784,0.02970831025777051,0.4170808792114258
419,0.44677600264549255,0.4007192552089691,0.4573526680469513,0.40695714950561523,0.39799657464027405,0.4219603300094604,0.027923894138550828,0.39457687735557556
420,0.4089144766330719,0.379982590675354,0.41557201743125916,0.3794490694999695,0.36855101585388184,0.3904938340187073,0.020507289475402944,0.35222429037094116
421,0.4137435257434845,0.3736540377140045,0.41865718364715576,0.37485647201538086,0.36407220363616943,0.38899668455123904,0.025242442071985158,0.3559742569923401
422,0.42537736892700195,0.38242602348327637,0.429338276386261,0.38374918699264526,0.37119194865226746,0.3984165608882904,0.026902817298264988,0.3749079704284668
423,0.43512293696403503,0.39500099420547485,0.44430816173553467,0.39354124665260315,0.385850727558136,0.41076481342315674,0.026853004122236016,0.378356009721756
424,0.4427551031112671,0.40643319487571716,0.4510582983493805,0.40188443660736084,0.3948211073875427,0.41939042806625365,0.025625978984977933,0.3876497447490692
425,0.4542914032936096,0.41845861077308655,0.4653460681438446,0.4123474061489105,0.40591567754745483,0.43127183318138124,0.026721720247546706,0.399564653635025
426,0.46095699071884155,0.4218319356441498,0.47213688492774963,0.4195401072502136,0.40508148074150085,0.4359094798564911,0.028966799178559682,0.4017910063266754
427,0.4653412997722626,0.41942229866981506,0.47289395332336426,0.42056646943092346,0.4024045169353485,0.4361257076263428,0.031079201975285953,0.40489545464515686
428,0.4904085397720337,0.43975651264190674,0.4984061121940613,0.4425343871116638,0.42509230971336365,0.45923957228660583,0.03290216842597122,0.4241549074649811
429,0.4885256588459015,0.43596306443214417,0.4961543083190918,0.44111427664756775,0.41968631744384766,0.45628872513771057,0.03395444461474624,0.42474597692489624
430,0.49046000838279724,0.43950480222702026,0.4998451769351959,0.44280651211738586,0.42693230509757996,0.45990976095199587,0.03288065967909903,0.4303695261478424
431,0.49918273091316223,0.44655001163482666,0.5077248215675354,0.4507962465286255,0.43461018800735474,0.4677727997303009,0.03324573933317077,0.4366114139556885
432,0.5093247294425964,0.44893863797187805,0.5171799659729004,0.4598277509212494,0.43441519141197205,0.4739372551441193,0.03710865083991309,0.4388677179813385
433,0.5110489130020142,0.447618305683136,0.5193368792533875,0.46051740646362305,0.4310568869113922,0.4739156782627106,0.039210662164539875,0.4385872185230255
434,0.507208526134491,0.4531901776790619,0.5168442726135254,0.45992815494537354,0.4380582273006439,0.47504587173461915,0.03484194748583768,0.439197838306427
435,0.5140137076377869,0.46529239416122437,0.522585928440094,0.46651431918144226,0.4536622166633606,0.4844137132167816,0.03148390610419174,0.4502613842487335
436,0.5119418501853943,0.46954578161239624,0.5222766399383545,0.4670620262622833,0.4540161192417145,0.48496848344802856,0.030149671825208703,0.45102930068969727
437,0.515852153301239,0.46878570318222046,0.5295246243476868,0.47268617153167725,0.449735164642334,0.48731676340103147,0.033784622903732416,0.4519699513912201
438,0.5105340480804443,0.4646505117416382,0.5255001187324524,0.4678201973438263,0.4504443109035492,0.48378983736038206,0.032358413516651266,0.453220009803772
439,0.5110378861427307,0.4651416838169098,0.5288947820663452,0.4708601236343384,0.45143216848373413,0.48547332882881167,0.03288119274182819,0.45421451330184937
440,0.522465169429779,0.466235876083374,0.5352556109428406,0.4786556363105774,0.4525618553161621,0.49103482961654665,0.03602688592096265,0.4580850303173065
441,0.5199507474899292,0.4679347276687622,0.5301080942153931,0.48002222180366516,0.45645225048065186,0.4908936083316803,0.03245611504841565,0.44974735379219055
442,0.531387984752655,0.47542256116867065,0.5413338541984558,0.49193406105041504,0.4625690281391144,0.5005294978618622,0.034505357464095714,0.4533783793449402
443,0.5246363878250122,0.46449053287506104,0.5345296859741211,0.4817318320274353,0.4462546706199646,0.49032862186431886,0.03812735792727652,0.44312039017677307
444,0.5191093683242798,0.45675352215766907,0.5309240818023682,0.480930358171463,0.4385606348514557,0.48525559306144717,0.03950691011809322,0.43424972891807556
445,0.5300390720367432,0.46900007128715515,0.5409048199653625,0.49108973145484924,0.4504604935646057,0.49629883766174315,0.038735023865899935,0.44276368618011475
446,0.5369305610656738,0.46659407019615173,0.5484481453895569,0.4951384663581848,0.4430070221424103,0.49802365303039553,0.04494260110429089,0.4366970658302307
447,0.5497361421585083,0.47361451387405396,0.5576421618461609,0.5031590461730957,0.4473916292190552,0.5063086986541748,0.047621209541064864,0.4448535740375519
448,0.5611213445663452,0.484980046749115,0.5686779618263245,0.5137304663658142,0.45739683508872986,0.5171813309192658,0.04797302602548592,0.4554010033607483
449,0.5700497627258301,0.4958863854408264,0.5733985304832458,0.5245962738990784,0.4649718999862671,0.5257805705070495,0.04695740293535275,0.46199896931648254
450,0.5680509805679321,0.49227282404899597,0.5734308958053589,0.5228803157806396,0.46490052342414856,0.524307107925415,0.0471276094525385,0.46503591537475586
451,0.554405152797699,0.4857659339904785,0.5643529295921326,0.5104455947875977,0.46412086486816406,0.5158180952072143,0.04315434781556518,0.4641479253768921
452,0.5575118064880371,0.4862283170223236,0.5675550103187561,0.5101680755615234,0.4673163890838623,0.5177559196949005,0.043749832339123995,0.4739963412284851
453,0.5490397810935974,0.4808770418167114,0.5625588297843933,0.4989023804664612,0.4615636169910431,0.5105883300304412,0.04359527350144843,0.46826109290122986
454,0.5619011521339417,0.493971586227417,0.5709497332572937,0.5099214315414429,0.4728744328022003,0.5219236671924591,0.04281633549595683,0.4754541218280792
455,0.5649688243865967,0.5036361813545227,0.5717270374298096,0.5083134174346924,0.4819558560848236,0.526120263338089,0.039882016969732696,0.4812503755092621
456,0.5714324116706848,0.5077483057975769,0.5707806348800659,0.5117220282554626,0.4851033091545105,0.5293573379516602,0.03944164943424711,0.4820522964000702
457,0.5666489601135254,0.49246686697006226,0.5658665299415588,0.5046489834785461,0.4634712040424347,0.5186205089092255,0.045987990185764306,0.4732733964920044
458,0.5547417998313904,0.48764073848724365,0.5584996342658997,0.4975035488605499,0.4636983871459961,0.5124168217182159,0.0422041919107231,0.47092393040657043
459,0.5453552603721619,0.4835679829120636,0.5525412559509277,0.4922513961791992,0.46332404017448425,0.5074079871177674,0.03942863784901549,0.4690939784049988
460,0.5506882667541504,0.489616721868515,0.5601195693016052,0.500256359577179,0.47222548723220825,0.5145812809467316,0.03872949771746868,0.4755348861217499
461,0.5491966009140015,0.4973161220550537,0.5511777997016907,0.49896982312202454,0.48772335052490234,0.5168767392635345,0.030717794804107263,0.4803639352321625
462,0.5439168214797974,0.497516393661499,0.5501053333282471,0.4950450360774994,0.4872066378593445,0.5147580444812775,0.029768365486898162,0.4748179614543915
463,0.5365259647369385,0.49091681838035583,0.5422807931900024,0.48605039715766907,0.4816156327724457,0.5074779212474823,0.029399386081914516,0.4781200587749481
464,0.5328651666641235,0.49249908328056335,0.5396392941474915,0.4848839044570923,0.48581281304359436,0.507140052318573,0.026844587232077225,0.4760071337223053
465,0.5223897695541382,0.4828391969203949,0.528435230255127,0.47402647137641907,0.47237688302993774,0.49601351022720336,0.02721469060748782,0.4651964008808136
466,0.5264756679534912,0.47958609461784363,0.5341097712516785,0.4774089753627777,0.4632030427455902,0.49615671038627623,0.03190486288735875,0.46145540475845337
467,0.5395212173461914,0.4916476905345917,0.5429027080535889,0.48750853538513184,0.4755178689956665,0.5074196040630341,0.03143441130647758,0.4755780100822449
468,0.537269651889801,0.49108245968818665,0.541335940361023,0.4853326976299286,0.47660282254219055,0.5063247144222259,0.030576776530250763,0.4771760404109955
469,0.5474433302879333,0.49622300267219543,0.5495521426200867,0.4942914545536041,0.48340606689453125,0.5141831994056701,0.03171230248650716,0.48627084493637085
470,0.5425196290016174,0.49808311462402344,0.5629494786262512,0.49225786328315735,0.48231565952301025,0.5156251490116119,0.03509337661927701,0.4843788146972656
471,0.5435777306556702,0.5010219216346741,0.5604233741760254,0.49247878789901733,0.4855707883834839,0.5166145205497742,0.033300174149654804,0.4822404384613037
472,0.5510827302932739,0.5056235790252686,0.5728396773338318,0.5041317343711853,0.48906874656677246,0.5245492935180665,0.035601660911817476,0.49334055185317993
473,0.5472946763038635,0.5017487406730652,0.5707221031188965,0.502017080783844,0.489205002784729,0.5221975207328796,0.034994325670463504,0.4911837577819824
474,0.553139865398407,0.5083020925521851,0.5738033652305603,0.506803035736084,0.4949784576892853,0.5274053633213043,0.034117203296880186,0.4942200779914856
475,0.5425034761428833,0.49620160460472107,0.5604204535484314,0.4938763380050659,0.4827563464641571,0.5151516437530518,0.03412691672346444,0.4852224588394165
476,0.5564855337142944,0.5033074021339417,0.5736432075500488,0.5075398087501526,0.4876251220703125,0.52572021484375,0.037172622680691096,0.4911820888519287
477,0.5533850789070129,0.5074270963668823,0.5707080364227295,0.5054869651794434,0.4920508563518524,0.5258116066455841,0.03415719290499622,0.48344430327415466
478,0.5525874495506287,0.5024886727333069,0.5681031942367554,0.5034592747688293,0.4886506497859955,0.5230578482151031,0.034971884843811876,0.48466813564300537
479,0.553312361240387,0.49238404631614685,0.5687360167503357,0.5017470717430115,0.47430166602134705,0.5180962324142456,0.04077664497369846,0.48152127861976624
480,0.5391898155212402,0.4836203455924988,0.5573351383209229,0.49006494879722595,0.4697433412075043,0.5079907178878784,0.03803408204244688,0.47871315479278564
481,0.5256970524787903,0.46196165680885315,0.5431573987007141,0.47639718651771545,0.44711247086524963,0.49086515307426454,0.041553494202994104,0.474465012550354
482,0.5135118961334229,0.4557972252368927,0.5319541096687317,0.4676567316055298,0.44796591997146606,0.4833771765232086,0.03718051556847186,0.4634055495262146
483,0.5250079035758972,0.46700379252433777,0.5281258821487427,0.4704550504684448,0.46135157346725464,0.4903888404369354,0.033203701492563305,0.4684706926345825
484,0.5127282738685608,0.45192381739616394,0.5189758539199829,0.4620586037635803,0.44617411494255066,0.4783721327781677,0.03475400541370635,0.4613058567047119
485,0.5097551345825195,0.457331120967865,0.5192150473594666,0.4595705270767212,0.4478682577610016,0.4787480175495148,0.033087161305245825,0.4599960148334503
486,0.5177686810493469,0.44985586404800415,0.5199516415596008,0.4716719686985016,0.4455607831478119,0.48096178770065307,0.035993285653895465,0.4890504777431488
487,0.5126854181289673,0.4403735101222992,0.5124908089637756,0.4618430435657501,0.43873661756515503,0.47322587966918944,0.03707137099923446,0.49681445956230164
488,0.5306558609008789,0.45144471526145935,0.5277703404426575,0.47731277346611023,0.4440774619579315,0.4862522304058075,0.041126706519935136,0.49931833148002625
489,0.5456060171127319,0.46110787987709045,0.5417328476905823,0.49414175748825073,0.45255640149116516,0.4990289807319641,0.0436309409525123,0.5045011639595032
490,0.5342867374420166,0.4511125385761261,0.5293300151824951,0.48306962847709656,0.4448818266391754,0.48853614926338196,0.0421110590744109,0.49944397807121277
491,0.5315549969673157,0.444274365901947,0.527330219745636,0.4799119830131531,0.43886303901672363,0.4843869209289551,0.04407499368951498,0.4932902157306671
492,0.5264233350753784,0.44150832295417786,0.5217077732086182,0.4714984595775604,0.44021373987197876,0.4802703261375427,0.04192591946149783,0.49514469504356384
493,0.5128565430641174,0.43434110283851624,0.5164329409599304,0.4626765549182892,0.43681713938713074,0.4726248562335968,0.03995167071428583,0.4834189713001251
494,0.5040082335472107,0.42814546823501587,0.5102897882461548,0.45688122510910034,0.4350767731666565,0.4668802976608276,0.0383232962075738,0.4809970557689667
495,0.5064208507537842,0.43745625019073486,0.5194137096405029,0.462902694940567,0.44199198484420776,0.4736370980739594,0.03740309800601129,0.4797067940235138
496,0.5171353220939636,0.44354039430618286,0.5290756225585938,0.47150665521621704,0.4482695758342743,0.48190551400184634,0.03929870713261927,0.48851683735847473
497,0.5310056805610657,0.45654940605163574,0.5364478826522827,0.48243850469589233,0.45886269211769104,0.4930608332157135,0.03852816674257418,0.49633511900901794
498,0.5414246916770935,0.4738839566707611,0.5510136485099792,0.49666762351989746,0.4716711938381195,0.5069322228431702,0.037328918273378676,0.5012751817703247
499,0.5483139753341675,0.4770064651966095,0.5616653561592102,0.5044696927070618,0.4753958582878113,0.5133702695369721,0.03999087524179776,0.5124587416648865
500,0.5581763386726379,0.4786071181297302,0.5692072510719299,0.5132036209106445,0.47887876629829407,0.5196146190166473,0.04280350774000568,0.5192689895629883
501,0.5775055885314941,0.4885483384132385,0.5830589532852173,0.526515781879425,0.48790648579597473,0.53270702958107,0.046199668239994364,0.5282438397407532
502,0.57574462890625,0.48969951272010803,0.5847716927528381,0.5273889303207397,0.4903578460216522,0.5335925221443176,0.04536084670700185,0.5280531048774719
503,0.5828657150268555,0.4927173852920532,0.5903764963150024,0.5324950814247131,0.4914309084415436,0.5379771173000336,0.04744925380052217,0.532893717288971
504,0.583835780620575,0.49349281191825867,0.5937048196792603,0.5332755446434021,0.4895380735397339,0.5387694060802459,0.048869096517162564,0.5340101718902588
505,0.5888692736625671,0.49039870500564575,0.5941252708435059,0.5317662954330444,0.4838939905166626,0.5378107070922852,0.05236829310558082,0.5296818614006042
506,0.5923594832420349,0.487583726644516,0.5969927906990051,0.5324665904045105,0.47701168060302734,0.5372828543186188,0.056401519542538865,0.5295025110244751
507,0.5941619873046875,0.4873429834842682,0.6017339825630188,0.531740665435791,0.4804726839065552,0.5390904605388641,0.05728208384564477,0.5260046720504761
508,0.5901736617088318,0.4878922998905182,0.6015648245811462,0.5248939394950867,0.47722017765045166,0.5363489806652069,0.05728369273402135,0.5259566903114319
509,0.5827556848526001,0.47579699754714966,0.5930370092391968,0.516346275806427,0.4673077166080475,0.5270487368106842,0.05866853735645097,0.5226849317550659
510,0.5767484903335571,0.4704616665840149,0.5921968817710876,0.5131787061691284,0.4593493640422821,0.5223870217800141,0.06038080758186111,0.5215946435928345
511,0.5741859078407288,0.4687793552875519,0.5943365693092346,0.5092942118644714,0.45651328563690186,0.5206218659877777,0.06170258463719347,0.5214693546295166
512,0.5528647899627686,0.45436927676200867,0.5796129107475281,0.4902753531932831,0.44533440470695496,0.5044913470745087,0.05957579111993302,0.5079115033149719
513,0.5609946846961975,0.45756423473358154,0.585457444190979,0.4963690936565399,0.44470226764678955,0.5090175449848175,0.062226526897910764,0.5100128650665283
514,0.5447109341621399,0.44025108218193054,0.5787994861602783,0.4798690974712372,0.42260774970054626,0.49324766993522645,0.06697985456412088,0.4946867823600769
515,0.5408292412757874,0.4381125271320343,0.578122079372406,0.47843778133392334,0.42340901494026184,0.49178212881088257,0.06632040929915213,0.49457043409347534
516,0.5198414325714111,0.41877079010009766,0.5506287813186646,0.45895788073539734,0.40346619486808777,0.47033301591873167,0.06355651392628088,0.4713137149810791
517,0.5109193325042725,0.4149579405784607,0.5495889186859131,0.4544961154460907,0.3979826867580414,0.4655889987945557,0.06396873306591185,0.4586270749568939
518,0.5163478255271912,0.4138421416282654,0.5531119108200073,0.4572661519050598,0.39765501022338867,0.46764460802078245,0.06629031751386436,0.47158414125442505
519,0.5186635255813599,0.4169943928718567,0.5547015070915222,0.4594050347805023,0.400262713432312,0.47000543475151063,0.06581721030769519,0.4776691198348999
520,0.529574453830719,0.4252588748931885,0.5668421387672424,0.4696209728717804,0.4074133634567261,0.4797419607639313,0.06777164857777843,0.48602738976478577
521,0.5228310227394104,0.42111727595329285,0.5602912902832031,0.46477723121643066,0.40621569752693176,0.47504650354385375,0.06576764656838519,0.48289522528648376
522,0.5081207156181335,0.41302061080932617,0.542564868927002,0.45058122277259827,0.398790568113327,0.4626155972480774,0.061523826751899595,0.4682685434818268
523,0.504178524017334,0.4095834493637085,0.5406377911567688,0.4493609070777893,0.3956109583377838,0.4598743259906769,0.06175573645350185,0.4692692756652832
524,0.509889543056488,0.4190193712711334,0.5435342788696289,0.453716903924942,0.4080410301685333,0.46684022545814513,0.05842007917726511,0.4752081334590912
525,0.5026088953018188,0.4122033715248108,0.531390368938446,0.44506022334098816,0.4040462076663971,0.4590618133544922,0.05600500705702156,0.4696371853351593
526,0.5058799982070923,0.41117173433303833,0.5332178473472595,0.4481184482574463,0.4057750403881073,0.46083261370658873,0.05685085360505406,0.4765733778476715
527,0.5056325197219849,0.4087585210800171,0.5292800068855286,0.446838915348053,0.40293389558792114,0.4586887717247009,0.056852645488533686,0.47547557950019836
528,0.49694156646728516,0.40312960743904114,0.5199316740036011,0.43741273880004883,0.4022400975227356,0.45193113684654235,0.054110036896402376,0.46680358052253723
529,0.510431706905365,0.4135130047798157,0.5248002409934998,0.44654345512390137,0.41647398471832275,0.46235247850418093,0.05232444660372869,0.47463729977607727
530,0.5026791095733643,0.4051486551761627,0.5073872208595276,0.4362368583679199,0.4080893099308014,0.4519082307815552,0.05001936655439625,0.4593765437602997
531,0.5013231039047241,0.4061708450317383,0.5075044631958008,0.4368358254432678,0.416404128074646,0.4536476731300354,0.04768980397566971,0.4692673087120056
532,0.5093302130699158,0.41916224360466003,0.5172370672225952,0.44550052285194397,0.42846155166625977,0.463938319683075,0.04611027782503816,0.486587792634964
533,0.509093701839447,0.4172168970108032,0.5207803249359131,0.44539010524749756,0.43094033002853394,0.464684271812439,0.04712492650515647,0.4893813729286194
534,0.5191699266433716,0.43352681398391724,0.5345554947853088,0.454927533864975,0.44044551253318787,0.4765250563621521,0.046912557096755764,0.5009827613830566
535,0.5257474780082703,0.437063992023468,0.5325519442558289,0.46054327487945557,0.4473492205142975,0.48065118193626405,0.045112516927166536,0.5071690678596497
536,0.5420291423797607,0.4470478296279907,0.5438019633293152,0.47617191076278687,0.45925331115722656,0.49366083145141604,0.04614146277128841,0.5157138705253601
537,0.5348033308982849,0.43366292119026184,0.5363429188728333,0.4674723446369171,0.45014524459838867,0.4844853520393372,0.04814745868599857,0.514663815498352
538,0.5432296991348267,0.4399638772010803,0.5464941263198853,0.4772091507911682,0.45905759930610657,0.4931908905506134,0.04898655385673309,0.5199853181838989
539,0.5537968277931213,0.4540199637413025,0.5594855546951294,0.49343812465667725,0.4593323767185211,0.5040145695209504,0.050406159300064694,0.5210953950881958
540,0.5776563286781311,0.4682685434818268,0.5839484333992004,0.5131498575210571,0.4735582768917084,0.5233162879943848,0.05531402903261714,0.5394030809402466
541,0.5763764977455139,0.4549885392189026,0.5820022225379944,0.5087905526161194,0.46278116106987,0.5169877946376801,0.0604221719736085,0.5353366732597351
542,0.571989119052887,0.465579628944397,0.5849475264549255,0.5080378651618958,0.46406295895576477,0.518923419713974,0.05733427548911333,0.5362204313278198
543,0.5765595436096191,0.4721725583076477,0.5977828502655029,0.5159208178520203,0.47029808163642883,0.5265467703342438,0.05875635572973837,0.5447877645492554
544,0.5613213777542114,0.45839399099349976,0.5702513456344604,0.5000019669532776,0.44653400778770447,0.5073005378246307,0.05704985973480989,0.51820307970047
545,0.581152081489563,0.4748031198978424,0.5862012505531311,0.5179109573364258,0.4622962772846222,0.5244727373123169,0.05787701926371962,0.5332978963851929
546,0.5877811908721924,0.4908309876918793,0.5999199151992798,0.5261553525924683,0.4756491780281067,0.5360673248767853,0.05600536378817504,0.5369963645935059
547,0.5986682176589966,0.4984523057937622,0.611743688583374,0.5376498103141785,0.4838634729385376,0.5460754990577698,0.05763593090851277,0.5461862087249756
548,0.6021727323532104,0.5068835616111755,0.621704638004303,0.5437976717948914,0.49298661947250366,0.5535090446472168,0.05689904180766434,0.55003821849823
549,0.5980141758918762,0.5063745379447937,0.6166601777076721,0.5403927564620972,0.49277040362358093,0.550842410326004,0.05480898391719719,0.5455177426338196
550,0.5994319319725037,0.514411211013794,0.6165161728858948,0.5433145761489868,0.49687668681144714,0.5541101157665252,0.05224173401972495,0.5473042726516724
551,0.5960391759872437,0.5089927315711975,0.6147914528846741,0.5410381555557251,0.49092164635658264,0.5503566324710846,0.053779793482185534,0.5448447465896606
552,0.6033110022544861,0.5145502090454102,0.6319400072097778,0.5510427355766296,0.4905836284160614,0.558285516500473,0.05916303536188319,0.5491884350776672
553,0.6072599291801453,0.5216202735900879,0.6380134224891663,0.5534185767173767,0.5041836500167847,0.5648991703987122,0.056637816648377595,0.5591518878936768
554,0.5866599082946777,0.5053488612174988,0.6240931749343872,0.5330466032028198,0.49152040481567383,0.5481337904930115,0.05594045644448994,0.548693835735321
555,0.5899137258529663,0.516232430934906,0.6291544437408447,0.5346204042434692,0.5026633143424988,0.554516863822937,0.0533246276983037,0.5522127151489258
556,0.5855114459991455,0.5071739554405212,0.6231430768966675,0.5299638509750366,0.49622976779937744,0.5484044194221497,0.05414101573490712,0.5501543283462524
557,0.5713794231414795,0.5148734450340271,0.6287634372711182,0.514751672744751,0.499003529548645,0.5457543015480042,0.05396199691557005,0.5400317311286926
558,0.5748425126075745,0.5100429654121399,0.6230965256690979,0.5194590091705322,0.4906344711780548,0.5436150968074799,0.05433691263743185,0.5339051485061646
559,0.5803731679916382,0.5205932259559631,0.6343168616294861,0.526134192943573,0.5000430345535278,0.5522920966148377,0.05462514864324646,0.5360990166664124
560,0.5904431343078613,0.5303826928138733,0.6428351998329163,0.5376322269439697,0.5024431943893433,0.5607472896575928,0.055847897402745435,0.5385693311691284
561,0.5835204720497131,0.5214184522628784,0.6325827836990356,0.531635582447052,0.49811550974845886,0.5534545600414276,0.054152620703639125,0.5341578125953674
562,0.5825242400169373,0.524095356464386,0.6322135925292969,0.5331358313560486,0.5019651651382446,0.5547868371009826,0.05235725364992623,0.5305253863334656
563,0.5958975553512573,0.5357002019882202,0.650209367275238,0.5493270754814148,0.5170489549636841,0.5696366310119629,0.053645188295400964,0.5503477454185486
564,0.5985988974571228,0.5382275581359863,0.6521548628807068,0.552259087562561,0.4919693171977997,0.5666419446468354,0.061081812445745204,0.5258892178535461
565,0.5816149115562439,0.5161280035972595,0.6295727491378784,0.5329738855361938,0.4769105315208435,0.5474400162696839,0.05932501279220034,0.5143670439720154
566,0.5918312668800354,0.5233859419822693,0.6347771286964417,0.540112316608429,0.4855627715587616,0.5551338851451874,0.05865889389426238,0.5193257331848145
567,0.5844448208808899,0.5187046527862549,0.6217390298843384,0.5299224257469177,0.4914191961288452,0.5492460250854492,0.052783307093036816,0.5180820226669312
568,0.5758883357048035,0.5108590126037598,0.6084091663360596,0.5204046368598938,0.4834412932395935,0.539800488948822,0.05098933802420792,0.5116390585899353
569,0.5621702671051025,0.5056297779083252,0.5890156030654907,0.5066233277320862,0.4789993166923523,0.5284876585006714,0.04540863859363718,0.5002503395080566
570,0.5484141111373901,0.48402169346809387,0.5714221000671387,0.49261242151260376,0.46147453784942627,0.5115889728069305,0.04628070578295922,0.48790299892425537
571,0.5391465425491333,0.47443562746047974,0.5584694743156433,0.48201045393943787,0.4502485692501068,0.5008621335029602,0.04582515854277,0.47578901052474976
572,0.5329877734184265,0.47186967730522156,0.5464865565299988,0.4743199646472931,0.45816531777381897,0.49676585793495176,0.039993170248905745,0.4722844660282135
573,0.5486562252044678,0.4853847324848175,0.561627209186554,0.4893117845058441,0.47167447209358215,0.5113308846950531,0.04078472737917755,0.48800423741340637
574,0.5596902370452881,0.5041267275810242,0.576056718826294,0.5069795846939087,0.49692782759666443,0.5287562191486359,0.0363597679613952,0.5021241903305054
575,0.5505918860435486,0.49198341369628906,0.5660340785980225,0.49819421768188477,0.48686903715133667,0.5187345266342163,0.03675960663476505,0.49575942754745483
576,0.5545220971107483,0.49566835165023804,0.5710441470146179,0.5032103061676025,0.4922405481338501,0.5233370900154114,0.03669505887319941,0.4974777400493622
577,0.5499621033668518,0.49092891812324524,0.562035322189331,0.49821048974990845,0.4921359121799469,0.5186545491218567,0.03446724063464739,0.49472710490226746
578,0.569547176361084,0.49996137619018555,0.5825483202934265,0.5121957063674927,0.4947861135005951,0.5318077385425568,0.04113482443482973,0.5152764320373535
579,0.5753511190414429,0.5046162009239197,0.5871655941009521,0.5177045464515686,0.5017653107643127,0.5373205542564392,0.040771894988615845,0.5233968496322632
580,0.5632474422454834,0.49314430356025696,0.5767967104911804,0.5050039291381836,0.4949655532836914,0.5266315877437592,0.040153305898541665,0.5218875408172607
581,0.5607690811157227,0.4970363676548004,0.575352668762207,0.5053715109825134,0.4979996979236603,0.5273058652877808,0.037697784977944675,0.5178995728492737
582,0.5683240294456482,0.5088213086128235,0.5873140692710876,0.5167803168296814,0.5071498155593872,0.5376779079437256,0.03743097092771978,0.519305408000946
583,0.5509164333343506,0.5031614303588867,0.5693601965904236,0.5034907460212708,0.4989641308784485,0.525178587436676,0.032621950825165134,0.4950595200061798
584,0.5697744488716125,0.5230792164802551,0.5938883423805237,0.5269492268562317,0.5189564824104309,0.5465295433998107,0.03345430387929716,0.5135659575462341
585,0.5676881670951843,0.5193041563034058,0.5906966924667358,0.5220322608947754,0.5138132572174072,0.5427069067955017,0.034413135553843836,0.5115166306495667
586,0.5667397379875183,0.5122921466827393,0.575782835483551,0.5206632018089294,0.5008711218833923,0.535269808769226,0.03375002725881462,0.4892379939556122
587,0.5517568588256836,0.49974292516708374,0.5604230761528015,0.5175155401229858,0.4719271659851074,0.5202731132507324,0.036639013379801987,0.44903993606567383
588,0.46373251080513,0.40675047039985657,0.4579381048679352,0.4232654273509979,0.37849971652030945,0.42603724598884585,0.03563031429115692,0.3625582158565521
589,0.5399106740951538,0.44237908720970154,0.5109307765960693,0.48643210530281067,0.4222337305545807,0.4803772747516632,0.04831908803367191,0.4317663311958313
590,0.4795934557914734,0.38788166642189026,0.44843968749046326,0.43107280135154724,0.3643508553504944,0.4222676932811737,0.04632900067847692,0.3656132221221924
591,0.5554085969924927,0.45087891817092896,0.5312789678573608,0.5038057565689087,0.42631620168685913,0.4935376882553101,0.0540748224279151,0.44843363761901855
592,0.5570878386497498,0.44970232248306274,0.5311101675033569,0.5082518458366394,0.4171973466873169,0.49266990423202517,0.05790604684071916,0.43526968359947205
593,0.5897059440612793,0.4784615933895111,0.5809114575386047,0.5383298993110657,0.45240518450737,0.5279628157615661,0.06099708115283677,0.47938603162765503
594,0.6042789220809937,0.4934734106063843,0.5888820290565491,0.5523421168327332,0.4579191207885742,0.5393791198730469,0.06239716986481669,0.477762907743454
595,0.6026337146759033,0.49671217799186707,0.5838398337364197,0.5482936501502991,0.4631069302558899,0.5389172613620759,0.05851114415870932,0.46777668595314026
596,0.6067437529563904,0.5075599551200867,0.5863438248634338,0.5243033170700073,0.4761699438095093,0.5402241587638855,0.05471573326296533,0.4564993679523468
597,0.6162362098693848,0.5223242044448853,0.5919066667556763,0.5225054025650024,0.4870142340660095,0.5479973435401917,0.053880563076969014,0.4490859806537628
598,0.6033028960227966,0.5108819007873535,0.5798189640045166,0.5001959800720215,0.47835320234298706,0.534510588645935,0.05402473905477109,0.43934187293052673
599,0.6222264766693115,0.5254001617431641,0.6093193292617798,0.5215105414390564,0.49000900983810425,0.5536931037902832,0.05848711796212887,0.47310975193977356
600,0.6083852052688599,0.509099006652832,0.5928902626037598,0.5069757699966431,0.47892144322395325,0.5392543375492096,0.057548234921905465,0.45881369709968567
601,0.6144962310791016,0.5093998908996582,0.5996065139770508,0.510827898979187,0.4818248152732849,0.5432310700416565,0.05962834090918001,0.4735206663608551
602,0.6197829842567444,0.5129716992378235,0.6074544787406921,0.5142238140106201,0.486963152885437,0.5482792258262634,0.06078764540550649,0.4773947298526764
603,0.6197216510772705,0.5125738382339478,0.609589695930481,0.5176992416381836,0.4858628809452057,0.5490894615650177,0.06116682455538287,0.47195202112197876
604,0.6335916519165039,0.5254969000816345,0.62374347448349,0.5262196660041809,0.49397847056388855,0.5606060326099396,0.06357582600984198,0.4759680926799774
605,0.6403795480728149,0.5086867213249207,0.6378338932991028,0.5404787659645081,0.47349390387535095,0.5601745665073394,0.0758555702314281,0.48157423734664917
606,0.64434814453125,0.5198513865470886,0.6364672183990479,0.5371417999267578,0.48887115716934204,0.5653359413146972,0.07073401653764433,0.49216514825820923
607,0.6439867615699768,0.5192738175392151,0.6394195556640625,0.5418221950531006,0.48050278425216675,0.5650010228157043,0.07339116540334996,0.4862293601036072
608,0.6396517753601074,0.5174227356910706,0.6322018504142761,0.5401679277420044,0.47774383425712585,0.5614376246929169,0.0716229537688025,0.4809437394142151
609,0.6345658898353577,0.5104853510856628,0.6278899312019348,0.5325046181678772,0.47085440158843994,0.5552600383758545,0.07282069194245155,0.47927168011665344
610,0.6326902508735657,0.5067445635795593,0.6251946091651917,0.5290090441703796,0.46700459718704224,0.5521286129951477,0.07360221084531457,0.4777885377407074
611,0.6267295479774475,0.5067604184150696,0.620460033416748,0.5218672752380371,0.46570876240730286,0.548305207490921,0.07177012363572542,0.480133056640625
612,0.6309691071510315,0.5117592215538025,0.6331138014793396,0.5225426554679871,0.47052690386772156,0.5537823379039765,0.07403479895099027,0.5083882808685303
613,0.6291069984436035,0.5087423920631409,0.6312971711158752,0.5031520128250122,0.46649521589279175,0.5477587580680847,0.07699351351091885,0.49927493929862976
614,0.6191939115524292,0.4975665509700775,0.6237327456474304,0.4883553683757782,0.453336238861084,0.5364369630813599,0.07936898831901062,0.49222713708877563
615,0.6136847138404846,0.4917534291744232,0.6220683455467224,0.4663133919239044,0.44166168570518494,0.5270963132381439,0.08479386268891041,0.4791756868362427
616,0.6371217370033264,0.5169142484664917,0.647333025932312,0.4905136227607727,0.46489596366882324,0.5513557195663452,0.08504516175148796,0.49851566553115845
617,0.6597611904144287,0.5236060619354248,0.6518199443817139,0.5112949013710022,0.4706977903842926,0.5634359776973724,0.08659641676772344,0.5015607476234436
618,0.6774823069572449,0.5297317504882812,0.6621325612068176,0.5289131999015808,0.4734362065792084,0.5743392050266266,0.09025094861404881,0.510094165802002
619,0.6702474355697632,0.5287589430809021,0.6591768860816956,0.5185447931289673,0.4693808853626251,0.5692217886447907,0.09009953746458535,0.4983888566493988
620,0.6432763934135437,0.5051918625831604,0.6322120428085327,0.4935794174671173,0.4550221264362335,0.5458563685417175,0.08600189666729868,0.4824211895465851
621,0.6337518095970154,0.49547985196113586,0.6136624217033386,0.4829673171043396,0.4500258266925812,0.5351774454116821,0.08280910483177825,0.46871235966682434
622,0.6413308382034302,0.5030322074890137,0.6239861845970154,0.4906124174594879,0.46011224389076233,0.5438147783279419,0.0828200758787042,0.4853639006614685
623,0.6475210189819336,0.5119867920875549,0.6365354061126709,0.49767225980758667,0.47026756405830383,0.55279660820961,0.0829157377667313,0.4957699477672577
624,0.6421871781349182,0.5019288659095764,0.6341906189918518,0.494720458984375,0.4593779742717743,0.5464810192584991,0.08529893484994389,0.4911310374736786
625,0.6461233496665955,0.5061976909637451,0.6355443000793457,0.49963879585266113,0.46180906891822815,0.5498626410961152,0.08483802917176454,0.4896073043346405
626,0.6684370040893555,0.5267553925514221,0.653157114982605,0.5176956057548523,0.4745900630950928,0.5681270360946655,0.08702917810754097,0.4978296160697937
627,0.6763004660606384,0.5303254723548889,0.663054347038269,0.5259609818458557,0.47294101119041443,0.5737164556980133,0.09058668630824575,0.5008424520492554
628,0.6835952401161194,0.5408610701560974,0.6709060072898865,0.5322046875953674,0.4818821847438812,0.5818898379802704,0.09002967828161329,0.5099258422851562
629,0.6829935312271118,0.5411373376846313,0.673722505569458,0.5327466726303101,0.4814247488975525,0.5824049592018128,0.09058548446176583,0.5107628703117371
630,0.6761570572853088,0.5342684984207153,0.6682083010673523,0.5264661312103271,0.4763855040073395,0.5762970983982086,0.09034867979900865,0.5096608400344849
631,0.6763729453086853,0.5325074195861816,0.6643702387809753,0.5259199738502502,0.47787272930145264,0.575408661365509,0.08931804642708241,0.5163776874542236
632,0.6791218519210815,0.5377992391586304,0.663049578666687,0.526918351650238,0.4850787818431854,0.5783935606479644,0.08706043026471909,0.5200833678245544
633,0.6860908269882202,0.5480086207389832,0.6738685369491577,0.5340813994407654,0.49608346819877625,0.5876265704631806,0.08652989866045888,0.5303469300270081
634,0.6935442686080933,0.5486699938774109,0.6723566055297852,0.5404473543167114,0.49488022923469543,0.5899796903133392,0.08762908886937548,0.526936948299408
635,0.7057231664657593,0.5627267956733704,0.6736563444137573,0.5433676242828369,0.5103617906570435,0.5991671442985534,0.08548494468502017,0.5307211875915527
636,0.7055516242980957,0.5612897276878357,0.668518602848053,0.5401763916015625,0.5067956447601318,0.5964663982391357,0.08593298807961454,0.5308681130409241
637,0.6935880780220032,0.5554361939430237,0.6562913060188293,0.5262367129325867,0.5077736377716064,0.5878651857376098,0.08234656658659303,0.528550386428833
638,0.6901122331619263,0.5508488416671753,0.6515053510665894,0.522851288318634,0.5071983933448792,0.5845032215118409,0.08147417276918392,0.5264977216720581
639,0.6907122731208801,0.5480090379714966,0.6441893577575684,0.5152832269668579,0.503371000289917,0.580312979221344,0.0828563172740268,0.5250566005706787
640,0.6874855756759644,0.5528472065925598,0.6468428373336792,0.5114165544509888,0.5121551156044006,0.5821494579315185,0.08068752159731217,0.5221124887466431
641,0.6997860670089722,0.5414499044418335,0.664872944355011,0.5270190834999084,0.4929026663303375,0.5852061331272125,0.0912354540945753,0.5246588587760925
642,0.7048316597938538,0.5396559834480286,0.6648067831993103,0.5293019413948059,0.49276497960090637,0.586272269487381,0.09271772827081579,0.5265403985977173
643,0.6998423933982849,0.5382208824157715,0.6589031219482422,0.5229845643043518,0.492052286863327,0.5824006497859955,0.09122793038769071,0.5258730053901672
644,0.7005946040153503,0.5350985527038574,0.6558706164360046,0.5200439691543579,0.48814693093299866,0.5799509346485138,0.09266505384991972,0.5316405892372131
645,0.6990888118743896,0.5266302824020386,0.6498040556907654,0.51742023229599,0.4856387972831726,0.5757164359092712,0.09304783361056364,0.5350385308265686
646,0.7103989124298096,0.538914680480957,0.6680842041969299,0.5321916341781616,0.4933273196220398,0.5885833501815796,0.09471025648870099,0.5411306023597717
647,0.7228215932846069,0.5536573529243469,0.6775112748146057,0.5434972047805786,0.5065916180610657,0.6008158087730407,0.0937485285252789,0.5561949014663696
648,0.720192015171051,0.5573998093605042,0.6816529631614685,0.5396688580513,0.5082314014434814,0.6014290094375611,0.09351365565579998,0.5603987574577332
649,0.7222084999084473,0.5564373731613159,0.6862019896507263,0.5425348281860352,0.5061137080192566,0.6026992797851562,0.09532032071312557,0.5619937181472778
650,0.7152467966079712,0.5500744581222534,0.6776562333106995,0.5347003936767578,0.4987052083015442,0.5952766180038452,0.09515513143807257,0.5525034070014954
651,0.7107260823249817,0.55296790599823,0.6747310161590576,0.5319161415100098,0.5072576403617859,0.595519757270813,0.09109500827842047,0.5558286905288696
652,0.7148168087005615,0.5546605587005615,0.6800573468208313,0.5360060930252075,0.5083500742912292,0.5987781763076783,0.09237857980095202,0.5579715967178345
653,0.7099002003669739,0.5533660054206848,0.6734001040458679,0.5283350348472595,0.5090270638465881,0.5948056817054749,0.0907157599249724,0.5570551156997681
654,0.7103578448295593,0.5526711344718933,0.668890118598938,0.525505781173706,0.5075527429580688,0.5929955244064331,0.0908505564781949,0.5581484436988831
655,0.7175636887550354,0.5552436709403992,0.6759374737739563,0.5314875245094299,0.5039804577827454,0.5968425631523132,0.09414711171349584,0.5590628981590271
656,0.7024854421615601,0.5404756665229797,0.6659310460090637,0.5178943872451782,0.4898567795753479,0.5833286643028259,0.09470547560793695,0.5493027567863464
657,0.7015646696090698,0.5395275950431824,0.6685572266578674,0.5199781060218811,0.49080660939216614,0.5840868413448334,0.0945157978560156,0.5463545918464661
658,0.7052173614501953,0.545443594455719,0.6733129024505615,0.5217851400375366,0.5006536841392517,0.5892825365066529,0.0933204303429504,0.557424008846283
659,0.7083403468132019,0.5456626415252686,0.6785115599632263,0.5239074230194092,0.4960101842880249,0.5904864311218262,0.09618428458021938,0.5539469122886658
660,0.714949369430542,0.5505344867706299,0.6851404309272766,0.5281023979187012,0.4999906122684479,0.5957434594631195,0.09745465566454067,0.5591510534286499
661,0.7254540920257568,0.5617546439170837,0.6958291530609131,0.5390946269035339,0.5127571821212769,0.6069779396057129,0.09677548576734572,0.5703402161598206
662,0.7155535817146301,0.552946150302887,0.6881811022758484,0.5305854082107544,0.5158605575561523,0.6006253600120545,0.09385957299243324,0.5703042149543762
663,0.7163161635398865,0.5547600984573364,0.6881781816482544,0.528874933719635,0.522969663143158,0.6022198081016541,0.0926273453422963,0.571013331413269
664,0.7175376415252686,0.5525423288345337,0.6876644492149353,0.530246913433075,0.5217769145965576,0.601953649520874,0.09316335629866118,0.5734953284263611
665,0.6939242482185364,0.5418230891227722,0.6745551228523254,0.5086452960968018,0.5127602219581604,0.5863415956497192,0.09053795399887703,0.5655850172042847
666,0.6852619647979736,0.5387934446334839,0.6644143462181091,0.5006041526794434,0.5062214136123657,0.5790590643882751,0.08894717093268634,0.5594134330749512
667,0.6772197484970093,0.5107163786888123,0.6516517400741577,0.4895857870578766,0.47862040996551514,0.5615588128566742,0.0950500339251603,0.5480145812034607
668,0.662649929523468,0.5234442949295044,0.6567227244377136,0.48631009459495544,0.48726287484169006,0.5632779836654663,0.08929694658465741,0.536344587802887
669,0.6553820967674255,0.5193541049957275,0.6513611078262329,0.4786463975906372,0.4801720976829529,0.5569831609725953,0.08950151006047295,0.5266834497451782
670,0.6621958613395691,0.5241106748580933,0.6587597131729126,0.48788610100746155,0.48167622089385986,0.5629257142543793,0.09052313027889057,0.5312355756759644
671,0.6645431518554688,0.5243646502494812,0.6532490849494934,0.48716071248054504,0.4867096245288849,0.5632054448127747,0.08876965579019018,0.5369188189506531
672,0.6599127650260925,0.5172148942947388,0.6587650179862976,0.4800358712673187,0.47712573409080505,0.5586108565330505,0.09330114133721674,0.5406267642974854
673,0.6600499153137207,0.5159287452697754,0.656105637550354,0.4753655195236206,0.46956107020378113,0.5554021775722504,0.09542673900635176,0.5343868136405945
674,0.6561909317970276,0.5088554620742798,0.6541470885276794,0.4741836488246918,0.4639228582382202,0.5514599978923798,0.09612847980180057,0.5382474064826965
675,0.6625460386276245,0.5124159455299377,0.6596644520759583,0.4791296720504761,0.4653335511684418,0.5558179318904877,0.09763098034731044,0.5383513569831848
676,0.6683404445648193,0.5100107192993164,0.661953866481781,0.48522329330444336,0.4676673114299774,0.5586391270160675,0.09841086369206065,0.5459586977958679
677,0.6723120808601379,0.5106714367866516,0.6621111631393433,0.4877731502056122,0.4721568524837494,0.5610049366950989,0.09798225247649965,0.5508878231048584
678,0.7034060955047607,0.5193837285041809,0.6727038621902466,0.5134828686714172,0.4809870719909668,0.5779927253723145,0.1021094336468531,0.5694968700408936
679,0.717225193977356,0.5271210670471191,0.6787965893745422,0.5262370109558105,0.4807526469230652,0.5860265016555786,0.10481722658647301,0.5700721740722656
680,0.7156943678855896,0.5297425985336304,0.6787670850753784,0.5244011282920837,0.48273393511772156,0.5862678229808808,0.10374150430346966,0.5708761215209961
681,0.7193668484687805,0.5420480370521545,0.6853541731834412,0.5300055742263794,0.4940336048603058,0.5941616475582123,0.10105675898327407,0.5747160911560059
682,0.7103695869445801,0.5416661500930786,0.6791435480117798,0.5247832536697388,0.49310535192489624,0.5898135781288147,0.09799642049852597,0.5711961388587952
683,0.7132067084312439,0.545317530632019,0.6807737350463867,0.5282527804374695,0.5026594400405884,0.5940420389175415,0.09588494301795518,0.5786263346672058
684,0.7119988203048706,0.5414043664932251,0.6772039532661438,0.5259907245635986,0.5048002004623413,0.5922796130180359,0.09510518811103184,0.5859279036521912
685,0.701758861541748,0.5334219932556152,0.6694691777229309,0.5166228413581848,0.49828851222991943,0.5839122772216797,0.09436149472169962,0.577172577381134
686,0.7024245858192444,0.5366203784942627,0.6733648777008057,0.5171197652816772,0.5043689012527466,0.5867797017097474,0.09358249890158865,0.5796265602111816
687,0.7041036486625671,0.5375720858573914,0.6741926670074463,0.5182764530181885,0.5095767974853516,0.588744330406189,0.09281838336369877,0.5871748328208923
688,0.7012361884117126,0.5361649990081787,0.6719187498092651,0.5141295194625854,0.5115736722946167,0.5870046257972718,0.09198442242538533,0.5878782272338867
689,0.7000367641448975,0.5399503707885742,0.6701608896255493,0.5176708102226257,0.5196444988250732,0.589492666721344,0.08834441744868331,0.5840214490890503
690,0.7071329355239868,0.5428977608680725,0.681791365146637,0.5228713154792786,0.5223369598388672,0.5954060673713684,0.09124530083571664,0.5950765013694763
691,0.7153112888336182,0.5426151752471924,0.68802809715271,0.5267291069030762,0.518752932548523,0.5982873201370239,0.09525452839081718,0.597915768623352
692,0.7259522676467896,0.5448786616325378,0.6945960521697998,0.5338417291641235,0.5190241932868958,0.6036585807800293,0.09838422226291096,0.6047961711883545
693,0.7241873145103455,0.5395174622535706,0.683129072189331,0.5284900665283203,0.5092436075210571,0.596913504600525,0.09911335706182568,0.5966417789459229
694,0.7348342537879944,0.5439973473548889,0.6838345527648926,0.5367145538330078,0.5105411410331726,0.6019843697547913,0.10041545182730485,0.5998305082321167
695,0.7476189136505127,0.548617422580719,0.6858391761779785,0.5476987957954407,0.5135116577148438,0.6086571931838989,0.10203037714313884,0.6053040623664856
696,0.7412236332893372,0.5451977252960205,0.6765070557594299,0.5442115068435669,0.5142660737037659,0.604281198978424,0.09895927477568402,0.6024407148361206
697,0.7535044550895691,0.5579785704612732,0.6888039708137512,0.5569984316825867,0.5286566019058228,0.6171884059906005,0.09833281793481531,0.6162815690040588
698,0.7564058303833008,0.561318576335907,0.6979733109474182,0.5591070652008057,0.5279492735862732,0.620550811290741,0.1003863362742523,0.622342050075531
699,0.7528496384620667,0.5565841197967529,0.6926027536392212,0.5523884296417236,0.5263840556144714,0.6161617994308471,0.10025389108273199,0.6245607733726501
700,0.7498102784156799,0.5610806941986084,0.6969829797744751,0.5508517026901245,0.5333137512207031,0.6184078812599182,0.09814770844408438,0.6264475584030151
701,0.750997006893158,0.5614380836486816,0.6992223262786865,0.5549313426017761,0.5318196415901184,0.6196816802024842,0.09858383486929628,0.6312183141708374
702,0.7479448914527893,0.5587263107299805,0.698615312576294,0.5503774285316467,0.5296916961669922,0.6170711278915405,0.09907664754751193,0.6331355571746826
703,0.7430517673492432,0.551573634147644,0.7004730105400085,0.546589195728302,0.5204064846038818,0.612418818473816,0.10163716513044659,0.6279864311218262
704,0.7438399791717529,0.5536478757858276,0.7079204320907593,0.5516654849052429,0.5251787304878235,0.6164505004882812,0.10132451773785665,0.6372243165969849
705,0.7432881593704224,0.5569713115692139,0.7023839950561523,0.5512221455574036,0.5288389325141907,0.6165409088134766,0.0986668832174197,0.6395060420036316
706,0.7439461946487427,0.5605529546737671,0.7050325870513916,0.5542814135551453,0.5347415804862976,0.6197109460830689,0.0971013184359841,0.6364983916282654
707,0.7356643080711365,0.5559622645378113,0.6982038021087646,0.5470779538154602,0.5363466739654541,0.6146510004997253,0.09456128064260677,0.6361916065216064
708,0.7394983172416687,0.5600606799125671,0.7034907937049866,0.549858033657074,0.5408371686935425,0.6187489986419678,0.09489745364147116,0.6402679085731506
709,0.7444320917129517,0.5575224757194519,0.7083597183227539,0.55400151014328,0.5338500738143921,0.6196331739425659,0.0987055772850938,0.6372743844985962
710,0.7525579333305359,0.5650166273117065,0.720203161239624,0.5647329688072205,0.5418368577957153,0.6288695096969604,0.09925476186088654,0.6394302845001221
711,0.7700423002243042,0.5724510550498962,0.7368065118789673,0.5804333090782166,0.551388144493103,0.6422242641448974,0.10273859474716394,0.6485918760299683
712,0.778005838394165,0.5742908120155334,0.7363818287849426,0.5857558846473694,0.550772488117218,0.6450413703918457,0.10419892224301909,0.651901125907898
713,0.7867528200149536,0.5844705700874329,0.7492032051086426,0.5970756411552429,0.5624313354492188,0.6559867143630982,0.10383493017350302,0.6627202033996582
714,0.7947269082069397,0.5914292931556702,0.7571145296096802,0.6043127775192261,0.5698717832565308,0.6634910583496094,0.10422060527124749,0.6675358414649963
715,0.8079717755317688,0.6020522713661194,0.766451358795166,0.6163755059242249,0.5804772973060608,0.6746656417846679,0.10456699871317218,0.6711958050727844
716,0.8161014914512634,0.6054739356040955,0.7697899341583252,0.6210801005363464,0.5801616907119751,0.6785214304924011,0.10673365711095022,0.675856351852417
717,0.8131904602050781,0.5943681597709656,0.7635798454284668,0.6158387064933777,0.5661023855209351,0.6706159114837646,0.11034846384812037,0.6647136807441711
718,0.786612868309021,0.5823385715484619,0.7455332279205322,0.5964152812957764,0.5537658333778381,0.6529331564903259,0.10542421708711662,0.6451498866081238
719,0.7882399559020996,0.5831782817840576,0.7454082369804382,0.5981751084327698,0.5542256832122803,0.6538454532623291,0.10543097351467284,0.6416901350021362
720,0.8064177632331848,0.6010564565658569,0.7659320831298828,0.6170938611030579,0.5732888579368591,0.6727578043937683,0.10568829167321196,0.6660100817680359
721,0.8225737810134888,0.6120546460151672,0.7787055373191833,0.6306968331336975,0.5846650004386902,0.6857391595840454,0.10728642959249422,0.6714015007019043
722,0.8043605089187622,0.5989084839820862,0.7632824182510376,0.6118229627609253,0.577130138874054,0.6711009025573731,0.10465619713693573,0.6565155386924744
723,0.8165645599365234,0.6087293028831482,0.7797307968139648,0.6252063512802124,0.584770143032074,0.6830002307891846,0.1068897630804091,0.6687840819358826
724,0.8194426894187927,0.6046983003616333,0.7802894711494446,0.6249038577079773,0.5832312107086182,0.6825131058692933,0.10901925586225496,0.6734749674797058
725,0.8089877367019653,0.5956664085388184,0.7728878259658813,0.6171453595161438,0.5730156898498535,0.6735406041145324,0.10904800382576527,0.669817328453064
726,0.813632607460022,0.6122503876686096,0.7791094779968262,0.6207656264305115,0.5914209485054016,0.6834358096122741,0.10436271821610296,0.673318088054657
727,0.8237073421478271,0.6153181195259094,0.7855661511421204,0.6285073161125183,0.5952402353286743,0.6896678328514099,0.10647551051377825,0.6788047552108765
728,0.8221453428268433,0.604411780834198,0.7813400030136108,0.6233121156692505,0.5854881405830383,0.6833394765853882,0.10986232390569908,0.6819062232971191
729,0.8317082524299622,0.5967401266098022,0.784381091594696,0.6312368512153625,0.5760892033576965,0.6840311050415039,0.11612177008829766,0.6864230632781982
730,0.8129700422286987,0.5837923288345337,0.769988477230072,0.6108761429786682,0.5634693503379822,0.668219268321991,0.11478071035825536,0.6780732870101929
731,0.7866564393043518,0.5746113061904907,0.7558119297027588,0.5889413952827454,0.5583184957504272,0.6528679132461548,0.10914111143906145,0.6763610243797302
732,0.8006443381309509,0.5682199597358704,0.7564792037010193,0.5851931571960449,0.5550007224082947,0.653107476234436,0.11607758180603028,0.6820544004440308
733,0.8036258220672607,0.5731967687606812,0.7536554336547852,0.5839836001396179,0.5641497373580933,0.6557222723960876,0.11380772063016925,0.6830548048019409
734,0.800355851650238,0.5764887928962708,0.7561628222465515,0.5821012854576111,0.5608446002006531,0.6551906704902649,0.11369425004355577,0.6702007055282593
735,0.8042929768562317,0.5823298692703247,0.7637513875961304,0.5881303548812866,0.5694353580474854,0.6615879893302917,0.11288495749725881,0.6756060123443604
736,0.8018018007278442,0.5802692770957947,0.7585365772247314,0.5851356983184814,0.5702030062675476,0.6591892719268799,0.11162333231145792,0.6778199076652527
737,0.7922318577766418,0.5860698819160461,0.7588531970977783,0.5798283219337463,0.576957106590271,0.6587880730628968,0.10728368634458814,0.675629198551178
738,0.8038405776023865,0.5967416167259216,0.7657056450843811,0.5864855051040649,0.5907531976699829,0.6687053084373474,0.10687142606882075,0.6872295141220093
739,0.8206298351287842,0.6134372353553772,0.7802184820175171,0.6006650924682617,0.6058948040008545,0.6841690897941589,0.10717951924453932,0.7006940841674805
740,0.8401936292648315,0.6261555552482605,0.8004398345947266,0.6183176636695862,0.6172406077384949,0.70046945810318,0.11035786696231614,0.7123799324035645
741,0.8473806977272034,0.6308878660202026,0.8070557713508606,0.6296659708023071,0.6247410178184509,0.707946264743805,0.10983347594269466,0.7130502462387085
742,0.8161178231239319,0.6187433004379272,0.7848080992698669,0.6059306859970093,0.6152743697166443,0.6881748557090759,0.10320696663613431,0.6908954381942749
743,0.8174310922622681,0.6190395355224609,0.7869577407836914,0.6060670614242554,0.6169732809066772,0.6892937421798706,0.10374249391022534,0.6931803822517395
744,0.8076843023300171,0.6166174411773682,0.7805048227310181,0.5977699160575867,0.6133349537849426,0.6831822872161866,0.101952476121232,0.6806226372718811
745,0.7990426421165466,0.6129490733146667,0.7725499868392944,0.5917184948921204,0.6113113760948181,0.6775143146514893,0.09964102507908679,0.6736127734184265
746,0.8045564293861389,0.6178077459335327,0.782093346118927,0.5955292582511902,0.6153902411460876,0.6830754041671753,0.10132579691994616,0.6884099841117859
747,0.7992501854896545,0.6172153353691101,0.7821024060249329,0.5989770293235779,0.61831134557724,0.6831712603569031,0.09862473012469708,0.6744118332862854
748,0.8104696869850159,0.6182920336723328,0.7863203883171082,0.6062549948692322,0.6178088784217834,0.6878291964530945,0.10140736795414936,0.6872006058692932
749,0.8127005696296692,0.6174447536468506,0.7900295853614807,0.605311393737793,0.6186639666557312,0.6888300538063049,0.10317431526529544,0.6950808763504028
750,0.8368778228759766,0.6269714832305908,0.8115708231925964,0.6263786554336548,0.6299393177032471,0.7063476204872131,0.10798598450154925,0.7077290415763855
751,0.8482136726379395,0.6372599601745605,0.819140613079071,0.6355282664299011,0.6409634947776794,0.7162212014198304,0.10773157329662728,0.7189096212387085
752,0.848513126373291,0.6418020725250244,0.8205761313438416,0.6341524720191956,0.6451948881149292,0.7180477380752563,0.10687918868885515,0.721764087677002
753,0.8374512195587158,0.6325849890708923,0.8128461241722107,0.6223877668380737,0.6348282694816589,0.7080196738243103,0.10737935852776226,0.7157620787620544
754,0.8351168632507324,0.634441614151001,0.811392605304718,0.6205719709396362,0.6359260678291321,0.7074898242950439,0.10617977026111645,0.7161931991577148
755,0.8396293520927429,0.6326491832733154,0.8084400296211243,0.6257807612419128,0.6334123611450195,0.707982337474823,0.10655462096516788,0.724428653717041
756,0.8349732756614685,0.6301797032356262,0.8034155368804932,0.6211932897567749,0.6322360038757324,0.704399561882019,0.10546694775811691,0.7219158411026001
757,0.8247471451759338,0.618508517742157,0.796272337436676,0.6141852736473083,0.6220810413360596,0.695158863067627,0.10581755904612115,0.7133902907371521
758,0.8115154504776001,0.6074863076210022,0.7866649627685547,0.6028137803077698,0.6126616597175598,0.6842284321784973,0.10527906958188477,0.7007317543029785
759,0.8059023022651672,0.6044937372207642,0.779556930065155,0.5964701175689697,0.608120858669281,0.6789087891578675,0.104405538969956,0.6952599883079529
760,0.8150037527084351,0.6125310063362122,0.7869583964347839,0.6061033010482788,0.6141745448112488,0.6869542002677917,0.10460650682344019,0.7090648412704468
761,0.8314626216888428,0.6295187473297119,0.8074625730514526,0.628689169883728,0.628080427646637,0.7050427079200745,0.10479592948874743,0.7279640436172485
762,0.8408980369567871,0.6395093202590942,0.8178058862686157,0.638374924659729,0.635003387928009,0.714318311214447,0.10534081035464028,0.7315274477005005
763,0.8346311450004578,0.6362143158912659,0.8101087808609009,0.6354504227638245,0.6334527730941772,0.7099714875221252,0.10297588411520431,0.7213699221611023
764,0.8300572633743286,0.6326980590820312,0.8091199994087219,0.6299725770950317,0.6258945465087891,0.7055484890937805,0.10439485956985023,0.7163448333740234
765,0.8238273859024048,0.6287816762924194,0.8035337924957275,0.6234827637672424,0.6250715851783752,0.7009394407272339,0.10318582674436245,0.7110157608985901
766,0.8244761824607849,0.6246814131736755,0.8033108115196228,0.6237189173698425,0.6219965219497681,0.6996367692947387,0.10457416001432181,0.7090774774551392
767,0.8190290927886963,0.623270571231842,0.8018209338188171,0.619399905204773,0.6200380325317383,0.6967117071151734,0.10399406221611497,0.7144553065299988
768,0.8167439103126526,0.6236043572425842,0.7982845902442932,0.6179721355438232,0.6211472749710083,0.6955504536628723,0.10243610933845963,0.7171603441238403
769,0.8257764577865601,0.6303626894950867,0.8058501482009888,0.624482274055481,0.628685712814331,0.7030314564704895,0.10321825428289381,0.7256203293800354
770,0.8357431888580322,0.6386205554008484,0.8167532682418823,0.6342037916183472,0.6360315084457397,0.71227046251297,0.10427519226010447,0.7321121692657471
771,0.8347744345664978,0.6347291469573975,0.8130494356155396,0.6335912942886353,0.6344762444496155,0.7101241111755371,0.10415805053239074,0.7293888330459595
772,0.8321254253387451,0.6346772909164429,0.8109578490257263,0.6310622096061707,0.635658860206604,0.7088963270187378,0.10311681076035867,0.7293943762779236
773,0.8343707919120789,0.6342715620994568,0.81041020154953,0.6317006349563599,0.6341612339019775,0.7089828848838806,0.1038776144756678,0.730488121509552
774,0.8282821774482727,0.629581868648529,0.8039295673370361,0.6256405711174011,0.628319501876831,0.7031507372856141,0.10348208539221147,0.7247017025947571
775,0.8267547488212585,0.6307483315467834,0.7980493307113647,0.6235440969467163,0.6366832852363586,0.7031559586524964,0.10035056338944147,0.7378425002098083
776,0.8362287878990173,0.6367892026901245,0.8002714514732361,0.6339776515960693,0.6396758556365967,0.7093885898590088,0.10020663190849505,0.7493393421173096
777,0.8555761575698853,0.6461697816848755,0.8122934103012085,0.6475101113319397,0.6407403349876404,0.7204579591751099,0.10474456912753213,0.7509158253669739
778,0.8408676385879517,0.6310082077980042,0.7941111922264099,0.6310869455337524,0.625808835029602,0.704576563835144,0.10441394644360551,0.7345331907272339
779,0.855799674987793,0.6482268571853638,0.8042690753936768,0.6419991254806519,0.6471371054649353,0.7194863677024841,0.10257440172761349,0.7540998458862305
780,0.8636152744293213,0.657426118850708,0.8085532784461975,0.6430906057357788,0.6562588214874268,0.7257888197898865,0.1027046266807477,0.7551352381706238
781,0.8801875710487366,0.6757056713104248,0.821383535861969,0.6550644636154175,0.6746488809585571,0.741398024559021,0.10232868295980303,0.7701253294944763
782,0.8773614168167114,0.6823628544807434,0.8219245076179504,0.6520926356315613,0.6852573156356812,0.7437997460365295,0.09944106316538982,0.7635317444801331
783,0.8800559043884277,0.6837722659111023,0.8272078037261963,0.6560611128807068,0.6890438199043274,0.7472281813621521,0.09970387592431679,0.7681507468223572
784,0.871940553188324,0.6779356002807617,0.8163313269615173,0.6477826237678528,0.6837880611419678,0.7395556330680847,0.0984246031276302,0.7641464471817017
785,0.8748102784156799,0.6903917193412781,0.8210411667823792,0.6516878008842468,0.7016531229019165,0.7479168176651001,0.09507708829681419,0.7567079663276672
786,0.8849397301673889,0.6939958333969116,0.8257386088371277,0.664651095867157,0.7061318159103394,0.755091416835785,0.09507993309337236,0.7587074637413025
787,0.9008170366287231,0.7058979868888855,0.8349938988685608,0.676555871963501,0.7170825600624084,0.7670694708824157,0.09609304417706321,0.7753026485443115
788,0.9149738550186157,0.7161665558815002,0.8424728512763977,0.6880825161933899,0.7287278175354004,0.7780847191810608,0.0965075467180721,0.7836663722991943
789,0.9313601851463318,0.7266682386398315,0.858782947063446,0.7000292539596558,0.7379986643791199,0.790967857837677,0.09939680333612484,0.7912615537643433
790,0.8935946226119995,0.7213118076324463,0.8601159453392029,0.6672413349151611,0.7295531630516052,0.774363374710083,0.09729741658164137,0.7834790349006653
791,0.9030291438102722,0.7266566753387451,0.8686034679412842,0.670013427734375,0.7389371395111084,0.781447970867157,0.09950499552275995,0.7874223589897156
792,0.8956478834152222,0.7380585074424744,0.8591843843460083,0.667613685131073,0.7536532282829285,0.7828315377235413,0.09312415983642491,0.7944768667221069
793,0.8826739192008972,0.7247782945632935,0.8493233919143677,0.6593344807624817,0.7383876442909241,0.7708995461463928,0.092567228921382,0.7851298451423645
794,0.8653925657272339,0.7136887907981873,0.8368241190910339,0.6415050625801086,0.7259954810142517,0.7566812038421631,0.0925966410680302,0.7781431078910828
795,0.8761392831802368,0.7256647944450378,0.8534470200538635,0.6498140096664429,0.7369493246078491,0.768402886390686,0.09449712773203094,0.7975574731826782
796,0.8976815342903137,0.7646041512489319,0.8807003498077393,0.6706205606460571,0.780045747756958,0.79873046875,0.09278503067757699,0.8218480944633484
797,0.8757967352867126,0.7640213370323181,0.8825636506080627,0.664119303226471,0.7806406021118164,0.7934283256530762,0.09010935189318443,0.810876190662384
798,0.8469035625457764,0.7560681700706482,0.8757455945014954,0.6543102264404297,0.7783952951431274,0.7822845697402954,0.08658873482181612,0.7997926473617554
799,0.8729987740516663,0.7674345374107361,0.891600489616394,0.6720585227012634,0.7961236834526062,0.8000432014465332,0.08826666723089172,0.8175236582756042
800,0.8776934742927551,0.7643738389015198,0.8890377879142761,0.6736656427383423,0.7930636405944824,0.7995668768882751,0.08837529619091894,0.8233551979064941
801,0.868341863155365,0.7644544243812561,0.8849122524261475,0.6670624613761902,0.7946273684501648,0.7958796739578247,0.08769344007586076,0.8274534940719604
802,0.8747129440307617,0.7789798378944397,0.8928432464599609,0.6770368218421936,0.8060054183006287,0.8059156537055969,0.08605924278037204,0.8326377868652344
803,0.8933733701705933,0.7946645021438599,0.8990760445594788,0.6953264474868774,0.8163752555847168,0.8197631239891052,0.0834189916057456,0.823752224445343
804,0.9064602851867676,0.8052085041999817,0.8989589810371399,0.7027521729469299,0.8223115801811218,0.8271383047103882,0.08280445237110018,0.8251780867576599
805,0.892218828201294,0.7965458035469055,0.8907393217086792,0.6894029378890991,0.8120981454849243,0.8162010073661804,0.08339001787601621,0.826749861240387
806,0.8780754208564758,0.7801835536956787,0.8725012540817261,0.6742663383483887,0.7997710704803467,0.8009595274925232,0.08298990502686633,0.8226136565208435
807,0.8751035332679749,0.7817432284355164,0.8677143454551697,0.6711552143096924,0.7980861663818359,0.7987604975700379,0.08239545303753647,0.820374071598053
808,0.8912444114685059,0.7988865375518799,0.8847772479057312,0.6833031177520752,0.8106352686882019,0.8137693166732788,0.08410895470093878,0.8360259532928467
809,0.8904961943626404,0.8094696998596191,0.885688304901123,0.6776207089424133,0.8224806785583496,0.8171511173248291,0.08607117645752696,0.828155517578125
810,0.9049494862556458,0.8236088156700134,0.9034484028816223,0.6880471110343933,0.8328126668930054,0.830573296546936,0.0883315219062049,0.8430882096290588
811,0.9041594862937927,0.8080298900604248,0.9016415476799011,0.6903747916221619,0.8145731687545776,0.8237557768821716,0.08754007770328849,0.8431479930877686
