step,agent_model_0,agent_model_1,agent_model_2,agent_model_3,agent_model_4,agent_cumulative_return_mean,agent_cumulative_return_std,benchmark_cumulative_return
0,-0.004313969984650612,-0.002457852242514491,-0.0036721532233059406,0.0011252019321545959,0.00034966086968779564,-0.0017938225297257303,0.0024205076813084733,0.0008211430395022035
1,0.02577049657702446,0.02283095009624958,0.024480316787958145,0.028870360925793648,0.028073417022824287,0.026005108281970023,0.0024971426521484988,0.026684386655688286
2,0.006267877295613289,0.006560766603797674,0.007524766027927399,0.010072198696434498,0.010843279771506786,0.00825377767905593,0.0020828898737473714,0.0077875955030322075
3,0.010466440580785275,0.010239418596029282,0.012206231243908405,0.013258954510092735,0.014844532124698162,0.012203115411102772,0.0019341686078273503,0.010605163872241974
4,0.005855945870280266,0.004657466895878315,0.006209306884557009,0.008294441737234592,0.007616098970174789,0.006526652071624994,0.001445370440761165,-0.0008969649206846952
5,-0.004594676196575165,-0.004344809800386429,-0.005289310123771429,0.0013288676273077726,-0.0014915351057425141,-0.0028782927198335528,0.002762831173618562,-0.013896427117288113
6,-0.002348310546949506,-0.002522860886529088,-0.0031165468972176313,0.0041406480595469475,0.0002222201437689364,-0.0007249700254760682,0.0030066049996791315,-0.00876579713076353
7,-0.0035141317639499903,-0.0027966320049017668,-0.004436316434293985,0.0033911827486008406,-0.0013101572403684258,-0.0017332109389826655,0.0030841411999242975,-0.011802962981164455
8,-0.0031976643949747086,-0.0017272209515795112,-0.0035035014152526855,0.0029641790315508842,0.00010244088480249047,-0.0010723533690907062,0.0026706747597800952,-0.013522177003324032
9,0.02738279104232788,0.02717781811952591,0.02712417021393776,0.030623478814959526,0.02960347943007946,0.02838234752416611,0.0016237954755151643,0.02011456899344921
10,0.012414952740073204,0.015310452319681644,0.013296602293848991,0.017994288355112076,0.0167703740298748,0.015157333947718144,0.0023268342671891843,0.007593754678964615
11,-0.0020960804540663958,0.0016115427715703845,-0.0013667101738974452,0.00474098976701498,0.00297122192569077,0.0011721927672624587,0.0028850253187142462,-0.009138116613030434
12,-0.01893671415746212,-0.012953018769621849,-0.016391703858971596,-0.008892068639397621,-0.011392897926270962,-0.01371328067034483,0.003989500841450866,-0.026378139853477478
13,-0.024835238233208656,-0.0167989581823349,-0.021793652325868607,-0.013293363153934479,-0.015196955762803555,-0.01838363353163004,0.004791356673363325,-0.02624710649251938
14,-0.03497609123587608,-0.024234438315033913,-0.031596239656209946,-0.020014870911836624,-0.022491751238703728,-0.02666267827153206,0.006343090479869438,-0.034170035272836685
15,-0.027280038222670555,-0.017051687464118004,-0.022714274004101753,-0.012837382033467293,-0.013311825692653656,-0.01863904148340225,0.006241644774868459,-0.023653611540794373
16,-0.024054642766714096,-0.016002971678972244,-0.020745638757944107,-0.011328545399010181,-0.01178324967622757,-0.01678300965577364,0.005566334452045776,-0.023025577887892723
17,-0.03289583697915077,-0.022521482780575752,-0.029687829315662384,-0.018279582262039185,-0.019323816522955894,-0.024541709572076797,0.006457475430793904,-0.03139229491353035
18,-0.02248454838991165,-0.01224121730774641,-0.02047470584511757,-0.007461754605174065,-0.009200917556881905,-0.01437262874096632,0.006747004482841977,-0.019744638353586197
19,-0.025350505486130714,-0.014512036927044392,-0.023462342098355293,-0.008985279127955437,-0.011476517654955387,-0.016757336258888245,0.007282392239831282,-0.021839339286088943
20,-0.029967308044433594,-0.016988186165690422,-0.027341580018401146,-0.012106758542358875,-0.013743218034505844,-0.020029410161077975,0.008120395708896219,-0.026184367015957832
21,-0.02850431576371193,-0.01590043492615223,-0.02499520592391491,-0.010518950410187244,-0.011362076736986637,-0.01825619675219059,0.008114518984708661,-0.02503799833357334
22,-0.02413426712155342,-0.01336641889065504,-0.01852680742740631,-0.006304669193923473,-0.007151402998715639,-0.013896713126450777,0.007577348428171494,-0.018872149288654327
23,-0.029851805418729782,-0.014147408306598663,-0.02218196913599968,-0.008647779002785683,-0.009492408484220505,-0.01686427406966686,0.009030371037918317,-0.02437708154320717
24,-0.035541970282793045,-0.022088713943958282,-0.025747263804078102,-0.015819763764739037,-0.016658322885632515,-0.023171206936240196,0.008020365035357815,-0.03083992749452591
25,-0.03948952630162239,-0.022036084905266762,-0.02736698091030121,-0.018439386039972305,-0.0192757286131382,-0.025321541354060173,0.008654850634110124,-0.02968635968863964
26,-0.021390102803707123,-0.0010757138952612877,-0.007644108962267637,-0.0018459158018231392,-0.002696423791348934,-0.006930453050881624,0.008480098306066958,-0.009275151416659355
27,-0.02809891477227211,-0.006946371402591467,-0.013672860339283943,-0.008470847271382809,-0.00931566208600998,-0.013300931174308061,0.008641631211425499,-0.01648811064660549
28,-0.021112872287631035,0.0013820811873301864,-0.005780122708529234,-0.0020121608395129442,-0.0028625051490962505,-0.006077115959487856,0.008784352255789949,-0.005413991864770651
29,-0.01062898337841034,0.010498777963221073,0.0046141669154167175,0.007390331011265516,0.0065319715067744255,0.0036812528036534787,0.00827670973126125,0.006517443340271711
30,-0.01562933810055256,0.008686743676662445,0.0008765020756982267,0.004234671592712402,0.0033790136221796274,0.0003095185733400285,0.009345789812462493,0.0019035645527765155
31,-0.006843863520771265,0.016884472221136093,0.009468392468988895,0.011777186766266823,0.010915110819041729,0.008440259750932455,0.008989246006027228,0.014244369231164455
32,-0.007160349283367395,0.015513677150011063,0.010196254588663578,0.010364561341702938,0.009503659792244434,0.0076835607178509235,0.008638092135124167,0.012847552075982094
33,-0.030724558979272842,-0.0076417080126702785,-0.011983320116996765,-0.01190278586000204,-0.012744709849357605,-0.014999416563659907,0.009016452198211688,-0.010394337587058544
34,-0.03344723582267761,-0.012364916503429413,-0.015960169956088066,-0.015180455520749092,-0.01601959951221943,-0.018594475463032722,0.008435593917509875,-0.009318823926150799
35,-0.02694861963391304,-0.008018706925213337,-0.009967268444597721,-0.011016998440027237,-0.01185973547399044,-0.013562265783548355,0.007619490064876695,0.001292480039410293
36,-0.018629267811775208,-0.003293628105893731,-0.003593559842556715,-0.003458568127825856,-0.004307693801820278,-0.006656543537974358,0.0067041281622804245,0.003556724637746811
37,-0.03070426918566227,-0.014152311719954014,-0.0137830451130867,-0.01624869368970394,-0.017086893320083618,-0.01839504260569811,0.007019729579197478,-0.00506523996591568
38,-0.022887155413627625,-0.007499277126044035,-0.006038741208612919,-0.009468240663409233,-0.01031224150210619,-0.01124113118276,0.006721275742804572,0.0066190906800329685
39,-0.01887689344584942,-0.004729695152491331,-0.002620419254526496,-0.0058798338286578655,-0.006726826541125774,-0.007766733644530177,0.006398937472592315,0.010956617072224617
40,-0.021594898775219917,-0.007562611717730761,-0.004248388111591339,-0.009872694499790668,-0.010716329328715801,-0.010798984486609698,0.006534543440619451,0.0060229175724089146
41,-0.024171648547053337,-0.010240401141345501,-0.009211834520101547,-0.011196176521480083,-0.012038780376315117,-0.013371768221259118,0.006128988070586901,0.0005929265171289444
42,-0.015939682722091675,-0.0014420209918171167,-0.0007263281149789691,-0.003220547689124942,-0.0040698545053601265,-0.005079686804674566,0.006216912724520137,0.008637032471597195
43,-0.0037991937715560198,0.009635217487812042,0.013478539884090424,0.006401083432137966,0.005543622188270092,0.006251853844150901,0.006426888056957173,0.022622888907790184
44,-0.01200911309570074,0.0003605742531362921,0.005580629222095013,-0.004728519357740879,-0.005576487630605698,-0.0032745833217632026,0.006620684700369678,0.008286901749670506
45,-0.013540880754590034,-0.004900016356259584,0.0042394292540848255,-0.009784760884940624,-0.010628492571413517,-0.006922944262623787,0.006971531142817673,0.005519464612007141
46,-0.018081162124872208,-0.009316103532910347,-0.00040343202999792993,-0.013311652466654778,-0.014152375049889088,-0.01105294504086487,0.006718124864656598,0.0029149693436920643
47,-0.008145052008330822,0.005083282012492418,0.009473469108343124,-0.004756496753543615,-0.005604540929198265,-0.000789867714047432,0.007629612220629751,0.014845170080661774
48,-0.005781922955065966,0.004418984521180391,0.010038853622972965,-0.0020077181980013847,-0.0028580620419234037,0.0007620269898325205,0.006384212258613652,0.013511598110198975
49,-0.019295709207654,-0.009854869917035103,-0.0054883756674826145,-0.013975005596876144,-0.014815190806984901,-0.012685830239206553,0.0052369919363527435,-0.0009988091187551618
50,-0.007262562867254019,0.00035278857103548944,0.005191237200051546,-0.003387817880138755,-0.004237009212374687,-0.001868672837736085,0.00479030502750456,0.006794588174670935
51,-0.00044854357838630676,0.006061377003788948,0.011606927961111069,0.0022591487504541874,0.0014051267644390464,0.004176807380281389,0.004783089850168803,0.011299964040517807
52,-0.006701396778225899,-0.001163516310043633,0.005422267597168684,-0.005461412016302347,-0.0063088503666222095,-0.002842581574805081,0.005120808993493939,0.005237469915300608
53,-0.013009975664317608,-0.010130835697054863,-0.0014245175989344716,-0.012189277447760105,-0.013030982576310635,-0.009957117796875536,0.004913923244079985,0.0010451212292537093
54,-0.021561454981565475,-0.018928511068224907,-0.00958540290594101,-0.02027398906648159,-0.02110874280333519,-0.018291620165109636,0.00496894443350781,-0.007719495799392462
55,-0.02540930174291134,-0.021880274638533592,-0.014598851092159748,-0.021977249532938004,-0.022810574620962143,-0.021335250325500967,0.004026871175105683,-0.0131809888407588
56,-0.02613218128681183,-0.01970633678138256,-0.014782444573938847,-0.02205931954085827,-0.022892607375979424,-0.021114577911794184,0.004222242438561172,-0.017739368602633476
57,-0.029398581013083458,-0.02197394147515297,-0.017416929826140404,-0.02669631689786911,-0.027525603771209717,-0.02460227459669113,0.004859854327320308,-0.018011361360549927
58,-0.04419887438416481,-0.038897305727005005,-0.03381100669503212,-0.040419016033411026,-0.04123665764927864,-0.03971257209777832,0.0038223664615498905,-0.0327284075319767
59,-0.038864824920892715,-0.026614712551236153,-0.02799520082771778,-0.03519313037395477,-0.036015208810567856,-0.03293661549687386,0.005340816860351243,-0.0162176713347435
60,-0.050879403948783875,-0.03769068047404289,-0.038990143686532974,-0.046879660338163376,-0.047691792249679565,-0.04442633613944054,0.0057715971145726255,-0.02250484749674797
61,-0.0555780753493309,-0.0376942977309227,-0.04070820286870003,-0.050230059772729874,-0.05103934928774834,-0.04704999700188637,0.007525013502708751,-0.025617271661758423
62,-0.06234016269445419,-0.0434662289917469,-0.048142146319150925,-0.05568457022309303,-0.056489214301109314,-0.053224464505910875,0.007430676001060309,-0.02804180234670639
63,-0.04618023708462715,-0.028169794008135796,-0.03176533058285713,-0.041288815438747406,-0.042105745524168015,-0.0379019845277071,0.0075836295643902235,-0.014882877469062805
64,-0.0356743149459362,-0.020081033930182457,-0.021304043009877205,-0.033966194838285446,-0.03478929027915001,-0.029162975400686263,0.007768017088482965,-0.0034707817249000072
65,-0.03361588343977928,-0.020429156720638275,-0.020621443167328835,-0.03291277959942818,-0.03373679146170616,-0.028263210877776147,0.007071044752007409,-0.003411030862480402
66,-0.05017722398042679,-0.0362374372780323,-0.03616843372583389,-0.04995327070355415,-0.05076279118657112,-0.04465983137488365,0.00772574908843884,-0.019512822851538658
67,-0.043404608964920044,-0.02988462522625923,-0.029093727469444275,-0.04300296679139137,-0.0438183955848217,-0.03784086480736733,0.007634585450763846,-0.01584145799279213
68,-0.05477607622742653,-0.03772927075624466,-0.03743591159582138,-0.051062487065792084,-0.051871053874492645,-0.04657495990395546,0.008324860971818424,-0.0327514223754406
69,-0.06478206068277359,-0.044592127203941345,-0.04412027820944786,-0.05698090419173241,-0.05778442323207855,-0.05365195870399475,0.009013486992469979,-0.04590551182627678
70,-0.045886486768722534,-0.02778785489499569,-0.025684431195259094,-0.03977331519126892,-0.04059150815010071,-0.03594471924006939,0.008759244865171387,-0.02792554721236229
71,-0.045434582978487015,-0.029052164405584335,-0.02362588420510292,-0.038443755358457565,-0.039263129234313965,-0.03516390323638916,0.00871101573858826,-0.03832309693098068
72,-0.032788634300231934,-0.017399227246642113,-0.011124152690172195,-0.025972755625844002,-0.026802634820342064,-0.022817480936646463,0.008534525583918026,-0.035687483847141266
73,-0.020352507010102272,-0.005720316898077726,0.0010009795660153031,-0.015138896182179451,-0.01597810909152031,-0.01123776992317289,0.00867463703313806,-0.020084921270608902
74,-0.022631168365478516,-0.006353062577545643,0.0007207949529401958,-0.015067687258124352,-0.01590694859623909,-0.01184761436888948,0.009100647131488558,-0.024852564558386803
75,-0.012584528885781765,0.0030577341094613075,0.008384251035749912,-0.007195936515927315,-0.007016872055828571,-0.003071070462465286,0.008542195230935993,-0.01009767223149538
76,-0.01725521683692932,-0.005585929378867149,0.0016218184027820826,-0.014364628121256828,-0.014981139451265335,-0.010113019077107311,0.007921280137978362,-0.009065992198884487
77,-0.02182287909090519,-0.007331610657274723,-0.00014123633445706218,-0.016737209632992744,-0.01719590090215206,-0.012645767323556356,0.008750236460748545,-0.014257705770432949
78,-0.023622404783964157,-0.006663769483566284,0.0007091527804732323,-0.017655793577432632,-0.020404674112796783,-0.013527497835457324,0.010198511082879358,-0.022772928699851036
79,-0.006737058982253075,0.006377255544066429,0.012074917554855347,-0.0036955748219043016,-0.005274777300655842,0.0005489523988217116,0.008243706555854947,-0.008229908533394337
80,-0.012945189140737057,0.0024291810113936663,0.007137305568903685,-0.008057552389800549,-0.009385527111589909,-0.004164356412366033,0.008525299424216357,-0.009378871880471706
81,-0.009779234416782856,0.007657877169549465,0.011906785890460014,-0.0056570773012936115,-0.005810943432152271,-0.0003365184180438519,0.009503307617609069,-0.0011960919946432114
82,-0.0026785340160131454,0.015140224248170853,0.02112601138651371,0.00026717959553934634,0.0001302533783018589,0.006797026918502524,0.010627791022685983,0.005156821105629206
83,0.0023630191572010517,0.01935524120926857,0.025964507833123207,0.005504511762410402,0.005122239235788584,0.011661903839558363,0.01037908796015117,0.008262740448117256
84,0.011425658129155636,0.025217823684215546,0.0321190282702446,0.013320737518370152,0.013303597457706928,0.019077369011938572,0.009121595026898318,0.020385242998600006
85,0.0194868091493845,0.031870584934949875,0.03916795924305916,0.020439207553863525,0.019220586866140366,0.026037029549479486,0.00904373501785563,0.027696507051587105
86,0.022474011406302452,0.03643365204334259,0.04333026707172394,0.026568274945020676,0.02537594921886921,0.030836430937051774,0.008737689941396436,0.024623854085803032
87,0.024677051231265068,0.03575284034013748,0.04192018881440163,0.029429271817207336,0.02917005494236946,0.032189881429076195,0.006718565565560306,0.023494966328144073
88,0.027460772544145584,0.0391513854265213,0.04383625462651253,0.03192415088415146,0.032465558499097824,0.034967624396085736,0.006481364594387589,0.024502713233232498
89,0.03236621618270874,0.04403305426239967,0.048142142593860626,0.03666311129927635,0.0369291827082634,0.03962674140930176,0.006338430468853331,0.030479006469249725
90,0.03538457304239273,0.047366756945848465,0.05033043026924133,0.04132452607154846,0.041384655982255936,0.043158188462257385,0.005832879501918467,0.03625449910759926
91,0.035686641931533813,0.04815060272812843,0.052094221115112305,0.04259612411260605,0.04263846203684807,0.044233210384845734,0.0062331484531478855,0.03406738489866257
92,0.041083864867687225,0.051943257451057434,0.05702910199761391,0.04519699886441231,0.04483259841799736,0.04801716431975365,0.0063795505808689635,0.043321382254362106
93,0.03774799779057503,0.04936925321817398,0.05510040372610092,0.04031341150403023,0.03991803154349327,0.044489819556474686,0.007419386090825994,0.04299161583185196
94,0.039702992886304855,0.0526154525578022,0.0577666312456131,0.041273076087236404,0.04253995418548584,0.04677962139248848,0.007955293852871845,0.04574602469801903
95,0.03619975969195366,0.04893900826573372,0.05432857573032379,0.037452299147844315,0.03825017809867859,0.04303396418690682,0.008111469356945032,0.040331315249204636
96,0.03278324753046036,0.04964354634284973,0.055072762072086334,0.03485753759741783,0.03580769896507263,0.041632958501577375,0.010036872009559009,0.03913870081305504
97,0.043508995324373245,0.06009442359209061,0.06437932699918747,0.04560796916484833,0.0454876534640789,0.05181567370891571,0.009669066983634577,0.04712085425853729
98,0.03961408883333206,0.05780576542019844,0.06132298335433006,0.041222427040338516,0.042116597294807434,0.0484163723886013,0.010291519807783681,0.04457727074623108
99,0.041672222316265106,0.05802226811647415,0.06183280795812607,0.04359947144985199,0.04553507640957832,0.05013236925005913,0.00914519971561529,0.04623539373278618
100,0.03717178851366043,0.0567803680896759,0.05974120646715164,0.04144691675901413,0.043326716870069504,0.04769339933991432,0.009956322268279295,0.038943756371736526
101,0.033339422196149826,0.050927016884088516,0.05507577210664749,0.034715015441179276,0.03758791834115982,0.04232902899384498,0.009970822668201724,0.03354913368821144
102,0.048053305596113205,0.06289749592542648,0.06918971240520477,0.04788209870457649,0.05162984877824783,0.055930492281913755,0.009613380022797734,0.04354618489742279
103,0.051990918815135956,0.06733693182468414,0.07264488190412521,0.05204224959015846,0.05506606772542,0.05981620997190475,0.00955732145789837,0.050533540546894073
104,0.05325956270098686,0.06706415861845016,0.07298813760280609,0.052015941590070724,0.05577380210161209,0.060220320522785184,0.00929234607168281,0.046809617429971695
105,0.05033309385180473,0.066095270216465,0.07191106677055359,0.05114419758319855,0.05619548633694649,0.05913582295179367,0.009508423317076298,0.03906339406967163
106,0.04289824888110161,0.06176155060529709,0.0666312649846077,0.04726292937994003,0.05209987238049507,0.0541307732462883,0.009898895116580974,0.03198559209704399
107,0.05147475004196167,0.06421306729316711,0.07256873697042465,0.05073196440935135,0.05392119288444519,0.058581942319869997,0.00950259061562001,0.03794466331601143
108,0.0560874305665493,0.07020624727010727,0.07843689620494843,0.05512920022010803,0.05858573317527771,0.06368910148739815,0.010211174232279508,0.046863801777362823
109,0.05768671631813049,0.07059784978628159,0.0800669714808464,0.0565468892455101,0.05899263918399811,0.06477821320295334,0.01023634686461065,0.04386240243911743
110,0.05894729122519493,0.0745486468076706,0.08260180801153183,0.058307453989982605,0.059676043689250946,0.06681624874472618,0.01111616469411138,0.05010725557804108
111,0.06126830726861954,0.0759790763258934,0.08497506380081177,0.05981694534420967,0.060938771814107895,0.06859563291072845,0.011315736512231073,0.04764491319656372
112,0.06526638567447662,0.07882634550333023,0.08831189572811127,0.06323529034852982,0.06471803784370422,0.07207159101963043,0.01104354991398084,0.05230466276407242
113,0.06979741901159286,0.08428432047367096,0.09227771311998367,0.06796573847532272,0.0695209726691246,0.07676923274993896,0.010904522907124006,0.05276632681488991
114,0.06137287616729736,0.075785331428051,0.08409641683101654,0.05986659973859787,0.060633860528469086,0.06835101693868637,0.010993417764808229,0.04809894040226936
115,0.05828767642378807,0.07315874844789505,0.08132035285234451,0.055668868124485016,0.05719758942723274,0.06512664705514908,0.011465620531552386,0.04789964109659195
116,0.056404273957014084,0.06771539896726608,0.07763765007257462,0.05173126235604286,0.05400591343641281,0.06149889975786209,0.010915710245085569,0.049210116267204285
117,0.05931021645665169,0.07154484838247299,0.08189599961042404,0.05328754708170891,0.056171663105487823,0.06444205492734909,0.011981736645003504,0.0589490681886673
118,0.05791586637496948,0.07173629105091095,0.07975341379642487,0.05282960459589958,0.05594416335225105,0.06363586783409118,0.011554741492574992,0.05593274161219597
119,0.04765138030052185,0.05866817757487297,0.06852387636899948,0.041460905224084854,0.04555298015475273,0.05237146392464638,0.011049436999943405,0.046533361077308655
120,0.040043070912361145,0.045352477580308914,0.057547494769096375,0.03295854106545448,0.038335926830768585,0.0428475022315979,0.009332408352983402,0.03902485594153404
121,0.033936548978090286,0.04294411092996597,0.05447288975119591,0.02851802669465542,0.033227186650037766,0.03861975260078907,0.010284442892741495,0.035168278962373734
122,0.032666806131601334,0.041617002338171005,0.053400542587041855,0.027021681889891624,0.03104901686310768,0.0371510099619627,0.010534919190485178,0.03658709675073624
123,0.042329709976911545,0.05323230102658272,0.06763091683387756,0.038442425429821014,0.04242320731282234,0.048811712116003034,0.011874926570944471,0.043626442551612854
124,0.03665338456630707,0.04560350626707077,0.06074751168489456,0.03184374049305916,0.037899184972047806,0.04254946559667587,0.011308154991465594,0.037326689809560776
125,0.0402054488658905,0.04911326617002487,0.06379389762878418,0.036678727716207504,0.04155248403549194,0.0462687648832798,0.010795802243761374,0.03883066400885582
126,0.05397781729698181,0.06342190504074097,0.07960154861211777,0.0510355681180954,0.05434546619653702,0.060476461052894594,0.011655433737476073,0.05746325105428696
127,0.06178193539381027,0.06938844919204712,0.08535714447498322,0.05756847560405731,0.06317167729139328,0.06745353639125824,0.010868519585876054,0.06798175722360611
128,0.062229838222265244,0.07081958651542664,0.08506383001804352,0.058653999119997025,0.06423768401145935,0.06820098757743835,0.010412971525447385,0.06330438703298569
129,0.05516959726810455,0.06393970549106598,0.07827505469322205,0.050823308527469635,0.05782761797308922,0.061207056790590283,0.010659240985210924,0.06483439356088638
130,0.04988382011651993,0.06330535560846329,0.07625953108072281,0.047984637320041656,0.05632873624563217,0.05875241607427597,0.011485856647685921,0.06593114137649536
131,0.05744895711541176,0.06965820491313934,0.08475182950496674,0.055344704538583755,0.0645129531621933,0.06634332984685898,0.011761070956051499,0.07075096666812897
132,0.05528273805975914,0.06975866854190826,0.08472217619419098,0.055947110056877136,0.0645638108253479,0.06605490073561668,0.012068713055355881,0.06802012771368027
133,0.05956083536148071,0.07196583598852158,0.08734910935163498,0.057306353002786636,0.06474395841360092,0.06818521842360496,0.012104955092611584,0.07385878264904022
134,0.05627569183707237,0.08008935302495956,0.0926414281129837,0.05431906878948212,0.06390096247196198,0.06944530084729195,0.01646463902319154,0.07720400393009186
135,0.05997392162680626,0.08215160667896271,0.09504137933254242,0.05843982473015785,0.06848273426294327,0.0728178933262825,0.015584380039776174,0.07624012231826782
136,0.07427630573511124,0.0961775928735733,0.11048063635826111,0.07272007316350937,0.08237256854772568,0.08720543533563614,0.015988896963234387,0.09175343066453934
137,0.060211725533008575,0.08596876263618469,0.09945160895586014,0.06123795732855797,0.06961333751678467,0.0752966783940792,0.016991599813300656,0.07816524058580399
138,0.05884137004613876,0.0785612091422081,0.0943702906370163,0.05888589844107628,0.06738847494125366,0.07160944864153862,0.015075742785201822,0.07269707322120667
139,0.06490279734134674,0.08333940804004669,0.09819812327623367,0.06533808261156082,0.0742664784193039,0.07720897793769836,0.013956583889081024,0.0759432315826416
140,0.0673777237534523,0.08334384858608246,0.09888479113578796,0.0649881511926651,0.07231977581977844,0.07738285809755326,0.013939447681294377,0.07302021235227585
141,0.06558170169591904,0.08254334330558777,0.09872391074895859,0.0640551745891571,0.07035517692565918,0.07625186145305633,0.014508257231424133,0.07309787720441818
142,0.06522399187088013,0.08233162760734558,0.09746922552585602,0.06337329000234604,0.07033444941043854,0.07574651688337326,0.014215752745042087,0.07303280383348465
143,0.06575121730566025,0.08508004248142242,0.10069555789232254,0.06618420779705048,0.07368569076061249,0.07827934324741363,0.014773998049128717,0.07583282142877579
144,0.061259400099515915,0.08134619891643524,0.09779329597949982,0.06119852140545845,0.06916040927171707,0.0741515651345253,0.015569160948698398,0.07636599987745285
145,0.07073970884084702,0.09529519081115723,0.11139799654483795,0.07357082515954971,0.07963274419307709,0.0861272931098938,0.017024104991274058,0.09065290540456772
146,0.07809137552976608,0.1015491634607315,0.11852633953094482,0.07927451282739639,0.08654759079217911,0.09279779642820359,0.017152022042678253,0.09500162303447723
147,0.07949190586805344,0.09833097457885742,0.11717157810926437,0.07873083651065826,0.08795907348394394,0.09233687371015549,0.015984166929923556,0.09276328235864639
148,0.07621078938245773,0.09743406623601913,0.11788132786750793,0.07887657731771469,0.08731792867183685,0.09154413789510726,0.016895105382140542,0.08646031469106674
149,0.07124969363212585,0.092588871717453,0.11366989463567734,0.07291992008686066,0.08317624777555466,0.0867209255695343,0.017342658651283947,0.08139065653085709
150,0.06086835265159607,0.08315879851579666,0.10253999382257462,0.06224873289465904,0.07428208738565445,0.07661959305405616,0.01713706153894475,0.07831233739852905
151,0.059008389711380005,0.08439110964536667,0.10194551199674606,0.06227942928671837,0.07411537319421768,0.07634796276688575,0.017489251145444574,0.08262458443641663
152,0.06545109301805496,0.09007588028907776,0.10785842686891556,0.06783218681812286,0.08120471239089966,0.08248445987701417,0.01737764591904795,0.09305459260940552
153,0.06999684870243073,0.0968935638666153,0.1135522648692131,0.07032176852226257,0.0855264961719513,0.0872581884264946,0.018520352602974806,0.09817232191562653
154,0.07500890642404556,0.10018131136894226,0.11642411351203918,0.07573207467794418,0.08916042745113373,0.09130136668682098,0.017481680135818193,0.10272615402936935
155,0.08027344942092896,0.10041570663452148,0.11723654717206955,0.07988689094781876,0.08711545169353485,0.09298560917377471,0.015897708291299523,0.1010119840502739
156,0.07773619145154953,0.09698832780122757,0.11507920920848846,0.07883073389530182,0.08486548066139221,0.09069998860359192,0.015627462478149595,0.10113825649023056
157,0.09114815294742584,0.10676152259111404,0.12324213236570358,0.09088258445262909,0.0960884764790535,0.10162457376718521,0.013688509632082159,0.11090755462646484
158,0.08662426471710205,0.0999416783452034,0.11932292580604553,0.08576297014951706,0.09118472784757614,0.09656731337308884,0.01390840134749037,0.11080015450716019
159,0.09321162104606628,0.10980017483234406,0.12751641869544983,0.09391669929027557,0.10121797025203705,0.10513257682323456,0.014195528241472551,0.11477869004011154
160,0.09478702396154404,0.11352841556072235,0.12953385710716248,0.09632360190153122,0.10494286566972733,0.10782315284013748,0.014268681478977308,0.11789777129888535
161,0.10043845325708389,0.11941911280155182,0.13530109822750092,0.10297976434230804,0.11215146631002426,0.11405797898769379,0.014070047816664079,0.12356226146221161
162,0.09161146730184555,0.10899389535188675,0.12444180995225906,0.09256867319345474,0.10492441058158875,0.10450805127620696,0.013477031519480018,0.125870943069458
163,0.09819862991571426,0.1155584529042244,0.13216890394687653,0.09811674803495407,0.10921671986579895,0.11065189093351364,0.014153881383281478,0.13290421664714813
164,0.09373278170824051,0.11109185218811035,0.1273110955953598,0.09343577176332474,0.10603583604097366,0.10632146745920182,0.01403494573881815,0.12641997635364532
165,0.09651602804660797,0.11260818690061569,0.1291092485189438,0.09392081201076508,0.107499860227108,0.10793082714080811,0.01411707406988283,0.13186058402061462
166,0.09525980800390244,0.11096128076314926,0.12715797126293182,0.09290845692157745,0.10495466738939285,0.10624843686819077,0.013782220384797325,0.13445675373077393
167,0.08665475994348526,0.10407719016075134,0.12070441246032715,0.08779105544090271,0.09833751618862152,0.0995129868388176,0.0139106782515687,0.13017062842845917
168,0.07893919944763184,0.09769685566425323,0.11331227421760559,0.08110007643699646,0.09246046096086502,0.09270177334547043,0.01390871702106477,0.12121277302503586
169,0.09252451360225677,0.09989598393440247,0.11132419854402542,0.0841122567653656,0.09536255896091461,0.09664390236139297,0.010021732342397198,0.1302434355020523
170,0.08760010451078415,0.09552528709173203,0.10583745688199997,0.07983525842428207,0.09220192581415176,0.09220000654459,0.009631765685810022,0.12595593929290771
171,0.0972738116979599,0.10753394663333893,0.1156359314918518,0.0902649387717247,0.1023230254650116,0.10260633081197738,0.009680881559446306,0.12850362062454224
172,0.10168787091970444,0.11211893707513809,0.12118753790855408,0.09519114345312119,0.11038607358932495,0.10811431258916855,0.0100051810155638,0.13633163273334503
173,0.1053023710846901,0.11608938127756119,0.12488753348588943,0.09974917024374008,0.1132090613245964,0.11184750348329545,0.00973522180969504,0.1376093178987503
174,0.09837567806243896,0.11019260436296463,0.11743676662445068,0.09389454126358032,0.10571879148483276,0.10512367635965347,0.009344642061217281,0.13124492764472961
175,0.10481056571006775,0.11517541855573654,0.12321832031011581,0.09991481155157089,0.11064112186431885,0.11075204759836196,0.009051703743379373,0.13653883337974548
176,0.10377605259418488,0.11216799914836884,0.12138539552688599,0.09808245301246643,0.10682054609060287,0.1084464892745018,0.008847808322010847,0.13595861196517944
177,0.10131467133760452,0.11014871299266815,0.11832321435213089,0.09538974612951279,0.10627670586109161,0.10629061013460159,0.008707145316015583,0.12663379311561584
178,0.08996512740850449,0.10467197000980377,0.1126118078827858,0.08708959072828293,0.09913501143455505,0.0986947014927864,0.01049394493969344,0.12227021902799606
179,0.07341146469116211,0.08772742748260498,0.09393634647130966,0.07165925949811935,0.08437865972518921,0.08222263157367707,0.009505049230938825,0.1072455421090126
180,0.08166393637657166,0.09597433358430862,0.10350420325994492,0.07990068197250366,0.09235161542892456,0.09067895412445068,0.009909181984741168,0.11748895049095154
181,0.08296190947294235,0.09762900322675705,0.10572647303342819,0.08039426803588867,0.09219914674758911,0.09178216010332108,0.010443708900415924,0.11800350248813629
182,0.08661791682243347,0.10265281796455383,0.1119941994547844,0.08509967476129532,0.09560393542051315,0.09639370888471603,0.01125052011965266,0.1165679469704628
183,0.09193252772092819,0.10720888525247574,0.11798395961523056,0.0892922505736351,0.10079388320446014,0.10144230127334594,0.011676471240317675,0.12239970266819
184,0.08097188174724579,0.09982018172740936,0.10788901150226593,0.08110532909631729,0.09478078782558441,0.09291343837976455,0.011805614211339362,0.11592864245176315
185,0.08720221370458603,0.10655010491609573,0.11549092829227448,0.08699744194746017,0.10122516751289368,0.09949317127466202,0.012409061632447442,0.12333637475967407
186,0.08766214549541473,0.10696618258953094,0.11605669558048248,0.08800140768289566,0.10065273940563202,0.09986783415079117,0.01227673382741252,0.12471102178096771
187,0.09806545823812485,0.11872117966413498,0.12945517897605896,0.09844841808080673,0.1113983765244484,0.11121772229671478,0.013462693959335643,0.13640442490577698
188,0.09680954366922379,0.11754588037729263,0.12981785833835602,0.09671617299318314,0.11153215169906616,0.11048432141542434,0.014153715683615262,0.13876961171627045
189,0.10402339696884155,0.1259436160326004,0.1384912133216858,0.1011960580945015,0.11931266635656357,0.11779339015483856,0.015509822772562886,0.14488397538661957
190,0.09637275338172913,0.1204104796051979,0.13192938268184662,0.0953226312994957,0.11466070264577866,0.1117391899228096,0.01578766254070873,0.14297346770763397
191,0.09300247579813004,0.11306891590356827,0.12737682461738586,0.09178465604782104,0.10988299548625946,0.10702317357063293,0.014897928337517633,0.13592414557933807
192,0.09197266399860382,0.11562676727771759,0.12095415592193604,0.0927298292517662,0.1117350235581398,0.1066036880016327,0.013418581461317884,0.13128653168678284
193,0.10104259103536606,0.12366563081741333,0.13035646080970764,0.10040973871946335,0.11862517148256302,0.11481991857290268,0.013523856300813595,0.13772214949131012
194,0.10956905782222748,0.13080444931983948,0.13800789415836334,0.10720736533403397,0.12707950174808502,0.12253365367650985,0.013523117001780556,0.1467430740594864
195,0.11326716095209122,0.13221268355846405,0.13941285014152527,0.10787416994571686,0.12943124771118164,0.12443962246179581,0.013311390440522704,0.14563971757888794
196,0.11062458902597427,0.12962505221366882,0.13504362106323242,0.10640506446361542,0.12828391790390015,0.12199644893407821,0.012652737076290674,0.14709122478961945
197,0.12146583944559097,0.13617098331451416,0.1399129182100296,0.11300073564052582,0.13683564960956573,0.12947722524404526,0.011656688058748798,0.15293268859386444
198,0.1221136599779129,0.1372392475605011,0.14189714193344116,0.11406897008419037,0.13792484998703003,0.13064877390861512,0.01194403066330092,0.15386615693569183
199,0.11248304694890976,0.1275712549686432,0.13278433680534363,0.10579068213701248,0.12999173998832703,0.12172421216964721,0.011875845197510308,0.14835615456104279
200,0.1058690994977951,0.12538044154644012,0.13113993406295776,0.10248099267482758,0.12639981508255005,0.11825405657291413,0.013089702915481682,0.14802613854408264
201,0.10792762041091919,0.1273767203092575,0.1340802162885666,0.10403604805469513,0.12796705961227417,0.12027753293514251,0.01338233462557797,0.1481267213821411
202,0.09692155569791794,0.11422207206487656,0.1212262362241745,0.09703970700502396,0.11797689646482468,0.10947729349136352,0.011674051769843496,0.13390536606311798
203,0.08534134179353714,0.09836000949144363,0.10720860213041306,0.08431672304868698,0.10463664680719376,0.09597266465425491,0.010675864058326372,0.12345045804977417
204,0.08307476341724396,0.0949532613158226,0.10338084399700165,0.08287208527326584,0.09973626583814621,0.09280344396829605,0.009458412074283813,0.11867116391658783
205,0.08068693429231644,0.09089085459709167,0.09892790764570236,0.07826130092144012,0.09606188535690308,0.08896577656269074,0.009171010975688572,0.11730411648750305
206,0.06692487746477127,0.07978398352861404,0.08702673017978668,0.06736671924591064,0.08751900494098663,0.07772426307201385,0.010131889687194438,0.11046507954597473
207,0.05762394517660141,0.0724618136882782,0.07722115516662598,0.059711866080760956,0.07891419529914856,0.06918659508228302,0.009916813766764742,0.10678251832723618
208,0.06285955011844635,0.07526989281177521,0.08083321899175644,0.062400735914707184,0.07974404096603394,0.07222148776054382,0.009001896162982423,0.11490967124700546
209,0.048427172005176544,0.05928453058004379,0.06567444652318954,0.047094378620386124,0.06304898858070374,0.05670590326189995,0.008488781060797266,0.09837602823972702
210,0.04333700239658356,0.051764555275440216,0.05942857265472412,0.041930753737688065,0.053811393678188324,0.050054455548524855,0.007349010216804232,0.09379007667303085
211,0.038360919803380966,0.050297629088163376,0.05564209073781967,0.03814109414815903,0.0484500415623188,0.04617835506796837,0.007703913421437069,0.08832992613315582
212,0.034842267632484436,0.04734306409955025,0.05317294970154762,0.034508708864450455,0.04153351113200188,0.04228010028600693,0.008070951702566113,0.08391622453927994
213,0.029797062277793884,0.042112912982702255,0.050431229174137115,0.03278612717986107,0.03860977664589882,0.03874742165207863,0.008116384678076778,0.07912900298833847
214,0.03822663798928261,0.04812510311603546,0.05798343941569328,0.03936276212334633,0.045698072761297226,0.045879203081130984,0.007946936007728935,0.09058982878923416
215,0.048976510763168335,0.058377236127853394,0.06739868223667145,0.048920903354883194,0.05465345084667206,0.05566535666584969,0.007685660064819528,0.10213543474674225
216,0.06244604289531708,0.07464656233787537,0.08273777365684509,0.06282401084899902,0.06880789250135422,0.07029245644807816,0.00856434431152886,0.10897894948720932
217,0.07214297354221344,0.08143430203199387,0.09060756117105484,0.07015788555145264,0.0756949931383133,0.07800754308700561,0.008244108793887137,0.11543355137109756
218,0.08025076985359192,0.08670613169670105,0.09703106433153152,0.07745019346475601,0.08205807954072952,0.084699247777462,0.007671616461199178,0.11955342441797256
219,0.08542536199092865,0.09261003881692886,0.1005195677280426,0.08565642684698105,0.08846200257539749,0.09053467959165573,0.00628895009540218,0.12407216429710388
220,0.08534044772386551,0.0934697836637497,0.10157044976949692,0.08610685914754868,0.0883556455373764,0.09096863716840745,0.006723006980350743,0.12195193767547607
221,0.09087342023849487,0.0994122251868248,0.10645219683647156,0.09220150858163834,0.0945499986410141,0.09669786989688874,0.006349595430350903,0.12722331285476685
222,0.08258552849292755,0.08809085935354233,0.09788424521684647,0.08220680803060532,0.08526056259870529,0.08720560073852539,0.006421318014366134,0.12045586109161377
223,0.0746375098824501,0.08172253519296646,0.09113367646932602,0.0748281329870224,0.0812230259180069,0.08070897608995438,0.00673448113797306,0.1124541312456131
224,0.060737840831279755,0.06868737936019897,0.07672116160392761,0.06252501159906387,0.06885962933301926,0.0675062045454979,0.006300107076959364,0.09640844166278839
225,0.07159200310707092,0.07895644009113312,0.08796422183513641,0.07144881039857864,0.07822535932064056,0.07763736695051193,0.006774479260094286,0.10246071219444275
226,0.08486194908618927,0.09292954206466675,0.10093258321285248,0.08584843575954437,0.09197324514389038,0.09130915105342866,0.0064626418600398465,0.1017208844423294
227,0.07910843938589096,0.09415089339017868,0.10027971863746643,0.08583512157201767,0.09051646292209625,0.08997812718153,0.008048900204092307,0.09455602616071701
228,0.08469755947589874,0.09222565591335297,0.09700806438922882,0.08487147092819214,0.09616833180189133,0.0909942165017128,0.005949583633269296,0.0929962620139122
229,0.08595031499862671,0.09356577694416046,0.09729249775409698,0.08357714116573334,0.08939294517040253,0.089955735206604,0.005565677668324556,0.09086745977401733
230,0.09866278618574142,0.10300227254629135,0.10635097324848175,0.09437480568885803,0.09629474580287933,0.09973711669445037,0.004903132263459001,0.09725026041269302
231,0.10165662318468094,0.10784906893968582,0.11169078946113586,0.09756363928318024,0.10167504847049713,0.10408703386783599,0.005618034655405602,0.10133351385593414
232,0.11548873782157898,0.11489872634410858,0.12598001956939697,0.10918841511011124,0.10727204382419586,0.11456558853387833,0.007303461674678704,0.11534532904624939
233,0.12816724181175232,0.13010172545909882,0.13964691758155823,0.1239962950348854,0.1255430281162262,0.12949104160070418,0.006145043691683935,0.12905439734458923
234,0.12458594143390656,0.1274276226758957,0.13772352039813995,0.12010058015584946,0.12310181558132172,0.12658789604902268,0.006763008155743675,0.1297369748353958
235,0.13426601886749268,0.12625880539417267,0.14678175747394562,0.12802627682685852,0.11528568714857101,0.1301237091422081,0.011555874091402596,0.12898823618888855
236,0.13700304925441742,0.12376806139945984,0.14889124035835266,0.12908324599266052,0.11150795966386795,0.13005071133375168,0.014031588072666655,0.13069067895412445
237,0.13135559856891632,0.11926868557929993,0.14523954689502716,0.12461497634649277,0.10644660145044327,0.1253850817680359,0.014374597888169124,0.1296205371618271
238,0.12288635969161987,0.11088558286428452,0.13746197521686554,0.11727039515972137,0.09997405856847763,0.11769567430019379,0.01394868935255709,0.12427779287099838
239,0.12755568325519562,0.11401946097612381,0.14282011985778809,0.1210949569940567,0.10038606822490692,0.12117525786161423,0.015752874040021816,0.12983675301074982
240,0.146671861410141,0.13434788584709167,0.1619960069656372,0.13833287358283997,0.12007087469100952,0.14028390049934386,0.015490568098931966,0.14603900909423828
241,0.15468524396419525,0.13990139961242676,0.16864067316055298,0.14496666193008423,0.12305139005184174,0.14624907374382018,0.01697514924851933,0.15312573313713074
242,0.14021261036396027,0.12798017263412476,0.16114817559719086,0.13622982800006866,0.11357685923576355,0.13582952916622162,0.017444191110801505,0.14752539992332458
243,0.1406985968351364,0.1286398470401764,0.16184550523757935,0.1356954723596573,0.11424622684717178,0.13622512966394423,0.017444947488007807,0.15150032937526703
244,0.1388244926929474,0.12712489068508148,0.15562449395656586,0.13046328723430634,0.11497100442647934,0.13340163379907607,0.015091242459502665,0.150234192609787
245,0.1455727219581604,0.13311399519443512,0.1640370637178421,0.13899357616901398,0.11880568414926529,0.14010460823774337,0.016631370383044877,0.15541045367717743
246,0.14809054136276245,0.1325269192457199,0.16955536603927612,0.14207592606544495,0.1161157414317131,0.14167289882898332,0.019720533595367476,0.15557792782783508
247,0.14975187182426453,0.1348198503255844,0.16837142407894135,0.14245814085006714,0.11930517852306366,0.14294129312038423,0.018151671584831393,0.1602916270494461
248,0.15395332872867584,0.13889636099338531,0.17227274179458618,0.1464415043592453,0.12303883582353592,0.1469205543398857,0.018215014214803895,0.16194455325603485
249,0.153932586312294,0.1384781450033188,0.17219895124435425,0.1465403139591217,0.1227828785777092,0.1467865750193596,0.01831749463971231,0.1604882776737213
250,0.1655149906873703,0.14779117703437805,0.18272407352924347,0.15408550202846527,0.13162851333618164,0.15634885132312776,0.01916456434880222,0.16751141846179962
251,0.15761756896972656,0.14212501049041748,0.1758982390165329,0.14993830025196075,0.12615060806274414,0.15034594535827636,0.018432040802792503,0.16183674335479736
252,0.16015493869781494,0.14440496265888214,0.18065279722213745,0.15501680970191956,0.12765635550022125,0.15357717275619506,0.01958601034428532,0.16540348529815674
253,0.15180151164531708,0.1377091109752655,0.17422331869602203,0.14684036374092102,0.12073925137519836,0.1462627112865448,0.01960496520406579,0.16043633222579956
254,0.15109407901763916,0.1384802609682083,0.17413000762462616,0.1476539820432663,0.12210684269666672,0.14669303447008133,0.01900664741441399,0.16031576693058014
255,0.1561950296163559,0.135030135512352,0.1814837008714676,0.14919590950012207,0.11955800652503967,0.14829255640506744,0.023272748899744636,0.1641029417514801
256,0.15519966185092926,0.13532619178295135,0.1819649040699005,0.15011553466320038,0.11980926990509033,0.14848311245441437,0.02325994956972713,0.1638832688331604
257,0.14885444939136505,0.12795570492744446,0.1760532408952713,0.1440897136926651,0.11325288563966751,0.14204119890928268,0.023635798678212073,0.1600789576768875
258,0.1457262635231018,0.12642018496990204,0.17296425998210907,0.1407373994588852,0.11180870980024338,0.1395313635468483,0.022902174606456608,0.15956740081310272
259,0.14589370787143707,0.1319388598203659,0.17526307702064514,0.14019200205802917,0.11102346330881119,0.14086222201585769,0.023340746473797986,0.16329440474510193
260,0.14894013106822968,0.12666009366512299,0.18006689846515656,0.14211773872375488,0.11170776933431625,0.14189852625131608,0.025739796623445024,0.16447407007217407
261,0.17348264157772064,0.15500527620315552,0.20737919211387634,0.16774675250053406,0.14063803851604462,0.16885038018226622,0.024973827875603573,0.1869516223669052
262,0.15485724806785583,0.14090074598789215,0.18471333384513855,0.1473516821861267,0.12452083826065063,0.15046876966953276,0.022172659821170674,0.17534239590168
263,0.1637742668390274,0.15197241306304932,0.19331888854503632,0.15608543157577515,0.13412819802761078,0.1598558396100998,0.021641428142774078,0.18768420815467834
264,0.1710103452205658,0.15555371344089508,0.1987156718969345,0.15944930911064148,0.13849270343780518,0.1646443486213684,0.0223322502883083,0.19220833480358124
265,0.17222653329372406,0.15813064575195312,0.20089252293109894,0.16161632537841797,0.14181284606456757,0.16693577468395232,0.02189772395150321,0.19744671881198883
266,0.16420075297355652,0.14761342108249664,0.1925659328699112,0.1522572636604309,0.1304628551006317,0.1574200451374054,0.023079892254282617,0.18813207745552063
267,0.17006337642669678,0.154368594288826,0.19761605560779572,0.1579284369945526,0.1365574151277542,0.16330677568912505,0.022622578579624065,0.194643035531044
268,0.17015908658504486,0.15470364689826965,0.19719988107681274,0.158181294798851,0.13700933754444122,0.1634506493806839,0.02229031679654707,0.19506235420703888
269,0.1736288219690323,0.1570102721452713,0.19888140261173248,0.16158662736415863,0.13969431817531586,0.1661602884531021,0.021974639141493564,0.19683407247066498
270,0.17982591688632965,0.16245926916599274,0.20679907500743866,0.16843044757843018,0.14485137164592743,0.17247321605682372,0.022977794716572388,0.20114320516586304
271,0.1782655119895935,0.15951363742351532,0.20702917873859406,0.16791658103466034,0.142480731010437,0.17104112803936006,0.0240087152349085,0.19947749376296997
272,0.1736341267824173,0.1577335149049759,0.19919437170028687,0.1647069901227951,0.14003421366214752,0.16706064343452454,0.02178732482627593,0.1937379539012909
273,0.17728620767593384,0.16507820785045624,0.2032230794429779,0.1737111210823059,0.15018890798091888,0.17389750480651855,0.019438267258338818,0.19608822464942932
274,0.17837059497833252,0.1710076630115509,0.20506536960601807,0.17805571854114532,0.15724265575408936,0.17794840037822723,0.01740992160524134,0.1990973949432373
275,0.17678050696849823,0.17006966471672058,0.20512568950653076,0.17762663960456848,0.15510278940200806,0.17694105803966523,0.018158987257971628,0.19795061647891998
276,0.17477521300315857,0.16320569813251495,0.2038998007774353,0.17231525480747223,0.14903637766838074,0.17264646887779236,0.020174095818168158,0.19324058294296265
277,0.1854037344455719,0.17215384542942047,0.21374382078647614,0.18134692311286926,0.15860724449157715,0.18225111365318297,0.020393225318049303,0.20126792788505554
278,0.1902969479560852,0.17006945610046387,0.2166983187198639,0.18327468633651733,0.15686635673046112,0.1834411531686783,0.022572609408800005,0.20184166729450226
279,0.19690608978271484,0.17106829583644867,0.2227950394153595,0.18709276616573334,0.1576712727546692,0.1871066927909851,0.024966780878396898,0.20748555660247803
280,0.20177343487739563,0.17758584022521973,0.22575074434280396,0.18782824277877808,0.16314730048179626,0.19121711254119872,0.023922886735006137,0.21015870571136475
281,0.2012554109096527,0.17525266110897064,0.22414545714855194,0.18984834849834442,0.1600683182477951,0.19011403918266295,0.024525211869690908,0.20301087200641632
282,0.18784746527671814,0.16073298454284668,0.21430394053459167,0.17759667336940765,0.1453370451927185,0.17716362178325654,0.02634687903727476,0.18972788751125336
283,0.18378612399101257,0.155888631939888,0.21332921087741852,0.16894955933094025,0.1399001032114029,0.17237072587013244,0.028042886553501234,0.1897040456533432
284,0.19027510285377502,0.15991397202014923,0.22016453742980957,0.17680664360523224,0.14480483531951904,0.17839301824569703,0.02897499575397054,0.19748155772686005
285,0.19246774911880493,0.1569778323173523,0.22468651831150055,0.17410624027252197,0.14521339535713196,0.17869034707546233,0.03129943371729025,0.20301705598831177
286,0.19410069286823273,0.16241499781608582,0.22848275303840637,0.17923510074615479,0.1496141403913498,0.1827695369720459,0.030594824085060063,0.20654533803462982
287,0.20274993777275085,0.1692432314157486,0.23441706597805023,0.1867726743221283,0.157271146774292,0.190090811252594,0.030198643746245674,0.2146911919116974
288,0.19887542724609375,0.1658395379781723,0.22975687682628632,0.1766432821750641,0.15779203176498413,0.18578143119812013,0.029025350575364133,0.21426373720169067
289,0.20302042365074158,0.17176683247089386,0.22981438040733337,0.18098244071006775,0.16316485404968262,0.18974978625774383,0.02687142123403274,0.21914441883563995
290,0.20853284001350403,0.17723366618156433,0.23328712582588196,0.18806147575378418,0.16984042525291443,0.19539110660552977,0.025715106836600783,0.22358699142932892
291,0.21619060635566711,0.18160852789878845,0.24332039058208466,0.19491323828697205,0.1731380671262741,0.20183416604995727,0.028318085993503266,0.22959637641906738
292,0.21751119196414948,0.19081197679042816,0.2455846667289734,0.19895482063293457,0.18229733407497406,0.20703199803829192,0.025180623771097307,0.2324356585741043
293,0.20647279918193817,0.1806974858045578,0.2325868010520935,0.18997418880462646,0.17182494699954987,0.19631124436855316,0.023993226635263477,0.2213602364063263
294,0.22246849536895752,0.1855236291885376,0.2401820421218872,0.19544652104377747,0.17779144644737244,0.20428242683410644,0.026226195056938094,0.230106920003891
295,0.22564849257469177,0.18051862716674805,0.24857407808303833,0.19824478030204773,0.17676082253456116,0.2059493601322174,0.03067154974884478,0.239144966006279
296,0.2298908233642578,0.1924152672290802,0.2505468428134918,0.2015480399131775,0.18336984515190125,0.2115541636943817,0.027917010027369807,0.2417851984500885
297,0.23036392033100128,0.19376400113105774,0.25546151399612427,0.2043473720550537,0.18482284247875214,0.21375192999839782,0.02889854120586709,0.2482984960079193
298,0.23714901506900787,0.1984613686800003,0.26105621457099915,0.2124192714691162,0.19020673632621765,0.21985852122306823,0.0291059273862246,0.25219619274139404
299,0.23957830667495728,0.20007620751857758,0.259366512298584,0.2135247439146042,0.19339579343795776,0.22118831276893616,0.02771570945167744,0.2529657185077667
300,0.24541035294532776,0.2011123150587082,0.26303234696388245,0.2162848860025406,0.1929396539926529,0.22375591099262238,0.029705822769267597,0.2547086775302887
301,0.23026302456855774,0.19723965227603912,0.249891996383667,0.2072983831167221,0.18906207382678986,0.21475102603435517,0.02498810846432797,0.24519725143909454
302,0.22821533679962158,0.19199076294898987,0.2478167861700058,0.2026647925376892,0.18325549364089966,0.21078863441944123,0.02670301760934767,0.24311715364456177
303,0.23510432243347168,0.19659771025180817,0.25438448786735535,0.20892226696014404,0.18863366544246674,0.2167284905910492,0.027436973099023064,0.24658215045928955
304,0.23604167997837067,0.20632797479629517,0.2580960690975189,0.21230283379554749,0.1964777559041977,0.221849262714386,0.0249550281623239,0.2573106288909912
305,0.24753324687480927,0.22031886875629425,0.2660905718803406,0.22467076778411865,0.21003596484661102,0.23372988402843475,0.02269951358548003,0.25853386521339417
306,0.23863090574741364,0.21137690544128418,0.25646549463272095,0.21499542891979218,0.2010994255542755,0.2245136320590973,0.02253671327965347,0.2548464834690094
307,0.2472078949213028,0.21619924902915955,0.2656741738319397,0.22053992748260498,0.20567500591278076,0.23105925023555757,0.024671883327196484,0.2665272057056427
308,0.25527775287628174,0.22308535873889923,0.27708736062049866,0.22819887101650238,0.2125895470380783,0.23924777805805206,0.026375924284034635,0.2754531800746918
309,0.25605282187461853,0.22369252145290375,0.27428680658340454,0.22832266986370087,0.21464593708515167,0.23940015137195586,0.02488273249619806,0.2749212980270386
310,0.25243818759918213,0.2223702371120453,0.2702208459377289,0.22509269416332245,0.21073757112026215,0.23617190718650818,0.024413431844664504,0.2680295407772064
311,0.2498091161251068,0.2208053022623062,0.2684687674045563,0.21683019399642944,0.20882731676101685,0.23294813930988312,0.02517468119226627,0.26319047808647156
312,0.2568662762641907,0.22975054383277893,0.2767404615879059,0.22405050694942474,0.2167215347290039,0.24082586467266082,0.025160719167443075,0.2709483206272125
313,0.2613307237625122,0.23062722384929657,0.2755771577358246,0.22352269291877747,0.21777261793613434,0.24176608324050902,0.02529103484222952,0.27120378613471985
314,0.27282044291496277,0.2409074604511261,0.28294408321380615,0.2325831651687622,0.2262842357158661,0.25110787749290464,0.02524087041636981,0.2727290689945221
315,0.28216323256492615,0.2509301006793976,0.2884663939476013,0.24183039367198944,0.23349231481552124,0.2593764871358871,0.0245695729627554,0.2721043527126312
316,0.2811301052570343,0.257442444562912,0.288134902715683,0.23975870013237,0.239095076918602,0.26111224591732024,0.022831643410383212,0.2746579945087433
317,0.28578779101371765,0.26316532492637634,0.2924797236919403,0.24465249478816986,0.2443200945854187,0.26608108580112455,0.02250816088553038,0.27720147371292114
318,0.28630539774894714,0.2616068720817566,0.28913530707359314,0.2442319393157959,0.24089846014976501,0.26443559527397154,0.022685623983640348,0.27669093012809753
319,0.27577096223831177,0.2574438452720642,0.2837057411670685,0.23526397347450256,0.23544418811798096,0.2575257420539856,0.02236888734790799,0.2755911648273468
320,0.27843600511550903,0.25650617480278015,0.2849988639354706,0.23919911682605743,0.23730666935443878,0.2592893660068512,0.02192130978315197,0.2789532542228699
321,0.29404282569885254,0.2675478458404541,0.29873764514923096,0.2535022795200348,0.24668116867542267,0.272102352976799,0.02347214312496078,0.2902979552745819
322,0.2953961491584778,0.27153900265693665,0.3021044433116913,0.2544868588447571,0.25018569827079773,0.2747424304485321,0.023445890206675063,0.29600706696510315
323,0.2850796580314636,0.26324430108070374,0.2890942096710205,0.24540384113788605,0.24143239855766296,0.2648508816957474,0.021943884020254798,0.28712019324302673
324,0.2872427701950073,0.2677449584007263,0.29410654306411743,0.24952200055122375,0.24825845658779144,0.2693749457597733,0.021057145239011733,0.2967381775379181
325,0.2881287932395935,0.269552618265152,0.297164648771286,0.2517232298851013,0.2505912780761719,0.27143211364746095,0.021019369059637937,0.2981807291507721
326,0.29477769136428833,0.27225637435913086,0.3031591475009918,0.25598660111427307,0.2543436288833618,0.2761046886444092,0.022213258795320347,0.3024292588233948
327,0.30876898765563965,0.2812482714653015,0.31648483872413635,0.2673643231391907,0.26507481932640076,0.28778824806213377,0.023661644055260566,0.3143750727176666
328,0.3051888644695282,0.2787805199623108,0.3098212778568268,0.2650873064994812,0.26159384846687317,0.28409436345100403,0.022375379433637013,0.31255844235420227
329,0.29760831594467163,0.2746926546096802,0.29917436838150024,0.2573884129524231,0.2560749351978302,0.27698773741722105,0.020881816692933618,0.30454134941101074
330,0.3009144067764282,0.2778080105781555,0.30165672302246094,0.2596319019794464,0.25955018401145935,0.2799122452735901,0.020882090214984404,0.30617284774780273
331,0.3039238154888153,0.27637404203414917,0.3019140362739563,0.2611394226551056,0.2597915828227997,0.2806285798549652,0.02137666627393896,0.30603715777397156
332,0.3107921779155731,0.2871057689189911,0.3084251880645752,0.26858311891555786,0.27146825194358826,0.2892749011516571,0.019872458522728155,0.3155159652233124
333,0.31128600239753723,0.289517879486084,0.30905988812446594,0.27012744545936584,0.27434051036834717,0.29086634516716003,0.01905905915389104,0.3189835846424103
334,0.28711649775505066,0.27892935276031494,0.2926928997039795,0.24891629815101624,0.26432693004608154,0.27439639568328855,0.017802670196001305,0.3063701391220093
335,0.28740358352661133,0.28059855103492737,0.29263854026794434,0.2498520314693451,0.2661750018596649,0.2753335416316986,0.01736415434214657,0.3090677261352539
336,0.29546859860420227,0.2850404679775238,0.2982921898365021,0.25520607829093933,0.27134257555007935,0.28106998205184935,0.017911262609666273,0.3169395327568054
337,0.2819637060165405,0.2775932550430298,0.28716719150543213,0.2442924827337265,0.26338258385658264,0.27087984383106234,0.017293757996445603,0.305438369512558
338,0.2984350323677063,0.29081788659095764,0.2986522316932678,0.25756293535232544,0.27551648020744324,0.2841969132423401,0.01760849405647792,0.31775346398353577
339,0.30131757259368896,0.29273420572280884,0.30217549204826355,0.26002031564712524,0.2774858772754669,0.2867466926574707,0.017932307681272457,0.31933650374412537
340,0.2845861315727234,0.2775316834449768,0.2872355878353119,0.24603348970413208,0.2632928192615509,0.271735942363739,0.017108911329844555,0.3062775731086731
341,0.2969385087490082,0.28872549533843994,0.29724422097206116,0.2556248605251312,0.2735489010810852,0.28241639733314516,0.01779732933474439,0.31338563561439514
342,0.289687842130661,0.28555163741111755,0.2975015640258789,0.24865643680095673,0.2697385847568512,0.27822721302509307,0.019384152257435824,0.3088012635707855
343,0.2910766303539276,0.2823469638824463,0.30053097009658813,0.2512543499469757,0.2672789692878723,0.278497576713562,0.019535681158214895,0.3086671829223633
344,0.28711241483688354,0.27214938402175903,0.2830764949321747,0.24688006937503815,0.2562223970890045,0.269088152050972,0.017238369366033162,0.29572486877441406
345,0.28831207752227783,0.26946738362312317,0.2827620804309845,0.24860672652721405,0.2532641887664795,0.2684824913740158,0.017498085078727216,0.29378756880760193
346,0.2874959409236908,0.27152299880981445,0.28037017583847046,0.24940615892410278,0.25401628017425537,0.2685623109340668,0.016471330103975095,0.29292336106300354
347,0.28283607959747314,0.2685960531234741,0.27289584279060364,0.24625948071479797,0.2512719929218292,0.2643718898296356,0.015256918892218484,0.2913816273212433
348,0.2787916958332062,0.2639055848121643,0.269192636013031,0.24334673583507538,0.2508333921432495,0.26121400892734525,0.014202770860369586,0.2897343635559082
349,0.2865774929523468,0.2727242708206177,0.27913400530815125,0.2515198886394501,0.25970935821533203,0.26993300318717955,0.014257054029782522,0.2999056875705719
350,0.28867271542549133,0.2727392911911011,0.2866785228252411,0.25616052746772766,0.26139721274375916,0.2731296539306641,0.01458520158535844,0.30286428332328796
351,0.27772006392478943,0.274960458278656,0.2796403765678406,0.24837909638881683,0.2613694667816162,0.2684138923883438,0.013290158798203115,0.2923850119113922
352,0.2922971248626709,0.2752964198589325,0.2885405123233795,0.2575802505016327,0.2622843384742737,0.27519972920417785,0.01539123231806738,0.3116602301597595
353,0.29818281531333923,0.27907508611679077,0.29123687744140625,0.25857654213905334,0.2638181447982788,0.27817789316177366,0.017043725171475968,0.314416766166687
354,0.30070605874061584,0.28489387035369873,0.2957993149757385,0.26133882999420166,0.26951584219932556,0.28245078325271605,0.016810966118333468,0.31268611550331116
355,0.2922755479812622,0.2791617512702942,0.28563421964645386,0.2516706883907318,0.262840211391449,0.27431648373603823,0.01672298288231793,0.2988910973072052
356,0.3017716109752655,0.27794381976127625,0.2970905900001526,0.26197290420532227,0.26787546277046204,0.28133087754249575,0.01756020784929009,0.30187734961509705
357,0.3134669363498688,0.27992287278175354,0.3130410611629486,0.268862247467041,0.27325016260147095,0.2897086560726166,0.021852192811809043,0.31536373496055603
358,0.3206106126308441,0.2886817455291748,0.31753990054130554,0.2765516936779022,0.27908286452293396,0.29649336338043214,0.02113300423695333,0.31946977972984314
359,0.33344125747680664,0.29842567443847656,0.3303152024745941,0.2890718877315521,0.28887686133384705,0.3080261766910553,0.022140788117394616,0.32974764704704285
360,0.337527334690094,0.30083024501800537,0.3347903788089752,0.29595333337783813,0.29102808237075806,0.31202587485313416,0.022322203633293274,0.33020874857902527
361,0.3410899341106415,0.3042707145214081,0.33716559410095215,0.2979430556297302,0.29443880915641785,0.31498162150382997,0.022365241011097884,0.3362562358379364
362,0.3565808832645416,0.32012370228767395,0.3538122773170471,0.314032644033432,0.31110554933547974,0.3311310112476349,0.022229878277418347,0.35145241022109985
363,0.3555693030357361,0.3185787796974182,0.3541421592235565,0.31475651264190674,0.30952608585357666,0.33051456809043883,0.022457173400841975,0.35137706995010376
364,0.34796133637428284,0.3142470121383667,0.3494236469268799,0.309357225894928,0.3042539060115814,0.32504862546920776,0.02187720972011523,0.3487655520439148
365,0.35958412289619446,0.32294386625289917,0.35859715938568115,0.3180426359176636,0.312969833612442,0.33442752361297606,0.022791430254551378,0.3556375205516815
366,0.3822116255760193,0.34372490644454956,0.38447070121765137,0.34267184138298035,0.3354173004627228,0.35769927501678467,0.023638727331469163,0.36966177821159363
367,0.38358059525489807,0.3453654944896698,0.3849034011363983,0.34452733397483826,0.3375450670719147,0.35918437838554385,0.02307971959268968,0.36991357803344727
368,0.38245025277137756,0.34744420647621155,0.3823453485965729,0.3426060676574707,0.339848130941391,0.3589388012886047,0.02158698913570157,0.3727046549320221
369,0.3851136565208435,0.3495402932167053,0.38888198137283325,0.3460918664932251,0.34121108055114746,0.3621677756309509,0.022897780862056884,0.36996081471443176
370,0.3934800624847412,0.3533322513103485,0.3944852352142334,0.3518599569797516,0.34426742792129517,0.367484986782074,0.024434882306323655,0.3715945780277252
371,0.3889097571372986,0.3476335108280182,0.3901963531970978,0.34744560718536377,0.33782440423965454,0.3624019265174866,0.025105016579737717,0.36715608835220337
372,0.3786183297634125,0.33847859501838684,0.38032108545303345,0.33882346749305725,0.32749679684638977,0.35274765491485593,0.024822775769661912,0.3562849164009094
373,0.37906569242477417,0.3419645428657532,0.3861810564994812,0.34014591574668884,0.33209291100502014,0.3558900237083435,0.024813085324218474,0.35710209608078003
374,0.36818382143974304,0.33441686630249023,0.3737757205963135,0.3256969153881073,0.32456308603286743,0.3453272819519043,0.023807957450713887,0.34668418765068054
375,0.36871442198753357,0.3353642523288727,0.3780791163444519,0.3263477683067322,0.32567253708839417,0.3468356192111969,0.024769227187230246,0.3441673219203949
376,0.37220191955566406,0.3455025553703308,0.38574910163879395,0.3332817554473877,0.3358294665813446,0.3545129597187042,0.023289591018902007,0.34930649399757385
377,0.3836943209171295,0.3567487299442291,0.3963538110256195,0.3457072973251343,0.34796905517578125,0.36609464287757876,0.022676490033045962,0.3617442846298218
378,0.3863102197647095,0.3518778383731842,0.397279292345047,0.3465917706489563,0.3435654044151306,0.36512490510940554,0.024831915430415612,0.35278141498565674
379,0.39894089102745056,0.3577533960342407,0.40779969096183777,0.35894352197647095,0.3477324843406677,0.3742339968681335,0.027133122892020398,0.3602186441421509
380,0.40174946188926697,0.36076152324676514,0.4115964472293854,0.3610577881336212,0.3494875729084015,0.37693055868148806,0.027767795218331264,0.3616815209388733
381,0.40357664227485657,0.36041805148124695,0.41218581795692444,0.36191433668136597,0.3500518202781677,0.37762933373451235,0.02815635825137225,0.36336663365364075
382,0.3975053131580353,0.3575189411640167,0.41166767477989197,0.3568454682826996,0.3482491075992584,0.3743573009967804,0.02828306413827493,0.3618858754634857
383,0.4054431915283203,0.3616028130054474,0.41327589750289917,0.36059218645095825,0.3523739278316498,0.378657603263855,0.02838992243870163,0.3622509241104126
384,0.41232889890670776,0.3675110936164856,0.42800408601760864,0.3676650822162628,0.3558880388736725,0.38627943992614744,0.03178798042783191,0.37564054131507874
385,0.39850160479545593,0.35088855028152466,0.420012503862381,0.35249167680740356,0.34031054377555847,0.37244097590446473,0.03477446226734281,0.361288845539093
386,0.4033021926879883,0.35765132308006287,0.4245825409889221,0.35921183228492737,0.34412315487861633,0.3777742087841034,0.034367803629628095,0.35948291420936584
387,0.404729425907135,0.3564963638782501,0.4265466034412384,0.3604564070701599,0.34340140223503113,0.3783260405063629,0.03548926031066865,0.3588835895061493
388,0.4049070179462433,0.3551163375377655,0.4299945533275604,0.36088231205940247,0.3415546715259552,0.3784909784793854,0.03732008543282713,0.3640461564064026
389,0.4067782461643219,0.36413684487342834,0.43424540758132935,0.36425766348838806,0.350811630487442,0.38404595851898193,0.03510417202353262,0.3661979138851166
390,0.4187312424182892,0.3739626407623291,0.44099900126457214,0.3741896450519562,0.3635043501853943,0.3942773759365082,0.03370491941234503,0.3779405951499939
391,0.4178551137447357,0.3694470226764679,0.4348298907279968,0.37130430340766907,0.3610609769821167,0.39089946150779725,0.03313231923122782,0.3772347867488861
392,0.41713064908981323,0.3736925423145294,0.4372691214084625,0.37319087982177734,0.3691977560520172,0.39409618973731997,0.031095663514156838,0.38019827008247375
393,0.4097194969654083,0.36654195189476013,0.43103617429733276,0.363974392414093,0.3609335124492645,0.3864411056041718,0.03194515019759244,0.3752969205379486
394,0.42534247040748596,0.37658318877220154,0.44039055705070496,0.37098798155784607,0.3684297800064087,0.39634679555892943,0.033888166977535265,0.3833604156970978
395,0.43093132972717285,0.3777410387992859,0.44068971276283264,0.37378257513046265,0.37082791328430176,0.39879451394081117,0.03405495288534169,0.38801130652427673
396,0.4246240556240082,0.3721892237663269,0.43012019991874695,0.36891984939575195,0.3648766577243805,0.3921459972858429,0.032319529600003824,0.38470786809921265
397,0.41619738936424255,0.36152833700180054,0.4248240888118744,0.3578558564186096,0.35807737708091736,0.3836966097354889,0.03377607193503782,0.3792670965194702
398,0.4269216060638428,0.3662010133266449,0.43856140971183777,0.36931470036506653,0.3611471951007843,0.39242918491363527,0.03714387078990663,0.3890860378742218
399,0.43023020029067993,0.3744521141052246,0.4462164044380188,0.3733375668525696,0.3663161098957062,0.3981104791164398,0.037182502170167026,0.39229267835617065
400,0.4460114538669586,0.38387757539749146,0.46532750129699707,0.3881682753562927,0.3697119653224945,0.41061935424804685,0.042243846348215965,0.4000920355319977
401,0.44673171639442444,0.3820684254169464,0.4655635952949524,0.3876345157623291,0.36823570728302,0.41004679203033445,0.043189017857364356,0.39725643396377563
402,0.45048394799232483,0.38450533151626587,0.46469590067863464,0.38672053813934326,0.37045958638191223,0.4113730609416962,0.0429433373442581,0.39594852924346924
403,0.4606421887874603,0.3931557238101959,0.4759073555469513,0.39654865860939026,0.38118112087249756,0.42148700952529905,0.043427669408270676,0.4060567021369934
404,0.4582209289073944,0.3986693024635315,0.47429749369621277,0.3991033732891083,0.3953094780445099,0.42512011528015137,0.03801075132625427,0.4084611237049103
405,0.4640638530254364,0.40066155791282654,0.480959951877594,0.4042212665081024,0.3992882966995239,0.42983898520469666,0.03945132809440286,0.41721758246421814
406,0.4641195237636566,0.3947966396808624,0.4781651794910431,0.4050375819206238,0.3980485200881958,0.42803348898887633,0.0398371263777955,0.4232575297355652
407,0.46151599287986755,0.4005487263202667,0.4696410298347473,0.4066879451274872,0.40236490964889526,0.42815172076225283,0.0343588271602476,0.4286918044090271
408,0.4633786380290985,0.4010735750198364,0.4727197587490082,0.4117920696735382,0.40804895758628845,0.43140259981155393,0.033835594737824055,0.43295103311538696
409,0.4451429545879364,0.39194056391716003,0.4556907117366791,0.39896100759506226,0.40122541785240173,0.4185921311378479,0.029489577334778774,0.4198250472545624
410,0.4512932300567627,0.3879946172237396,0.4595826268196106,0.40033450722694397,0.3888298571109772,0.4176069676876068,0.035000255411458805,0.41598838567733765
411,0.45013225078582764,0.387503981590271,0.45869573950767517,0.39989548921585083,0.38690805435180664,0.4166271030902863,0.03501317630116725,0.4142211973667145
412,0.44866636395454407,0.3861721158027649,0.4511294364929199,0.3931681215763092,0.3835648000240326,0.41254016757011414,0.03429415396837062,0.40341484546661377
413,0.44349896907806396,0.38425758481025696,0.44199487566947937,0.38742634654045105,0.3840201199054718,0.4082395792007446,0.03153392431765057,0.39626505970954895
414,0.4258573055267334,0.3753138780593872,0.42683282494544983,0.3724901080131531,0.3815026879310608,0.39639936089515687,0.027532376673699444,0.39187294244766235
415,0.43961599469184875,0.3825841248035431,0.4379226863384247,0.38564881682395935,0.3869497776031494,0.40654428005218507,0.029466067940760652,0.40382158756256104
416,0.4365546703338623,0.37721070647239685,0.43695947527885437,0.3835880160331726,0.38089653849601746,0.40304188132286073,0.030861095593167756,0.4020516872406006
417,0.43330198526382446,0.38315585255622864,0.43600940704345703,0.3808966279029846,0.3908666968345642,0.4048461139202118,0.02747888677144371,0.40972012281417847
418,0.45037931203842163,0.3939402103424072,0.4497137665748596,0.39511996507644653,0.3986412286758423,0.41755889654159545,0.029708338395106948,0.4170808792114258
419,0.44677600264549255,0.4007192552089691,0.4573526680469513,0.40695691108703613,0.39799657464027405,0.4219602823257446,0.027923926163611928,0.39457687735557556
420,0.4089144766330719,0.379982590675354,0.41557201743125916,0.37944892048835754,0.36855101585388184,0.3904938042163849,0.020507309539076434,0.35222429037094116
421,0.4137435257434845,0.3736540377140045,0.41865718364715576,0.3748563230037689,0.36407220363616943,0.38899665474891665,0.025242462940250083,0.3559742569923401
422,0.42537736892700195,0.38242602348327637,0.429338276386261,0.3837490379810333,0.37119194865226746,0.39841653108596803,0.02690283760856427,0.3749079704284668
423,0.43512293696403503,0.39500099420547485,0.44430816173553467,0.3935410976409912,0.385850727558136,0.41076478362083435,0.02685302801638931,0.378356009721756
424,0.4427551031112671,0.40643319487571716,0.4510582983493805,0.4018842279911041,0.3948211073875427,0.4193903863430023,0.025626014613365826,0.3876497447490692
425,0.4542914032936096,0.41845861077308655,0.4653460681438446,0.4123472273349762,0.40591567754745483,0.43127179741859434,0.026721751906829926,0.399564653635025
426,0.46095699071884155,0.4218319356441498,0.47213688492774963,0.4195398986339569,0.40508148074150085,0.43590943813323973,0.028966828651378618,0.4017910063266754
427,0.4653412997722626,0.41942229866981506,0.47289395332336426,0.42056626081466675,0.4024045169353485,0.43612566590309143,0.03107922808540034,0.40489545464515686
428,0.4904085397720337,0.43975651264190674,0.4984061121940613,0.4425342082977295,0.42509230971336365,0.459239536523819,0.03290219112304399,0.4241549074649811
429,0.4885256588459015,0.43596306443214417,0.4961543083190918,0.4411140978336334,0.41968631744384766,0.45628868937492373,0.03395446459309413,0.42474597692489624
430,0.49046000838279724,0.43950480222702026,0.4998451769351959,0.4428062438964844,0.42693230509757996,0.45990970730781555,0.03288069455883691,0.4303695261478424
431,0.49918273091316223,0.44655001163482666,0.5077248215675354,0.4507960081100464,0.43461018800735474,0.4677727520465851,0.03324576976975195,0.4366114139556885
432,0.5093247294425964,0.44893863797187805,0.5171799659729004,0.4598275423049927,0.43441519141197205,0.4739372134208679,0.03710867067011784,0.4388677179813385
433,0.5110489130020142,0.447618305683136,0.5193368792533875,0.46051716804504395,0.4310568869113922,0.4739156305789948,0.03921068253156925,0.4385872185230255
434,0.507208526134491,0.4531901776790619,0.5168442726135254,0.45992788672447205,0.4380582273006439,0.47504581809043883,0.03484197658090126,0.439197838306427
435,0.5140137076377869,0.46529239416122437,0.522585928440094,0.466513991355896,0.4536622166633606,0.4844136476516724,0.031483952698769725,0.4502613842487335
436,0.5119418501853943,0.46954578161239624,0.5222766399383545,0.467061847448349,0.4540161192417145,0.4849684476852417,0.030149698375542794,0.45102930068969727
437,0.515852153301239,0.46878570318222046,0.5295246243476868,0.47268593311309814,0.449735164642334,0.48731671571731566,0.03378464871596613,0.4519699513912201
438,0.5105340480804443,0.4646505117416382,0.5255001187324524,0.46782001852989197,0.4504443109035492,0.4837898015975952,0.03235843557896572,0.453220009803772
439,0.5110378861427307,0.4651416838169098,0.5288947820663452,0.47085994482040405,0.45143216848373413,0.48547329306602477,0.03288121260923944,0.45421451330184937
440,0.522465169429779,0.466235876083374,0.5352556109428406,0.4786554276943207,0.4525618553161621,0.4910347878932953,0.036026903841729796,0.4580850303173065
441,0.5199507474899292,0.4679347276687622,0.5301080942153931,0.48002204298973083,0.45645225048065186,0.49089357256889343,0.032456130022232875,0.44974735379219055
442,0.531387984752655,0.47542256116867065,0.5413338541984558,0.4919338524341583,0.4625690281391144,0.5005294561386109,0.03450537045602693,0.4533783793449402
443,0.5246363878250122,0.46449053287506104,0.5345296859741211,0.4817315936088562,0.4462546706199646,0.49032857418060305,0.03812737136681774,0.44312039017677307
444,0.5191093683242798,0.45675352215766907,0.5309240818023682,0.4809301793575287,0.4385606348514557,0.48525555729866027,0.03950691501233202,0.43424972891807556
445,0.5300390720367432,0.46900007128715515,0.5409048199653625,0.491089403629303,0.4504604935646057,0.4962987720966339,0.03873503488771342,0.44276368618011475
446,0.5369305610656738,0.46659407019615173,0.5484481453895569,0.4951383173465729,0.4430070221424103,0.49802362322807314,0.04494260349587024,0.4366970658302307
447,0.5497361421585083,0.47361451387405396,0.5576421618461609,0.5031588077545166,0.4473916292190552,0.506308650970459,0.04762121348341735,0.4448535740375519
448,0.5611213445663452,0.484980046749115,0.5686779618263245,0.5137303471565247,0.45739683508872986,0.5171813070774078,0.047973028169298916,0.4554010033607483
449,0.5700497627258301,0.4958863854408264,0.5733985304832458,0.524596095085144,0.4649718999862671,0.5257805347442627,0.046957404062872105,0.46199896931648254
450,0.5680509805679321,0.49227282404899597,0.5734308958053589,0.5228800773620605,0.46490052342414856,0.5243070602416993,0.04712761125719447,0.46503591537475586
451,0.554405152797699,0.4857659339904785,0.5643529295921326,0.5104454159736633,0.46412086486816406,0.5158180594444275,0.04315435338099899,0.4641479253768921
452,0.5575118064880371,0.4862283170223236,0.5675550103187561,0.5101677775382996,0.4673163890838623,0.5177558600902558,0.04374984526139617,0.4739963412284851
453,0.5490397810935974,0.4808770418167114,0.5625588297843933,0.49890220165252686,0.4615636169910431,0.5105882942676544,0.04359528548453141,0.46826109290122986
454,0.5619011521339417,0.493971586227417,0.5709497332572937,0.5099212527275085,0.4728744328022003,0.5219236314296722,0.042816348027268934,0.4754541218280792
455,0.5649688243865967,0.5036361813545227,0.5717270374298096,0.5083131790161133,0.4819558560848236,0.5261202156543732,0.039882043582630824,0.4812503755092621
456,0.5714324116706848,0.5077483057975769,0.5707806348800659,0.5117218494415283,0.4851033091545105,0.5293573021888733,0.03944166942232536,0.4820522964000702
457,0.5666489601135254,0.49246686697006226,0.5658665299415588,0.5046488046646118,0.4634712040424347,0.5186204731464386,0.0459880037671137,0.4732733964920044
458,0.5547417998313904,0.48764073848724365,0.5584996342658997,0.4975033700466156,0.4636983871459961,0.512416785955429,0.04220420770721845,0.47092393040657043
459,0.5453552603721619,0.4835679829120636,0.5525412559509277,0.49225127696990967,0.46332404017448425,0.5074079632759094,0.039428649305230816,0.4690939784049988
460,0.5506882667541504,0.489616721868515,0.5601195693016052,0.5002561807632446,0.47222548723220825,0.5145812451839447,0.038729514252073716,0.4755348861217499
461,0.5491966009140015,0.4973161220550537,0.5511777997016907,0.49896958470344543,0.48772335052490234,0.5168766915798187,0.030717829550756987,0.4803639352321625
462,0.5439168214797974,0.497516393661499,0.5501053333282471,0.4950447976589203,0.4872066378593445,0.5147579967975616,0.02976840495805318,0.4748179614543915
463,0.5365259647369385,0.49091681838035583,0.5422807931900024,0.4860501289367676,0.4816156327724457,0.507477867603302,0.029399434954821353,0.4781200587749481
464,0.5328651666641235,0.49249908328056335,0.5396392941474915,0.48488369584083557,0.48581281304359436,0.5071400105953217,0.026844630471780304,0.4760071337223053
465,0.5223897695541382,0.4828391969203949,0.528435230255127,0.47402632236480713,0.47237688302993774,0.49601348042488097,0.02721472070457048,0.4651964008808136
466,0.5264756679534912,0.47958609461784363,0.5341097712516785,0.477408766746521,0.4632030427455902,0.4961566686630249,0.03190489353392387,0.46145540475845337
467,0.5395212173461914,0.4916476905345917,0.5429027080535889,0.48750826716423035,0.4755178689956665,0.5074195504188538,0.031434453780550875,0.4755780100822449
468,0.537269651889801,0.49108245968818665,0.541335940361023,0.48533251881599426,0.47660282254219055,0.5063246786594391,0.030576807220830705,0.4771760404109955
469,0.5474433302879333,0.49622300267219543,0.5495521426200867,0.494291216135025,0.48340606689453125,0.5141831517219544,0.03171233987405957,0.48627084493637085
470,0.5425196290016174,0.49808311462402344,0.5629494786262512,0.49225765466690063,0.48231565952301025,0.5156251072883606,0.03509341134670383,0.4843788146972656
471,0.5435777306556702,0.5010219216346741,0.5604233741760254,0.4924785792827606,0.4855707883834839,0.5166144788265228,0.03330021195066395,0.4822404384613037
472,0.5510827302932739,0.5056235790252686,0.5728396773338318,0.504131555557251,0.48906874656677246,0.5245492577552795,0.035601686549354195,0.49334055185317993
473,0.5472946763038635,0.5017487406730652,0.5707221031188965,0.5020167827606201,0.489205002784729,0.5221974611282348,0.03499436863651224,0.4911837577819824
474,0.553139865398407,0.5083020925521851,0.5738033652305603,0.5068028569221497,0.4949784576892853,0.5274053275585174,0.034117230292019206,0.4942200779914856
475,0.5425034761428833,0.49620160460472107,0.5604204535484314,0.4938760995864868,0.4827563464641571,0.5151515960693359,0.03412695388216957,0.4852224588394165
476,0.5564855337142944,0.5033074021339417,0.5736432075500488,0.5075395703315735,0.4876251220703125,0.5257201671600342,0.037172651832303984,0.4911820888519287
477,0.5533850789070129,0.5074270963668823,0.5707080364227295,0.5054867267608643,0.4920508563518524,0.5258115589618683,0.034157228371847766,0.48344430327415466
478,0.5525874495506287,0.5024886727333069,0.5681031942367554,0.5034590363502502,0.4886506497859955,0.5230578005313873,0.03497191824696244,0.48466813564300537
479,0.553312361240387,0.49238404631614685,0.5687360167503357,0.5017468929290771,0.47430166602134705,0.5180961966514588,0.0407766628973769,0.48152127861976624
480,0.5391898155212402,0.4836203455924988,0.5573351383209229,0.49006474018096924,0.4697433412075043,0.5079906761646271,0.038034106623183725,0.47871315479278564
481,0.5256970524787903,0.46196165680885315,0.5431573987007141,0.47639700770378113,0.44711247086524963,0.49086511731147764,0.04155350976778821,0.474465012550354
482,0.5135118961334229,0.4557972252368927,0.5319541096687317,0.4676564931869507,0.44796591997146606,0.4833771288394928,0.03718054077029834,0.4634055495262146
483,0.5250079035758972,0.46700379252433777,0.5281258821487427,0.4704548418521881,0.46135157346725464,0.49038879871368407,0.03320373280329001,0.4684706926345825
484,0.5127282738685608,0.45192381739616394,0.5189758539199829,0.4620583951473236,0.44617411494255066,0.4783720910549164,0.03475402989493899,0.4613058567047119
485,0.5097551345825195,0.457331120967865,0.5192150473594666,0.4595703184604645,0.4478682577610016,0.47874797582626344,0.03308719153412992,0.4599960148334503
486,0.5177686810493469,0.44985586404800415,0.5199516415596008,0.4716717600822449,0.4455607831478119,0.4809617459774017,0.03599329911490823,0.4890504777431488
487,0.5126854181289673,0.4403735101222992,0.5124908089637756,0.4618428647518158,0.43873661756515503,0.4732258439064026,0.03707138472560919,0.49681445956230164
488,0.5306558609008789,0.45144471526145935,0.5277703404426575,0.4773125648498535,0.4440774619579315,0.48625218868255615,0.041126717856444624,0.49931833148002625
489,0.5456060171127319,0.46110787987709045,0.5417328476905823,0.494141548871994,0.45255640149116516,0.49902893900871276,0.04363094679453367,0.5045011639595032
490,0.5342867374420166,0.4511125385761261,0.5293300151824951,0.48306941986083984,0.4448818266391754,0.4885361075401306,0.04211106584473706,0.49944397807121277
491,0.5315549969673157,0.444274365901947,0.527330219745636,0.47991183400154114,0.43886303901672363,0.4843868911266327,0.04407499747185565,0.4932902157306671
492,0.5264233350753784,0.44150832295417786,0.5217077732086182,0.4714982211589813,0.44021373987197876,0.4802702784538269,0.04192593193229403,0.49514469504356384
493,0.5128565430641174,0.43434110283851624,0.5164329409599304,0.4626763164997101,0.43681713938713074,0.472624808549881,0.03995168555648215,0.4834189713001251
494,0.5040082335472107,0.42814546823501587,0.5102897882461548,0.4568810760974884,0.4350767731666565,0.4668802678585052,0.038323305927422814,0.4809970557689667
495,0.5064208507537842,0.43745625019073486,0.5194137096405029,0.4629024863243103,0.44199198484420776,0.473637056350708,0.03740311297394229,0.4797067940235138
496,0.5171353220939636,0.44354039430618286,0.5290756225585938,0.4715064465999603,0.4482695758342743,0.481905472278595,0.03929872093325153,0.48851683735847473
497,0.5310056805610657,0.45654940605163574,0.5364478826522827,0.482438325881958,0.45886269211769104,0.49306079745292664,0.038528179067536666,0.49633511900901794
498,0.5414246916770935,0.4738839566707611,0.5510136485099792,0.49666738510131836,0.4716711938381195,0.5069321751594543,0.03732893466344233,0.5012751817703247
499,0.5483139753341675,0.4770064651966095,0.5616653561592102,0.5044695138931274,0.4753958582878113,0.5133702337741852,0.039990885191315884,0.5124587416648865
500,0.5581763386726379,0.4786071181297302,0.5692072510719299,0.513203501701355,0.47887876629829407,0.5196145951747895,0.04280351220375301,0.5192689895629883
501,0.5775055885314941,0.4885483384132385,0.5830589532852173,0.526515543460846,0.48790648579597473,0.5327069818973541,0.04619967622777407,0.5282438397407532
502,0.57574462890625,0.48969951272010803,0.5847716927528381,0.5273886919021606,0.4903578460216522,0.5335924744606018,0.045360854858713405,0.5280531048774719
503,0.5828657150268555,0.4927173852920532,0.5903764963150024,0.5324949026107788,0.4914309084415436,0.5379770815372467,0.047449258965393384,0.532893717288971
504,0.583835780620575,0.49349281191825867,0.5937048196792603,0.533275306224823,0.4895380735397339,0.5387693583965302,0.04886910321802967,0.5340101718902588
505,0.5888692736625671,0.49039870500564575,0.5941252708435059,0.5317661166191101,0.4838939905166626,0.5378106713294983,0.05236829826537171,0.5296818614006042
506,0.5923594832420349,0.487583726644516,0.5969927906990051,0.5324663519859314,0.47701168060302734,0.5372828066349029,0.056401524632426044,0.5295025110244751
507,0.5941619873046875,0.4873429834842682,0.6017339825630188,0.5317404270172119,0.4804726839065552,0.5390904128551484,0.05728209149354358,0.5260046720504761
508,0.5901736617088318,0.4878922998905182,0.6015648245811462,0.5248938202857971,0.47722017765045166,0.536348956823349,0.05728369869362725,0.5259566903114319
509,0.5827556848526001,0.47579699754714966,0.5930370092391968,0.5163460969924927,0.4673077166080475,0.5270487010478974,0.058668545511425946,0.5226849317550659
510,0.5767484903335571,0.4704616665840149,0.5921968817710876,0.5131785273551941,0.4593493640422821,0.5223869860172272,0.06038081439937443,0.5215946435928345
511,0.5741859078407288,0.4687793552875519,0.5943365693092346,0.5092940330505371,0.45651328563690186,0.5206218302249909,0.061702592844123,0.5214693546295166
512,0.5528647899627686,0.45436927676200867,0.5796129107475281,0.490275114774704,0.44533440470695496,0.5044912993907928,0.059575805342905686,0.5079115033149719
513,0.5609946846961975,0.45756423473358154,0.585457444190979,0.4963688552379608,0.44470226764678955,0.5090174973011017,0.062226539013516394,0.5100128650665283
514,0.5447109341621399,0.44025108218193054,0.5787994861602783,0.4798688292503357,0.42260774970054626,0.49324761629104613,0.066979867957854,0.4946867823600769
515,0.5408292412757874,0.4381125271320343,0.578122079372406,0.47843754291534424,0.42340901494026184,0.49178208112716676,0.06632042129230344,0.49457043409347534
516,0.5198414325714111,0.41877079010009766,0.5506287813186646,0.458957701921463,0.40346619486808777,0.4703329801559448,0.06355652192721269,0.4713137149810791
517,0.5109193325042725,0.4149579405784607,0.5495889186859131,0.454495906829834,0.3979826867580414,0.4655889570713043,0.0639687421100688,0.4586270749568939
518,0.5163478255271912,0.4138421416282654,0.5531119108200073,0.4572659432888031,0.39765501022338867,0.46764456629753115,0.06629032567920441,0.47158414125442505
519,0.5186635255813599,0.4169943928718567,0.5547015070915222,0.4594048857688904,0.400262713432312,0.47000540494918824,0.06581721630761334,0.4776691198348999
520,0.529574453830719,0.4252588748931885,0.5668421387672424,0.4696207344532013,0.4074133634567261,0.47974191308021547,0.06777165747919288,0.48602738976478577
521,0.5228310227394104,0.42111727595329285,0.5602912902832031,0.46477699279785156,0.40621569752693176,0.47504645586013794,0.06576765587542295,0.48289522528648376
522,0.5081207156181335,0.41302061080932617,0.542564868927002,0.45058101415634155,0.398790568113327,0.462615555524826,0.06152383695357059,0.4682685434818268
523,0.504178524017334,0.4095834493637085,0.5406377911567688,0.4493606984615326,0.3956109583377838,0.45987428426742555,0.061755745332382886,0.4692692756652832
524,0.509889543056488,0.4190193712711334,0.5435342788696289,0.4537167251110077,0.4080410301685333,0.4668401896953583,0.05842008921938323,0.4752081334590912
525,0.5026088953018188,0.4122033715248108,0.531390368938446,0.4450600743293762,0.4040462076663971,0.4590617835521698,0.05600501637051117,0.4696371853351593
526,0.5058799982070923,0.41117173433303833,0.5332178473472595,0.4481182396411896,0.4057750403881073,0.4608325719833374,0.05685086526890153,0.4765733778476715
527,0.5056325197219849,0.4087585210800171,0.5292800068855286,0.44683876633644104,0.40293389558792114,0.4586887419223785,0.056852653253233756,0.47547557950019836
528,0.49694156646728516,0.40312960743904114,0.5199316740036011,0.4374125003814697,0.4022400975227356,0.45193108916282654,0.05411005288917497,0.46680358052253723
529,0.510431706905365,0.4135130047798157,0.5248002409934998,0.44654324650764465,0.41647398471832275,0.4623524367809296,0.05232446236135445,0.47463729977607727
530,0.5026791095733643,0.4051486551761627,0.5073872208595276,0.436236709356308,0.4080893099308014,0.4519082009792328,0.050019378226000846,0.4593765437602997
531,0.5013231039047241,0.4061708450317383,0.5075044631958008,0.4368356168270111,0.416404128074646,0.45364763140678405,0.04768982236136839,0.4692673087120056
532,0.5093302130699158,0.41916224360466003,0.5172370672225952,0.44550034403800964,0.42846155166625977,0.4639382839202881,0.04611029570037582,0.486587792634964
533,0.509093701839447,0.4172168970108032,0.5207803249359131,0.44538989663124084,0.43094033002853394,0.46468423008918763,0.04712494785846988,0.4893813729286194
534,0.5191699266433716,0.43352681398391724,0.5345554947853088,0.45492732524871826,0.44044551253318787,0.47652501463890073,0.04691258110744092,0.5009827613830566
535,0.5257474780082703,0.437063992023468,0.5325519442558289,0.46054309606552124,0.4473492205142975,0.48065114617347715,0.04511253685282249,0.5071690678596497
536,0.5420291423797607,0.4470478296279907,0.5438019633293152,0.47617173194885254,0.45925331115722656,0.49366079568862914,0.04614147971524046,0.5157138705253601
537,0.5348033308982849,0.43366292119026184,0.5363429188728333,0.4674721658229828,0.45014524459838867,0.4844853162765503,0.04814747448213382,0.514663815498352
538,0.5432296991348267,0.4399638772010803,0.5464941263198853,0.4772090017795563,0.45905759930610657,0.493190860748291,0.04898656601044264,0.5199853181838989
539,0.5537968277931213,0.4540199637413025,0.5594855546951294,0.4934379756450653,0.4593323767185211,0.504014539718628,0.05040616711667818,0.5210953950881958
540,0.5776563286781311,0.4682685434818268,0.5839484333992004,0.5131496787071228,0.4735582768917084,0.523316252231598,0.055314037248941815,0.5394030809402466
541,0.5763764977455139,0.4549885392189026,0.5820022225379944,0.5087903738021851,0.46278116106987,0.5169877588748932,0.06042217803840958,0.5353366732597351
542,0.571989119052887,0.465579628944397,0.5849475264549255,0.5080376267433167,0.46406295895576477,0.5189233720302582,0.05733428680582096,0.5362204313278198
543,0.5765595436096191,0.4721725583076477,0.5977828502655029,0.5159206986427307,0.47029808163642883,0.5265467464923859,0.058756361119444114,0.5447877645492554
544,0.5613213777542114,0.45839399099349976,0.5702513456344604,0.5000017285346985,0.44653400778770447,0.5073004901409149,0.05704986736032171,0.51820307970047
545,0.581152081489563,0.4748031198978424,0.5862012505531311,0.5179107189178467,0.4622962772846222,0.524472689628601,0.057877026021466146,0.5332978963851929
546,0.5877811908721924,0.4908309876918793,0.5999199151992798,0.5261552333831787,0.4756491780281067,0.5360673010349274,0.056005369062691275,0.5369963645935059
547,0.5986682176589966,0.4984523057937622,0.611743688583374,0.5376495718955994,0.4838634729385376,0.546075451374054,0.057635939622102075,0.5461862087249756
548,0.6021727323532104,0.5068835616111755,0.621704638004303,0.5437974333763123,0.49298661947250366,0.553508996963501,0.05689905198092111,0.55003821849823
549,0.5980141758918762,0.5063745379447937,0.6166601777076721,0.5403925776481628,0.49277040362358093,0.5508423745632172,0.05480899244023589,0.5455177426338196
550,0.5994319319725037,0.514411211013794,0.6165161728858948,0.5433143377304077,0.49687668681144714,0.5541100680828095,0.05224174633688716,0.5473042726516724
551,0.5960391759872437,0.5089927315711975,0.6147914528846741,0.5410379767417908,0.49092164635658264,0.5503565967082977,0.05377980122806033,0.5448447465896606
552,0.6033110022544861,0.5145502090454102,0.6319400072097778,0.5510425567626953,0.4905836284160614,0.5582854807376861,0.05916304083456928,0.5491884350776672
553,0.6072599291801453,0.5216202735900879,0.6380134224891663,0.5534183979034424,0.5041836500167847,0.5648991346359253,0.056637825709914894,0.5591518878936768
554,0.5866599082946777,0.5053488612174988,0.6240931749343872,0.5330463647842407,0.49152040481567383,0.5481337428092956,0.05594047252001115,0.548693835735321
555,0.5899137258529663,0.516232430934906,0.6291544437408447,0.5346202254295349,0.5026633143424988,0.5545168280601501,0.05332464437810346,0.5522127151489258
556,0.5855114459991455,0.5071739554405212,0.6231430768966675,0.5299636721611023,0.49622976779937744,0.5484043836593628,0.05414103096108489,0.5501543283462524
557,0.5713794231414795,0.5148734450340271,0.6287634372711182,0.5147515535354614,0.499003529548645,0.5457542777061463,0.05396201403783508,0.5400317311286926
558,0.5748425126075745,0.5100429654121399,0.6230965256690979,0.5194587707519531,0.4906344711780548,0.543615049123764,0.0543369391354474,0.5339051485061646
559,0.5803731679916382,0.5205932259559631,0.6343168616294861,0.5261338949203491,0.5000430345535278,0.5522920370101929,0.05462518432139085,0.5360990166664124
560,0.5904431343078613,0.5303826928138733,0.6428351998329163,0.5376319885253906,0.5024431943893433,0.5607472419738769,0.05584792207279652,0.5385693311691284
561,0.5835204720497131,0.5214184522628784,0.6325827836990356,0.5316353440284729,0.49811550974845886,0.5534545123577118,0.05415264471942613,0.5341578125953674
562,0.5825242400169373,0.524095356464386,0.6322135925292969,0.5331355929374695,0.5019651651382446,0.5547867894172669,0.05235727829800833,0.5305253863334656
563,0.5958975553512573,0.5357002019882202,0.650209367275238,0.5493268966674805,0.5170489549636841,0.569636595249176,0.05364520521976949,0.5503477454185486
564,0.5985988974571228,0.5382275581359863,0.6521548628807068,0.5522589087486267,0.4919693171977997,0.5666419088840484,0.061081822972069356,0.5258892178535461
565,0.5816149115562439,0.5161280035972595,0.6295727491378784,0.5329736471176147,0.4769105315208435,0.547439968585968,0.059325027326612094,0.5143670439720154
566,0.5918312668800354,0.5233859419822693,0.6347771286964417,0.5401120781898499,0.4855627715587616,0.5551338374614716,0.058658909158116924,0.5193257331848145
567,0.5844448208808899,0.5187046527862549,0.6217390298843384,0.5299221873283386,0.4914191961288452,0.5492459774017334,0.05278332891398333,0.5180820226669312
568,0.5758883357048035,0.5108590126037598,0.6084091663360596,0.5204044580459595,0.4834412932395935,0.5398004531860352,0.05098935502904151,0.5116390585899353
569,0.5621702671051025,0.5056297779083252,0.5890156030654907,0.5066231489181519,0.4789993166923523,0.5284876227378845,0.04540866011850002,0.5002503395080566
570,0.5484141111373901,0.48402169346809387,0.5714221000671387,0.4926122725009918,0.46147453784942627,0.5115889430046081,0.04628072105787165,0.48790299892425537
571,0.5391465425491333,0.47443562746047974,0.5584694743156433,0.4820101857185364,0.4502485692501068,0.50086207985878,0.04582518612828145,0.47578901052474976
572,0.5329877734184265,0.47186967730522156,0.5464865565299988,0.4743197560310364,0.45816531777381897,0.49676581621170046,0.03999319952011569,0.4722844660282135
573,0.5486562252044678,0.4853847324848175,0.561627209186554,0.4893115758895874,0.47167447209358215,0.5113308429718018,0.040784755536519626,0.48800423741340637
574,0.5596902370452881,0.5041267275810242,0.576056718826294,0.5069793462753296,0.49692782759666443,0.52875617146492,0.036359803660017086,0.5021241903305054
575,0.5505918860435486,0.49198341369628906,0.5660340785980225,0.49819400906562805,0.48686903715133667,0.518734484910965,0.03675963577720201,0.49575942754745483
576,0.5545220971107483,0.49566835165023804,0.5710441470146179,0.503210186958313,0.4922405481338501,0.5233370661735535,0.03669507521943803,0.4974777400493622
577,0.5499621033668518,0.49092891812324524,0.562035322189331,0.4982103109359741,0.4921359121799469,0.5186545133590699,0.034467267150362066,0.49472710490226746
578,0.569547176361084,0.49996137619018555,0.5825483202934265,0.5121954679489136,0.4947861135005951,0.5318076908588409,0.0411348528529282,0.5152764320373535
579,0.5753511190414429,0.5046162009239197,0.5871655941009521,0.5177043676376343,0.5017653107643127,0.5373205184936524,0.040771916496246265,0.5233968496322632
580,0.5632474422454834,0.49314430356025696,0.5767967104911804,0.5050037503242493,0.4949655532836914,0.5266315519809723,0.04015332997712168,0.5218875408172607
581,0.5607690811157227,0.4970363676548004,0.575352668762207,0.5053713321685791,0.4979996979236603,0.5273058295249939,0.03769781098862162,0.5178995728492737
582,0.5683240294456482,0.5088213086128235,0.5873140692710876,0.5167801380157471,0.5071498155593872,0.5376778721809388,0.037430995885608505,0.519305408000946
583,0.5509164333343506,0.5031614303588867,0.5693601965904236,0.5034905672073364,0.4989641308784485,0.5251785516738892,0.03262198054517862,0.4950595200061798
584,0.5697744488716125,0.5230792164802551,0.5938883423805237,0.5269489884376526,0.5189564824104309,0.546529495716095,0.03345433876517888,0.5135659575462341
585,0.5676881670951843,0.5193041563034058,0.5906966924667358,0.5220320820808411,0.5138132572174072,0.5427068710327149,0.03441316241078423,0.5115166306495667
586,0.5667397379875183,0.5122921466827393,0.575782835483551,0.5206629633903503,0.5008711218833923,0.5352697610855103,0.033750053055148485,0.4892379939556122
587,0.5517568588256836,0.49974292516708374,0.5604230761528015,0.5175153017044067,0.4719271659851074,0.5202730655670166,0.036639017865999234,0.44903993606567383
588,0.46373251080513,0.40675047039985657,0.4579381048679352,0.4232652485370636,0.37849971652030945,0.42603721022605895,0.03563031776890172,0.3625582158565521
589,0.5399106740951538,0.44237908720970154,0.5109307765960693,0.48643186688423157,0.4222337305545807,0.4803772270679474,0.04831908056477333,0.4317663311958313
590,0.4795934557914734,0.38788166642189026,0.44843968749046326,0.4310725927352905,0.3643508553504944,0.42226765155792234,0.04632899076637302,0.3656132221221924
591,0.5554085969924927,0.45087891817092896,0.5312789678573608,0.5038055777549744,0.42631620168685913,0.4935376524925232,0.05407481393939417,0.44843363761901855
592,0.5570878386497498,0.44970232248306274,0.5311101675033569,0.5082516074180603,0.4171973466873169,0.4926698565483093,0.057906030801797674,0.43526968359947205
593,0.5897059440612793,0.4784615933895111,0.5809114575386047,0.5383296608924866,0.45240518450737,0.5279627680778504,0.060997071022504505,0.47938603162765503
594,0.6042789220809937,0.4934734106063843,0.5888820290565491,0.552341878414154,0.4579191207885742,0.539379072189331,0.062397157482056015,0.477762907743454
595,0.6026337146759033,0.49671217799186707,0.5838398337364197,0.54829341173172,0.4631069302558899,0.53891721367836,0.05851113460718384,0.46777668595314026
596,0.6067437529563904,0.5075599551200867,0.5863438248634338,0.5243030786514282,0.4761699438095093,0.5402241110801697,0.05471575060645305,0.4564993679523468
597,0.6162362098693848,0.5223242044448853,0.5919066667556763,0.5225052237510681,0.4870142340660095,0.5479973077774047,0.05388058422711061,0.4490859806537628
598,0.6033028960227966,0.5108819007873535,0.5798189640045166,0.5001957416534424,0.47835320234298706,0.5345105409622193,0.054024776913630904,0.43934187293052673
599,0.6222264766693115,0.5254001617431641,0.6093193292617798,0.5215103626251221,0.49000900983810425,0.5536930680274963,0.05848714256028984,0.47310975193977356
600,0.6083852052688599,0.509099006652832,0.5928902626037598,0.506975531578064,0.47892144322395325,0.5392542898654937,0.05754826835399388,0.45881369709968567
601,0.6144962310791016,0.5093998908996582,0.5996065139770508,0.5108277201652527,0.4818248152732849,0.5432310342788697,0.05962836520194928,0.4735206663608551
602,0.6197829842567444,0.5129716992378235,0.6074544787406921,0.514223575592041,0.486963152885437,0.5482791781425476,0.06078767879824341,0.4773947298526764
603,0.6197216510772705,0.5125738382339478,0.609589695930481,0.5176990032196045,0.4858628809452057,0.5490894138813018,0.0611668551439926,0.47195202112197876
604,0.6335916519165039,0.5254969000816345,0.62374347448349,0.5262194871902466,0.49397847056388855,0.5606059968471527,0.06357585018873789,0.4759680926799774
605,0.6403795480728149,0.5086867213249207,0.6378338932991028,0.540478527545929,0.47349390387535095,0.5601745188236237,0.07585558570777026,0.48157423734664917
606,0.64434814453125,0.5198513865470886,0.6364672183990479,0.5371415615081787,0.48887115716934204,0.5653358936309815,0.07073404029576336,0.49216514825820923
607,0.6439867615699768,0.5192738175392151,0.6394195556640625,0.5418219566345215,0.48050278425216675,0.5650009751319885,0.07339118422811307,0.4862293601036072
608,0.6396517753601074,0.5174227356910706,0.6322018504142761,0.5401677489280701,0.47774383425712585,0.56143758893013,0.07162296704433231,0.4809437394142151
609,0.6345658898353577,0.5104853510856628,0.6278899312019348,0.5325044393539429,0.47085440158843994,0.5552600026130676,0.07282070591169061,0.47927168011665344
610,0.6326902508735657,0.5067445635795593,0.6251946091651917,0.5290088653564453,0.46700459718704224,0.5521285772323609,0.07360222488739772,0.4777885377407074
611,0.6267295479774475,0.5067604184150696,0.620460033416748,0.5218670964241028,0.46570876240730286,0.5483051717281342,0.07177014010317277,0.480133056640625
612,0.6309691071510315,0.5117592215538025,0.6331138014793396,0.5225424766540527,0.47052690386772156,0.5537823021411896,0.07403481781408805,0.5083882808685303
613,0.6291069984436035,0.5087423920631409,0.6312971711158752,0.5031518340110779,0.46649521589279175,0.5477587223052979,0.07699353941024042,0.49927493929862976
614,0.6191939115524292,0.4975665509700775,0.6237327456474304,0.4883551299571991,0.453336238861084,0.536436915397644,0.0793690244274639,0.49222713708877563
615,0.6136847138404846,0.4917534291744232,0.6220683455467224,0.4663131535053253,0.44166168570518494,0.5270962655544281,0.08479390541546032,0.4791756868362427
616,0.6371217370033264,0.5169142484664917,0.647333025932312,0.490513414144516,0.46489596366882324,0.5513556778430939,0.08504519906303176,0.49851566553115845
617,0.6597611904144287,0.5236060619354248,0.6518199443817139,0.5112947225570679,0.4706977903842926,0.5634359419345856,0.08659644368443283,0.5015607476234436
618,0.6774823069572449,0.5297317504882812,0.6621325612068176,0.5289129614830017,0.4734362065792084,0.5743391573429107,0.09025097861490947,0.510094165802002
619,0.6702474355697632,0.5287589430809021,0.6591768860816956,0.5185445547103882,0.4693808853626251,0.5692217409610748,0.09009957098961248,0.4983888566493988
620,0.6432763934135437,0.5051918625831604,0.6322120428085327,0.493579238653183,0.4550221264362335,0.5458563327789306,0.08600192384070697,0.4824211895465851
621,0.6337518095970154,0.49547985196113586,0.6136624217033386,0.4829671382904053,0.4500258266925812,0.5351774096488953,0.08280913301681199,0.46871235966682434
622,0.6413308382034302,0.5030322074890137,0.6239861845970154,0.4906122088432312,0.46011224389076233,0.5438147366046906,0.08282010938172994,0.4853639006614685
623,0.6475210189819336,0.5119867920875549,0.6365354061126709,0.49767211079597473,0.47026756405830383,0.5527965784072876,0.08291576253336756,0.4957699477672577
624,0.6421871781349182,0.5019288659095764,0.6341906189918518,0.4947202205657959,0.4593779742717743,0.5464809715747834,0.0852989710189165,0.4911310374736786
625,0.6461233496665955,0.5061976909637451,0.6355443000793457,0.4996386170387268,0.46180906891822815,0.5498626053333282,0.08483805563611915,0.4896073043346405
626,0.6684370040893555,0.5267553925514221,0.653157114982605,0.5176953673362732,0.4745900630950928,0.5681269884109497,0.08702921264713613,0.4978296160697937
627,0.6763004660606384,0.5303254723548889,0.663054347038269,0.5259608030319214,0.47294101119041443,0.5737164199352265,0.09058670987505284,0.5008424520492554
628,0.6835952401161194,0.5408610701560974,0.6709060072898865,0.5322045087814331,0.4818821847438812,0.5818898022174835,0.0900297029523912,0.5099258422851562
629,0.6829935312271118,0.5411373376846313,0.673722505569458,0.5327464938163757,0.4814247488975525,0.5824049234390258,0.0905855089679139,0.5107628703117371
630,0.6761570572853088,0.5342684984207153,0.6682083010673523,0.5264659523963928,0.4763855040073395,0.5762970626354218,0.09034870445482787,0.5096608400344849
631,0.6763729453086853,0.5325074195861816,0.6643702387809753,0.5259197950363159,0.47787272930145264,0.5754086256027222,0.0893180711960928,0.5163776874542236
632,0.6791218519210815,0.5377992391586304,0.663049578666687,0.5269181132316589,0.4850787818431854,0.5783935129642487,0.08706046550652298,0.5200833678245544
633,0.6860908269882202,0.5480086207389832,0.6738685369491577,0.5340811610221863,0.49608346819877625,0.5876265227794647,0.08652993554419446,0.5303469300270081
634,0.6935442686080933,0.5486699938774109,0.6723566055297852,0.5404471158981323,0.49488022923469543,0.5899796426296234,0.08762912256095493,0.526936948299408
635,0.7057231664657593,0.5627267956733704,0.6736563444137573,0.5433674454689026,0.5103617906570435,0.5991671085357666,0.08548497386484485,0.5307211875915527
636,0.7055516242980957,0.5612897276878357,0.668518602848053,0.5401760935783386,0.5067956447601318,0.596466338634491,0.08593303688438786,0.5308681130409241
637,0.6935880780220032,0.5554361939430237,0.6562913060188293,0.5262364745140076,0.5077736377716064,0.5878651380538941,0.08234661119498499,0.528550386428833
638,0.6901122331619263,0.5508488416671753,0.6515053510665894,0.5228510499000549,0.5071983933448792,0.584503173828125,0.08147421787238804,0.5264977216720581
639,0.6907122731208801,0.5480090379714966,0.6441893577575684,0.5152830481529236,0.503371000289917,0.5803129434585571,0.08285635235957176,0.5250566005706787
640,0.6874855756759644,0.5528472065925598,0.6468428373336792,0.5114163160324097,0.5121551156044006,0.5821494102478028,0.08068757384843878,0.5221124887466431
641,0.6997860670089722,0.5414499044418335,0.664872944355011,0.5270189046859741,0.4929026663303375,0.5852060973644256,0.09123548260505551,0.5246588587760925
642,0.7048316597938538,0.5396559834480286,0.6648067831993103,0.5293017029762268,0.49276497960090637,0.5862722218036651,0.09271776489489239,0.5265403985977173
643,0.6998423933982849,0.5382208824157715,0.6589031219482422,0.5229843258857727,0.492052286863327,0.5824006021022796,0.09122796920781504,0.5258730053901672
644,0.7005946040153503,0.5350985527038574,0.6558706164360046,0.5200437307357788,0.48814693093299866,0.579950886964798,0.09266509238373793,0.5316405892372131
645,0.6990888118743896,0.5266302824020386,0.6498040556907654,0.5174200534820557,0.4856387972831726,0.5757164001464844,0.09304786161816021,0.5350385308265686
646,0.7103989124298096,0.538914680480957,0.6680842041969299,0.5321914553642273,0.4933273196220398,0.5885833144187927,0.09471028310576535,0.5411306023597717
647,0.7228215932846069,0.5536573529243469,0.6775112748146057,0.5434970259666443,0.5065916180610657,0.6008157730102539,0.09374855585737825,0.5561949014663696
648,0.720192015171051,0.5573998093605042,0.6816529631614685,0.5396686792373657,0.5082314014434814,0.6014289736747742,0.09351368517979469,0.5603987574577332
649,0.7222084999084473,0.5564373731613159,0.6862019896507263,0.5425346493721008,0.5061137080192566,0.6026992440223694,0.09532034892918016,0.5619937181472778
650,0.7152467966079712,0.5500744581222534,0.6776562333106995,0.5347002148628235,0.4987052083015442,0.5952765822410584,0.09515515989655926,0.5525034070014954
651,0.7107260823249817,0.55296790599823,0.6747310161590576,0.5319159030914307,0.5072576403617859,0.5955197095870972,0.09109504989514365,0.5558286905288696
652,0.7148168087005615,0.5546605587005615,0.6800573468208313,0.5360057950019836,0.5083500742912292,0.5987781167030335,0.09237863042840555,0.5579715967178345
653,0.7099002003669739,0.5533660054206848,0.6734001040458679,0.5283348560333252,0.5090270638465881,0.594805645942688,0.09071579268082577,0.5570551156997681
654,0.7103578448295593,0.5526711344718933,0.668890118598938,0.5255056023597717,0.5075527429580688,0.5929954886436463,0.09085058968689931,0.5581484436988831
655,0.7175636887550354,0.5552436709403992,0.6759374737739563,0.5314872860908508,0.5039804577827454,0.5968425154685975,0.09414715308989731,0.5590628981590271
656,0.7024854421615601,0.5404756665229797,0.6659310460090637,0.5178941488265991,0.4898567795753479,0.5833286166191101,0.09470551679026196,0.5493027567863464
657,0.7015646696090698,0.5395275950431824,0.6685572266578674,0.519977867603302,0.49080660939216614,0.5840867936611176,0.09451583828505869,0.5463545918464661
658,0.7052173614501953,0.545443594455719,0.6733129024505615,0.5217849612236023,0.5006536841392517,0.589282500743866,0.09332046267639998,0.557424008846283
659,0.7083403468132019,0.5456626415252686,0.6785115599632263,0.5239072442054749,0.4960101842880249,0.5904863953590394,0.09618431552411347,0.5539469122886658
660,0.714949369430542,0.5505344867706299,0.6851404309272766,0.5281022191047668,0.4999906122684479,0.5957434237003326,0.09745468669224046,0.5591510534286499
661,0.7254540920257568,0.5617546439170837,0.6958291530609131,0.5390943884849548,0.5127571821212769,0.606977891921997,0.09677552757716479,0.5703402161598206
662,0.7155535817146301,0.552946150302887,0.6881811022758484,0.5305852293968201,0.5158605575561523,0.6006253242492676,0.09385960635112407,0.5703042149543762
663,0.7163161635398865,0.5547600984573364,0.6881781816482544,0.5288747549057007,0.522969663143158,0.6022197723388671,0.09262738073976934,0.571013331413269
664,0.7175376415252686,0.5525423288345337,0.6876644492149353,0.5302467942237854,0.5217769145965576,0.6019536256790161,0.0931633792371695,0.5734953284263611
665,0.6939242482185364,0.5418230891227722,0.6745551228523254,0.5086450576782227,0.5127602219581604,0.5863415479660035,0.09053800514941122,0.5655850172042847
666,0.6852619647979736,0.5387934446334839,0.6644143462181091,0.500603973865509,0.5062214136123657,0.5790590286254883,0.0889472103629486,0.5594134330749512
667,0.6772197484970093,0.5107163786888123,0.6516517400741577,0.4895855188369751,0.47862040996551514,0.5615587592124939,0.0950500847002434,0.5480145812034607
668,0.662649929523468,0.5234442949295044,0.6567227244377136,0.48630988597869873,0.48726287484169006,0.5632779419422149,0.08929699153794776,0.536344587802887
669,0.6553820967674255,0.5193541049957275,0.6513611078262329,0.4786461889743805,0.4801720976829529,0.5569831192493438,0.08950155570868483,0.5266834497451782
670,0.6621958613395691,0.5241106748580933,0.6587597131729126,0.48788589239120483,0.48167622089385986,0.5629256725311279,0.09052317351230738,0.5312355756759644
671,0.6645431518554688,0.5243646502494812,0.6532490849494934,0.48716050386428833,0.4867096245288849,0.5632054030895233,0.08876970046812849,0.5369188189506531
672,0.6599127650260925,0.5172148942947388,0.6587650179862976,0.4800356924533844,0.47712573409080505,0.5586108207702637,0.09330117898496683,0.5406267642974854
673,0.6600499153137207,0.5159287452697754,0.656105637550354,0.4753652811050415,0.46956107020378113,0.5554021298885345,0.09542678899822046,0.5343868136405945
674,0.6561909317970276,0.5088554620742798,0.6541470885276794,0.47418344020843506,0.4639228582382202,0.5514599561691285,0.09612852172776414,0.5382474064826965
675,0.6625460386276245,0.5124159455299377,0.6596644520759583,0.47912946343421936,0.4653335511684418,0.5558178901672364,0.0976310213138963,0.5383513569831848
676,0.6683404445648193,0.5100107192993164,0.661953866481781,0.48522311449050903,0.4676673114299774,0.5586390912532806,0.09841089704149011,0.5459586977958679
677,0.6723120808601379,0.5106714367866516,0.6621111631393433,0.48777294158935547,0.4721568524837494,0.5610048949718476,0.09798229145640457,0.5508878231048584
678,0.7034060955047607,0.5193837285041809,0.6727038621902466,0.5134826898574829,0.4809870719909668,0.5779926896095275,0.10210946188927904,0.5694968700408936
679,0.717225193977356,0.5271210670471191,0.6787965893745422,0.5262368321418762,0.4807526469230652,0.5860264658927917,0.1048172520861115,0.5700721740722656
680,0.7156943678855896,0.5297425985336304,0.6787670850753784,0.5244008898735046,0.48273393511772156,0.5862677752971649,0.10374153984900603,0.5708761215209961
681,0.7193668484687805,0.5420480370521545,0.6853541731834412,0.5300053954124451,0.4940336048603058,0.5941616117954254,0.10105678736339227,0.5747160911560059
682,0.7103695869445801,0.5416661500930786,0.6791435480117798,0.5247830152511597,0.49310535192489624,0.5898135304450989,0.09799646005215733,0.5711961388587952
683,0.7132067084312439,0.545317530632019,0.6807737350463867,0.5282525420188904,0.5026594400405884,0.5940419912338257,0.09588498391436819,0.5786263346672058
684,0.7119988203048706,0.5414043664932251,0.6772039532661438,0.5259905457496643,0.5048002004623413,0.592279577255249,0.09510521926965744,0.5859279036521912
685,0.701758861541748,0.5334219932556152,0.6694691777229309,0.5166226029396057,0.49828851222991943,0.5839122295379638,0.09436153722598292,0.577172577381134
686,0.7024245858192444,0.5366203784942627,0.6733648777008057,0.5171195268630981,0.5043689012527466,0.5867796540260315,0.09358254326950483,0.5796265602111816
687,0.7041036486625671,0.5375720858573914,0.6741926670074463,0.5182762145996094,0.5095767974853516,0.5887442827224731,0.09281842861569851,0.5871748328208923
688,0.7012361884117126,0.5361649990081787,0.6719187498092651,0.5141293406486511,0.5115736722946167,0.5870045900344849,0.09198445784196571,0.5878782272338867
689,0.7000367641448975,0.5399503707885742,0.6701608896255493,0.5176705718040466,0.5196444988250732,0.5894926190376282,0.08834446590585669,0.5840214490890503
690,0.7071329355239868,0.5428977608680725,0.681791365146637,0.5228710174560547,0.5223369598388672,0.5954060077667236,0.09124536006361363,0.5950765013694763
691,0.7153112888336182,0.5426151752471924,0.68802809715271,0.5267289280891418,0.518752932548523,0.5982872843742371,0.095254561973515,0.597915768623352
692,0.7259522676467896,0.5448786616325378,0.6945960521697998,0.5338414907455444,0.5190241932868958,0.6036585330963135,0.09838426456047995,0.6047961711883545
693,0.7241873145103455,0.5395174622535706,0.683129072189331,0.528489887714386,0.5092436075210571,0.596913468837738,0.09911338792314299,0.5966417789459229
694,0.7348342537879944,0.5439973473548889,0.6838345527648926,0.5367143154144287,0.5105411410331726,0.6019843220710754,0.1004154905702379,0.5998305082321167
695,0.7476189136505127,0.548617422580719,0.6858391761779785,0.5476985573768616,0.5135116577148438,0.6086571455001831,0.10203041275418698,0.6053040623664856
696,0.7412236332893372,0.5451977252960205,0.6765070557594299,0.5442113280296326,0.5142660737037659,0.6042811632156372,0.09895930191136515,0.6024407148361206
697,0.7535044550895691,0.5579785704612732,0.6888039708137512,0.5569981932640076,0.5286566019058228,0.6171883583068848,0.09833285441914609,0.6162815690040588
698,0.7564058303833008,0.561318576335907,0.6979733109474182,0.5591068267822266,0.5279492735862732,0.6205507636070251,0.1003863727566842,0.622342050075531
699,0.7528496384620667,0.5565841197967529,0.6926027536392212,0.5523881912231445,0.5263840556144714,0.6161617517471314,0.10025392899840765,0.6245607733726501
700,0.7498102784156799,0.5610806941986084,0.6969829797744751,0.5508515238761902,0.5333137512207031,0.6184078454971313,0.09814773921402584,0.6264475584030151
701,0.750997006893158,0.5614380836486816,0.6992223262786865,0.554931104183197,0.5318196415901184,0.6196816325187683,0.09858387401796395,0.6312183141708374
702,0.7479448914527893,0.5587263107299805,0.698615312576294,0.5503772497177124,0.5296916961669922,0.6170710921287537,0.09907667763980423,0.6331355571746826
703,0.7430517673492432,0.551573634147644,0.7004730105400085,0.5465890169143677,0.5204064846038818,0.612418782711029,0.10163719408458195,0.6279864311218262
704,0.7438399791717529,0.5536478757858276,0.7079204320907593,0.5516653060913086,0.5251787304878235,0.6164504647254944,0.10132454632046167,0.6372243165969849
705,0.7432881593704224,0.5569713115692139,0.7023839950561523,0.5512219667434692,0.5288389325141907,0.6165408730506897,0.09866691281173673,0.6395060420036316
706,0.7439461946487427,0.5605529546737671,0.7050325870513916,0.5542811751365662,0.5347415804862976,0.619710898399353,0.09710135859927935,0.6364983916282654
707,0.7356643080711365,0.5559622645378113,0.6982038021087646,0.5470777153968811,0.5363466739654541,0.6146509528160096,0.09456132323585628,0.6361916065216064
708,0.7394983172416687,0.5600606799125671,0.7034907937049866,0.5498577952384949,0.5408371686935425,0.618748950958252,0.09489749691161263,0.6402679085731506
709,0.7444320917129517,0.5575224757194519,0.7083597183227539,0.5540013313293457,0.5338500738143921,0.619633138179779,0.09870560700952115,0.6372743844985962
710,0.7525579333305359,0.5650166273117065,0.720203161239624,0.5647327303886414,0.5418368577957153,0.6288694620132447,0.09925480037632506,0.6394302845001221
711,0.7700423002243042,0.5724510550498962,0.7368065118789673,0.5804331302642822,0.551388144493103,0.6422242283821106,0.10273862163359147,0.6485918760299683
712,0.778005838394165,0.5742908120155334,0.7363818287849426,0.5857557058334351,0.550772488117218,0.6450413346290589,0.10419894767774103,0.651901125907898
713,0.7867528200149536,0.5844705700874329,0.7492032051086426,0.5970754027366638,0.5624313354492188,0.6559866666793823,0.10383496399043436,0.6627202033996582
714,0.7947269082069397,0.5914292931556702,0.7571145296096802,0.604312539100647,0.5698717832565308,0.6634910106658936,0.10422063911585537,0.6675358414649963
715,0.8079717755317688,0.6020522713661194,0.766451358795166,0.6163753271102905,0.5804772973060608,0.6746656060218811,0.10456702363284137,0.6711958050727844
716,0.8161014914512634,0.6054739356040955,0.7697899341583252,0.6210798621177673,0.5801616907119751,0.6785213828086853,0.1067336891886971,0.675856351852417
717,0.8131904602050781,0.5943681597709656,0.7635798454284668,0.6158385276794434,0.5661023855209351,0.6706158757209778,0.11034848603904854,0.6647136807441711
718,0.786612868309021,0.5823385715484619,0.7455332279205322,0.596415102481842,0.5537658333778381,0.6529331207275391,0.10542424105266159,0.6451498866081238
719,0.7882399559020996,0.5831782817840576,0.7454082369804382,0.5981748700141907,0.5542256832122803,0.6538454055786133,0.10543100498755227,0.6416901350021362
720,0.8064177632331848,0.6010564565658569,0.7659320831298828,0.6170936226844788,0.5732888579368591,0.6727577567100524,0.10568832306585448,0.6660100817680359
721,0.8225737810134888,0.6120546460151672,0.7787055373191833,0.6306965947151184,0.5846650004386902,0.6857391119003295,0.10728646017216349,0.6714015007019043
722,0.8043605089187622,0.5989084839820862,0.7632824182510376,0.6118227243423462,0.577130138874054,0.6711008548736572,0.10465623089743684,0.6565155386924744
723,0.8165645599365234,0.6087293028831482,0.7797307968139648,0.6252061724662781,0.584770143032074,0.6830001950263977,0.1068897872510179,0.6687840819358826
724,0.8194426894187927,0.6046983003616333,0.7802894711494446,0.6249036192893982,0.5832312107086182,0.6825130581855774,0.10901928735929586,0.6734749674797058
725,0.8089877367019653,0.5956664085388184,0.7728878259658813,0.6171451210975647,0.5730156898498535,0.6735405564308167,0.10904803465093962,0.669817328453064
726,0.813632607460022,0.6122503876686096,0.7791094779968262,0.6207653880119324,0.5914209485054016,0.6834357619285584,0.1043627540089523,0.673318088054657
727,0.8237073421478271,0.6153181195259094,0.7855661511421204,0.6285070776939392,0.5952402353286743,0.6896677851676941,0.10647554475128465,0.6788047552108765
728,0.8221453428268433,0.604411780834198,0.7813400030136108,0.6233118772506714,0.5854881405830383,0.6833394289016723,0.10986235647295736,0.6819062232971191
729,0.8317082524299622,0.5967401266098022,0.784381091594696,0.6312366127967834,0.5760892033576965,0.6840310573577881,0.11612179718733397,0.6864230632781982
730,0.8129700422286987,0.5837923288345337,0.769988477230072,0.6108759045600891,0.5634693503379822,0.6682192206382751,0.11478074013609736,0.6780732870101929
731,0.7866564393043518,0.5746113061904907,0.7558119297027588,0.5889411568641663,0.5583184957504272,0.6528678655624389,0.10914114635095139,0.6763610243797302
732,0.8006443381309509,0.5682199597358704,0.7564792037010193,0.5851929187774658,0.5550007224082947,0.6531074285507202,0.11607761667937856,0.6820544004440308
733,0.8036258220672607,0.5731967687606812,0.7536554336547852,0.5839833617210388,0.5641497373580933,0.6557222247123718,0.11380775820198802,0.6830548048019409
734,0.800355851650238,0.5764887928962708,0.7561628222465515,0.582101047039032,0.5608446002006531,0.655190622806549,0.11369428836098855,0.6702007055282593
735,0.8042929768562317,0.5823298692703247,0.7637513875961304,0.5881301164627075,0.5694353580474854,0.661587941646576,0.1128849962838362,0.6756060123443604
736,0.8018018007278442,0.5802692770957947,0.7585365772247314,0.5851354598999023,0.5702030062675476,0.6591892242431641,0.11162337185464088,0.6778199076652527
737,0.7922318577766418,0.5860698819160461,0.7588531970977783,0.5798280835151672,0.576957106590271,0.6587880253791809,0.10728373021307176,0.675629198551178
738,0.8038405776023865,0.5967416167259216,0.7657056450843811,0.5864853262901306,0.5907531976699829,0.6687052726745606,0.10687146046074728,0.6872295141220093
739,0.8206298351287842,0.6134372353553772,0.7802184820175171,0.6006648540496826,0.6058948040008545,0.6841690421104432,0.10717956568280233,0.7006940841674805
740,0.8401936292648315,0.6261555552482605,0.8004398345947266,0.6183174252510071,0.6172406077384949,0.7004694104194641,0.11035791133281152,0.7123799324035645
741,0.8473806977272034,0.6308878660202026,0.8070557713508606,0.629665732383728,0.6247410178184509,0.7079462170600891,0.10983351842404067,0.7130502462387085
742,0.8161178231239319,0.6187433004379272,0.7848080992698669,0.6059304475784302,0.6152743697166443,0.6881748080253601,0.10320701413427553,0.6908954381942749
743,0.8174310922622681,0.6190395355224609,0.7869577407836914,0.606066882610321,0.6169732809066772,0.6892937064170838,0.10374252977330296,0.6931803822517395
744,0.8076843023300171,0.6166174411773682,0.7805048227310181,0.5977696776390076,0.6133349537849426,0.6831822395324707,0.10195252605605136,0.6806226372718811
745,0.7990426421165466,0.6129490733146667,0.7725499868392944,0.591718316078186,0.6113113760948181,0.6775142788887024,0.0996410635710079,0.6736127734184265
746,0.8045564293861389,0.6178077459335327,0.782093346118927,0.5955290198326111,0.6153902411460876,0.6830753564834595,0.10132584841878897,0.6884099841117859
747,0.7992501854896545,0.6172153353691101,0.7821024060249329,0.5989767909049988,0.61831134557724,0.6831712126731873,0.09862478100819877,0.6744118332862854
748,0.8104696869850159,0.6182920336723328,0.7863203883171082,0.6062547564506531,0.6178088784217834,0.6878291487693786,0.10140741590141336,0.6872006058692932
749,0.8127005696296692,0.6174447536468506,0.7900295853614807,0.6053111553192139,0.6186639666557312,0.6888300061225892,0.10317436351475147,0.6950808763504028
750,0.8368778228759766,0.6269714832305908,0.8115708231925964,0.6263784766197205,0.6299393177032471,0.7063475847244263,0.10798601760671547,0.7077290415763855
751,0.8482136726379395,0.6372599601745605,0.819140613079071,0.635528028011322,0.6409634947776794,0.7162211537361145,0.10773161794164884,0.7189096212387085
752,0.848513126373291,0.6418020725250244,0.8205761313438416,0.6341522336006165,0.6451948881149292,0.7180476903915405,0.10687923547581324,0.721764087677002
753,0.8374512195587158,0.6325849890708923,0.8128461241722107,0.6223875880241394,0.6348282694816589,0.7080196380615235,0.10737939417751062,0.7157620787620544
754,0.8351168632507324,0.634441614151001,0.811392605304718,0.6205717325210571,0.6359260678291321,0.7074897766113282,0.10617981905301206,0.7161931991577148
755,0.8396293520927429,0.6326491832733154,0.8084400296211243,0.6257805824279785,0.6334123611450195,0.7079823017120361,0.10655465545170054,0.724428653717041
756,0.8349732756614685,0.6301797032356262,0.8034155368804932,0.6211931109428406,0.6322360038757324,0.7043995261192322,0.10546698302615941,0.7219158411026001
757,0.8247471451759338,0.618508517742157,0.796272337436676,0.6141850352287292,0.6220810413360596,0.6951588153839111,0.10581760465676196,0.7133902907371521
758,0.8115154504776001,0.6074863076210022,0.7866649627685547,0.6028135418891907,0.6126616597175598,0.6842283844947815,0.10527911567552947,0.7007317543029785
759,0.8059023022651672,0.6044937372207642,0.779556930065155,0.5964698791503906,0.608120858669281,0.6789087414741516,0.10440558603386046,0.6952599883079529
760,0.8150037527084351,0.6125310063362122,0.7869583964347839,0.6061031222343445,0.6141745448112488,0.6869541645050049,0.10460654137501406,0.7090648412704468
761,0.8314626216888428,0.6295187473297119,0.8074625730514526,0.6286889314651489,0.628080427646637,0.7050426602363586,0.10479597291629539,0.7279640436172485
762,0.8408980369567871,0.6395093202590942,0.8178058862686157,0.6383746862411499,0.635003387928009,0.7143182635307312,0.10534085332548249,0.7315274477005005
763,0.8346311450004578,0.6362143158912659,0.8101087808609009,0.6354501843452454,0.6334527730941772,0.7099714398384094,0.10297592724963706,0.7213699221611023
764,0.8300572633743286,0.6326980590820312,0.8091199994087219,0.6299723386764526,0.6258945465087891,0.7055484414100647,0.10439490272025208,0.7163448333740234
765,0.8238273859024048,0.6287816762924194,0.8035337924957275,0.6234825253486633,0.6250715851783752,0.700939393043518,0.10318587148677084,0.7110157608985901
766,0.8244761824607849,0.6246814131736755,0.8033108115196228,0.6237186789512634,0.6219965219497681,0.699636721611023,0.1045742032856361,0.7090774774551392
767,0.8190290927886963,0.623270571231842,0.8018209338188171,0.6193996667861938,0.6200380325317383,0.6967116594314575,0.10399410652775251,0.7144553065299988
768,0.8167439103126526,0.6236043572425842,0.7982845902442932,0.6179718971252441,0.6211472749710083,0.6955504059791565,0.1024361544791116,0.7171603441238403
769,0.8257764577865601,0.6303626894950867,0.8058501482009888,0.6244820356369019,0.628685712814331,0.7030314087867737,0.10321829964212609,0.7256203293800354
770,0.8357431888580322,0.6386205554008484,0.8167532682418823,0.6342035531997681,0.6360315084457397,0.7122704148292541,0.1042752368837659,0.7321121692657471
771,0.8347744345664978,0.6347291469573975,0.8130494356155396,0.6335910558700562,0.6344762444496155,0.7101240634918213,0.1041580943284878,0.7293888330459595
772,0.8321254253387451,0.6346772909164429,0.8109578490257263,0.6310619711875916,0.635658860206604,0.708896279335022,0.10311685575088501,0.7293943762779236
773,0.8343707919120789,0.6342715620994568,0.81041020154953,0.6317003965377808,0.6341612339019775,0.7089828372001648,0.10387765882002226,0.730488121509552
774,0.8282821774482727,0.629581868648529,0.8039295673370361,0.625640332698822,0.628319501876831,0.7031506896018982,0.1034821300373362,0.7247017025947571
775,0.8267547488212585,0.6307483315467834,0.7980493307113647,0.6235438585281372,0.6366832852363586,0.7031559109687805,0.10035061067608485,0.7378425002098083
776,0.8362287878990173,0.6367892026901245,0.8002714514732361,0.6339774131774902,0.6396758556365967,0.709388542175293,0.10020667676427734,0.7493393421173096
777,0.8555761575698853,0.6461697816848755,0.8122934103012085,0.6475098729133606,0.6407403349876404,0.720457911491394,0.10474461063837529,0.7509158253669739
778,0.8408676385879517,0.6310082077980042,0.7941111922264099,0.6310867071151733,0.625808835029602,0.7045765161514282,0.10441398839516033,0.7345331907272339
779,0.855799674987793,0.6482268571853638,0.8042690753936768,0.6419988870620728,0.6471371054649353,0.7194863200187683,0.10257444675448316,0.7540998458862305
780,0.8636152744293213,0.657426118850708,0.8085532784461975,0.6430903673171997,0.6562588214874268,0.7257887721061707,0.10270467467471218,0.7551352381706238
781,0.8801875710487366,0.6757056713104248,0.821383535861969,0.6550642251968384,0.6746488809585571,0.7413979768753052,0.10232873324761584,0.7701253294944763
782,0.8773614168167114,0.6823628544807434,0.8219245076179504,0.6520923972129822,0.6852573156356812,0.7437996983528137,0.09944111813437083,0.7635317444801331
783,0.8800559043884277,0.6837722659111023,0.8272078037261963,0.6560608744621277,0.6890438199043274,0.7472281336784363,0.09970393042555739,0.7681507468223572
784,0.871940553188324,0.6779356002807617,0.8163313269615173,0.6477824449539185,0.6837880611419678,0.7395555973052979,0.09842464481004914,0.7641464471817017
785,0.8748102784156799,0.6903917193412781,0.8210411667823792,0.6516875624656677,0.7016531229019165,0.7479167699813842,0.09507714862365349,0.7567079663276672
786,0.8849397301673889,0.6939958333969116,0.8257386088371277,0.6646508574485779,0.7061318159103394,0.7550913691520691,0.09507998978953427,0.7587074637413025
787,0.9008170366287231,0.7058979868888855,0.8349938988685608,0.6765556335449219,0.7170825600624084,0.7670694231987,0.09609310032092945,0.7753026485443115
788,0.9149738550186157,0.7161665558815002,0.8424728512763977,0.6880822777748108,0.7287278175354004,0.778084671497345,0.09650760230495271,0.7836663722991943
789,0.9313601851463318,0.7266682386398315,0.858782947063446,0.7000290751457214,0.7379986643791199,0.7909678220748901,0.09939684423557645,0.7912615537643433
790,0.8935946226119995,0.7213118076324463,0.8601159453392029,0.6672411561012268,0.7295531630516052,0.7743633389472961,0.09729746579908724,0.7834790349006653
791,0.9030291438102722,0.7266566753387451,0.8686034679412842,0.6700131893157959,0.7389371395111084,0.7814479231834411,0.09950506227337665,0.7874223589897156
792,0.8956478834152222,0.7380585074424744,0.8591843843460083,0.6676134467124939,0.7536532282829285,0.7828314900398254,0.09312423358229444,0.7944768667221069
793,0.8826739192008972,0.7247782945632935,0.8493233919143677,0.6593342423439026,0.7383876442909241,0.770899498462677,0.09256730075889161,0.7851298451423645
794,0.8653925657272339,0.7136887907981873,0.8368241190910339,0.6415048241615295,0.7259954810142517,0.7566811561584472,0.09259671520717654,0.7781431078910828
795,0.8761392831802368,0.7256647944450378,0.8534470200538635,0.6498137712478638,0.7369493246078491,0.7684028387069702,0.09449720253272519,0.7975574731826782
796,0.8976815342903137,0.7646041512489319,0.8807003498077393,0.670620322227478,0.780045747756958,0.7987304210662842,0.09278511297477304,0.8218480944633484
797,0.8757967352867126,0.7640213370323181,0.8825636506080627,0.6641190648078918,0.7806406021118164,0.7934282779693603,0.09010943742726289,0.810876190662384
798,0.8469035625457764,0.7560681700706482,0.8757455945014954,0.6543100476264954,0.7783952951431274,0.7822845339775085,0.08658880089161125,0.7997926473617554
799,0.8729987740516663,0.7674345374107361,0.891600489616394,0.6720582842826843,0.7961236834526062,0.8000431537628174,0.08826675365630578,0.8175236582756042
800,0.8776934742927551,0.7643738389015198,0.8890377879142761,0.6736654043197632,0.7930636405944824,0.7995668292045593,0.0883753811049248,0.8233551979064941
801,0.868341863155365,0.7644544243812561,0.8849122524261475,0.6670622229576111,0.7946273684501648,0.7958796262741089,0.08769352763207981,0.8274534940719604
802,0.8747129440307617,0.7789798378944397,0.8928432464599609,0.6770365834236145,0.8060054183006287,0.8059156060218811,0.08605933204189055,0.8326377868652344
803,0.8933733701705933,0.7946645021438599,0.8990760445594788,0.6953262090682983,0.8163752555847168,0.8197630763053894,0.08341908051841992,0.823752224445343
804,0.9064602851867676,0.8052085041999817,0.8989589810371399,0.7027519941329956,0.8223115801811218,0.8271382689476013,0.082804519523218,0.8251780867576599
805,0.892218828201294,0.7965458035469055,0.8907393217086792,0.68940269947052,0.8120981454849243,0.8162009596824646,0.08339010850743302,0.826749861240387
806,0.8780754208564758,0.7801835536956787,0.8725012540817261,0.6742660999298096,0.7997710704803467,0.8009594798088073,0.08298999601991033,0.8226136565208435
807,0.8751035332679749,0.7817432284355164,0.8677143454551697,0.6711549758911133,0.7980861663818359,0.798760449886322,0.08239554534686572,0.820374071598053
808,0.8912444114685059,0.7988865375518799,0.8847772479057312,0.6833028793334961,0.8106352686882019,0.813769268989563,0.08410904715712111,0.8360259532928467
809,0.8904961943626404,0.8094696998596191,0.885688304901123,0.6776204705238342,0.8224806785583496,0.8171510696411133,0.08607127308292219,0.828155517578125
810,0.9049494862556458,0.8236088156700134,0.9034484028816223,0.688046932220459,0.8328126668930054,0.8305732607841492,0.08833159403693981,0.8430882096290588
811,0.9041594862937927,0.8080298900604248,0.9016415476799011,0.6903745532035828,0.8145731687545776,0.8237557291984559,0.08754016852029499,0.8431479930877686
