step,agent_daily_return,transaction_penality,agent_cumulative_return,benchmark_cumulative_return,weight_AAPL,weight_AMT,weight_AMZN,weight_BRK-B,weight_CAT,weight_COST,weight_CVX,weight_DBC,weight_GLD,weight_GOOG,weight_JPM,weight_LIN,weight_LLY,weight_MSFT,weight_NEE,weight_PG,weight_UNH,weight_UNP,weight_V,weight_WMT,weight_XOM,benchmark_daily_return
0,-0.004313969984650612,0.0,-0.004313969984650612,0.0008211430395022035,0.0,0.10000000149011612,0.10000000149011612,0.0,0.0,0.10000000149011612,0.0,0.0,0.0,0.0,0.0,0.0,0.10000000149011612,0.10000000149011612,0.10000000149011612,0.10000000149011612,0.10000000149011612,0.0,0.10000000149011612,0.10000000149011612,0.0,
1,0.030214812606573105,5.999999848427251e-05,0.02577049657702446,0.026684386655688286,0.10000000149011612,0.10000000149011612,0.0,0.0,0.0,0.10000000149011612,0.0,0.0,0.0,0.0,0.0,0.0,0.10000000149011612,0.10000000149011612,0.10000000149011612,0.10000000149011612,0.10000000149011612,0.0,0.10000000149011612,0.10000000149011612,0.0,0.025842023618365184
2,-0.019012654200196266,0.0,0.006267877295613289,0.0077875955030322075,0.10000000149011612,0.10000000149011612,0.0,0.0,0.0,0.10000000149011612,0.0,0.0,0.0,0.0,0.0,0.0,0.10000000149011612,0.10000000149011612,0.10000000149011612,0.10000000149011612,0.10000000149011612,0.0,0.10000000149011612,0.10000000149011612,0.0,-0.018405647731928876
3,0.004172410815954208,0.0,0.010466440580785275,0.010605163872241974,0.10000000149011612,0.10000000149011612,0.0,0.0,0.0,0.10000000149011612,0.0,0.0,0.0,0.0,0.0,0.0,0.10000000149011612,0.10000000149011612,0.10000000149011612,0.10000000149011612,0.10000000149011612,0.0,0.10000000149011612,0.10000000149011612,0.0,0.00279579584208256
4,-0.0045627388171851635,0.0,0.005855945870280266,-0.0008969649206846952,0.10000000149011612,0.10000000149011612,0.0,0.0,0.0,0.10000000149011612,0.0,0.0,0.0,0.0,0.0,0.0,0.10000000149011612,0.10000000149011612,0.10000000149011612,0.10000000149011612,0.10000000149011612,0.0,0.10000000149011612,0.10000000149011612,0.0,-0.011381426895598845
5,-0.010389779694378376,0.0,-0.004594676196575165,-0.013896427117288113,0.10000000149011612,0.10000000149011612,0.0,0.0,0.0,0.10000000149011612,0.0,0.0,0.0,0.0,0.0,0.0,0.10000000149011612,0.10000000149011612,0.10000000149011612,0.10000000149011612,0.10000000149011612,0.0,0.10000000149011612,0.10000000149011612,0.0,-0.013011132726237218
6,0.0022567349951714277,0.0,-0.002348310546949506,-0.00876579713076353,0.10000000149011612,0.10000000149011612,0.0,0.0,0.0,0.10000000149011612,0.0,0.0,0.0,0.0,0.0,0.0,0.10000000149011612,0.10000000149011612,0.10000000149011612,0.10000000149011612,0.10000000149011612,0.0,0.10000000149011612,0.10000000149011612,0.0,0.005202932153998807
7,-0.001168565358966589,0.0,-0.0035141317639499903,-0.011802962981164455,0.10000000149011612,0.10000000149011612,0.0,0.0,0.0,0.10000000149011612,0.0,0.0,0.0,0.0,0.0,0.0,0.10000000149011612,0.10000000149011612,0.10000000149011612,0.10000000149011612,0.10000000149011612,0.0,0.10000000149011612,0.10000000149011612,0.0,-0.0030640244672848205
8,0.0003175832680426538,0.0,-0.0031976643949747086,-0.013522177003324032,0.10000000149011612,0.10000000149011612,0.0,0.0,0.0,0.10000000149011612,0.0,0.0,0.0,0.0,0.0,0.0,0.10000000149011612,0.10000000149011612,0.10000000149011612,0.10000000149011612,0.10000000149011612,0.0,0.10000000149011612,0.10000000149011612,0.0,-0.001739748205829561
9,0.030678555369377136,0.0,0.02738279104232788,0.02011456899344921,0.10000000149011612,0.10000000149011612,0.0,0.0,0.0,0.10000000149011612,0.0,0.0,0.0,0.0,0.0,0.0,0.10000000149011612,0.10000000149011612,0.10000000149011612,0.10000000149011612,0.10000000149011612,0.0,0.10000000149011612,0.10000000149011612,0.0,0.03409782279199458
10,-0.014568901620805264,0.0,0.012414952740073204,0.007593754678964615,0.10000000149011612,0.10000000149011612,0.0,0.0,0.0,0.10000000149011612,0.0,0.0,0.0,0.0,0.0,0.0,0.10000000149011612,0.10000000149011612,0.10000000149011612,0.10000000149011612,0.10000000149011612,0.0,0.10000000149011612,0.10000000149011612,0.0,-0.01227392951248496
11,-0.014333088882267475,0.0,-0.0020960804540663958,-0.009138116613030434,0.10000000149011612,0.10000000149011612,0.0,0.0,0.0,0.10000000149011612,0.0,0.0,0.0,0.0,0.0,0.0,0.10000000149011612,0.10000000149011612,0.10000000149011612,0.10000000149011612,0.10000000149011612,0.0,0.10000000149011612,0.10000000149011612,0.0,-0.016605771139705072
12,-0.01687600649893284,0.0,-0.01893671415746212,-0.026378139853477478,0.10000000149011612,0.10000000149011612,0.0,0.0,0.0,0.10000000149011612,0.0,0.0,0.0,0.0,0.0,0.0,0.10000000149011612,0.10000000149011612,0.10000000149011612,0.10000000149011612,0.10000000149011612,0.0,0.10000000149011612,0.10000000149011612,0.0,-0.01739901749123407
13,-0.00601237965747714,0.0,-0.024835238233208656,-0.02624710649251938,0.10000000149011612,0.10000000149011612,0.0,0.0,0.0,0.10000000149011612,0.0,0.0,0.0,0.0,0.0,0.0,0.10000000149011612,0.10000000149011612,0.10000000149011612,0.10000000149011612,0.10000000149011612,0.0,0.10000000149011612,0.10000000149011612,0.0,0.00013458342126626555
14,-0.010399118065834045,0.0,-0.03497609123587608,-0.034170035272836685,0.10000000149011612,0.10000000149011612,0.0,0.0,0.0,0.10000000149011612,0.0,0.0,0.0,0.0,0.0,0.0,0.10000000149011612,0.10000000149011612,0.10000000149011612,0.10000000149011612,0.10000000149011612,0.0,0.10000000149011612,0.10000000149011612,0.0,-0.008136488048604118
15,0.007974988780915737,0.0,-0.027280038222670555,-0.023653611540794373,0.10000000149011612,0.10000000149011612,0.0,0.0,0.0,0.10000000149011612,0.0,0.0,0.0,0.0,0.0,0.0,0.10000000149011612,0.10000000149011612,0.10000000149011612,0.10000000149011612,0.10000000149011612,0.0,0.10000000149011612,0.10000000149011612,0.0,0.010888483600747456
16,0.0033158515579998493,0.0,-0.024054642766714096,-0.023025577887892723,0.10000000149011612,0.10000000149011612,0.0,0.0,0.0,0.10000000149011612,0.0,0.0,0.0,0.0,0.0,0.0,0.10000000149011612,0.10000000149011612,0.10000000149011612,0.10000000149011612,0.10000000149011612,0.0,0.10000000149011612,0.10000000149011612,0.0,0.0006432488103866874
17,-0.009059108793735504,0.0,-0.03289583697915077,-0.03139229491353035,0.10000000149011612,0.10000000149011612,0.0,0.0,0.0,0.10000000149011612,0.0,0.0,0.0,0.0,0.0,0.0,0.10000000149011612,0.10000000149011612,0.10000000149011612,0.10000000149011612,0.10000000149011612,0.0,0.10000000149011612,0.10000000149011612,0.0,-0.008563905908150371
18,0.010765425860881805,0.0,-0.02248454838991165,-0.019744638353586197,0.10000000149011612,0.10000000149011612,0.0,0.0,0.0,0.10000000149011612,0.0,0.0,0.0,0.0,0.0,0.0,0.10000000149011612,0.10000000149011612,0.10000000149011612,0.10000000149011612,0.10000000149011612,0.0,0.10000000149011612,0.10000000149011612,0.0,0.01202515373228863
19,-0.0029318793676793575,0.0,-0.025350505486130714,-0.021839339286088943,0.10000000149011612,0.10000000149011612,0.0,0.0,0.0,0.10000000149011612,0.0,0.0,0.0,0.0,0.0,0.0,0.10000000149011612,0.10000000149011612,0.10000000149011612,0.10000000149011612,0.10000000149011612,0.0,0.10000000149011612,0.10000000149011612,0.0,-0.0021368931142438097
20,-0.004736884497106075,0.0,-0.029967308044433594,-0.026184367015957832,0.10000000149011612,0.10000000149011612,0.0,0.0,0.0,0.10000000149011612,0.0,0.0,0.0,0.0,0.0,0.0,0.10000000149011612,0.10000000149011612,0.10000000149011612,0.10000000149011612,0.10000000149011612,0.0,0.10000000149011612,0.10000000149011612,0.0,-0.004442038925075664
21,0.0015081893652677536,0.0,-0.02850431576371193,-0.02503799833357334,0.10000000149011612,0.10000000149011612,0.0,0.0,0.0,0.10000000149011612,0.0,0.0,0.0,0.0,0.0,0.0,0.10000000149011612,0.10000000149011612,0.10000000149011612,0.10000000149011612,0.10000000149011612,0.0,0.10000000149011612,0.10000000149011612,0.0,0.001177192728845089
22,0.004498269408941269,0.0,-0.02413426712155342,-0.018872149288654327,0.10000000149011612,0.10000000149011612,0.0,0.0,0.0,0.10000000149011612,0.0,0.0,0.0,0.0,0.0,0.0,0.10000000149011612,0.10000000149011612,0.10000000149011612,0.10000000149011612,0.10000000149011612,0.0,0.10000000149011612,0.10000000149011612,0.0,0.006324194208984668
23,-0.005858941003680229,0.0,-0.029851805418729782,-0.02437708154320717,0.10000000149011612,0.10000000149011612,0.0,0.0,0.0,0.10000000149011612,0.0,0.0,0.0,0.0,0.0,0.0,0.10000000149011612,0.10000000149011612,0.10000000149011612,0.10000000149011612,0.10000000149011612,0.0,0.10000000149011612,0.10000000149011612,0.0,-0.005610820496596447
24,-0.005865251179784536,0.0,-0.035541970282793045,-0.03083992749452591,0.10000000149011612,0.10000000149011612,0.0,0.0,0.0,0.10000000149011612,0.0,0.0,0.0,0.0,0.0,0.0,0.10000000149011612,0.10000000149011612,0.10000000149011612,0.10000000149011612,0.10000000149011612,0.0,0.10000000149011612,0.10000000149011612,0.0,-0.006624327728525947
25,-0.004093031398952007,0.0,-0.03948952630162239,-0.02968635968863964,0.10000000149011612,0.10000000149011612,0.0,0.0,0.0,0.10000000149011612,0.0,0.0,0.0,0.0,0.0,0.0,0.10000000149011612,0.10000000149011612,0.10000000149011612,0.10000000149011612,0.10000000149011612,0.0,0.10000000149011612,0.10000000149011612,0.0,0.0011902758260604607
26,0.018843544647097588,0.0,-0.021390102803707123,-0.009275151416659355,0.10000000149011612,0.10000000149011612,0.0,0.0,0.0,0.10000000149011612,0.0,0.0,0.0,0.0,0.0,0.0,0.10000000149011612,0.10000000149011612,0.10000000149011612,0.10000000149011612,0.10000000149011612,0.0,0.10000000149011612,0.10000000149011612,0.0,0.021035681066413403
27,-0.006855450104922056,0.0,-0.02809891477227211,-0.01648811064660549,0.10000000149011612,0.10000000149011612,0.0,0.0,0.0,0.10000000149011612,0.0,0.0,0.0,0.0,0.0,0.0,0.10000000149011612,0.10000000149011612,0.10000000149011612,0.10000000149011612,0.10000000149011612,0.0,0.10000000149011612,0.10000000149011612,0.0,-0.007280486847846879
28,0.007188018877059221,0.0,-0.021112872287631035,-0.005413991864770651,0.10000000149011612,0.10000000149011612,0.0,0.0,0.0,0.10000000149011612,0.0,0.0,0.0,0.0,0.0,0.0,0.10000000149011612,0.10000000149011612,0.10000000149011612,0.10000000149011612,0.10000000149011612,0.0,0.10000000149011612,0.10000000149011612,0.0,0.01125977113415022
29,0.010710007511079311,0.0,-0.01062898337841034,0.006517443340271711,0.10000000149011612,0.10000000149011612,0.0,0.0,0.0,0.10000000149011612,0.0,0.0,0.0,0.0,0.0,0.0,0.10000000149011612,0.10000000149011612,0.10000000149011612,0.10000000149011612,0.10000000149011612,0.0,0.10000000149011612,0.10000000149011612,0.0,0.011996383527868915
30,-0.005054074805229902,0.0,-0.01562933810055256,0.0019035645527765155,0.10000000149011612,0.10000000149011612,0.0,0.0,0.0,0.10000000149011612,0.0,0.0,0.0,0.0,0.0,0.0,0.10000000149011612,0.10000000149011612,0.10000000149011612,0.10000000149011612,0.10000000149011612,0.0,0.10000000149011612,0.10000000149011612,0.0,-0.004584002808916465
31,0.008924965746700764,0.0,-0.006843863520771265,0.014244369231164455,0.10000000149011612,0.10000000149011612,0.0,0.0,0.0,0.10000000149011612,0.0,0.0,0.0,0.0,0.0,0.0,0.10000000149011612,0.10000000149011612,0.10000000149011612,0.10000000149011612,0.10000000149011612,0.0,0.10000000149011612,0.10000000149011612,0.0,0.012317357792709815
32,-0.00031866642530076206,0.0,-0.007160349283367395,0.012847552075982094,0.10000000149011612,0.10000000149011612,0.0,0.0,0.0,0.10000000149011612,0.0,0.0,0.0,0.0,0.0,0.0,0.10000000149011612,0.10000000149011612,0.10000000149011612,0.10000000149011612,0.10000000149011612,0.0,0.10000000149011612,0.10000000149011612,0.0,-0.0013771998125473583
33,-0.02373415417969227,0.0,-0.030724558979272842,-0.010394337587058544,0.10000000149011612,0.10000000149011612,0.0,0.0,0.0,0.10000000149011612,0.0,0.0,0.0,0.0,0.0,0.0,0.10000000149011612,0.10000000149011612,0.10000000149011612,0.10000000149011612,0.10000000149011612,0.0,0.10000000149011612,0.10000000149011612,0.0,-0.02294707591029166
34,-0.0028089804109185934,0.0,-0.03344723582267761,-0.009318823926150799,0.10000000149011612,0.10000000149011612,0.0,0.0,0.0,0.10000000149011612,0.0,0.0,0.0,0.0,0.0,0.0,0.10000000149011612,0.10000000149011612,0.10000000149011612,0.10000000149011612,0.10000000149011612,0.0,0.10000000149011612,0.10000000149011612,0.0,0.0010868103344168212
35,0.006723496131598949,0.0,-0.02694861963391304,0.001292480039410293,0.10000000149011612,0.10000000149011612,0.0,0.0,0.0,0.10000000149011612,0.0,0.0,0.0,0.0,0.0,0.0,0.10000000149011612,0.10000000149011612,0.10000000149011612,0.10000000149011612,0.10000000149011612,0.0,0.10000000149011612,0.10000000149011612,0.0,0.010711118997551283
36,0.008549756370484829,0.0,-0.018629267811775208,0.003556724637746811,0.10000000149011612,0.10000000149011612,0.0,0.0,0.0,0.10000000149011612,0.0,0.0,0.0,0.0,0.0,0.0,0.10000000149011612,0.10000000149011612,0.10000000149011612,0.10000000149011612,0.10000000149011612,0.0,0.10000000149011612,0.10000000149011612,0.0,0.0022613218849376615
37,-0.012304219417273998,0.0,-0.03070426918566227,-0.00506523996591568,0.10000000149011612,0.10000000149011612,0.0,0.0,0.0,0.10000000149011612,0.0,0.0,0.0,0.0,0.0,0.0,0.10000000149011612,0.10000000149011612,0.10000000149011612,0.10000000149011612,0.10000000149011612,0.0,0.10000000149011612,0.10000000149011612,0.0,-0.008591407333526369
38,0.008064736612141132,0.0,-0.022887155413627625,0.0066190906800329685,0.10000000149011612,0.10000000149011612,0.0,0.0,0.0,0.10000000149011612,0.0,0.0,0.0,0.0,0.0,0.0,0.10000000149011612,0.10000000149011612,0.10000000149011612,0.10000000149011612,0.10000000149011612,0.0,0.10000000149011612,0.10000000149011612,0.0,0.01174381589155482
39,0.004104194231331348,0.0,-0.01887689344584942,0.010956617072224617,0.10000000149011612,0.10000000149011612,0.0,0.0,0.0,0.10000000149011612,0.0,0.0,0.0,0.0,0.0,0.0,0.10000000149011612,0.10000000149011612,0.10000000149011612,0.10000000149011612,0.10000000149011612,0.0,0.10000000149011612,0.10000000149011612,0.0,0.00430900469934592
40,-0.0027703000232577324,0.0,-0.021594898775219917,0.0060229175724089146,0.10000000149011612,0.10000000149011612,0.0,0.0,0.0,0.10000000149011612,0.0,0.0,0.0,0.0,0.0,0.0,0.10000000149011612,0.10000000149011612,0.10000000149011612,0.10000000149011612,0.10000000149011612,0.0,0.10000000149011612,0.10000000149011612,0.0,-0.004880228702695444
41,-0.0026336219161748886,0.0,-0.024171648547053337,0.0005929265171289444,0.10000000149011612,0.10000000149011612,0.0,0.0,0.0,0.10000000149011612,0.0,0.0,0.0,0.0,0.0,0.0,0.10000000149011612,0.10000000149011612,0.10000000149011612,0.10000000149011612,0.10000000149011612,0.0,0.10000000149011612,0.10000000149011612,0.0,-0.005397482463304959
42,0.008435875177383423,0.0,-0.015939682722091675,0.008637032471597195,0.10000000149011612,0.10000000149011612,0.0,0.0,0.0,0.10000000149011612,0.0,0.0,0.0,0.0,0.0,0.0,0.10000000149011612,0.10000000149011612,0.10000000149011612,0.10000000149011612,0.10000000149011612,0.0,0.10000000149011612,0.10000000149011612,0.0,0.008039339217066344
43,0.012337137944996357,0.0,-0.0037991937715560198,0.022622888907790184,0.10000000149011612,0.10000000149011612,0.0,0.0,0.0,0.10000000149011612,0.0,0.0,0.0,0.0,0.0,0.0,0.10000000149011612,0.10000000149011612,0.10000000149011612,0.10000000149011612,0.10000000149011612,0.0,0.10000000149011612,0.10000000149011612,0.0,0.013866094527504647
44,-0.008241229690611362,0.0,-0.01200911309570074,0.008286901749670506,0.10000000149011612,0.10000000149011612,0.0,0.0,0.0,0.10000000149011612,0.0,0.0,0.0,0.0,0.0,0.0,0.10000000149011612,0.10000000149011612,0.10000000149011612,0.10000000149011612,0.10000000149011612,0.0,0.10000000149011612,0.10000000149011612,0.0,-0.01401884048716262
45,-0.0015503865433856845,0.0,-0.013540880754590034,0.005519464612007141,0.10000000149011612,0.10000000149011612,0.0,0.0,0.0,0.10000000149011612,0.0,0.0,0.0,0.0,0.0,0.0,0.10000000149011612,0.10000000149011612,0.10000000149011612,0.10000000149011612,0.10000000149011612,0.0,0.10000000149011612,0.10000000149011612,0.0,-0.0027446921435367866
46,-0.004602605011314154,0.0,-0.018081162124872208,0.0029149693436920643,0.10000000149011612,0.10000000149011612,0.0,0.0,0.0,0.10000000149011612,0.0,0.0,0.0,0.0,0.0,0.0,0.10000000149011612,0.10000000149011612,0.10000000149011612,0.10000000149011612,0.10000000149011612,0.0,0.10000000149011612,0.10000000149011612,0.0,-0.002590198757932649
47,0.010119074955582619,0.0,-0.008145052008330822,0.014845170080661774,0.10000000149011612,0.10000000149011612,0.0,0.0,0.0,0.10000000149011612,0.0,0.0,0.0,0.0,0.0,0.0,0.10000000149011612,0.10000000149011612,0.10000000149011612,0.10000000149011612,0.10000000149011612,0.0,0.10000000149011612,0.10000000149011612,0.0,0.011895525644389116
48,0.0023825352545827627,0.0,-0.005781922955065966,0.013511598110198975,0.10000000149011612,0.10000000149011612,0.0,0.0,0.0,0.10000000149011612,0.0,0.0,0.0,0.0,0.0,0.0,0.10000000149011612,0.10000000149011612,0.10000000149011612,0.10000000149011612,0.10000000149011612,0.0,0.10000000149011612,0.10000000149011612,0.0,-0.00131406446005633
49,-0.013592376373708248,0.0,-0.019295709207654,-0.0009988091187551618,0.10000000149011612,0.10000000149011612,0.0,0.0,0.0,0.10000000149011612,0.0,0.0,0.0,0.0,0.0,0.0,0.10000000149011612,0.10000000149011612,0.10000000149011612,0.10000000149011612,0.10000000149011612,0.0,0.10000000149011612,0.10000000149011612,0.0,-0.014316962189688143
50,0.012269902043044567,0.0,-0.007262562867254019,0.006794588174670935,0.10000000149011612,0.10000000149011612,0.0,0.0,0.0,0.10000000149011612,0.0,0.0,0.0,0.0,0.0,0.0,0.10000000149011612,0.10000000149011612,0.10000000149011612,0.10000000149011612,0.10000000149011612,0.0,0.10000000149011612,0.10000000149011612,0.0,0.007801189192328639
51,0.006863868795335293,0.0,-0.00044854357838630676,0.011299964040517807,0.10000000149011612,0.10000000149011612,0.0,0.0,0.0,0.10000000149011612,0.0,0.0,0.0,0.0,0.0,0.0,0.10000000149011612,0.10000000149011612,0.10000000149011612,0.10000000149011612,0.10000000149011612,0.0,0.10000000149011612,0.10000000149011612,0.0,0.004474970285661906
52,-0.006255659274756908,0.0,-0.006701396778225899,0.005237469915300608,0.10000000149011612,0.10000000149011612,0.0,0.0,0.0,0.10000000149011612,0.0,0.0,0.0,0.0,0.0,0.0,0.10000000149011612,0.10000000149011612,0.10000000149011612,0.10000000149011612,0.10000000149011612,0.0,0.10000000149011612,0.10000000149011612,0.0,-0.005994753624824933
53,-0.006351139862090349,0.0,-0.013009975664317608,0.0010451212292537093,0.10000000149011612,0.10000000149011612,0.0,0.0,0.0,0.10000000149011612,0.0,0.0,0.0,0.0,0.0,0.0,0.10000000149011612,0.10000000149011612,0.10000000149011612,0.10000000149011612,0.10000000149011612,0.0,0.10000000149011612,0.10000000149011612,0.0,-0.004170505787453482
54,-0.008664200082421303,0.0,-0.021561454981565475,-0.007719495799392462,0.10000000149011612,0.10000000149011612,0.0,0.0,0.0,0.10000000149011612,0.0,0.0,0.0,0.0,0.0,0.0,0.10000000149011612,0.10000000149011612,0.10000000149011612,0.10000000149011612,0.10000000149011612,0.0,0.10000000149011612,0.10000000149011612,0.0,-0.008755466504730025
55,-0.003932640887796879,0.0,-0.02540930174291134,-0.0131809888407588,0.10000000149011612,0.10000000149011612,0.0,0.0,0.0,0.10000000149011612,0.0,0.0,0.0,0.0,0.0,0.0,0.10000000149011612,0.10000000149011612,0.10000000149011612,0.10000000149011612,0.10000000149011612,0.0,0.10000000149011612,0.10000000149011612,0.0,-0.0055039809995725
56,-0.0007417264278046787,0.0,-0.02613218128681183,-0.017739368602633476,0.10000000149011612,0.10000000149011612,0.0,0.0,0.0,0.10000000149011612,0.0,0.0,0.0,0.0,0.0,0.0,0.10000000149011612,0.10000000149011612,0.10000000149011612,0.10000000149011612,0.10000000149011612,0.0,0.10000000149011612,0.10000000149011612,0.0,-0.004619266258885535
57,-0.003354048589244485,0.0,-0.029398581013083458,-0.018011361360549927,0.10000000149011612,0.10000000149011612,0.0,0.0,0.0,0.10000000149011612,0.0,0.0,0.0,0.0,0.0,0.0,0.10000000149011612,0.10000000149011612,0.10000000149011612,0.10000000149011612,0.10000000149011612,0.0,0.10000000149011612,0.10000000149011612,0.0,-0.00027690487557208154
58,-0.01524857897311449,0.0,-0.04419887438416481,-0.0327284075319767,0.10000000149011612,0.10000000149011612,0.0,0.0,0.0,0.10000000149011612,0.0,0.0,0.0,0.0,0.0,0.0,0.10000000149011612,0.10000000149011612,0.10000000149011612,0.10000000149011612,0.10000000149011612,0.0,0.10000000149011612,0.10000000149011612,0.0,-0.014986982122132564
59,0.005580711178481579,0.0,-0.038864824920892715,-0.0162176713347435,0.10000000149011612,0.10000000149011612,0.0,0.0,0.0,0.10000000149011612,0.0,0.0,0.0,0.0,0.0,0.0,0.10000000149011612,0.10000000149011612,0.10000000149011612,0.10000000149011612,0.10000000149011612,0.0,0.10000000149011612,0.10000000149011612,0.0,0.017069390154533126
60,-0.012500405311584473,0.0,-0.050879403948783875,-0.02250484749674797,0.10000000149011612,0.10000000149011612,0.0,0.0,0.0,0.10000000149011612,0.0,0.0,0.0,0.0,0.0,0.0,0.10000000149011612,0.10000000149011612,0.10000000149011612,0.10000000149011612,0.10000000149011612,0.0,0.10000000149011612,0.10000000149011612,0.0,-0.006390820386593665
61,-0.004950553644448519,0.0,-0.0555780753493309,-0.025617271661758423,0.10000000149011612,0.10000000149011612,0.0,0.0,0.0,0.10000000149011612,0.0,0.0,0.0,0.0,0.0,0.0,0.10000000149011612,0.10000000149011612,0.10000000149011612,0.10000000149011612,0.10000000149011612,0.0,0.10000000149011612,0.10000000149011612,0.0,-0.003184081432056063
62,-0.0071600270457565784,0.0,-0.06234016269445419,-0.02804180234670639,0.10000000149011612,0.10000000149011612,0.0,0.0,0.0,0.10000000149011612,0.0,0.0,0.0,0.0,0.0,0.0,0.10000000149011612,0.10000000149011612,0.10000000149011612,0.10000000149011612,0.10000000149011612,0.0,0.10000000149011612,0.10000000149011612,0.0,-0.002488273462197821
63,0.01723431423306465,0.0,-0.04618023708462715,-0.014882877469062805,0.10000000149011612,0.10000000149011612,0.0,0.0,0.0,0.10000000149011612,0.0,0.0,0.0,0.0,0.0,0.0,0.10000000149011612,0.10000000149011612,0.10000000149011612,0.10000000149011612,0.10000000149011612,0.0,0.10000000149011612,0.10000000149011612,0.0,0.013538570804191519
64,0.011014577932655811,0.0,-0.0356743149459362,-0.0034707817249000072,0.10000000149011612,0.10000000149011612,0.0,0.0,0.0,0.10000000149011612,0.0,0.0,0.0,0.0,0.0,0.0,0.10000000149011612,0.10000000149011612,0.10000000149011612,0.10000000149011612,0.10000000149011612,0.0,0.10000000149011612,0.10000000149011612,0.0,0.01158450653546983
65,0.002134581096470356,0.0,-0.03361588343977928,-0.003411030862480402,0.10000000149011612,0.10000000149011612,0.0,0.0,0.0,0.10000000149011612,0.0,0.0,0.0,0.0,0.0,0.0,0.10000000149011612,0.10000000149011612,0.10000000149011612,0.10000000149011612,0.10000000149011612,0.0,0.10000000149011612,0.10000000149011612,0.0,5.9958966906137334e-05
66,-0.017137430608272552,0.0,-0.05017722398042679,-0.019512822851538658,0.10000000149011612,0.10000000149011612,0.0,0.0,0.0,0.10000000149011612,0.0,0.0,0.0,0.0,0.0,0.0,0.10000000149011612,0.10000000149011612,0.10000000149011612,0.10000000149011612,0.10000000149011612,0.0,0.10000000149011612,0.10000000149011612,0.0,-0.01615690368617395
67,0.0071303993463516235,0.0,-0.043404608964920044,-0.01584145799279213,0.10000000149011612,0.10000000149011612,0.0,0.0,0.0,0.10000000149011612,0.0,0.0,0.0,0.0,0.0,0.0,0.10000000149011612,0.10000000149011612,0.10000000149011612,0.10000000149011612,0.10000000149011612,0.0,0.10000000149011612,0.10000000149011612,0.0,0.003744429243250247
68,-0.011887437663972378,0.0,-0.05477607622742653,-0.0327514223754406,0.10000000149011612,0.10000000149011612,0.0,0.0,0.0,0.10000000149011612,0.0,0.0,0.0,0.0,0.0,0.0,0.10000000149011612,0.10000000149011612,0.10000000149011612,0.10000000149011612,0.10000000149011612,0.0,0.10000000149011612,0.10000000149011612,0.0,-0.01718215476559326
69,-0.010585835203528404,0.0,-0.06478206068277359,-0.04590551182627678,0.10000000149011612,0.10000000149011612,0.0,0.0,0.0,0.10000000149011612,0.0,0.0,0.0,0.0,0.0,0.0,0.10000000149011612,0.10000000149011612,0.10000000149011612,0.10000000149011612,0.10000000149011612,0.0,0.10000000149011612,0.10000000149011612,0.0,-0.013599492162749915
70,0.020204460248351097,0.0,-0.045886486768722534,-0.02792554721236229,0.10000000149011612,0.10000000149011612,0.0,0.0,0.0,0.10000000149011612,0.0,0.0,0.0,0.0,0.0,0.0,0.10000000149011612,0.10000000149011612,0.10000000149011612,0.10000000149011612,0.10000000149011612,0.0,0.10000000149011612,0.10000000149011612,0.0,0.01884505658169222
71,0.0004736367554869503,0.0,-0.045434582978487015,-0.03832309693098068,0.10000000149011612,0.10000000149011612,0.0,0.0,0.0,0.10000000149011612,0.0,0.0,0.0,0.0,0.0,0.0,0.10000000149011612,0.10000000149011612,0.10000000149011612,0.10000000149011612,0.10000000149011612,0.0,0.10000000149011612,0.10000000149011612,0.0,-0.010696248305673617
72,0.013247860595583916,0.0,-0.032788634300231934,-0.035687483847141266,0.10000000149011612,0.10000000149011612,0.0,0.0,0.0,0.10000000149011612,0.0,0.0,0.0,0.0,0.0,0.0,0.10000000149011612,0.10000000149011612,0.10000000149011612,0.10000000149011612,0.10000000149011612,0.0,0.10000000149011612,0.10000000149011612,0.0,0.0027406430116272418
73,0.012857715599238873,0.0,-0.020352507010102272,-0.020084921270608902,0.10000000149011612,0.10000000149011612,0.0,0.0,0.0,0.10000000149011612,0.0,0.0,0.0,0.0,0.0,0.0,0.10000000149011612,0.10000000149011612,0.10000000149011612,0.10000000149011612,0.10000000149011612,0.0,0.10000000149011612,0.10000000149011612,0.0,0.016179985549476195
74,-0.0023260009475052357,0.0,-0.022631168365478516,-0.024852564558386803,0.10000000149011612,0.10000000149011612,0.0,0.0,0.0,0.10000000149011612,0.0,0.0,0.0,0.0,0.0,0.0,0.10000000149011612,0.10000000149011612,0.10000000149011612,0.10000000149011612,0.10000000149011612,0.0,0.10000000149011612,0.10000000149011612,0.0,-0.004865363735355399
75,0.010279269888997078,0.0,-0.012584528885781765,-0.01009767223149538,0.10000000149011612,0.10000000149011612,0.0,0.0,0.0,0.10000000149011612,0.0,0.0,0.0,0.0,0.0,0.0,0.10000000149011612,0.10000000149011612,0.10000000149011612,0.10000000149011612,0.10000000149011612,0.0,0.10000000149011612,0.10000000149011612,0.0,0.01513093486238759
76,-0.004730215761810541,0.0,-0.01725521683692932,-0.009065992198884487,0.10000000149011612,0.10000000149011612,0.0,0.0,0.0,0.10000000149011612,0.0,0.0,0.0,0.0,0.0,0.0,0.10000000149011612,0.10000000149011612,0.10000000149011612,0.10000000149011612,0.10000000149011612,0.0,0.10000000149011612,0.10000000149011612,0.0,0.0010422038656445753
77,-0.004647860769182444,0.0,-0.02182287909090519,-0.014257705770432949,0.10000000149011612,0.10000000149011612,0.0,0.0,0.0,0.10000000149011612,0.0,0.0,0.0,0.0,0.0,0.0,0.10000000149011612,0.10000000149011612,0.10000000149011612,0.10000000149011612,0.10000000149011612,0.0,0.10000000149011612,0.10000000149011612,0.0,-0.0052392122287425735
78,-0.0018396725645288825,0.0,-0.023622404783964157,-0.022772928699851036,0.10000000149011612,0.10000000149011612,0.0,0.0,0.0,0.10000000149011612,0.0,0.0,0.0,0.0,0.0,0.0,0.10000000149011612,0.10000000149011612,0.10000000149011612,0.10000000149011612,0.10000000149011612,0.0,0.10000000149011612,0.10000000149011612,0.0,-0.008638386502502038
79,0.017293868586421013,0.0,-0.006737058982253075,-0.008229908533394337,0.10000000149011612,0.10000000149011612,0.0,0.0,0.0,0.10000000149011612,0.0,0.0,0.0,0.0,0.0,0.0,0.10000000149011612,0.10000000149011612,0.10000000149011612,0.10000000149011612,0.10000000149011612,0.0,0.10000000149011612,0.10000000149011612,0.0,0.014881925187672174
80,-0.006250238511711359,0.0,-0.012945189140737057,-0.009378871880471706,0.10000000149011612,0.10000000149011612,0.0,0.0,0.0,0.10000000149011612,0.0,0.0,0.0,0.0,0.0,0.0,0.10000000149011612,0.10000000149011612,0.10000000149011612,0.10000000149011612,0.10000000149011612,0.0,0.10000000149011612,0.10000000149011612,0.0,-0.0011584976769951627
81,0.0032074761111289263,0.0,-0.009779234416782856,-0.0011960919946432114,0.10000000149011612,0.10000000149011612,0.0,0.0,0.0,0.10000000149011612,0.0,0.0,0.0,0.0,0.0,0.0,0.10000000149011612,0.10000000149011612,0.10000000149011612,0.10000000149011612,0.10000000149011612,0.0,0.10000000149011612,0.10000000149011612,0.0,0.008260251728490431
82,0.007170825265347958,0.0,-0.0026785340160131454,0.005156821105629206,0.10000000149011612,0.10000000149011612,0.0,0.0,0.0,0.10000000149011612,0.0,0.0,0.0,0.0,0.0,0.0,0.10000000149011612,0.10000000149011612,0.10000000149011612,0.10000000149011612,0.10000000149011612,0.0,0.10000000149011612,0.10000000149011612,0.0,0.006360520868364805
83,0.005055093672126532,0.0,0.0023630191572010517,0.008262740448117256,0.10000000149011612,0.10000000149011612,0.0,0.0,0.0,0.10000000149011612,0.0,0.0,0.0,0.0,0.0,0.0,0.10000000149011612,0.10000000149011612,0.10000000149011612,0.10000000149011612,0.10000000149011612,0.0,0.10000000149011612,0.10000000149011612,0.0,0.0030899848434313704
84,0.009041273966431618,0.0,0.011425658129155636,0.020385242998600006,0.10000000149011612,0.10000000149011612,0.0,0.0,0.0,0.10000000149011612,0.0,0.0,0.0,0.0,0.0,0.0,0.10000000149011612,0.10000000149011612,0.10000000149011612,0.10000000149011612,0.10000000149011612,0.0,0.10000000149011612,0.10000000149011612,0.0,0.01202315831396783
85,0.00797008816152811,0.0,0.0194868091493845,0.027696507051587105,0.10000000149011612,0.10000000149011612,0.0,0.0,0.0,0.10000000149011612,0.0,0.0,0.0,0.0,0.0,0.0,0.10000000149011612,0.10000000149011612,0.10000000149011612,0.10000000149011612,0.10000000149011612,0.0,0.10000000149011612,0.10000000149011612,0.0,0.007165199715650106
86,0.002930103102698922,0.0,0.022474011406302452,0.024623854085803032,0.10000000149011612,0.10000000149011612,0.0,0.0,0.0,0.10000000149011612,0.0,0.0,0.0,0.0,0.0,0.0,0.10000000149011612,0.10000000149011612,0.10000000149011612,0.10000000149011612,0.10000000149011612,0.0,0.10000000149011612,0.10000000149011612,0.0,-0.002989844710671763
87,0.002154617104679346,0.0,0.024677051231265068,0.023494966328144073,0.10000000149011612,0.10000000149011612,0.0,0.0,0.0,0.10000000149011612,0.0,0.0,0.0,0.0,0.0,0.0,0.10000000149011612,0.10000000149011612,0.10000000149011612,0.10000000149011612,0.10000000149011612,0.0,0.10000000149011612,0.10000000149011612,0.0,-0.00110175822391545
88,0.00271668191999197,0.0,0.027460772544145584,0.024502713233232498,0.10000000149011612,0.10000000149011612,0.0,0.0,0.0,0.10000000149011612,0.0,0.0,0.0,0.0,0.0,0.0,0.10000000149011612,0.10000000149011612,0.10000000149011612,0.10000000149011612,0.10000000149011612,0.0,0.10000000149011612,0.10000000149011612,0.0,0.0009846134453437294
89,0.004774336703121662,0.0,0.03236621618270874,0.030479006469249725,0.10000000149011612,0.10000000149011612,0.0,0.0,0.0,0.10000000149011612,0.0,0.0,0.0,0.0,0.0,0.0,0.10000000149011612,0.10000000149011612,0.10000000149011612,0.10000000149011612,0.10000000149011612,0.0,0.10000000149011612,0.10000000149011612,0.0,0.005833360086628492
90,0.0029237272683531046,0.0,0.03538457304239273,0.03625449910759926,0.10000000149011612,0.10000000149011612,0.0,0.0,0.0,0.10000000149011612,0.0,0.0,0.0,0.0,0.0,0.0,0.10000000149011612,0.10000000149011612,0.10000000149011612,0.10000000149011612,0.10000000149011612,0.0,0.10000000149011612,0.10000000149011612,0.0,0.0056046679283048295
91,0.0002917457604780793,0.0,0.035686641931533813,0.03406738489866257,0.10000000149011612,0.10000000149011612,0.0,0.0,0.0,0.10000000149011612,0.0,0.0,0.0,0.0,0.0,0.0,0.10000000149011612,0.10000000149011612,0.10000000149011612,0.10000000149011612,0.10000000149011612,0.0,0.10000000149011612,0.10000000149011612,0.0,-0.0021105956218478994
92,0.005211248528212309,0.0,0.041083864867687225,0.043321382254362106,0.10000000149011612,0.10000000149011612,0.0,0.0,0.0,0.10000000149011612,0.0,0.0,0.0,0.0,0.0,0.0,0.10000000149011612,0.10000000149011612,0.10000000149011612,0.10000000149011612,0.10000000149011612,0.0,0.10000000149011612,0.10000000149011612,0.0,0.008949124100463113
93,-0.0032042250968515873,0.0,0.03774799779057503,0.04299161583185196,0.10000000149011612,0.10000000149011612,0.0,0.0,0.0,0.10000000149011612,0.0,0.0,0.0,0.0,0.0,0.0,0.10000000149011612,0.10000000149011612,0.10000000149011612,0.10000000149011612,0.10000000149011612,0.0,0.10000000149011612,0.10000000149011612,0.0,-0.00031607367405583897
94,0.0018838854739442468,0.0,0.039702992886304855,0.04574602469801903,0.10000000149011612,0.10000000149011612,0.0,0.0,0.0,0.10000000149011612,0.0,0.0,0.0,0.0,0.0,0.0,0.10000000149011612,0.10000000149011612,0.10000000149011612,0.10000000149011612,0.10000000149011612,0.0,0.10000000149011612,0.10000000149011612,0.0,0.0026408734493712505
95,-0.0033694568555802107,0.0,0.03619975969195366,0.040331315249204636,0.10000000149011612,0.10000000149011612,0.0,0.0,0.0,0.10000000149011612,0.0,0.0,0.0,0.0,0.0,0.0,0.10000000149011612,0.10000000149011612,0.10000000149011612,0.10000000149011612,0.10000000149011612,0.0,0.10000000149011612,0.10000000149011612,0.0,-0.005177843683773942
96,-0.0032971566542983055,0.0,0.03278324753046036,0.03913870081305504,0.10000000149011612,0.10000000149011612,0.0,0.0,0.0,0.10000000149011612,0.0,0.0,0.0,0.0,0.0,0.0,0.10000000149011612,0.10000000149011612,0.10000000149011612,0.10000000149011612,0.10000000149011612,0.0,0.10000000149011612,0.10000000149011612,0.0,-0.0011463794453442366
97,0.010385284200310707,0.0,0.043508995324373245,0.04712085425853729,0.10000000149011612,0.10000000149011612,0.0,0.0,0.0,0.10000000149011612,0.0,0.0,0.0,0.0,0.0,0.0,0.10000000149011612,0.10000000149011612,0.10000000149011612,0.10000000149011612,0.10000000149011612,0.0,0.10000000149011612,0.10000000149011612,0.0,0.007681509156801436
98,-0.0037325082812458277,0.0,0.03961408883333206,0.04457727074623108,0.10000000149011612,0.10000000149011612,0.0,0.0,0.0,0.10000000149011612,0.0,0.0,0.0,0.0,0.0,0.0,0.10000000149011612,0.10000000149011612,0.10000000149011612,0.10000000149011612,0.10000000149011612,0.0,0.10000000149011612,0.10000000149011612,0.0,-0.002429121244182708
99,0.0019797086715698242,0.0,0.041672222316265106,0.04623539373278618,0.10000000149011612,0.10000000149011612,0.0,0.0,0.0,0.10000000149011612,0.0,0.0,0.0,0.0,0.0,0.0,0.10000000149011612,0.10000000149011612,0.10000000149011612,0.10000000149011612,0.10000000149011612,0.0,0.10000000149011612,0.10000000149011612,0.0,0.001587362690144145
100,-0.004320393316447735,0.0,0.03717178851366043,0.038943756371736526,0.10000000149011612,0.10000000149011612,0.0,0.0,0.0,0.10000000149011612,0.0,0.0,0.0,0.0,0.0,0.0,0.10000000149011612,0.10000000149011612,0.10000000149011612,0.10000000149011612,0.10000000149011612,0.0,0.10000000149011612,0.10000000149011612,0.0,-0.006969404213170716
101,-0.003695014165714383,0.0,0.033339422196149826,0.03354913368821144,0.10000000149011612,0.10000000149011612,0.0,0.0,0.0,0.10000000149011612,0.0,0.0,0.0,0.0,0.0,0.0,0.10000000149011612,0.10000000149011612,0.10000000149011612,0.10000000149011612,0.10000000149011612,0.0,0.10000000149011612,0.10000000149011612,0.0,-0.005192410706008288
102,0.014239155687391758,0.0,0.048053305596113205,0.04354618489742279,0.10000000149011612,0.10000000149011612,0.0,0.0,0.0,0.10000000149011612,0.0,0.0,0.0,0.0,0.0,0.0,0.10000000149011612,0.10000000149011612,0.10000000149011612,0.10000000149011612,0.10000000149011612,0.0,0.10000000149011612,0.10000000149011612,0.0,0.009672545681052469
103,0.0037570763379335403,0.0,0.051990918815135956,0.050533540546894073,0.10000000149011612,0.10000000149011612,0.0,0.0,0.0,0.10000000149011612,0.0,0.0,0.0,0.0,0.0,0.0,0.10000000149011612,0.10000000149011612,0.10000000149011612,0.10000000149011612,0.10000000149011612,0.0,0.10000000149011612,0.10000000149011612,0.0,0.006695779976578775
104,0.0012059425935149193,0.0,0.05325956270098686,0.046809617429971695,0.10000000149011612,0.10000000149011612,0.0,0.0,0.0,0.10000000149011612,0.0,0.0,0.0,0.0,0.0,0.0,0.10000000149011612,0.10000000149011612,0.10000000149011612,0.10000000149011612,0.10000000149011612,0.0,0.10000000149011612,0.10000000149011612,0.0,-0.0035447922157570977
105,-0.002778485883027315,0.0,0.05033309385180473,0.03906339406967163,0.10000000149011612,0.10000000149011612,0.0,0.0,0.0,0.10000000149011612,0.0,0.0,0.0,0.0,0.0,0.0,0.10000000149011612,0.10000000149011612,0.10000000149011612,0.10000000149011612,0.10000000149011612,0.0,0.10000000149011612,0.10000000149011612,0.0,-0.00739983969512803
106,-0.007078559137880802,0.0,0.04289824888110161,0.03198559209704399,0.10000000149011612,0.10000000149011612,0.0,0.0,0.0,0.10000000149011612,0.0,0.0,0.0,0.0,0.0,0.0,0.10000000149011612,0.10000000149011612,0.10000000149011612,0.10000000149011612,0.10000000149011612,0.0,0.10000000149011612,0.10000000149011612,0.0,-0.00681171333050834
107,0.008223716169595718,0.0,0.05147475004196167,0.03794466331601143,0.10000000149011612,0.10000000149011612,0.0,0.0,0.0,0.10000000149011612,0.0,0.0,0.0,0.0,0.0,0.0,0.10000000149011612,0.10000000149011612,0.10000000149011612,0.10000000149011612,0.10000000149011612,0.0,0.10000000149011612,0.10000000149011612,0.0,0.00577437443371509
108,0.004386868793517351,0.0,0.0560874305665493,0.046863801777362823,0.10000000149011612,0.10000000149011612,0.0,0.0,0.0,0.10000000149011612,0.0,0.0,0.0,0.0,0.0,0.0,0.10000000149011612,0.10000000149011612,0.10000000149011612,0.10000000149011612,0.10000000149011612,0.0,0.10000000149011612,0.10000000149011612,0.0,0.008593077045992548
109,0.0015143505297601223,0.0,0.05768671631813049,0.04386240243911743,0.10000000149011612,0.10000000149011612,0.0,0.0,0.0,0.10000000149011612,0.0,0.0,0.0,0.0,0.0,0.0,0.10000000149011612,0.10000000149011612,0.10000000149011612,0.10000000149011612,0.10000000149011612,0.0,0.10000000149011612,0.10000000149011612,0.0,-0.0028670389912704985
110,0.0011918210657313466,0.0,0.05894729122519493,0.05010725557804108,0.10000000149011612,0.10000000149011612,0.0,0.0,0.0,0.10000000149011612,0.0,0.0,0.0,0.0,0.0,0.0,0.10000000149011612,0.10000000149011612,0.10000000149011612,0.10000000149011612,0.10000000149011612,0.0,0.10000000149011612,0.10000000149011612,0.0,0.005982448572083632
111,0.002191816456615925,0.0,0.06126830726861954,0.04764491319656372,0.10000000149011612,0.10000000149011612,0.0,0.0,0.0,0.10000000149011612,0.0,0.0,0.0,0.0,0.0,0.0,0.10000000149011612,0.10000000149011612,0.10000000149011612,0.10000000149011612,0.10000000149011612,0.0,0.10000000149011612,0.10000000149011612,0.0,-0.002344848460381299
112,0.003767263377085328,0.0,0.06526638567447662,0.05230466276407242,0.10000000149011612,0.10000000149011612,0.0,0.0,0.0,0.10000000149011612,0.0,0.0,0.0,0.0,0.0,0.0,0.10000000149011612,0.10000000149011612,0.10000000149011612,0.10000000149011612,0.10000000149011612,0.0,0.10000000149011612,0.10000000149011612,0.0,0.004447832952570563
113,0.004253423772752285,0.0,0.06979741901159286,0.05276632681488991,0.10000000149011612,0.10000000149011612,0.0,0.0,0.0,0.10000000149011612,0.0,0.0,0.0,0.0,0.0,0.0,0.10000000149011612,0.10000000149011612,0.10000000149011612,0.10000000149011612,0.10000000149011612,0.0,0.10000000149011612,0.10000000149011612,0.0,0.0004387171008106705
114,-0.00787489116191864,0.0,0.06137287616729736,0.04809894040226936,0.10000000149011612,0.10000000149011612,0.0,0.0,0.0,0.10000000149011612,0.0,0.0,0.0,0.0,0.0,0.0,0.10000000149011612,0.10000000149011612,0.10000000149011612,0.10000000149011612,0.10000000149011612,0.0,0.10000000149011612,0.10000000149011612,0.0,-0.004433449564008707
115,-0.002906802110373974,0.0,0.05828767642378807,0.04789964109659195,0.10000000149011612,0.10000000149011612,0.0,0.0,0.0,0.10000000149011612,0.0,0.0,0.0,0.0,0.0,0.0,0.10000000149011612,0.10000000149011612,0.10000000149011612,0.10000000149011612,0.10000000149011612,0.0,0.10000000149011612,0.10000000149011612,0.0,-0.00019015314107739822
116,-0.0017796707106754184,0.0,0.056404273957014084,0.049210116267204285,0.10000000149011612,0.10000000149011612,0.0,0.0,0.0,0.10000000149011612,0.0,0.0,0.0,0.0,0.0,0.0,0.10000000149011612,0.10000000149011612,0.10000000149011612,0.10000000149011612,0.10000000149011612,0.0,0.10000000149011612,0.10000000149011612,0.0,0.0012505731648508878
117,0.0027507860213518143,5.999999848427251e-05,0.05931021645665169,0.0589490681886673,0.10000000149011612,0.10000000149011612,0.0,0.0,0.0,0.10000000149011612,0.0,0.0,0.10000000149011612,0.0,0.0,0.0,0.10000000149011612,0.10000000149011612,0.10000000149011612,0.10000000149011612,0.10000000149011612,0.0,0.0,0.10000000149011612,0.0,0.009282175010008054
118,-0.0013162815012037754,5.999999848427251e-05,0.05791586637496948,0.05593274161219597,0.0,0.10000000149011612,0.10000000149011612,0.0,0.0,0.10000000149011612,0.0,0.0,0.10000000149011612,0.0,0.0,0.0,0.10000000149011612,0.10000000149011612,0.10000000149011612,0.10000000149011612,0.10000000149011612,0.0,0.0,0.10000000149011612,0.0,-0.0028484151571432914
119,-0.009702552109956741,5.999999848427251e-05,0.04765138030052185,0.046533361077308655,0.0,0.10000000149011612,0.10000000149011612,0.0,0.0,0.10000000149011612,0.0,0.10000000149011612,0.10000000149011612,0.0,0.0,0.0,0.10000000149011612,0.10000000149011612,0.10000000149011612,0.10000000149011612,0.0,0.0,0.0,0.10000000149011612,0.0,-0.008901495487805722
120,-0.007262253202497959,5.999999848427251e-05,0.040043070912361145,0.03902485594153404,0.0,0.10000000149011612,0.0,0.10000000149011612,0.0,0.10000000149011612,0.0,0.10000000149011612,0.10000000149011612,0.0,0.0,0.0,0.10000000149011612,0.10000000149011612,0.10000000149011612,0.10000000149011612,0.0,0.0,0.0,0.10000000149011612,0.0,-0.0071746447987528494
121,-0.005871410947293043,0.0,0.033936548978090286,0.035168278962373734,0.0,0.10000000149011612,0.0,0.10000000149011612,0.0,0.10000000149011612,0.0,0.10000000149011612,0.10000000149011612,0.0,0.0,0.0,0.10000000149011612,0.10000000149011612,0.10000000149011612,0.10000000149011612,0.0,0.0,0.0,0.10000000149011612,0.0,-0.0037117273538808115
122,-0.0012280662776902318,5.999999848427251e-05,0.032666806131601334,0.03658709675073624,0.0,0.10000000149011612,0.0,0.0,0.0,0.10000000149011612,0.0,0.10000000149011612,0.10000000149011612,0.0,0.0,0.0,0.10000000149011612,0.10000000149011612,0.10000000149011612,0.10000000149011612,0.10000000149011612,0.0,0.0,0.10000000149011612,0.0,0.0013706155967072586
123,0.009357231669127941,0.0,0.042329709976911545,0.043626442551612854,0.0,0.10000000149011612,0.0,0.0,0.0,0.10000000149011612,0.0,0.10000000149011612,0.10000000149011612,0.0,0.0,0.0,0.10000000149011612,0.10000000149011612,0.10000000149011612,0.10000000149011612,0.10000000149011612,0.0,0.0,0.10000000149011612,0.0,0.0067908869625543655
124,-0.005445805378258228,0.0,0.03665338456630707,0.037326689809560776,0.0,0.10000000149011612,0.0,0.0,0.0,0.10000000149011612,0.0,0.10000000149011612,0.10000000149011612,0.0,0.0,0.0,0.10000000149011612,0.10000000149011612,0.10000000149011612,0.10000000149011612,0.10000000149011612,0.0,0.0,0.10000000149011612,0.0,-0.006036405829895952
125,0.003426470560953021,0.0,0.0402054488658905,0.03883066400885582,0.0,0.10000000149011612,0.0,0.0,0.0,0.10000000149011612,0.0,0.10000000149011612,0.10000000149011612,0.0,0.0,0.0,0.10000000149011612,0.10000000149011612,0.10000000149011612,0.10000000149011612,0.10000000149011612,0.0,0.0,0.10000000149011612,0.0,0.0014498558786442128
126,0.013240046799182892,0.0,0.05397781729698181,0.05746325105428696,0.0,0.10000000149011612,0.0,0.0,0.0,0.10000000149011612,0.0,0.10000000149011612,0.10000000149011612,0.0,0.0,0.0,0.10000000149011612,0.10000000149011612,0.10000000149011612,0.10000000149011612,0.10000000149011612,0.0,0.0,0.10000000149011612,0.0,0.01793611576070342
127,0.007404441479593515,0.0,0.06178193539381027,0.06798175722360611,0.0,0.10000000149011612,0.0,0.0,0.0,0.10000000149011612,0.0,0.10000000149011612,0.10000000149011612,0.0,0.0,0.0,0.10000000149011612,0.10000000149011612,0.10000000149011612,0.10000000149011612,0.10000000149011612,0.0,0.0,0.10000000149011612,0.0,0.009946923601205304
128,0.0004218422109261155,0.0,0.062229838222265244,0.06330438703298569,0.0,0.10000000149011612,0.0,0.0,0.0,0.10000000149011612,0.0,0.10000000149011612,0.10000000149011612,0.0,0.0,0.0,0.10000000149011612,0.10000000149011612,0.10000000149011612,0.10000000149011612,0.10000000149011612,0.0,0.0,0.10000000149011612,0.0,-0.004379634913221797
129,-0.006646623369306326,0.0,0.05516959726810455,0.06483439356088638,0.0,0.10000000149011612,0.0,0.0,0.0,0.10000000149011612,0.0,0.10000000149011612,0.10000000149011612,0.0,0.0,0.0,0.10000000149011612,0.10000000149011612,0.10000000149011612,0.10000000149011612,0.10000000149011612,0.0,0.0,0.10000000149011612,0.0,0.0014389167829635952
130,-0.005009410437196493,5.999999848427251e-05,0.04988382011651993,0.06593114137649536,0.0,0.10000000149011612,0.10000000149011612,0.0,0.0,0.10000000149011612,0.0,0.0,0.10000000149011612,0.0,0.0,0.0,0.10000000149011612,0.10000000149011612,0.10000000149011612,0.10000000149011612,0.10000000149011612,0.0,0.0,0.10000000149011612,0.0,0.0010299703148592965
131,0.007205691188573837,5.999999848427251e-05,0.05744895711541176,0.07075096666812897,0.0,0.10000000149011612,0.10000000149011612,0.0,0.0,0.10000000149011612,0.0,0.10000000149011612,0.10000000149011612,0.0,0.0,0.0,0.10000000149011612,0.10000000149011612,0.10000000149011612,0.10000000149011612,0.0,0.0,0.0,0.10000000149011612,0.0,0.00452170417444564
132,-0.0020485324785113335,5.999999848427251e-05,0.05528273805975914,0.06802012771368027,0.0,0.10000000149011612,0.0,0.10000000149011612,0.0,0.10000000149011612,0.0,0.10000000149011612,0.10000000149011612,0.0,0.0,0.0,0.10000000149011612,0.10000000149011612,0.10000000149011612,0.10000000149011612,0.0,0.0,0.0,0.10000000149011612,0.0,-0.0025503959739081594
133,0.004053981509059668,0.00011999999696854502,0.05956083536148071,0.07385878264904022,0.0,0.10000000149011612,0.10000000149011612,0.0,0.0,0.10000000149011612,0.0,0.0,0.10000000149011612,0.0,0.0,0.0,0.10000000149011612,0.10000000149011612,0.10000000149011612,0.10000000149011612,0.10000000149011612,0.0,0.0,0.10000000149011612,0.0,0.005466802341879795
134,-0.0031004773918539286,0.0,0.05627569183707237,0.07720400393009186,0.0,0.10000000149011612,0.10000000149011612,0.0,0.0,0.10000000149011612,0.0,0.0,0.10000000149011612,0.0,0.0,0.0,0.10000000149011612,0.10000000149011612,0.10000000149011612,0.10000000149011612,0.10000000149011612,0.0,0.0,0.10000000149011612,0.0,0.0031151407755865
135,0.003501197090372443,0.0,0.05997392162680626,0.07624012231826782,0.0,0.10000000149011612,0.10000000149011612,0.0,0.0,0.10000000149011612,0.0,0.0,0.10000000149011612,0.0,0.0,0.0,0.10000000149011612,0.10000000149011612,0.10000000149011612,0.10000000149011612,0.10000000149011612,0.0,0.0,0.10000000149011612,0.0,-0.0008947995071568737
136,0.013493146747350693,0.0,0.07427630573511124,0.09175343066453934,0.0,0.10000000149011612,0.10000000149011612,0.0,0.0,0.10000000149011612,0.0,0.0,0.10000000149011612,0.0,0.0,0.0,0.10000000149011612,0.10000000149011612,0.10000000149011612,0.10000000149011612,0.10000000149011612,0.0,0.0,0.10000000149011612,0.0,0.014414356075905355
137,-0.013092144392430782,0.0,0.060211725533008575,0.07816524058580399,0.0,0.10000000149011612,0.10000000149011612,0.0,0.0,0.10000000149011612,0.0,0.0,0.10000000149011612,0.0,0.0,0.0,0.10000000149011612,0.10000000149011612,0.10000000149011612,0.10000000149011612,0.10000000149011612,0.0,0.0,0.10000000149011612,0.0,-0.012446207813118004
138,-0.0012925289338454604,0.0,0.05884137004613876,0.07269707322120667,0.0,0.10000000149011612,0.10000000149011612,0.0,0.0,0.10000000149011612,0.0,0.0,0.10000000149011612,0.0,0.0,0.0,0.10000000149011612,0.10000000149011612,0.10000000149011612,0.10000000149011612,0.10000000149011612,0.0,0.0,0.10000000149011612,0.0,-0.005071734052218502
139,0.005724584683775902,0.0,0.06490279734134674,0.0759432315826416,0.0,0.10000000149011612,0.10000000149011612,0.0,0.0,0.10000000149011612,0.0,0.0,0.10000000149011612,0.0,0.0,0.0,0.10000000149011612,0.10000000149011612,0.10000000149011612,0.10000000149011612,0.10000000149011612,0.0,0.0,0.10000000149011612,0.0,0.0030261650213019298
140,0.002324084984138608,0.0,0.0673777237534523,0.07302021235227585,0.0,0.10000000149011612,0.10000000149011612,0.0,0.0,0.10000000149011612,0.0,0.0,0.10000000149011612,0.0,0.0,0.0,0.10000000149011612,0.10000000149011612,0.10000000149011612,0.10000000149011612,0.10000000149011612,0.0,0.0,0.10000000149011612,0.0,-0.002716703952927113
141,-0.0016826492501422763,0.0,0.06558170169591904,0.07309787720441818,0.0,0.10000000149011612,0.10000000149011612,0.0,0.0,0.10000000149011612,0.0,0.0,0.10000000149011612,0.0,0.0,0.0,0.10000000149011612,0.10000000149011612,0.10000000149011612,0.10000000149011612,0.10000000149011612,0.0,0.0,0.10000000149011612,0.0,7.237967304640769e-05
142,-0.0003356947563588619,1.2000000424450263e-06,0.06522399187088013,0.07303280383348465,0.0,0.10000000149011612,0.10000000149011612,0.0,0.0,0.10000000149011612,0.0,0.0020000000949949026,0.10000000149011612,0.0,0.0,0.0,0.10000000149011612,0.10000000149011612,0.10000000149011612,0.10000000149011612,0.09799999743700027,0.0,0.0,0.10000000149011612,0.0,-6.064066691013892e-05
143,0.0004949481808580458,5.880000026081689e-05,0.06575121730566025,0.07583282142877579,0.0,0.10000000149011612,0.10000000149011612,0.0,0.0,0.10000000149011612,0.0,0.10000000149011612,0.10000000149011612,0.0,0.0,0.0,0.10000000149011612,0.10000000149011612,0.10000000149011612,0.10000000149011612,0.0,0.0,0.0,0.10000000149011612,0.0,0.002609442679932794
144,-0.0042146965861320496,5.999999848427251e-05,0.061259400099515915,0.07636599987745285,0.0,0.10000000149011612,0.0,0.10000000149011612,0.0,0.10000000149011612,0.0,0.10000000149011612,0.10000000149011612,0.0,0.0,0.0,0.10000000149011612,0.10000000149011612,0.10000000149011612,0.10000000149011612,0.0,0.0,0.0,0.10000000149011612,0.0,0.0004955960053059094
145,0.008933072909712791,0.00011999999696854502,0.07073970884084702,0.09065290540456772,0.0,0.10000000149011612,0.10000000149011612,0.0,0.0,0.10000000149011612,0.0,0.0,0.10000000149011612,0.0,0.0,0.0,0.10000000149011612,0.10000000149011612,0.10000000149011612,0.10000000149011612,0.10000000149011612,0.0,0.0,0.10000000149011612,0.0,0.013273278353962858
146,0.006865971256047487,5.999999848427251e-05,0.07809137552976608,0.09500162303447723,0.0,0.10000000149011612,0.10000000149011612,0.0,0.0,0.10000000149011612,0.0,0.10000000149011612,0.10000000149011612,0.0,0.0,0.0,0.10000000149011612,0.10000000149011612,0.10000000149011612,0.10000000149011612,0.0,0.0,0.0,0.10000000149011612,0.0,0.003987260849313445
147,0.0012990839313715696,5.999999848427251e-05,0.07949190586805344,0.09276328235864639,0.0,0.10000000149011612,0.0,0.10000000149011612,0.0,0.10000000149011612,0.0,0.10000000149011612,0.10000000149011612,0.0,0.0,0.0,0.10000000149011612,0.10000000149011612,0.10000000149011612,0.10000000149011612,0.0,0.0,0.0,0.10000000149011612,0.0,-0.0020441437060412238
148,-0.0030395055655390024,0.00011999999696854502,0.07621078938245773,0.08646031469106674,0.0,0.10000000149011612,0.10000000149011612,0.0,0.0,0.10000000149011612,0.0,0.0,0.10000000149011612,0.0,0.0,0.0,0.10000000149011612,0.10000000149011612,0.10000000149011612,0.10000000149011612,0.10000000149011612,0.0,0.0,0.10000000149011612,0.0,-0.005767916775145654
149,-0.0046097757294774055,0.0,0.07124969363212585,0.08139065653085709,0.0,0.10000000149011612,0.10000000149011612,0.0,0.0,0.10000000149011612,0.0,0.0,0.10000000149011612,0.0,0.0,0.0,0.10000000149011612,0.10000000149011612,0.10000000149011612,0.10000000149011612,0.10000000149011612,0.0,0.0,0.10000000149011612,0.0,-0.004666215683774122
150,-0.009690872393548489,0.0,0.06086835265159607,0.07831233739852905,0.0,0.10000000149011612,0.10000000149011612,0.0,0.0,0.10000000149011612,0.0,0.0,0.10000000149011612,0.0,0.0,0.0,0.10000000149011612,0.10000000149011612,0.10000000149011612,0.10000000149011612,0.10000000149011612,0.0,0.0,0.10000000149011612,0.0,-0.002846630044135434
151,-0.0017532468773424625,0.0,0.059008389711380005,0.08262458443641663,0.0,0.10000000149011612,0.10000000149011612,0.0,0.0,0.10000000149011612,0.0,0.0,0.10000000149011612,0.0,0.0,0.0,0.10000000149011612,0.10000000149011612,0.10000000149011612,0.10000000149011612,0.10000000149011612,0.0,0.0,0.10000000149011612,0.0,0.0039990704810917155
152,0.006083713378757238,0.0,0.06545109301805496,0.09305459260940552,0.0,0.10000000149011612,0.10000000149011612,0.0,0.0,0.10000000149011612,0.0,0.0,0.10000000149011612,0.0,0.0,0.0,0.10000000149011612,0.10000000149011612,0.10000000149011612,0.10000000149011612,0.10000000149011612,0.0,0.0,0.10000000149011612,0.0,0.009634002703179378
153,0.0042665074579417706,0.0,0.06999684870243073,0.09817232191562653,0.0,0.10000000149011612,0.10000000149011612,0.0,0.0,0.10000000149011612,0.0,0.0,0.10000000149011612,0.0,0.0,0.0,0.10000000149011612,0.10000000149011612,0.10000000149011612,0.10000000149011612,0.10000000149011612,0.0,0.0,0.10000000149011612,0.0,0.004682043642489697
154,0.004684177692979574,0.0,0.07500890642404556,0.10272615402936935,0.0,0.10000000149011612,0.10000000149011612,0.0,0.0,0.10000000149011612,0.0,0.0,0.10000000149011612,0.0,0.0,0.0,0.10000000149011612,0.10000000149011612,0.10000000149011612,0.10000000149011612,0.10000000149011612,0.0,0.0,0.10000000149011612,0.0,0.004146737286002011
155,0.004897210281342268,0.0,0.08027344942092896,0.1010119840502739,0.0,0.10000000149011612,0.10000000149011612,0.0,0.0,0.10000000149011612,0.0,0.0,0.10000000149011612,0.0,0.0,0.0,0.10000000149011612,0.10000000149011612,0.10000000149011612,0.10000000149011612,0.10000000149011612,0.0,0.0,0.10000000149011612,0.0,-0.0015544838333904076
156,-0.0023487189318984747,0.0,0.07773619145154953,0.10113825649023056,0.0,0.10000000149011612,0.10000000149011612,0.0,0.0,0.10000000149011612,0.0,0.0,0.10000000149011612,0.0,0.0,0.0,0.10000000149011612,0.10000000149011612,0.10000000149011612,0.10000000149011612,0.10000000149011612,0.0,0.0,0.10000000149011612,0.0,0.00011468761628918855
157,0.012444569729268551,0.0,0.09114815294742584,0.11090755462646484,0.0,0.10000000149011612,0.10000000149011612,0.0,0.0,0.10000000149011612,0.0,0.0,0.10000000149011612,0.0,0.0,0.0,0.10000000149011612,0.10000000149011612,0.10000000149011612,0.10000000149011612,0.10000000149011612,0.0,0.0,0.10000000149011612,0.0,0.008871999568313083
158,-0.004145989194512367,0.0,0.08662426471710205,0.11080015450716019,0.0,0.10000000149011612,0.10000000149011612,0.0,0.0,0.10000000149011612,0.0,0.0,0.10000000149011612,0.0,0.0,0.0,0.10000000149011612,0.10000000149011612,0.10000000149011612,0.10000000149011612,0.10000000149011612,0.0,0.0,0.10000000149011612,0.0,-9.667781883149207e-05
159,0.006062222179025412,0.0,0.09321162104606628,0.11477869004011154,0.0,0.10000000149011612,0.10000000149011612,0.0,0.0,0.10000000149011612,0.0,0.0,0.10000000149011612,0.0,0.0,0.0,0.10000000149011612,0.10000000149011612,0.10000000149011612,0.10000000149011612,0.10000000149011612,0.0,0.0,0.10000000149011612,0.0,0.003581684353218817
160,0.0014410759322345257,0.0,0.09478702396154404,0.11789777129888535,0.0,0.10000000149011612,0.10000000149011612,0.0,0.0,0.10000000149011612,0.0,0.0,0.10000000149011612,0.0,0.0,0.0,0.10000000149011612,0.10000000149011612,0.10000000149011612,0.10000000149011612,0.10000000149011612,0.0,0.0,0.10000000149011612,0.0,0.002797937641471737
161,0.00516212685033679,0.0,0.10043845325708389,0.12356226146221161,0.0,0.10000000149011612,0.10000000149011612,0.0,0.0,0.10000000149011612,0.0,0.0,0.10000000149011612,0.0,0.0,0.0,0.10000000149011612,0.10000000149011612,0.10000000149011612,0.10000000149011612,0.10000000149011612,0.0,0.0,0.10000000149011612,0.0,0.005067091382376265
162,-0.008021335117518902,0.0,0.09161146730184555,0.125870943069458,0.0,0.10000000149011612,0.10000000149011612,0.0,0.0,0.10000000149011612,0.0,0.0,0.10000000149011612,0.0,0.0,0.0,0.10000000149011612,0.10000000149011612,0.10000000149011612,0.10000000149011612,0.10000000149011612,0.0,0.0,0.10000000149011612,0.0,0.0020547874260585797
163,0.0060343495570123196,0.0,0.09819862991571426,0.13290421664714813,0.0,0.10000000149011612,0.10000000149011612,0.0,0.0,0.10000000149011612,0.0,0.0,0.10000000149011612,0.0,0.0,0.0,0.10000000149011612,0.10000000149011612,0.10000000149011612,0.10000000149011612,0.10000000149011612,0.0,0.0,0.10000000149011612,0.0,0.006246962514651511
164,-0.004066524561494589,0.0,0.09373278170824051,0.12641997635364532,0.0,0.10000000149011612,0.10000000149011612,0.0,0.0,0.10000000149011612,0.0,0.0,0.10000000149011612,0.0,0.0,0.0,0.10000000149011612,0.10000000149011612,0.10000000149011612,0.10000000149011612,0.10000000149011612,0.0,0.0,0.10000000149011612,0.0,-0.005723555617696441
165,0.002544722519814968,0.0,0.09651602804660797,0.13186058402061462,0.0,0.10000000149011612,0.10000000149011612,0.0,0.0,0.10000000149011612,0.0,0.0,0.10000000149011612,0.0,0.0,0.0,0.10000000149011612,0.10000000149011612,0.10000000149011612,0.10000000149011612,0.10000000149011612,0.0,0.0,0.10000000149011612,0.0,0.004829999273078478
166,-0.0011456443462520838,0.0,0.09525980800390244,0.13445675373077393,0.0,0.10000000149011612,0.10000000149011612,0.0,0.0,0.10000000149011612,0.0,0.0,0.10000000149011612,0.0,0.0,0.0,0.10000000149011612,0.10000000149011612,0.10000000149011612,0.10000000149011612,0.10000000149011612,0.0,0.0,0.10000000149011612,0.0,0.0022937186317921743
167,-0.007856624200940132,0.0,0.08665475994348526,0.13017062842845917,0.0,0.10000000149011612,0.10000000149011612,0.0,0.0,0.10000000149011612,0.0,0.0,0.10000000149011612,0.0,0.0,0.0,0.10000000149011612,0.10000000149011612,0.10000000149011612,0.10000000149011612,0.10000000149011612,0.0,0.0,0.10000000149011612,0.0,-0.003778130182767625
168,-0.007100288290530443,0.0,0.07893919944763184,0.12121277302503586,0.0,0.10000000149011612,0.10000000149011612,0.0,0.0,0.10000000149011612,0.0,0.0,0.10000000149011612,0.0,0.0,0.0,0.10000000149011612,0.10000000149011612,0.10000000149011612,0.10000000149011612,0.10000000149011612,0.0,0.0,0.10000000149011612,0.0,-0.0079261088353354
169,0.01259136013686657,0.0,0.09252451360225677,0.1302434355020523,0.0,0.10000000149011612,0.10000000149011612,0.0,0.0,0.10000000149011612,0.0,0.0,0.10000000149011612,0.0,0.0,0.0,0.10000000149011612,0.10000000149011612,0.10000000149011612,0.10000000149011612,0.10000000149011612,0.0,0.0,0.10000000149011612,0.0,0.008054369959282326
170,-0.004507365636527538,0.0,0.08760010451078415,0.12595593929290771,0.0,0.10000000149011612,0.10000000149011612,0.0,0.0,0.10000000149011612,0.0,0.0,0.10000000149011612,0.0,0.0,0.0,0.10000000149011612,0.10000000149011612,0.10000000149011612,0.10000000149011612,0.10000000149011612,0.0,0.0,0.10000000149011612,0.0,-0.0037934272161820326
171,0.008894539438188076,0.0,0.0972738116979599,0.12850362062454224,0.0,0.10000000149011612,0.10000000149011612,0.0,0.0,0.10000000149011612,0.0,0.0,0.10000000149011612,0.0,0.0,0.0,0.10000000149011612,0.10000000149011612,0.10000000149011612,0.10000000149011612,0.10000000149011612,0.0,0.0,0.10000000149011612,0.0,0.0022626829725098663
172,0.004022754263132811,0.0,0.10168787091970444,0.13633163273334503,0.0,0.10000000149011612,0.10000000149011612,0.0,0.0,0.10000000149011612,0.0,0.0,0.10000000149011612,0.0,0.0,0.0,0.10000000149011612,0.10000000149011612,0.10000000149011612,0.10000000149011612,0.10000000149011612,0.0,0.0,0.10000000149011612,0.0,0.00693663003444378
173,0.003280877135694027,0.0,0.1053023710846901,0.1376093178987503,0.0,0.10000000149011612,0.10000000149011612,0.0,0.0,0.10000000149011612,0.0,0.0,0.10000000149011612,0.0,0.0,0.0,0.10000000149011612,0.10000000149011612,0.10000000149011612,0.10000000149011612,0.10000000149011612,0.0,0.0,0.10000000149011612,0.0,0.0011243946121008985
174,-0.0062667871825397015,0.0,0.09837567806243896,0.13124492764472961,0.0,0.10000000149011612,0.10000000149011612,0.0,0.0,0.10000000149011612,0.0,0.0,0.10000000149011612,0.0,0.0,0.0,0.10000000149011612,0.10000000149011612,0.10000000149011612,0.10000000149011612,0.10000000149011612,0.0,0.0,0.10000000149011612,0.0,-0.005594530700378075
175,0.00585855171084404,0.0,0.10481056571006775,0.13653883337974548,0.0,0.10000000149011612,0.10000000149011612,0.0,0.0,0.10000000149011612,0.0,0.0,0.10000000149011612,0.0,0.0,0.0,0.10000000149011612,0.10000000149011612,0.10000000149011612,0.10000000149011612,0.10000000149011612,0.0,0.0,0.10000000149011612,0.0,0.004679716660509481
176,-0.0009363765129819512,0.0,0.10377605259418488,0.13595861196517944,0.0,0.10000000149011612,0.10000000149011612,0.0,0.0,0.10000000149011612,0.0,0.0,0.10000000149011612,0.0,0.0,0.0,0.10000000149011612,0.10000000149011612,0.10000000149011612,0.10000000149011612,0.10000000149011612,0.0,0.0,0.10000000149011612,0.0,-0.0005105161368227362
177,-0.0022299597039818764,0.0,0.10131467133760452,0.12663379311561584,0.0,0.10000000149011612,0.10000000149011612,0.0,0.0,0.10000000149011612,0.0,0.0,0.10000000149011612,0.0,0.0,0.0,0.10000000149011612,0.10000000149011612,0.10000000149011612,0.10000000149011612,0.10000000149011612,0.0,0.0,0.10000000149011612,0.0,-0.008208766368197118
178,-0.010305450297892094,0.0,0.08996512740850449,0.12227021902799606,0.0,0.10000000149011612,0.10000000149011612,0.0,0.0,0.10000000149011612,0.0,0.0,0.10000000149011612,0.0,0.0,0.0,0.10000000149011612,0.10000000149011612,0.10000000149011612,0.10000000149011612,0.10000000149011612,0.0,0.0,0.10000000149011612,0.0,-0.003873107760732686
179,-0.015187335200607777,0.0,0.07341146469116211,0.1072455421090126,0.0,0.10000000149011612,0.10000000149011612,0.0,0.0,0.10000000149011612,0.0,0.0,0.10000000149011612,0.0,0.0,0.0,0.10000000149011612,0.10000000149011612,0.10000000149011612,0.10000000149011612,0.10000000149011612,0.0,0.0,0.10000000149011612,0.0,-0.01338775338081799
180,0.007688081357628107,0.0,0.08166393637657166,0.11748895049095154,0.0,0.10000000149011612,0.10000000149011612,0.0,0.0,0.10000000149011612,0.0,0.0,0.10000000149011612,0.0,0.0,0.0,0.10000000149011612,0.10000000149011612,0.10000000149011612,0.10000000149011612,0.10000000149011612,0.0,0.0,0.10000000149011612,0.0,0.009251252764068907
181,0.0011999723501503468,0.0,0.08296190947294235,0.11800350248813629,0.0,0.10000000149011612,0.10000000149011612,0.0,0.0,0.10000000149011612,0.0,0.0,0.10000000149011612,0.0,0.0,0.0,0.10000000149011612,0.10000000149011612,0.10000000149011612,0.10000000149011612,0.10000000149011612,0.0,0.0,0.10000000149011612,0.0,0.0004604537673134068
182,0.0033759367652237415,0.0,0.08661791682243347,0.1165679469704628,0.0,0.10000000149011612,0.10000000149011612,0.0,0.0,0.10000000149011612,0.0,0.0,0.10000000149011612,0.0,0.0,0.0,0.10000000149011612,0.10000000149011612,0.10000000149011612,0.10000000149011612,0.10000000149011612,0.0,0.0,0.10000000149011612,0.0,-0.0012840349019288544
183,0.004890965297818184,0.0,0.09193252772092819,0.12239970266819,0.0,0.10000000149011612,0.10000000149011612,0.0,0.0,0.10000000149011612,0.0,0.0,0.10000000149011612,0.0,0.0,0.0,0.10000000149011612,0.10000000149011612,0.10000000149011612,0.10000000149011612,0.10000000149011612,0.0,0.0,0.10000000149011612,0.0,0.005222929525740216
184,-0.010037838481366634,0.0,0.08097188174724579,0.11592864245176315,0.0,0.10000000149011612,0.10000000149011612,0.0,0.0,0.10000000149011612,0.0,0.0,0.10000000149011612,0.0,0.0,0.0,0.10000000149011612,0.10000000149011612,0.10000000149011612,0.10000000149011612,0.10000000149011612,0.0,0.0,0.10000000149011612,0.0,-0.005765379482054134
185,0.005763639230281115,0.0,0.08720221370458603,0.12333637475967407,0.0,0.10000000149011612,0.10000000149011612,0.0,0.0,0.10000000149011612,0.0,0.0,0.10000000149011612,0.0,0.0,0.0,0.10000000149011612,0.10000000149011612,0.10000000149011612,0.10000000149011612,0.10000000149011612,0.0,0.0,0.10000000149011612,0.0,0.006638177412164659
186,0.0004230418417137116,0.0,0.08766214549541473,0.12471102178096771,0.0,0.10000000149011612,0.10000000149011612,0.0,0.0,0.10000000149011612,0.0,0.0,0.10000000149011612,0.0,0.0,0.0,0.10000000149011612,0.10000000149011612,0.10000000149011612,0.10000000149011612,0.10000000149011612,0.0,0.0,0.10000000149011612,0.0,0.0012237180707228568
187,0.009564832784235477,0.0,0.09806545823812485,0.13640442490577698,0.0,0.10000000149011612,0.10000000149011612,0.0,0.0,0.10000000149011612,0.0,0.0,0.10000000149011612,0.0,0.0,0.0,0.10000000149011612,0.10000000149011612,0.10000000149011612,0.10000000149011612,0.10000000149011612,0.0,0.0,0.10000000149011612,0.0,0.010396806733780295
188,-0.0011437516659498215,0.0,0.09680954366922379,0.13876961171627045,0.0,0.10000000149011612,0.10000000149011612,0.0,0.0,0.10000000149011612,0.0,0.0,0.10000000149011612,0.0,0.0,0.0,0.10000000149011612,0.10000000149011612,0.10000000149011612,0.10000000149011612,0.10000000149011612,0.0,0.0,0.10000000149011612,0.0,0.0020812896875948006
189,0.006577127147465944,0.0,0.10402339696884155,0.14488397538661957,0.0,0.10000000149011612,0.10000000149011612,0.0,0.0,0.10000000149011612,0.0,0.0,0.10000000149011612,0.0,0.0,0.0,0.10000000149011612,0.10000000149011612,0.10000000149011612,0.10000000149011612,0.10000000149011612,0.0,0.0,0.10000000149011612,0.0,0.0053692718943685325
190,-0.006929781287908554,0.0,0.09637275338172913,0.14297346770763397,0.0,0.10000000149011612,0.10000000149011612,0.0,0.0,0.10000000149011612,0.0,0.0,0.10000000149011612,0.0,0.0,0.0,0.10000000149011612,0.10000000149011612,0.10000000149011612,0.10000000149011612,0.10000000149011612,0.0,0.0,0.10000000149011612,0.0,-0.0016687347539653397
191,-0.003074029926210642,0.0,0.09300247579813004,0.13592414557933807,0.0,0.10000000149011612,0.10000000149011612,0.0,0.0,0.10000000149011612,0.0,0.0,0.10000000149011612,0.0,0.0,0.0,0.10000000149011612,0.10000000149011612,0.10000000149011612,0.10000000149011612,0.10000000149011612,0.0,0.0,0.10000000149011612,0.0,-0.006167529104970537
192,-0.000942182494327426,0.0,0.09197266399860382,0.13128653168678284,0.0,0.10000000149011612,0.10000000149011612,0.0,0.0,0.10000000149011612,0.0,0.0,0.10000000149011612,0.0,0.0,0.0,0.10000000149011612,0.10000000149011612,0.10000000149011612,0.10000000149011612,0.10000000149011612,0.0,0.0,0.10000000149011612,0.0,-0.004082679209349793
193,0.00830599945038557,0.0,0.10104259103536606,0.13772214949131012,0.0,0.10000000149011612,0.10000000149011612,0.0,0.0,0.10000000149011612,0.0,0.0,0.10000000149011612,0.0,0.0,0.0,0.10000000149011612,0.10000000149011612,0.10000000149011612,0.10000000149011612,0.10000000149011612,0.0,0.0,0.10000000149011612,0.0,0.005688760207311461
194,0.007743995636701584,0.0,0.10956905782222748,0.1467430740594864,0.0,0.10000000149011612,0.10000000149011612,0.0,0.0,0.10000000149011612,0.0,0.0,0.10000000149011612,0.0,0.0,0.0,0.10000000149011612,0.10000000149011612,0.10000000149011612,0.10000000149011612,0.10000000149011612,0.0,0.0,0.10000000149011612,0.0,0.007928934645607066
195,0.003332917345687747,0.0,0.11326716095209122,0.14563971757888794,0.0,0.10000000149011612,0.10000000149011612,0.0,0.0,0.10000000149011612,0.0,0.0,0.10000000149011612,0.0,0.0,0.0,0.10000000149011612,0.10000000149011612,0.10000000149011612,0.10000000149011612,0.10000000149011612,0.0,0.0,0.10000000149011612,0.0,-0.0009621653756255455
196,-0.0023737086448818445,0.0,0.11062458902597427,0.14709122478961945,0.0,0.10000000149011612,0.10000000149011612,0.0,0.0,0.10000000149011612,0.0,0.0,0.10000000149011612,0.0,0.0,0.0,0.10000000149011612,0.10000000149011612,0.10000000149011612,0.10000000149011612,0.10000000149011612,0.0,0.0,0.10000000149011612,0.0,0.001266984016405237
197,0.009761398658156395,0.0,0.12146583944559097,0.15293268859386444,0.0,0.10000000149011612,0.10000000149011612,0.0,0.0,0.10000000149011612,0.0,0.0,0.10000000149011612,0.0,0.0,0.0,0.10000000149011612,0.10000000149011612,0.10000000149011612,0.10000000149011612,0.10000000149011612,0.0,0.0,0.10000000149011612,0.0,0.005092414341602458
198,0.0005776590551249683,0.0,0.1221136599779129,0.15386615693569183,0.0,0.10000000149011612,0.10000000149011612,0.0,0.0,0.10000000149011612,0.0,0.0,0.10000000149011612,0.0,0.0,0.0,0.10000000149011612,0.10000000149011612,0.10000000149011612,0.10000000149011612,0.10000000149011612,0.0,0.0,0.10000000149011612,0.0,0.0008096468692946335
199,-0.008582568727433681,0.0,0.11248304694890976,0.14835615456104279,0.0,0.10000000149011612,0.10000000149011612,0.0,0.0,0.10000000149011612,0.0,0.0,0.10000000149011612,0.0,0.0,0.0,0.10000000149011612,0.10000000149011612,0.10000000149011612,0.10000000149011612,0.10000000149011612,0.0,0.0,0.10000000149011612,0.0,-0.004775252607531089
200,-0.005945213604718447,0.0,0.1058690994977951,0.14802613854408264,0.0,0.10000000149011612,0.10000000149011612,0.0,0.0,0.10000000149011612,0.0,0.0,0.10000000149011612,0.0,0.0,0.0,0.10000000149011612,0.10000000149011612,0.10000000149011612,0.10000000149011612,0.10000000149011612,0.0,0.0,0.10000000149011612,0.0,-0.00028738124113270036
201,0.0018614544533193111,0.0,0.10792762041091919,0.1481267213821411,0.0,0.10000000149011612,0.10000000149011612,0.0,0.0,0.10000000149011612,0.0,0.0,0.10000000149011612,0.0,0.0,0.0,0.10000000149011612,0.10000000149011612,0.10000000149011612,0.10000000149011612,0.10000000149011612,0.0,0.0,0.10000000149011612,0.0,8.761371773813309e-05
202,-0.00993391964584589,0.0,0.09692155569791794,0.13390536606311798,0.0,0.10000000149011612,0.10000000149011612,0.0,0.0,0.10000000149011612,0.0,0.0,0.10000000149011612,0.0,0.0,0.0,0.10000000149011612,0.10000000149011612,0.10000000149011612,0.10000000149011612,0.10000000149011612,0.0,0.0,0.10000000149011612,0.0,-0.012386572887967628
203,-0.010557012632489204,0.0,0.08534134179353714,0.12345045804977417,0.0,0.10000000149011612,0.10000000149011612,0.0,0.0,0.10000000149011612,0.0,0.0,0.10000000149011612,0.0,0.0,0.0,0.10000000149011612,0.10000000149011612,0.10000000149011612,0.10000000149011612,0.10000000149011612,0.0,0.0,0.10000000149011612,0.0,-0.009220265047023224
204,-0.0020883551333099604,0.0,0.08307476341724396,0.11867116391658783,0.0,0.10000000149011612,0.10000000149011612,0.0,0.0,0.10000000149011612,0.0,0.0,0.10000000149011612,0.0,0.0,0.0,0.10000000149011612,0.10000000149011612,0.10000000149011612,0.10000000149011612,0.10000000149011612,0.0,0.0,0.10000000149011612,0.0,-0.004254120952945972
205,-0.00220467965118587,0.0,0.08068693429231644,0.11730411648750305,0.0,0.10000000149011612,0.10000000149011612,0.0,0.0,0.10000000149011612,0.0,0.0,0.10000000149011612,0.0,0.0,0.0,0.10000000149011612,0.10000000149011612,0.10000000149011612,0.10000000149011612,0.10000000149011612,0.0,0.0,0.10000000149011612,0.0,-0.001222027949928206
206,-0.012734543532133102,0.0,0.06692487746477127,0.11046507954597473,0.0,0.10000000149011612,0.10000000149011612,0.0,0.0,0.10000000149011612,0.0,0.0,0.10000000149011612,0.0,0.0,0.0,0.10000000149011612,0.10000000149011612,0.10000000149011612,0.10000000149011612,0.10000000149011612,0.0,0.0,0.10000000149011612,0.0,-0.006121016508046528
207,-0.008717512711882591,0.0,0.05762394517660141,0.10678251832723618,0.0,0.10000000149011612,0.10000000149011612,0.0,0.0,0.10000000149011612,0.0,0.0,0.10000000149011612,0.0,0.0,0.0,0.10000000149011612,0.10000000149011612,0.10000000149011612,0.10000000149011612,0.10000000149011612,0.0,0.0,0.10000000149011612,0.0,-0.003316233249085365
208,0.00495034409686923,0.0,0.06285955011844635,0.11490967124700546,0.0,0.10000000149011612,0.10000000149011612,0.0,0.0,0.10000000149011612,0.0,0.0,0.10000000149011612,0.0,0.0,0.0,0.10000000149011612,0.10000000149011612,0.10000000149011612,0.10000000149011612,0.10000000149011612,0.0,0.0,0.10000000149011612,0.0,0.0073430441710016225
209,-0.01357881911098957,0.0,0.048427172005176544,0.09837602823972702,0.0,0.10000000149011612,0.10000000149011612,0.0,0.0,0.10000000149011612,0.0,0.0,0.10000000149011612,0.0,0.0,0.0,0.10000000149011612,0.10000000149011612,0.10000000149011612,0.10000000149011612,0.10000000149011612,0.0,0.0,0.10000000149011612,0.0,-0.01482958075768226
210,-0.004855052102357149,0.0,0.04333700239658356,0.09379007667303085,0.0,0.10000000149011612,0.10000000149011612,0.0,0.0,0.10000000149011612,0.0,0.0,0.10000000149011612,0.0,0.0,0.0,0.10000000149011612,0.10000000149011612,0.10000000149011612,0.10000000149011612,0.10000000149011612,0.0,0.0,0.10000000149011612,0.0,-0.004175210901175341
211,-0.004769389983266592,0.0,0.038360919803380966,0.08832992613315582,0.0,0.10000000149011612,0.10000000149011612,0.0,0.0,0.10000000149011612,0.0,0.0,0.10000000149011612,0.0,0.0,0.0,0.10000000149011612,0.10000000149011612,0.10000000149011612,0.10000000149011612,0.10000000149011612,0.0,0.0,0.10000000149011612,0.0,-0.004991954723600256
212,-0.003388660727068782,0.0,0.034842267632484436,0.08391622453927994,0.0,0.10000000149011612,0.10000000149011612,0.0,0.0,0.10000000149011612,0.0,0.0,0.10000000149011612,0.0,0.0,0.0,0.10000000149011612,0.10000000149011612,0.10000000149011612,0.10000000149011612,0.10000000149011612,0.0,0.0,0.10000000149011612,0.0,-0.0040554812358765124
213,-0.0048753381706774235,0.0,0.029797062277793884,0.07912900298833847,0.0,0.10000000149011612,0.10000000149011612,0.0,0.0,0.10000000149011612,0.0,0.0,0.10000000149011612,0.0,0.0,0.0,0.10000000149011612,0.10000000149011612,0.10000000149011612,0.10000000149011612,0.10000000149011612,0.0,0.0,0.10000000149011612,0.0,-0.004416597374004905
214,0.008185666054487228,0.0,0.03822663798928261,0.09058982878923416,0.0,0.10000000149011612,0.10000000149011612,0.0,0.0,0.10000000149011612,0.0,0.0,0.10000000149011612,0.0,0.0,0.0,0.10000000149011612,0.10000000149011612,0.10000000149011612,0.10000000149011612,0.10000000149011612,0.0,0.0,0.10000000149011612,0.0,0.010620440901095485
215,0.01035407092422247,0.0,0.048976510763168335,0.10213543474674225,0.0,0.10000000149011612,0.10000000149011612,0.0,0.0,0.10000000149011612,0.0,0.0,0.10000000149011612,0.0,0.0,0.0,0.10000000149011612,0.10000000149011612,0.10000000149011612,0.10000000149011612,0.10000000149011612,0.0,0.0,0.10000000149011612,0.0,0.010586570361036607
216,0.012840645387768745,0.0,0.06244604289531708,0.10897894948720932,0.0,0.10000000149011612,0.10000000149011612,0.0,0.0,0.10000000149011612,0.0,0.0,0.10000000149011612,0.0,0.0,0.0,0.10000000149011612,0.10000000149011612,0.10000000149011612,0.10000000149011612,0.10000000149011612,0.0,0.0,0.10000000149011612,0.0,0.006209322851541854
217,0.009126984514296055,0.0,0.07214297354221344,0.11543355137109756,0.0,0.10000000149011612,0.10000000149011612,0.0,0.0,0.10000000149011612,0.0,0.0,0.10000000149011612,0.0,0.0,0.0,0.10000000149011612,0.10000000149011612,0.10000000149011612,0.10000000149011612,0.10000000149011612,0.0,0.0,0.10000000149011612,0.0,0.005820310554021546
218,0.00756223825737834,0.0,0.08025076985359192,0.11955342441797256,0.0,0.10000000149011612,0.10000000149011612,0.0,0.0,0.10000000149011612,0.0,0.0,0.10000000149011612,0.0,0.0,0.0,0.10000000149011612,0.10000000149011612,0.10000000149011612,0.10000000149011612,0.10000000149011612,0.0,0.0,0.10000000149011612,0.0,0.003693517235348276
219,0.004790170583873987,0.0,0.08542536199092865,0.12407216429710388,0.0,0.10000000149011612,0.10000000149011612,0.0,0.0,0.10000000149011612,0.0,0.0,0.10000000149011612,0.0,0.0,0.0,0.10000000149011612,0.10000000149011612,0.10000000149011612,0.10000000149011612,0.10000000149011612,0.0,0.0,0.10000000149011612,0.0,0.0040361985239609766
220,-7.822774932719767e-05,0.0,0.08534044772386551,0.12195193767547607,0.0,0.10000000149011612,0.10000000149011612,0.0,0.0,0.10000000149011612,0.0,0.0,0.10000000149011612,0.0,0.0,0.0,0.10000000149011612,0.10000000149011612,0.10000000149011612,0.10000000149011612,0.10000000149011612,0.0,0.0,0.10000000149011612,0.0,-0.0018862015171006163
221,0.005097910761833191,0.0,0.09087342023849487,0.12722331285476685,0.0,0.10000000149011612,0.10000000149011612,0.0,0.0,0.10000000149011612,0.0,0.0,0.10000000149011612,0.0,0.0,0.0,0.10000000149011612,0.10000000149011612,0.10000000149011612,0.10000000149011612,0.10000000149011612,0.0,0.0,0.10000000149011612,0.0,0.004698396608871169
222,-0.007597481831908226,0.0,0.08258552849292755,0.12045586109161377,0.0,0.10000000149011612,0.10000000149011612,0.0,0.0,0.10000000149011612,0.0,0.0,0.10000000149011612,0.0,0.0,0.0,0.10000000149011612,0.10000000149011612,0.10000000149011612,0.10000000149011612,0.10000000149011612,0.0,0.0,0.10000000149011612,0.0,-0.006003647800730816
223,-0.007341699209064245,0.0,0.0746375098824501,0.1124541312456131,0.0,0.10000000149011612,0.10000000149011612,0.0,0.0,0.10000000149011612,0.0,0.0,0.10000000149011612,0.0,0.0,0.0,0.10000000149011612,0.10000000149011612,0.10000000149011612,0.10000000149011612,0.10000000149011612,0.0,0.0,0.10000000149011612,0.0,-0.007141494925293146
224,-0.012934287078678608,0.0,0.060737840831279755,0.09640844166278839,0.0,0.10000000149011612,0.10000000149011612,0.0,0.0,0.10000000149011612,0.0,0.0,0.10000000149011612,0.0,0.0,0.0,0.10000000149011612,0.10000000149011612,0.10000000149011612,0.10000000149011612,0.10000000149011612,0.0,0.0,0.10000000149011612,0.0,-0.014423686453353679
225,0.010232651606202126,0.0,0.07159200310707092,0.10246071219444275,0.0,0.10000000149011612,0.10000000149011612,0.0,0.0,0.10000000149011612,0.0,0.0,0.10000000149011612,0.0,0.0,0.0,0.10000000149011612,0.10000000149011612,0.10000000149011612,0.10000000149011612,0.10000000149011612,0.0,0.0,0.10000000149011612,0.0,0.005520087498118498
226,0.012383394874632359,0.0,0.08486194908618927,0.1017208844423294,0.0,0.10000000149011612,0.10000000149011612,0.0,0.0,0.10000000149011612,0.0,0.0,0.10000000149011612,0.0,0.0,0.0,0.10000000149011612,0.10000000149011612,0.10000000149011612,0.10000000149011612,0.10000000149011612,0.0,0.0,0.10000000149011612,0.0,-0.0006710694938423245
227,-0.005303447134792805,0.0,0.07910843938589096,0.09455602616071701,0.0,0.10000000149011612,0.10000000149011612,0.0,0.0,0.10000000149011612,0.0,0.0,0.10000000149011612,0.0,0.0,0.0,0.10000000149011612,0.10000000149011612,0.10000000149011612,0.10000000149011612,0.10000000149011612,0.0,0.0,0.10000000149011612,0.0,-0.006503333451139182
228,0.0051793865859508514,0.0,0.08469755947589874,0.0929962620139122,0.0,0.10000000149011612,0.10000000149011612,0.0,0.0,0.10000000149011612,0.0,0.0,0.10000000149011612,0.0,0.0,0.0,0.10000000149011612,0.10000000149011612,0.10000000149011612,0.10000000149011612,0.10000000149011612,0.0,0.0,0.10000000149011612,0.0,-0.001425019925454074
229,0.00115493917837739,0.0,0.08595031499862671,0.09086745977401733,0.0,0.10000000149011612,0.10000000149011612,0.0,0.0,0.10000000149011612,0.0,0.0,0.10000000149011612,0.0,0.0,0.0,0.10000000149011612,0.10000000149011612,0.10000000149011612,0.10000000149011612,0.10000000149011612,0.0,0.0,0.10000000149011612,0.0,-0.0019476756818659346
230,0.011706307530403137,0.0,0.09866278618574142,0.09725026041269302,0.0,0.10000000149011612,0.10000000149011612,0.0,0.0,0.10000000149011612,0.0,0.0,0.10000000149011612,0.0,0.0,0.0,0.10000000149011612,0.10000000149011612,0.10000000149011612,0.10000000149011612,0.10000000149011612,0.0,0.0,0.10000000149011612,0.0,0.005851123875303843
231,0.0027249841950833797,0.0,0.10165662318468094,0.10133351385593414,0.0,0.10000000149011612,0.10000000149011612,0.0,0.0,0.10000000149011612,0.0,0.0,0.10000000149011612,0.0,0.0,0.0,0.10000000149011612,0.10000000149011612,0.10000000149011612,0.10000000149011612,0.10000000149011612,0.0,0.0,0.10000000149011612,0.0,0.0037213510814801953
232,0.012555738911032677,0.0,0.11548873782157898,0.11534532904624939,0.0,0.10000000149011612,0.10000000149011612,0.0,0.0,0.10000000149011612,0.0,0.0,0.10000000149011612,0.0,0.0,0.0,0.10000000149011612,0.10000000149011612,0.10000000149011612,0.10000000149011612,0.10000000149011612,0.0,0.0,0.10000000149011612,0.0,0.012722590399758094
233,0.01136587094515562,0.0,0.12816724181175232,0.12905439734458923,0.0,0.10000000149011612,0.10000000149011612,0.0,0.0,0.10000000149011612,0.0,0.0,0.10000000149011612,0.0,0.0,0.0,0.10000000149011612,0.10000000149011612,0.10000000149011612,0.10000000149011612,0.10000000149011612,0.0,0.0,0.10000000149011612,0.0,0.012291321747016859
234,-0.003174438141286373,0.0,0.12458594143390656,0.1297369748353958,0.0,0.10000000149011612,0.10000000149011612,0.0,0.0,0.10000000149011612,0.0,0.0,0.10000000149011612,0.0,0.0,0.0,0.10000000149011612,0.10000000149011612,0.10000000149011612,0.10000000149011612,0.10000000149011612,0.0,0.0,0.10000000149011612,0.0,0.0006045567799142226
235,0.008607680909335613,0.0,0.13426601886749268,0.12898823618888855,0.0,0.10000000149011612,0.10000000149011612,0.0,0.0,0.10000000149011612,0.0,0.0,0.10000000149011612,0.0,0.0,0.0,0.10000000149011612,0.10000000149011612,0.10000000149011612,0.10000000149011612,0.10000000149011612,0.0,0.0,0.10000000149011612,0.0,-0.0006627548386795024
236,0.002413039794191718,0.0,0.13700304925441742,0.13069067895412445,0.0,0.10000000149011612,0.10000000149011612,0.0,0.0,0.10000000149011612,0.0,0.0,0.10000000149011612,0.0,0.0,0.0,0.10000000149011612,0.10000000149011612,0.10000000149011612,0.10000000149011612,0.10000000149011612,0.0,0.0,0.10000000149011612,0.0,0.0015079366734438437
237,-0.0049669635482132435,0.0,0.13135559856891632,0.1296205371618271,0.0,0.10000000149011612,0.10000000149011612,0.0,0.0,0.10000000149011612,0.0,0.0,0.10000000149011612,0.0,0.0,0.0,0.10000000149011612,0.10000000149011612,0.10000000149011612,0.10000000149011612,0.10000000149011612,0.0,0.0,0.10000000149011612,0.0,-0.0009464496455274807
238,-0.0074859200976789,0.0,0.12288635969161987,0.12427779287099838,0.0,0.10000000149011612,0.10000000149011612,0.0,0.0,0.10000000149011612,0.0,0.0,0.10000000149011612,0.0,0.0,0.0,0.10000000149011612,0.10000000149011612,0.10000000149011612,0.10000000149011612,0.10000000149011612,0.0,0.0,0.10000000149011612,0.0,-0.004729680556492366
239,0.004158325958997011,0.0,0.12755568325519562,0.12983675301074982,0.0,0.10000000149011612,0.10000000149011612,0.0,0.0,0.10000000149011612,0.0,0.0,0.10000000149011612,0.0,0.0,0.0,0.10000000149011612,0.10000000149011612,0.10000000149011612,0.10000000149011612,0.10000000149011612,0.0,0.0,0.10000000149011612,0.0,0.004944472064644989
240,0.016953637823462486,0.0,0.146671861410141,0.14603900909423828,0.0,0.10000000149011612,0.10000000149011612,0.0,0.0,0.10000000149011612,0.0,0.0,0.10000000149011612,0.0,0.0,0.0,0.10000000149011612,0.10000000149011612,0.10000000149011612,0.10000000149011612,0.10000000149011612,0.0,0.0,0.10000000149011612,0.0,0.014340351418302921
241,0.006988388951867819,0.0,0.15468524396419525,0.15312573313713074,0.0,0.10000000149011612,0.10000000149011612,0.0,0.0,0.10000000149011612,0.0,0.0,0.10000000149011612,0.0,0.0,0.0,0.10000000149011612,0.10000000149011612,0.10000000149011612,0.10000000149011612,0.10000000149011612,0.0,0.0,0.10000000149011612,0.0,0.0061836673853652435
242,-0.012533830478787422,0.0,0.14021261036396027,0.14752539992332458,0.0,0.10000000149011612,0.10000000149011612,0.0,0.0,0.10000000149011612,0.0,0.0,0.10000000149011612,0.0,0.0,0.0,0.10000000149011612,0.10000000149011612,0.10000000149011612,0.10000000149011612,0.10000000149011612,0.0,0.0,0.10000000149011612,0.0,-0.004856654441810271
243,0.00042621695320121944,5.999999848427251e-05,0.1406985968351364,0.15150032937526703,0.0,0.10000000149011612,0.10000000149011612,0.0,0.0,0.10000000149011612,0.0,0.10000000149011612,0.10000000149011612,0.0,0.0,0.0,0.10000000149011612,0.10000000149011612,0.10000000149011612,0.10000000149011612,0.0,0.0,0.0,0.10000000149011612,0.0,0.003463914134020918
244,-0.0016429438255727291,0.0,0.1388244926929474,0.150234192609787,0.0,0.10000000149011612,0.10000000149011612,0.0,0.0,0.10000000149011612,0.0,0.10000000149011612,0.10000000149011612,0.0,0.0,0.0,0.10000000149011612,0.10000000149011612,0.10000000149011612,0.10000000149011612,0.0,0.0,0.0,0.10000000149011612,0.0,-0.0010995539759567352
245,0.005925615783780813,0.0,0.1455727219581604,0.15541045367717743,0.0,0.10000000149011612,0.10000000149011612,0.0,0.0,0.10000000149011612,0.0,0.10000000149011612,0.10000000149011612,0.0,0.0,0.0,0.10000000149011612,0.10000000149011612,0.10000000149011612,0.10000000149011612,0.0,0.0,0.0,0.10000000149011612,0.0,0.004500180137790855
246,0.0021978633012622595,0.0,0.14809054136276245,0.15557792782783508,0.0,0.10000000149011612,0.10000000149011612,0.0,0.0,0.10000000149011612,0.0,0.10000000149011612,0.10000000149011612,0.0,0.0,0.0,0.10000000149011612,0.10000000149011612,0.10000000149011612,0.10000000149011612,0.0,0.0,0.0,0.10000000149011612,0.0,0.00014494775438866903
247,0.0014470398891717196,0.0,0.14975187182426453,0.1602916270494461,0.0,0.10000000149011612,0.10000000149011612,0.0,0.0,0.10000000149011612,0.0,0.10000000149011612,0.10000000149011612,0.0,0.0,0.0,0.10000000149011612,0.10000000149011612,0.10000000149011612,0.10000000149011612,0.0,0.0,0.0,0.10000000149011612,0.0,0.004079083814339857
248,0.003654234344139695,0.0,0.15395332872867584,0.16194455325603485,0.0,0.10000000149011612,0.10000000149011612,0.0,0.0,0.10000000149011612,0.0,0.10000000149011612,0.10000000149011612,0.0,0.0,0.0,0.10000000149011612,0.10000000149011612,0.10000000149011612,0.10000000149011612,0.0,0.0,0.0,0.10000000149011612,0.0,0.001424578242275265
249,-1.798211087589152e-05,0.0,0.153932586312294,0.1604882776737213,0.0,0.10000000149011612,0.10000000149011612,0.0,0.0,0.10000000149011612,0.0,0.10000000149011612,0.10000000149011612,0.0,0.0,0.0,0.10000000149011612,0.10000000149011612,0.10000000149011612,0.10000000149011612,0.0,0.0,0.0,0.10000000149011612,0.0,-0.0012533090139565939
250,0.010037332773208618,0.0,0.1655149906873703,0.16751141846179962,0.0,0.10000000149011612,0.10000000149011612,0.0,0.0,0.10000000149011612,0.0,0.10000000149011612,0.10000000149011612,0.0,0.0,0.0,0.10000000149011612,0.10000000149011612,0.10000000149011612,0.10000000149011612,0.0,0.0,0.0,0.10000000149011612,0.0,0.006051884300078081
251,-0.0067759049125015736,0.0,0.15761756896972656,0.16183674335479736,0.0,0.10000000149011612,0.10000000149011612,0.0,0.0,0.10000000149011612,0.0,0.10000000149011612,0.10000000149011612,0.0,0.0,0.0,0.10000000149011612,0.10000000149011612,0.10000000149011612,0.10000000149011612,0.0,0.0,0.0,0.10000000149011612,0.0,-0.004860487886686915
252,0.0021918918937444687,0.0,0.16015493869781494,0.16540348529815674,0.0,0.10000000149011612,0.10000000149011612,0.0,0.0,0.10000000149011612,0.0,0.10000000149011612,0.10000000149011612,0.0,0.0,0.0,0.10000000149011612,0.10000000149011612,0.10000000149011612,0.10000000149011612,0.0,0.0,0.0,0.10000000149011612,0.0,0.00306991663308942
253,-0.007200272753834724,0.0,0.15180151164531708,0.16043633222579956,0.0,0.10000000149011612,0.10000000149011612,0.0,0.0,0.10000000149011612,0.0,0.10000000149011612,0.10000000149011612,0.0,0.0,0.0,0.10000000149011612,0.10000000149011612,0.10000000149011612,0.10000000149011612,0.0,0.0,0.0,0.10000000149011612,0.0,-0.004262174547286834
254,-0.0006141935009509325,0.0,0.15109407901763916,0.16031576693058014,0.0,0.10000000149011612,0.10000000149011612,0.0,0.0,0.10000000149011612,0.0,0.10000000149011612,0.10000000149011612,0.0,0.0,0.0,0.10000000149011612,0.10000000149011612,0.10000000149011612,0.10000000149011612,0.0,0.0,0.0,0.10000000149011612,0.0,-0.00010389651881048678
255,0.004431395325809717,0.0,0.1561950296163559,0.1641029417514801,0.0,0.10000000149011612,0.10000000149011612,0.0,0.0,0.10000000149011612,0.0,0.10000000149011612,0.10000000149011612,0.0,0.0,0.0,0.10000000149011612,0.10000000149011612,0.10000000149011612,0.10000000149011612,0.0,0.0,0.0,0.10000000149011612,0.0,0.0032639173997595083
256,-0.0008609073120169342,0.0,0.15519966185092926,0.1638832688331604,0.0,0.10000000149011612,0.10000000149011612,0.0,0.0,0.10000000149011612,0.0,0.10000000149011612,0.10000000149011612,0.0,0.0,0.0,0.10000000149011612,0.10000000149011612,0.10000000149011612,0.10000000149011612,0.0,0.0,0.0,0.10000000149011612,0.0,-0.00018870574967300158
257,-0.005492739845067263,0.0,0.14885444939136505,0.1600789576768875,0.0,0.10000000149011612,0.10000000149011612,0.0,0.0,0.10000000149011612,0.0,0.10000000149011612,0.10000000149011612,0.0,0.0,0.0,0.10000000149011612,0.10000000149011612,0.10000000149011612,0.10000000149011612,0.0,0.0,0.0,0.10000000149011612,0.0,-0.0032686363470856294
258,-0.002722878009080887,0.0,0.1457262635231018,0.15956740081310272,0.0,0.10000000149011612,0.10000000149011612,0.0,0.0,0.10000000149011612,0.0,0.10000000149011612,0.10000000149011612,0.0,0.0,0.0,0.10000000149011612,0.10000000149011612,0.10000000149011612,0.10000000149011612,0.0,0.0,0.0,0.10000000149011612,0.0,-0.00044096728106268746
259,0.00014614802785217762,0.0,0.14589370787143707,0.16329440474510193,0.0,0.10000000149011612,0.10000000149011612,0.0,0.0,0.10000000149011612,0.0,0.10000000149011612,0.10000000149011612,0.0,0.0,0.0,0.10000000149011612,0.10000000149011612,0.10000000149011612,0.10000000149011612,0.0,0.0,0.0,0.10000000149011612,0.0,0.003214133071855807
260,0.0026585657615214586,5.999999848427251e-05,0.14894013106822968,0.16447407007217407,0.0,0.10000000149011612,0.0,0.10000000149011612,0.0,0.10000000149011612,0.0,0.10000000149011612,0.10000000149011612,0.0,0.0,0.0,0.10000000149011612,0.10000000149011612,0.10000000149011612,0.10000000149011612,0.0,0.0,0.0,0.10000000149011612,0.0,0.0010140728969900703
261,0.02136099897325039,0.00011999999696854502,0.17348264157772064,0.1869516223669052,0.0,0.10000000149011612,0.10000000149011612,0.0,0.0,0.10000000149011612,0.0,0.0,0.10000000149011612,0.0,0.0,0.0,0.10000000149011612,0.10000000149011612,0.10000000149011612,0.10000000149011612,0.10000000149011612,0.0,0.0,0.10000000149011612,0.0,0.019302750376689826
262,-0.015871893614530563,5.999999848427251e-05,0.15485724806785583,0.17534239590168,0.0,0.10000000149011612,0.10000000149011612,0.0,0.0,0.10000000149011612,0.0,0.10000000149011612,0.10000000149011612,0.0,0.0,0.0,0.10000000149011612,0.10000000149011612,0.10000000149011612,0.10000000149011612,0.0,0.0,0.0,0.10000000149011612,0.0,-0.009780707356947915
263,0.00772130535915494,5.999999848427251e-05,0.1637742668390274,0.18768420815467834,0.0,0.10000000149011612,0.0,0.10000000149011612,0.0,0.10000000149011612,0.0,0.10000000149011612,0.10000000149011612,0.0,0.0,0.0,0.10000000149011612,0.10000000149011612,0.10000000149011612,0.10000000149011612,0.0,0.0,0.0,0.10000000149011612,0.0,0.010500610116705777
264,0.006217767484486103,0.00011999999696854502,0.1710103452205658,0.19220833480358124,0.0,0.10000000149011612,0.10000000149011612,0.0,0.0,0.10000000149011612,0.0,0.0,0.10000000149011612,0.0,0.0,0.0,0.10000000149011612,0.10000000149011612,0.10000000149011612,0.10000000149011612,0.10000000149011612,0.0,0.0,0.10000000149011612,0.0,0.00380919996901552
265,0.0010385909117758274,5.999999848427251e-05,0.17222653329372406,0.19744671881198883,0.0,0.10000000149011612,0.10000000149011612,0.0,0.0,0.10000000149011612,0.0,0.10000000149011612,0.10000000149011612,0.0,0.0,0.0,0.10000000149011612,0.10000000149011612,0.10000000149011612,0.10000000149011612,0.0,0.0,0.0,0.10000000149011612,0.0,0.004393849510597958
266,-0.0068466211669147015,0.0,0.16420075297355652,0.18813207745552063,0.0,0.10000000149011612,0.10000000149011612,0.0,0.0,0.10000000149011612,0.0,0.10000000149011612,0.10000000149011612,0.0,0.0,0.0,0.10000000149011612,0.10000000149011612,0.10000000149011612,0.10000000149011612,0.0,0.0,0.0,0.10000000149011612,0.0,-0.007778752248542187
267,0.005035747308284044,0.0,0.17006337642669678,0.194643035531044,0.0,0.10000000149011612,0.10000000149011612,0.0,0.0,0.10000000149011612,0.0,0.10000000149011612,0.10000000149011612,0.0,0.0,0.0,0.10000000149011612,0.10000000149011612,0.10000000149011612,0.10000000149011612,0.0,0.0,0.0,0.10000000149011612,0.0,0.005479995195035059
268,8.180082659237087e-05,0.0,0.17015908658504486,0.19506235420703888,0.0,0.10000000149011612,0.10000000149011612,0.0,0.0,0.10000000149011612,0.0,0.10000000149011612,0.10000000149011612,0.0,0.0,0.0,0.10000000149011612,0.10000000149011612,0.10000000149011612,0.10000000149011612,0.0,0.0,0.0,0.10000000149011612,0.0,0.0003509991382559807
269,0.0029651818331331015,0.0,0.1736288219690323,0.19683407247066498,0.0,0.10000000149011612,0.10000000149011612,0.0,0.0,0.10000000149011612,0.0,0.10000000149011612,0.10000000149011612,0.0,0.0,0.0,0.10000000149011612,0.10000000149011612,0.10000000149011612,0.10000000149011612,0.0,0.0,0.0,0.10000000149011612,0.0,0.0014825320682130272
270,0.0052802967838943005,0.0,0.17982591688632965,0.20114320516586304,0.0,0.10000000149011612,0.10000000149011612,0.0,0.0,0.10000000149011612,0.0,0.10000000149011612,0.10000000149011612,0.0,0.0,0.0,0.10000000149011612,0.10000000149011612,0.10000000149011612,0.10000000149011612,0.0,0.0,0.0,0.10000000149011612,0.0,0.0036004428636482455
271,-0.0013225838774815202,0.0,0.1782655119895935,0.19947749376296997,0.0,0.10000000149011612,0.10000000149011612,0.0,0.0,0.10000000149011612,0.0,0.10000000149011612,0.10000000149011612,0.0,0.0,0.0,0.10000000149011612,0.10000000149011612,0.10000000149011612,0.10000000149011612,0.0,0.0,0.0,0.10000000149011612,0.0,-0.0013867716986027956
272,-0.003930679522454739,0.0,0.1736341267824173,0.1937379539012909,0.0,0.10000000149011612,0.10000000149011612,0.0,0.0,0.10000000149011612,0.0,0.10000000149011612,0.10000000149011612,0.0,0.0,0.0,0.10000000149011612,0.10000000149011612,0.10000000149011612,0.10000000149011612,0.0,0.0,0.0,0.10000000149011612,0.0,-0.0047850333928927125
273,0.003111779224127531,0.0,0.17728620767593384,0.19608822464942932,0.0,0.10000000149011612,0.10000000149011612,0.0,0.0,0.10000000149011612,0.0,0.10000000149011612,0.10000000149011612,0.0,0.0,0.0,0.10000000149011612,0.10000000149011612,0.10000000149011612,0.10000000149011612,0.0,0.0,0.0,0.10000000149011612,0.0,0.001968833059598607
274,0.0009210861171595752,0.0,0.17837059497833252,0.1990973949432373,0.0,0.10000000149011612,0.10000000149011612,0.0,0.0,0.10000000149011612,0.0,0.10000000149011612,0.10000000149011612,0.0,0.0,0.0,0.10000000149011612,0.10000000149011612,0.10000000149011612,0.10000000149011612,0.0,0.0,0.0,0.10000000149011612,0.0,0.00251584308899111
275,-0.0013493963051587343,0.0,0.17678050696849823,0.19795061647891998,0.0,0.10000000149011612,0.10000000149011612,0.0,0.0,0.10000000149011612,0.0,0.10000000149011612,0.10000000149011612,0.0,0.0,0.0,0.10000000149011612,0.10000000149011612,0.10000000149011612,0.10000000149011612,0.0,0.0,0.0,0.10000000149011612,0.0,-0.0009563680724796741
276,-0.0017040512757375836,0.0,0.17477521300315857,0.19324058294296265,0.0,0.10000000149011612,0.10000000149011612,0.0,0.0,0.10000000149011612,0.0,0.10000000149011612,0.10000000149011612,0.0,0.0,0.0,0.10000000149011612,0.10000000149011612,0.10000000149011612,0.10000000149011612,0.0,0.0,0.0,0.10000000149011612,0.0,-0.003931742653800918
277,0.009047282859683037,0.0,0.1854037344455719,0.20126792788505554,0.0,0.10000000149011612,0.10000000149011612,0.0,0.0,0.10000000149011612,0.0,0.10000000149011612,0.10000000149011612,0.0,0.0,0.0,0.10000000149011612,0.10000000149011612,0.10000000149011612,0.10000000149011612,0.0,0.0,0.0,0.10000000149011612,0.0,0.006727348245476605
278,0.004127892199903727,0.0,0.1902969479560852,0.20184166729450226,0.0,0.10000000149011612,0.10000000149011612,0.0,0.0,0.10000000149011612,0.0,0.10000000149011612,0.10000000149011612,0.0,0.0,0.0,0.10000000149011612,0.10000000149011612,0.10000000149011612,0.10000000149011612,0.0,0.0,0.0,0.10000000149011612,0.0,0.00047761152706105037
279,0.0055525172501802444,0.0,0.19690608978271484,0.20748555660247803,0.0,0.10000000149011612,0.10000000149011612,0.0,0.0,0.10000000149011612,0.0,0.10000000149011612,0.10000000149011612,0.0,0.0,0.0,0.10000000149011612,0.10000000149011612,0.10000000149011612,0.10000000149011612,0.0,0.0,0.0,0.10000000149011612,0.0,0.00469603397981766
280,0.004066598601639271,0.0,0.20177343487739563,0.21015870571136475,0.0,0.10000000149011612,0.10000000149011612,0.0,0.0,0.10000000149011612,0.0,0.10000000149011612,0.10000000149011612,0.0,0.0,0.0,0.10000000149011612,0.10000000149011612,0.10000000149011612,0.10000000149011612,0.0,0.0,0.0,0.10000000149011612,0.0,0.0022138145622281336
281,-0.00043105261283926666,0.0,0.2012554109096527,0.20301087200641632,0.0,0.10000000149011612,0.10000000149011612,0.0,0.0,0.10000000149011612,0.0,0.10000000149011612,0.10000000149011612,0.0,0.0,0.0,0.10000000149011612,0.10000000149011612,0.10000000149011612,0.10000000149011612,0.0,0.0,0.0,0.10000000149011612,0.0,-0.005906525872362067
282,-0.011161605827510357,0.0,0.18784746527671814,0.18972788751125336,0.0,0.10000000149011612,0.10000000149011612,0.0,0.0,0.10000000149011612,0.0,0.10000000149011612,0.10000000149011612,0.0,0.0,0.0,0.10000000149011612,0.10000000149011612,0.10000000149011612,0.10000000149011612,0.0,0.0,0.0,0.10000000149011612,0.0,-0.011041450085159443
283,-0.0034190781880170107,0.0,0.18378612399101257,0.1897040456533432,0.0,0.10000000149011612,0.10000000149011612,0.0,0.0,0.10000000149011612,0.0,0.10000000149011612,0.10000000149011612,0.0,0.0,0.0,0.10000000149011612,0.10000000149011612,0.10000000149011612,0.10000000149011612,0.0,0.0,0.0,0.10000000149011612,0.0,-2.003975712461248e-05
284,0.005481550469994545,0.0,0.19027510285377502,0.19748155772686005,0.0,0.10000000149011612,0.10000000149011612,0.0,0.0,0.10000000149011612,0.0,0.10000000149011612,0.10000000149011612,0.0,0.0,0.0,0.10000000149011612,0.10000000149011612,0.10000000149011612,0.10000000149011612,0.0,0.0,0.0,0.10000000149011612,0.0,0.0065373502779388915
285,0.0018421345157548785,0.0,0.19246774911880493,0.20301705598831177,0.0,0.10000000149011612,0.10000000149011612,0.0,0.0,0.10000000149011612,0.0,0.10000000149011612,0.10000000149011612,0.0,0.0,0.0,0.10000000149011612,0.10000000149011612,0.10000000149011612,0.10000000149011612,0.0,0.0,0.0,0.10000000149011612,0.0,0.00462261671232711
286,0.0013693798100575805,0.0,0.19410069286823273,0.20654533803462982,0.0,0.10000000149011612,0.10000000149011612,0.0,0.0,0.10000000149011612,0.0,0.10000000149011612,0.10000000149011612,0.0,0.0,0.0,0.10000000149011612,0.10000000149011612,0.10000000149011612,0.10000000149011612,0.0,0.0,0.0,0.10000000149011612,0.0,0.002932861199893333
287,0.0072433133609592915,0.0,0.20274993777275085,0.2146911919116974,0.0,0.10000000149011612,0.10000000149011612,0.0,0.0,0.10000000149011612,0.0,0.10000000149011612,0.10000000149011612,0.0,0.0,0.0,0.10000000149011612,0.10000000149011612,0.10000000149011612,0.10000000149011612,0.0,0.0,0.0,0.10000000149011612,0.0,0.0067513864753201425
288,-0.0032213767990469933,0.0,0.19887542724609375,0.21426373720169067,0.0,0.10000000149011612,0.10000000149011612,0.0,0.0,0.10000000149011612,0.0,0.10000000149011612,0.10000000149011612,0.0,0.0,0.0,0.10000000149011612,0.10000000149011612,0.10000000149011612,0.10000000149011612,0.0,0.0,0.0,0.10000000149011612,0.0,-0.0003519040171304777
289,0.003457397222518921,0.0,0.20302042365074158,0.21914441883563995,0.0,0.10000000149011612,0.10000000149011612,0.0,0.0,0.10000000149011612,0.0,0.10000000149011612,0.10000000149011612,0.0,0.0,0.0,0.10000000149011612,0.10000000149011612,0.10000000149011612,0.10000000149011612,0.0,0.0,0.0,0.10000000149011612,0.0,0.004019457622276512
290,0.004582148976624012,0.0,0.20853284001350403,0.22358699142932892,0.0,0.10000000149011612,0.10000000149011612,0.0,0.0,0.10000000149011612,0.0,0.10000000149011612,0.10000000149011612,0.0,0.0,0.0,0.10000000149011612,0.10000000149011612,0.10000000149011612,0.10000000149011612,0.0,0.0,0.0,0.10000000149011612,0.0,0.0036440084743463164
291,0.006336412858217955,0.0,0.21619060635566711,0.22959637641906738,0.0,0.10000000149011612,0.10000000149011612,0.0,0.0,0.10000000149011612,0.0,0.10000000149011612,0.10000000149011612,0.0,0.0,0.0,0.10000000149011612,0.10000000149011612,0.10000000149011612,0.10000000149011612,0.0,0.0,0.0,0.10000000149011612,0.0,0.004911285451571157
292,0.0010858442401513457,0.0,0.21751119196414948,0.2324356585741043,0.0,0.10000000149011612,0.10000000149011612,0.0,0.0,0.10000000149011612,0.0,0.10000000149011612,0.10000000149011612,0.0,0.0,0.0,0.10000000149011612,0.10000000149011612,0.10000000149011612,0.10000000149011612,0.0,0.0,0.0,0.10000000149011612,0.0,0.0023091172107270186
293,-0.009066355414688587,0.0,0.20647279918193817,0.2213602364063263,0.0,0.10000000149011612,0.10000000149011612,0.0,0.0,0.10000000149011612,0.0,0.10000000149011612,0.10000000149011612,0.0,0.0,0.0,0.10000000149011612,0.10000000149011612,0.10000000149011612,0.10000000149011612,0.0,0.0,0.0,0.10000000149011612,0.0,-0.008986612883784884
294,0.013258231803774834,0.0,0.22246849536895752,0.230106920003891,0.0,0.10000000149011612,0.10000000149011612,0.0,0.0,0.10000000149011612,0.0,0.10000000149011612,0.10000000149011612,0.0,0.0,0.0,0.10000000149011612,0.10000000149011612,0.10000000149011612,0.10000000149011612,0.0,0.0,0.0,0.10000000149011612,0.0,0.007161428165780581
295,0.0026012826710939407,0.0,0.22564849257469177,0.239144966006279,0.0,0.10000000149011612,0.10000000149011612,0.0,0.0,0.10000000149011612,0.0,0.10000000149011612,0.10000000149011612,0.0,0.0,0.0,0.10000000149011612,0.10000000149011612,0.10000000149011612,0.10000000149011612,0.0,0.0,0.0,0.10000000149011612,0.0,0.007347366196720051
296,0.003461294574663043,0.0,0.2298908233642578,0.2417851984500885,0.0,0.10000000149011612,0.10000000149011612,0.0,0.0,0.10000000149011612,0.0,0.10000000149011612,0.10000000149011612,0.0,0.0,0.0,0.10000000149011612,0.10000000149011612,0.10000000149011612,0.10000000149011612,0.0,0.0,0.0,0.10000000149011612,0.0,0.00213068891553414
297,0.0003846766776405275,0.0,0.23036392033100128,0.2482984960079193,0.0,0.10000000149011612,0.10000000149011612,0.0,0.0,0.10000000149011612,0.0,0.10000000149011612,0.10000000149011612,0.0,0.0,0.0,0.10000000149011612,0.10000000149011612,0.10000000149011612,0.10000000149011612,0.0,0.0,0.0,0.10000000149011612,0.0,0.005245108063745896
298,0.005514694377779961,0.0,0.23714901506900787,0.25219619274139404,0.0,0.10000000149011612,0.10000000149011612,0.0,0.0,0.10000000149011612,0.0,0.10000000149011612,0.10000000149011612,0.0,0.0,0.0,0.10000000149011612,0.10000000149011612,0.10000000149011612,0.10000000149011612,0.0,0.0,0.0,0.10000000149011612,0.0,0.0031224076180014215
299,0.0019636214710772038,0.0,0.23957830667495728,0.2529657185077667,0.0,0.10000000149011612,0.10000000149011612,0.0,0.0,0.10000000149011612,0.0,0.10000000149011612,0.10000000149011612,0.0,0.0,0.0,0.10000000149011612,0.10000000149011612,0.10000000149011612,0.10000000149011612,0.0,0.0,0.0,0.10000000149011612,0.0,0.0006145408928994733
300,0.004704867955297232,0.0,0.24541035294532776,0.2547086775302887,0.0,0.10000000149011612,0.10000000149011612,0.0,0.0,0.10000000149011612,0.0,0.10000000149011612,0.10000000149011612,0.0,0.0,0.0,0.10000000149011612,0.10000000149011612,0.10000000149011612,0.10000000149011612,0.0,0.0,0.0,0.10000000149011612,0.0,0.0013910668079553101
301,-0.01216251589357853,0.0,0.23026302456855774,0.24519725143909454,0.0,0.10000000149011612,0.10000000149011612,0.0,0.0,0.10000000149011612,0.0,0.10000000149011612,0.10000000149011612,0.0,0.0,0.0,0.10000000149011612,0.10000000149011612,0.10000000149011612,0.10000000149011612,0.0,0.0,0.0,0.10000000149011612,0.0,-0.007580585247817018
302,-0.0016644361894577742,0.0,0.22821533679962158,0.24311715364456177,0.0,0.10000000149011612,0.10000000149011612,0.0,0.0,0.10000000149011612,0.0,0.10000000149011612,0.10000000149011612,0.0,0.0,0.0,0.10000000149011612,0.10000000149011612,0.10000000149011612,0.10000000149011612,0.0,0.0,0.0,0.10000000149011612,0.0,-0.00167049661580021
303,0.00560894375666976,0.0,0.23510432243347168,0.24658215045928955,0.0,0.10000000149011612,0.10000000149011612,0.0,0.0,0.10000000149011612,0.0,0.10000000149011612,0.10000000149011612,0.0,0.0,0.0,0.10000000149011612,0.10000000149011612,0.10000000149011612,0.10000000149011612,0.0,0.0,0.0,0.10000000149011612,0.0,0.0027873453475959487
304,0.0007589223678223789,0.0,0.23604167997837067,0.2573106288909912,0.0,0.10000000149011612,0.10000000149011612,0.0,0.0,0.10000000149011612,0.0,0.10000000149011612,0.10000000149011612,0.0,0.0,0.0,0.10000000149011612,0.10000000149011612,0.10000000149011612,0.10000000149011612,0.0,0.0,0.0,0.10000000149011612,0.0,0.008606314816675953
305,0.009297078475356102,0.0,0.24753324687480927,0.25853386521339417,0.0,0.10000000149011612,0.10000000149011612,0.0,0.0,0.10000000149011612,0.0,0.10000000149011612,0.10000000149011612,0.0,0.0,0.0,0.10000000149011612,0.10000000149011612,0.10000000149011612,0.10000000149011612,0.0,0.0,0.0,0.10000000149011612,0.0,0.0009728990547721583
306,-0.007135963533073664,0.0,0.23863090574741364,0.2548464834690094,0.0,0.10000000149011612,0.10000000149011612,0.0,0.0,0.10000000149011612,0.0,0.10000000149011612,0.10000000149011612,0.0,0.0,0.0,0.10000000149011612,0.10000000149011612,0.10000000149011612,0.10000000149011612,0.0,0.0,0.0,0.10000000149011612,0.0,-0.0029299026798611516
307,0.006924581713974476,0.0,0.2472078949213028,0.2665272057056427,0.0,0.10000000149011612,0.10000000149011612,0.0,0.0,0.10000000149011612,0.0,0.10000000149011612,0.10000000149011612,0.0,0.0,0.0,0.10000000149011612,0.10000000149011612,0.10000000149011612,0.10000000149011612,0.0,0.0,0.0,0.10000000149011612,0.0,0.009308487046433056
308,0.0064703370444476604,0.0,0.25527775287628174,0.2754531800746918,0.0,0.10000000149011612,0.10000000149011612,0.0,0.0,0.10000000149011612,0.0,0.10000000149011612,0.10000000149011612,0.0,0.0,0.0,0.10000000149011612,0.10000000149011612,0.10000000149011612,0.10000000149011612,0.0,0.0,0.0,0.10000000149011612,0.0,0.007047597816168594
309,0.0006174512091092765,0.0,0.25605282187461853,0.2749212980270386,0.0,0.10000000149011612,0.10000000149011612,0.0,0.0,0.10000000149011612,0.0,0.10000000149011612,0.10000000149011612,0.0,0.0,0.0,0.10000000149011612,0.10000000149011612,0.10000000149011612,0.10000000149011612,0.0,0.0,0.0,0.10000000149011612,0.0,-0.0004170141687380724
310,-0.0028777807019650936,0.0,0.25243818759918213,0.2680295407772064,0.0,0.10000000149011612,0.10000000149011612,0.0,0.0,0.10000000149011612,0.0,0.10000000149011612,0.10000000149011612,0.0,0.0,0.0,0.10000000149011612,0.10000000149011612,0.10000000149011612,0.10000000149011612,0.0,0.0,0.0,0.10000000149011612,0.0,-0.00540563347753098
311,-0.002099165227264166,0.0,0.2498091161251068,0.26319047808647156,0.0,0.10000000149011612,0.10000000149011612,0.0,0.0,0.10000000149011612,0.0,0.10000000149011612,0.10000000149011612,0.0,0.0,0.0,0.10000000149011612,0.10000000149011612,0.10000000149011612,0.10000000149011612,0.0,0.0,0.0,0.10000000149011612,0.0,-0.003816206590714688
312,0.005646593403071165,0.0,0.2568662762641907,0.2709483206272125,0.0,0.10000000149011612,0.10000000149011612,0.0,0.0,0.10000000149011612,0.0,0.10000000149011612,0.10000000149011612,0.0,0.0,0.0,0.10000000149011612,0.10000000149011612,0.10000000149011612,0.10000000149011612,0.0,0.0,0.0,0.10000000149011612,0.0,0.00614146692468176
313,0.003552040783688426,0.0,0.2613307237625122,0.27120378613471985,0.0,0.10000000149011612,0.10000000149011612,0.0,0.0,0.10000000149011612,0.0,0.10000000149011612,0.10000000149011612,0.0,0.0,0.0,0.10000000149011612,0.10000000149011612,0.10000000149011612,0.10000000149011612,0.0,0.0,0.0,0.10000000149011612,0.0,0.00020100385150301214
314,0.009109205566346645,0.0,0.27282044291496277,0.2727290689945221,0.0,0.10000000149011612,0.10000000149011612,0.0,0.0,0.10000000149011612,0.0,0.10000000149011612,0.10000000149011612,0.0,0.0,0.0,0.10000000149011612,0.10000000149011612,0.10000000149011612,0.10000000149011612,0.0,0.0,0.0,0.10000000149011612,0.0,0.0011998728106688006
315,0.007340237498283386,0.0,0.28216323256492615,0.2721043527126312,0.0,0.10000000149011612,0.10000000149011612,0.0,0.0,0.10000000149011612,0.0,0.10000000149011612,0.10000000149011612,0.0,0.0,0.0,0.10000000149011612,0.10000000149011612,0.10000000149011612,0.10000000149011612,0.0,0.0,0.0,0.10000000149011612,0.0,-0.0004908478144405315
316,-0.0008057733648456633,0.0,0.2811301052570343,0.2746579945087433,0.0,0.10000000149011612,0.10000000149011612,0.0,0.0,0.10000000149011612,0.0,0.10000000149011612,0.10000000149011612,0.0,0.0,0.0,0.10000000149011612,0.10000000149011612,0.10000000149011612,0.10000000149011612,0.0,0.0,0.0,0.10000000149011612,0.0,0.0020074153434557207
317,0.0036356172058731318,0.0,0.28578779101371765,0.27720147371292114,0.0,0.10000000149011612,0.10000000149011612,0.0,0.0,0.10000000149011612,0.0,0.10000000149011612,0.10000000149011612,0.0,0.0,0.0,0.10000000149011612,0.10000000149011612,0.10000000149011612,0.10000000149011612,0.0,0.0,0.0,0.10000000149011612,0.0,0.001995420901241829
318,0.0004025421803817153,5.999999848427251e-05,0.28630539774894714,0.27669093012809753,0.0,0.10000000149011612,0.10000000149011612,0.0,0.0,0.10000000149011612,0.0,0.0,0.10000000149011612,0.0,0.0,0.0,0.10000000149011612,0.10000000149011612,0.10000000149011612,0.10000000149011612,0.10000000149011612,0.0,0.0,0.10000000149011612,0.0,-0.00039973613821431275
319,-0.008189677260816097,0.0,0.27577096223831177,0.2755911648273468,0.0,0.10000000149011612,0.10000000149011612,0.0,0.0,0.10000000149011612,0.0,0.0,0.10000000149011612,0.0,0.0,0.0,0.10000000149011612,0.10000000149011612,0.10000000149011612,0.10000000149011612,0.10000000149011612,0.0,0.0,0.10000000149011612,0.0,-0.000861418589885643
320,0.002088958630338311,0.0,0.27843600511550903,0.2789532542228699,0.0,0.10000000149011612,0.10000000149011612,0.0,0.0,0.10000000149011612,0.0,0.0,0.10000000149011612,0.0,0.0,0.0,0.10000000149011612,0.10000000149011612,0.10000000149011612,0.10000000149011612,0.10000000149011612,0.0,0.0,0.10000000149011612,0.0,0.0026357107890271347
321,0.012207753024995327,0.0,0.29404282569885254,0.2902979552745819,0.0,0.10000000149011612,0.10000000149011612,0.0,0.0,0.10000000149011612,0.0,0.0,0.10000000149011612,0.0,0.0,0.0,0.10000000149011612,0.10000000149011612,0.10000000149011612,0.10000000149011612,0.10000000149011612,0.0,0.0,0.10000000149011612,0.0,0.008870301564387839
322,0.0010458130855113268,0.0,0.2953961491584778,0.29600706696510315,0.0,0.10000000149011612,0.10000000149011612,0.0,0.0,0.10000000149011612,0.0,0.0,0.10000000149011612,0.0,0.0,0.0,0.10000000149011612,0.10000000149011612,0.10000000149011612,0.10000000149011612,0.10000000149011612,0.0,0.0,0.10000000149011612,0.0,0.004424646003028387
323,-0.007963965646922588,0.0,0.2850796580314636,0.28712019324302673,0.0,0.10000000149011612,0.10000000149011612,0.0,0.0,0.10000000149011612,0.0,0.0,0.10000000149011612,0.0,0.0,0.0,0.10000000149011612,0.10000000149011612,0.10000000149011612,0.10000000149011612,0.10000000149011612,0.0,0.0,0.10000000149011612,0.0,-0.0068571182585347445
324,0.0016832449473440647,0.0,0.2872427701950073,0.2967381775379181,0.0,0.10000000149011612,0.10000000149011612,0.0,0.0,0.10000000149011612,0.0,0.0,0.10000000149011612,0.0,0.0,0.0,0.10000000149011612,0.10000000149011612,0.10000000149011612,0.10000000149011612,0.10000000149011612,0.0,0.0,0.10000000149011612,0.0,0.007472483413268449
325,0.0006883048918098211,0.0,0.2881287932395935,0.2981807291507721,0.0,0.10000000149011612,0.10000000149011612,0.0,0.0,0.10000000149011612,0.0,0.0,0.10000000149011612,0.0,0.0,0.0,0.10000000149011612,0.10000000149011612,0.10000000149011612,0.10000000149011612,0.10000000149011612,0.0,0.0,0.10000000149011612,0.0,0.0011124463194203127
326,0.005161691457033157,0.0,0.29477769136428833,0.3024292588233948,0.0,0.10000000149011612,0.10000000149011612,0.0,0.0,0.10000000149011612,0.0,0.0,0.10000000149011612,0.0,0.0,0.0,0.10000000149011612,0.10000000149011612,0.10000000149011612,0.10000000149011612,0.10000000149011612,0.0,0.0,0.10000000149011612,0.0,0.003272679664103384
327,0.010805926285684109,0.0,0.30876898765563965,0.3143750727176666,0.0,0.10000000149011612,0.10000000149011612,0.0,0.0,0.10000000149011612,0.0,0.0,0.10000000149011612,0.0,0.0,0.0,0.10000000149011612,0.10000000149011612,0.10000000149011612,0.10000000149011612,0.10000000149011612,0.0,0.0,0.10000000149011612,0.0,0.009171948352161285
328,-0.0027354778721928596,0.0,0.3051888644695282,0.31255844235420227,0.0,0.10000000149011612,0.10000000149011612,0.0,0.0,0.10000000149011612,0.0,0.0,0.10000000149011612,0.0,0.0,0.0,0.10000000149011612,0.10000000149011612,0.10000000149011612,0.10000000149011612,0.10000000149011612,0.0,0.0,0.10000000149011612,0.0,-0.0013821247839920225
329,-0.005808012560009956,0.0,0.29760831594467163,0.30454134941101074,0.0,0.10000000149011612,0.10000000149011612,0.0,0.0,0.10000000149011612,0.0,0.0,0.10000000149011612,0.0,0.0,0.0,0.10000000149011612,0.10000000149011612,0.10000000149011612,0.10000000149011612,0.10000000149011612,0.0,0.0,0.10000000149011612,0.0,-0.0061079893165078
330,0.0025478436145931482,0.0,0.3009144067764282,0.30617284774780273,0.0,0.10000000149011612,0.10000000149011612,0.0,0.0,0.10000000149011612,0.0,0.0,0.10000000149011612,0.0,0.0,0.0,0.10000000149011612,0.10000000149011612,0.10000000149011612,0.10000000149011612,0.10000000149011612,0.0,0.0,0.10000000149011612,0.0,0.0012506298382406467
331,0.0023132995702326298,0.0,0.3039238154888153,0.30603715777397156,0.0,0.10000000149011612,0.10000000149011612,0.0,0.0,0.10000000149011612,0.0,0.0,0.10000000149011612,0.0,0.0,0.0,0.10000000149011612,0.10000000149011612,0.10000000149011612,0.10000000149011612,0.10000000149011612,0.0,0.0,0.10000000149011612,0.0,-0.00010388362770297199
332,0.0052674440667033195,0.0,0.3107921779155731,0.3155159652233124,0.0,0.10000000149011612,0.10000000149011612,0.0,0.0,0.10000000149011612,0.0,0.0,0.10000000149011612,0.0,0.0,0.0,0.10000000149011612,0.10000000149011612,0.10000000149011612,0.10000000149011612,0.10000000149011612,0.0,0.0,0.10000000149011612,0.0,0.007257685888123255
333,0.0003767372982110828,0.0,0.31128600239753723,0.3189835846424103,0.0,0.10000000149011612,0.10000000149011612,0.0,0.0,0.10000000149011612,0.0,0.0,0.10000000149011612,0.0,0.0,0.0,0.10000000149011612,0.10000000149011612,0.10000000149011612,0.10000000149011612,0.10000000149011612,0.0,0.0,0.10000000149011612,0.0,0.0026359386816785513
334,-0.018431903794407845,0.0,0.28711649775505066,0.3063701391220093,0.0,0.10000000149011612,0.10000000149011612,0.0,0.0,0.10000000149011612,0.0,0.0,0.10000000149011612,0.0,0.0,0.0,0.10000000149011612,0.10000000149011612,0.10000000149011612,0.10000000149011612,0.10000000149011612,0.0,0.0,0.10000000149011612,0.0,-0.009563004170230593
335,0.00022305487073026597,0.0,0.28740358352661133,0.3090677261352539,0.0,0.10000000149011612,0.10000000149011612,0.0,0.0,0.10000000149011612,0.0,0.0,0.10000000149011612,0.0,0.0,0.0,0.10000000149011612,0.10000000149011612,0.10000000149011612,0.10000000149011612,0.10000000149011612,0.0,0.0,0.10000000149011612,0.0,0.002064948464803207
336,0.006264546420425177,0.0,0.29546859860420227,0.3169395327568054,0.0,0.10000000149011612,0.10000000149011612,0.0,0.0,0.10000000149011612,0.0,0.0,0.10000000149011612,0.0,0.0,0.0,0.10000000149011612,0.10000000149011612,0.10000000149011612,0.10000000149011612,0.10000000149011612,0.0,0.0,0.10000000149011612,0.0,0.006013292104291246
337,-0.010424700565636158,0.0,0.2819637060165405,0.305438369512558,0.0,0.10000000149011612,0.10000000149011612,0.0,0.0,0.10000000149011612,0.0,0.0,0.10000000149011612,0.0,0.0,0.0,0.10000000149011612,0.10000000149011612,0.10000000149011612,0.10000000149011612,0.10000000149011612,0.0,0.0,0.10000000149011612,0.0,-0.008733250812337223
338,0.01284849550575018,0.0,0.2984350323677063,0.31775346398353577,0.0,0.10000000149011612,0.10000000149011612,0.0,0.0,0.10000000149011612,0.0,0.0,0.10000000149011612,0.0,0.0,0.0,0.10000000149011612,0.10000000149011612,0.10000000149011612,0.10000000149011612,0.10000000149011612,0.0,0.0,0.10000000149011612,0.0,0.009433685081262189
339,0.0022200061939656734,0.0,0.30131757259368896,0.31933650374412537,0.0,0.10000000149011612,0.10000000149011612,0.0,0.0,0.10000000149011612,0.0,0.0,0.10000000149011612,0.0,0.0,0.0,0.10000000149011612,0.10000000149011612,0.10000000149011612,0.10000000149011612,0.10000000149011612,0.0,0.0,0.10000000149011612,0.0,0.001201317092959231
340,-0.012857306748628616,0.0,0.2845861315727234,0.3062775731086731,0.0,0.10000000149011612,0.10000000149011612,0.0,0.0,0.10000000149011612,0.0,0.0,0.10000000149011612,0.0,0.0,0.0,0.10000000149011612,0.10000000149011612,0.10000000149011612,0.10000000149011612,0.10000000149011612,0.0,0.0,0.10000000149011612,0.0,-0.009898104538449859
341,0.00961585808545351,0.0,0.2969385087490082,0.31338563561439514,0.0,0.10000000149011612,0.10000000149011612,0.0,0.0,0.10000000149011612,0.0,0.0,0.10000000149011612,0.0,0.0,0.0,0.10000000149011612,0.10000000149011612,0.10000000149011612,0.10000000149011612,0.10000000149011612,0.0,0.0,0.10000000149011612,0.0,0.0054414640900604105
342,-0.005590598564594984,0.0,0.289687842130661,0.3088012635707855,0.0,0.10000000149011612,0.10000000149011612,0.0,0.0,0.10000000149011612,0.0,0.0,0.10000000149011612,0.0,0.0,0.0,0.10000000149011612,0.10000000149011612,0.10000000149011612,0.10000000149011612,0.10000000149011612,0.0,0.0,0.10000000149011612,0.0,-0.003490499605978359
343,0.0010768362553790212,0.0,0.2910766303539276,0.3086671829223633,0.0,0.10000000149011612,0.10000000149011612,0.0,0.0,0.10000000149011612,0.0,0.0,0.10000000149011612,0.0,0.0,0.0,0.10000000149011612,0.10000000149011612,0.10000000149011612,0.10000000149011612,0.10000000149011612,0.0,0.0,0.10000000149011612,0.0,-0.00010244538430259631
344,-0.003070484846830368,0.0,0.28711241483688354,0.29572486877441406,0.0,0.10000000149011612,0.10000000149011612,0.0,0.0,0.10000000149011612,0.0,0.0,0.10000000149011612,0.0,0.0,0.0,0.10000000149011612,0.10000000149011612,0.10000000149011612,0.10000000149011612,0.10000000149011612,0.0,0.0,0.10000000149011612,0.0,-0.009889691066484851
345,0.000932052731513977,0.0,0.28831207752227783,0.29378756880760193,0.0,0.10000000149011612,0.10000000149011612,0.0,0.0,0.10000000149011612,0.0,0.0,0.10000000149011612,0.0,0.0,0.0,0.10000000149011612,0.10000000149011612,0.10000000149011612,0.10000000149011612,0.10000000149011612,0.0,0.0,0.10000000149011612,0.0,-0.001495147630101834
346,-0.0006334931822493672,0.0,0.2874959409236908,0.29292336106300354,0.0,0.10000000149011612,0.10000000149011612,0.0,0.0,0.10000000149011612,0.0,0.0,0.10000000149011612,0.0,0.0,0.0,0.10000000149011612,0.10000000149011612,0.10000000149011612,0.10000000149011612,0.10000000149011612,0.0,0.0,0.10000000149011612,0.0,-0.0006679672655959257
347,-0.0036193178966641426,0.0,0.28283607959747314,0.2913816273212433,0.0,0.10000000149011612,0.10000000149011612,0.0,0.0,0.10000000149011612,0.0,0.0,0.10000000149011612,0.0,0.0,0.0,0.10000000149011612,0.10000000149011612,0.10000000149011612,0.10000000149011612,0.10000000149011612,0.0,0.0,0.10000000149011612,0.0,-0.0011924401617221525
348,-0.0031526752281934023,0.0,0.2787916958332062,0.2897343635559082,0.0,0.10000000149011612,0.10000000149011612,0.0,0.0,0.10000000149011612,0.0,0.0,0.10000000149011612,0.0,0.0,0.0,0.10000000149011612,0.10000000149011612,0.10000000149011612,0.10000000149011612,0.10000000149011612,0.0,0.0,0.10000000149011612,0.0,-0.0012755824695694917
349,0.006088391412049532,0.0,0.2865774929523468,0.2999056875705719,0.0,0.10000000149011612,0.10000000149011612,0.0,0.0,0.10000000149011612,0.0,0.0,0.10000000149011612,0.0,0.0,0.0,0.10000000149011612,0.10000000149011612,0.10000000149011612,0.10000000149011612,0.10000000149011612,0.0,0.0,0.10000000149011612,0.0,0.007886371257582514
350,0.001628523925319314,0.0,0.28867271542549133,0.30286428332328796,0.0,0.10000000149011612,0.10000000149011612,0.0,0.0,0.10000000149011612,0.0,0.0,0.10000000149011612,0.0,0.0,0.0,0.10000000149011612,0.10000000149011612,0.10000000149011612,0.10000000149011612,0.10000000149011612,0.0,0.0,0.10000000149011612,0.0,0.0022760080065851174
351,-0.00849916785955429,0.0,0.27772006392478943,0.2923850119113922,0.0,0.10000000149011612,0.10000000149011612,0.0,0.0,0.10000000149011612,0.0,0.0,0.10000000149011612,0.0,0.0,0.0,0.10000000149011612,0.10000000149011612,0.10000000149011612,0.10000000149011612,0.10000000149011612,0.0,0.0,0.10000000149011612,0.0,-0.00804325634375802
352,0.011408639140427113,0.0,0.2922971248626709,0.3116602301597595,0.0,0.10000000149011612,0.10000000149011612,0.0,0.0,0.10000000149011612,0.0,0.0,0.10000000149011612,0.0,0.0,0.0,0.10000000149011612,0.10000000149011612,0.10000000149011612,0.10000000149011612,0.10000000149011612,0.0,0.0,0.10000000149011612,0.0,0.01491445511261369
353,0.00455445097759366,0.0,0.29818281531333923,0.314416766166687,0.0,0.10000000149011612,0.10000000149011612,0.0,0.0,0.10000000149011612,0.0,0.0,0.10000000149011612,0.0,0.0,0.0,0.10000000149011612,0.10000000149011612,0.10000000149011612,0.10000000149011612,0.10000000149011612,0.0,0.0,0.10000000149011612,0.0,0.0021015625415370387
354,0.0019436802249401808,0.0,0.30070605874061584,0.31268611550331116,0.0,0.10000000149011612,0.10000000149011612,0.0,0.0,0.10000000149011612,0.0,0.0,0.10000000149011612,0.0,0.0,0.0,0.10000000149011612,0.10000000149011612,0.10000000149011612,0.10000000149011612,0.10000000149011612,0.0,0.0,0.10000000149011612,0.0,-0.00131666812834641
355,-0.00648149149492383,0.0,0.2922755479812622,0.2988910973072052,0.0,0.10000000149011612,0.10000000149011612,0.0,0.0,0.10000000149011612,0.0,0.0,0.10000000149011612,0.0,0.0,0.0,0.10000000149011612,0.10000000149011612,0.10000000149011612,0.10000000149011612,0.10000000149011612,0.0,0.0,0.10000000149011612,0.0,-0.010508999853949597
356,0.007348313461989164,0.0,0.3017716109752655,0.30187734961509705,0.0,0.10000000149011612,0.10000000149011612,0.0,0.0,0.10000000149011612,0.0,0.0,0.10000000149011612,0.0,0.0,0.0,0.10000000149011612,0.10000000149011612,0.10000000149011612,0.10000000149011612,0.10000000149011612,0.0,0.0,0.10000000149011612,0.0,0.0022990782784506614
357,0.008984174579381943,0.0,0.3134669363498688,0.31536373496055603,0.0,0.10000000149011612,0.10000000149011612,0.0,0.0,0.10000000149011612,0.0,0.0,0.10000000149011612,0.0,0.0,0.0,0.10000000149011612,0.10000000149011612,0.10000000149011612,0.10000000149011612,0.10000000149011612,0.0,0.0,0.10000000149011612,0.0,0.010359182721357163
358,0.005438801366835833,0.0,0.3206106126308441,0.31946977972984314,0.0,0.10000000149011612,0.10000000149011612,0.0,0.0,0.10000000149011612,0.0,0.0,0.10000000149011612,0.0,0.0,0.0,0.10000000149011612,0.10000000149011612,0.10000000149011612,0.10000000149011612,0.10000000149011612,0.0,0.0,0.10000000149011612,0.0,0.0031216040553301294
359,0.00971568375825882,0.0,0.33344125747680664,0.32974764704704285,0.0,0.10000000149011612,0.10000000149011612,0.0,0.0,0.10000000149011612,0.0,0.0,0.10000000149011612,0.0,0.0,0.0,0.10000000149011612,0.10000000149011612,0.10000000149011612,0.10000000149011612,0.10000000149011612,0.0,0.0,0.10000000149011612,0.0,0.0077893919778171394
360,0.003064314601942897,0.0,0.337527334690094,0.33020874857902527,0.0,0.10000000149011612,0.10000000149011612,0.0,0.0,0.10000000149011612,0.0,0.0,0.10000000149011612,0.0,0.0,0.0,0.10000000149011612,0.10000000149011612,0.10000000149011612,0.10000000149011612,0.10000000149011612,0.0,0.0,0.10000000149011612,0.0,0.0003467586748555629
361,0.0026635725516825914,0.0,0.3410899341106415,0.3362562358379364,0.0,0.10000000149011612,0.10000000149011612,0.0,0.0,0.10000000149011612,0.0,0.0,0.10000000149011612,0.0,0.0,0.0,0.10000000149011612,0.10000000149011612,0.10000000149011612,0.10000000149011612,0.10000000149011612,0.0,0.0,0.10000000149011612,0.0,0.00454626934710145
362,0.011551007628440857,0.0,0.3565808832645416,0.35145241022109985,0.0,0.10000000149011612,0.10000000149011612,0.0,0.0,0.10000000149011612,0.0,0.0,0.10000000149011612,0.0,0.0,0.0,0.10000000149011612,0.10000000149011612,0.10000000149011612,0.10000000149011612,0.10000000149011612,0.0,0.0,0.10000000149011612,0.0,0.011372200911477393
363,-0.0007456791936419904,0.0,0.3555693030357361,0.35137706995010376,0.0,0.10000000149011612,0.10000000149011612,0.0,0.0,0.10000000149011612,0.0,0.0,0.10000000149011612,0.0,0.0,0.0,0.10000000149011612,0.10000000149011612,0.10000000149011612,0.10000000149011612,0.10000000149011612,0.0,0.0,0.10000000149011612,0.0,-5.574763153060047e-05
364,-0.005612381733953953,0.0,0.34796133637428284,0.3487655520439148,0.0,0.10000000149011612,0.10000000149011612,0.0,0.0,0.10000000149011612,0.0,0.0,0.10000000149011612,0.0,0.0,0.0,0.10000000149011612,0.10000000149011612,0.10000000149011612,0.10000000149011612,0.10000000149011612,0.0,0.0,0.10000000149011612,0.0,-0.0019324864719550972
365,0.008622497320175171,0.0,0.35958412289619446,0.3556375205516815,0.0,0.10000000149011612,0.10000000149011612,0.0,0.0,0.10000000149011612,0.0,0.0,0.10000000149011612,0.0,0.0,0.0,0.10000000149011612,0.10000000149011612,0.10000000149011612,0.10000000149011612,0.10000000149011612,0.0,0.0,0.10000000149011612,0.0,0.005095005946254227
366,0.01664295792579651,0.0,0.3822116255760193,0.36966177821159363,0.0,0.10000000149011612,0.10000000149011612,0.0,0.0,0.10000000149011612,0.0,0.0,0.10000000149011612,0.0,0.0,0.0,0.10000000149011612,0.10000000149011612,0.10000000149011612,0.10000000149011612,0.10000000149011612,0.0,0.0,0.10000000149011612,0.0,0.01034513831854178
367,0.000990403234027326,0.0,0.38358059525489807,0.36991357803344727,0.0,0.10000000149011612,0.10000000149011612,0.0,0.0,0.10000000149011612,0.0,0.0,0.10000000149011612,0.0,0.0,0.0,0.10000000149011612,0.10000000149011612,0.10000000149011612,0.10000000149011612,0.10000000149011612,0.0,0.0,0.10000000149011612,0.0,0.00018384087652822956
368,-0.0008169707143679261,0.0,0.38245025277137756,0.3727046549320221,0.0,0.10000000149011612,0.10000000149011612,0.0,0.0,0.10000000149011612,0.0,0.0,0.10000000149011612,0.0,0.0,0.0,0.10000000149011612,0.10000000149011612,0.10000000149011612,0.10000000149011612,0.10000000149011612,0.0,0.0,0.10000000149011612,0.0,0.002037410931119865
369,0.00192659767344594,0.0,0.3851136565208435,0.36996081471443176,0.0,0.10000000149011612,0.10000000149011612,0.0,0.0,0.10000000149011612,0.0,0.0,0.10000000149011612,0.0,0.0,0.0,0.10000000149011612,0.10000000149011612,0.10000000149011612,0.10000000149011612,0.10000000149011612,0.0,0.0,0.10000000149011612,0.0,-0.001998856933814519
370,0.006040219217538834,0.0,0.3934800624847412,0.3715945780277252,0.0,0.10000000149011612,0.10000000149011612,0.0,0.0,0.10000000149011612,0.0,0.0,0.10000000149011612,0.0,0.0,0.0,0.10000000149011612,0.10000000149011612,0.10000000149011612,0.10000000149011612,0.10000000149011612,0.0,0.0,0.10000000149011612,0.0,0.0011925620760431244
371,-0.00327978003770113,0.0,0.3889097571372986,0.36715608835220337,0.0,0.10000000149011612,0.10000000149011612,0.0,0.0,0.10000000149011612,0.0,0.0,0.10000000149011612,0.0,0.0,0.0,0.10000000149011612,0.10000000149011612,0.10000000149011612,0.10000000149011612,0.10000000149011612,0.0,0.0,0.10000000149011612,0.0,-0.0032360070144810127
372,-0.007409713231027126,0.0,0.3786183297634125,0.3562849164009094,0.0,0.10000000149011612,0.10000000149011612,0.0,0.0,0.10000000149011612,0.0,0.0,0.10000000149011612,0.0,0.0,0.0,0.10000000149011612,0.10000000149011612,0.10000000149011612,0.10000000149011612,0.10000000149011612,0.0,0.0,0.10000000149011612,0.0,-0.007951668462667372
373,0.00032449947320856154,0.0,0.37906569242477417,0.35710209608078003,0.0,0.10000000149011612,0.10000000149011612,0.0,0.0,0.10000000149011612,0.0,0.0,0.10000000149011612,0.0,0.0,0.0,0.10000000149011612,0.10000000149011612,0.10000000149011612,0.10000000149011612,0.10000000149011612,0.0,0.0,0.10000000149011612,0.0,0.0006025132846267933
374,-0.007890740409493446,0.0,0.36818382143974304,0.34668418765068054,0.0,0.10000000149011612,0.10000000149011612,0.0,0.0,0.10000000149011612,0.0,0.0,0.10000000149011612,0.0,0.0,0.0,0.10000000149011612,0.10000000149011612,0.10000000149011612,0.10000000149011612,0.10000000149011612,0.0,0.0,0.10000000149011612,0.0,-0.007676584142184861
375,0.0003878059214912355,0.0,0.36871442198753357,0.3441673219203949,0.0,0.10000000149011612,0.10000000149011612,0.0,0.0,0.10000000149011612,0.0,0.0,0.10000000149011612,0.0,0.0,0.0,0.10000000149011612,0.10000000149011612,0.10000000149011612,0.10000000149011612,0.10000000149011612,0.0,0.0,0.10000000149011612,0.0,-0.0018689353846772505
376,0.0025480096228420734,0.0,0.37220191955566406,0.34930649399757385,0.0,0.10000000149011612,0.10000000149011612,0.0,0.0,0.10000000149011612,0.0,0.0,0.10000000149011612,0.0,0.0,0.0,0.10000000149011612,0.10000000149011612,0.10000000149011612,0.10000000149011612,0.10000000149011612,0.0,0.0,0.10000000149011612,0.0,0.0038233127627569363
377,0.008375149220228195,0.0,0.3836943209171295,0.3617442846298218,0.0,0.10000000149011612,0.10000000149011612,0.0,0.0,0.10000000149011612,0.0,0.0,0.10000000149011612,0.0,0.0,0.0,0.10000000149011612,0.10000000149011612,0.10000000149011612,0.10000000149011612,0.10000000149011612,0.0,0.0,0.10000000149011612,0.0,0.009217913563432711
378,0.0018905207980424166,0.0,0.3863102197647095,0.35278141498565674,0.0,0.10000000149011612,0.10000000149011612,0.0,0.0,0.10000000149011612,0.0,0.0,0.10000000149011612,0.0,0.0,0.0,0.10000000149011612,0.10000000149011612,0.10000000149011612,0.10000000149011612,0.10000000149011612,0.0,0.0,0.10000000149011612,0.0,-0.006581903625614616
379,0.009110994637012482,0.0,0.39894089102745056,0.3602186441421509,0.0,0.10000000149011612,0.10000000149011612,0.0,0.0,0.10000000149011612,0.0,0.0,0.10000000149011612,0.0,0.0,0.0,0.10000000149011612,0.10000000149011612,0.10000000149011612,0.10000000149011612,0.10000000149011612,0.0,0.0,0.10000000149011612,0.0,0.005497731617323476
380,0.0020076478831470013,0.0,0.40174946188926697,0.3616815209388733,0.0,0.10000000149011612,0.10000000149011612,0.0,0.0,0.10000000149011612,0.0,0.0,0.10000000149011612,0.0,0.0,0.0,0.10000000149011612,0.10000000149011612,0.10000000149011612,0.10000000149011612,0.10000000149011612,0.0,0.0,0.10000000149011612,0.0,0.00107547180228873
381,0.0013034992152824998,0.0,0.40357664227485657,0.36336663365364075,0.0,0.10000000149011612,0.10000000149011612,0.0,0.0,0.10000000149011612,0.0,0.0,0.10000000149011612,0.0,0.0,0.0,0.10000000149011612,0.10000000149011612,0.10000000149011612,0.10000000149011612,0.10000000149011612,0.0,0.0,0.10000000149011612,0.0,0.001237523377423555
382,-0.004325624089688063,0.0,0.3975053131580353,0.3618858754634857,0.0,0.10000000149011612,0.10000000149011612,0.0,0.0,0.10000000149011612,0.0,0.0,0.10000000149011612,0.0,0.0,0.0,0.10000000149011612,0.10000000149011612,0.10000000149011612,0.10000000149011612,0.10000000149011612,0.0,0.0,0.10000000149011612,0.0,-0.0010861041730109156
383,0.0056800516322255135,0.0,0.4054431915283203,0.3622509241104126,0.0,0.10000000149011612,0.10000000149011612,0.0,0.0,0.10000000149011612,0.0,0.0,0.10000000149011612,0.0,0.0,0.0,0.10000000149011612,0.10000000149011612,0.10000000149011612,0.10000000149011612,0.10000000149011612,0.0,0.0,0.10000000149011612,0.0,0.0002680464299569252
384,0.004899297375231981,0.0,0.41232889890670776,0.37564054131507874,0.0,0.10000000149011612,0.10000000149011612,0.0,0.0,0.10000000149011612,0.0,0.0,0.10000000149011612,0.0,0.0,0.0,0.10000000149011612,0.10000000149011612,0.10000000149011612,0.10000000149011612,0.10000000149011612,0.0,0.0,0.10000000149011612,0.0,0.009829038811927981
385,-0.009790406562387943,0.0,0.39850160479545593,0.361288845539093,0.0,0.10000000149011612,0.10000000149011612,0.0,0.0,0.10000000149011612,0.0,0.0,0.10000000149011612,0.0,0.0,0.0,0.10000000149011612,0.10000000149011612,0.10000000149011612,0.10000000149011612,0.10000000149011612,0.0,0.0,0.10000000149011612,0.0,-0.010432736856000102
386,0.0034326575696468353,0.0,0.4033021926879883,0.35948291420936584,0.0,0.10000000149011612,0.10000000149011612,0.0,0.0,0.10000000149011612,0.0,0.0,0.10000000149011612,0.0,0.0,0.0,0.10000000149011612,0.10000000149011612,0.10000000149011612,0.10000000149011612,0.10000000149011612,0.0,0.0,0.10000000149011612,0.0,-0.0013266334589056017
387,0.0010170560562983155,0.0,0.404729425907135,0.3588835895061493,0.0,0.10000000149011612,0.10000000149011612,0.0,0.0,0.10000000149011612,0.0,0.0,0.10000000149011612,0.0,0.0,0.0,0.10000000149011612,0.10000000149011612,0.10000000149011612,0.10000000149011612,0.10000000149011612,0.0,0.0,0.10000000149011612,0.0,-0.00044084754354201117
388,0.00012642105866689235,0.0,0.4049070179462433,0.3640461564064026,0.0,0.10000000149011612,0.10000000149011612,0.0,0.0,0.10000000149011612,0.0,0.0,0.10000000149011612,0.0,0.0,0.0,0.10000000149011612,0.10000000149011612,0.10000000149011612,0.10000000149011612,0.10000000149011612,0.0,0.0,0.10000000149011612,0.0,0.0037991237366619135
389,0.001331919338554144,0.0,0.4067782461643219,0.3661979138851166,0.0,0.10000000149011612,0.10000000149011612,0.0,0.0,0.10000000149011612,0.0,0.0,0.10000000149011612,0.0,0.0,0.0,0.10000000149011612,0.10000000149011612,0.10000000149011612,0.10000000149011612,0.10000000149011612,0.0,0.0,0.10000000149011612,0.0,0.0015774814280353766
390,0.008496714755892754,0.0,0.4187312424182892,0.3779405951499939,0.0,0.10000000149011612,0.10000000149011612,0.0,0.0,0.10000000149011612,0.0,0.0,0.10000000149011612,0.0,0.0,0.0,0.10000000149011612,0.10000000149011612,0.10000000149011612,0.10000000149011612,0.10000000149011612,0.0,0.0,0.10000000149011612,0.0,0.008595153854015214
391,-0.0006175284506753087,0.0,0.4178551137447357,0.3772347867488861,0.0,0.10000000149011612,0.10000000149011612,0.0,0.0,0.10000000149011612,0.0,0.0,0.10000000149011612,0.0,0.0,0.0,0.10000000149011612,0.10000000149011612,0.10000000149011612,0.10000000149011612,0.10000000149011612,0.0,0.0,0.10000000149011612,0.0,-0.0005122197601202805
392,-0.000510971003677696,0.0,0.41713064908981323,0.38019827008247375,0.0,0.10000000149011612,0.10000000149011612,0.0,0.0,0.10000000149011612,0.0,0.0,0.10000000149011612,0.0,0.0,0.0,0.10000000149011612,0.10000000149011612,0.10000000149011612,0.10000000149011612,0.10000000149011612,0.0,0.0,0.10000000149011612,0.0,0.002151763346454061
393,-0.005229674279689789,0.0,0.4097194969654083,0.3752969205379486,0.0,0.10000000149011612,0.10000000149011612,0.0,0.0,0.10000000149011612,0.0,0.0,0.10000000149011612,0.0,0.0,0.0,0.10000000149011612,0.10000000149011612,0.10000000149011612,0.10000000149011612,0.10000000149011612,0.0,0.0,0.10000000149011612,0.0,-0.0035511923545826773
394,0.01108231209218502,0.0,0.42534247040748596,0.3833604156970978,0.0,0.10000000149011612,0.10000000149011612,0.0,0.0,0.10000000149011612,0.0,0.0,0.10000000149011612,0.0,0.0,0.0,0.10000000149011612,0.10000000149011612,0.10000000149011612,0.10000000149011612,0.10000000149011612,0.0,0.0,0.10000000149011612,0.0,0.005863094026266724
395,0.003921072464436293,0.0,0.43093132972717285,0.38801130652427673,0.0,0.10000000149011612,0.10000000149011612,0.0,0.0,0.10000000149011612,0.0,0.0,0.10000000149011612,0.0,0.0,0.0,0.10000000149011612,0.10000000149011612,0.10000000149011612,0.10000000149011612,0.10000000149011612,0.0,0.0,0.10000000149011612,0.0,0.0033620239341858316
396,-0.004407821223139763,0.0,0.4246240556240082,0.38470786809921265,0.0,0.10000000149011612,0.10000000149011612,0.0,0.0,0.10000000149011612,0.0,0.0,0.10000000149011612,0.0,0.0,0.0,0.10000000149011612,0.10000000149011612,0.10000000149011612,0.10000000149011612,0.10000000149011612,0.0,0.0,0.10000000149011612,0.0,-0.0023799794782192185
397,-0.005915000569075346,0.0,0.41619738936424255,0.3792670965194702,0.0,0.10000000149011612,0.10000000149011612,0.0,0.0,0.10000000149011612,0.0,0.0,0.10000000149011612,0.0,0.0,0.0,0.10000000149011612,0.10000000149011612,0.10000000149011612,0.10000000149011612,0.10000000149011612,0.0,0.0,0.10000000149011612,0.0,-0.003929183696493976
398,0.007572539150714874,0.0,0.4269216060638428,0.3890860378742218,0.0,0.10000000149011612,0.10000000149011612,0.0,0.0,0.10000000149011612,0.0,0.0,0.10000000149011612,0.0,0.0,0.0,0.10000000149011612,0.10000000149011612,0.10000000149011612,0.10000000149011612,0.10000000149011612,0.0,0.0,0.10000000149011612,0.0,0.007118955697217322
399,0.0023186947219073772,0.0,0.43023020029067993,0.39229267835617065,0.0,0.10000000149011612,0.10000000149011612,0.0,0.0,0.10000000149011612,0.0,0.0,0.10000000149011612,0.0,0.0,0.0,0.10000000149011612,0.10000000149011612,0.10000000149011612,0.10000000149011612,0.10000000149011612,0.0,0.0,0.10000000149011612,0.0,0.0023084534683366353
400,0.011034061200916767,0.0,0.4460114538669586,0.4000920355319977,0.0,0.10000000149011612,0.10000000149011612,0.0,0.0,0.10000000149011612,0.0,0.0,0.10000000149011612,0.0,0.0,0.0,0.10000000149011612,0.10000000149011612,0.10000000149011612,0.10000000149011612,0.10000000149011612,0.0,0.0,0.10000000149011612,0.0,0.00560180865494142
401,0.0004981071688234806,0.0,0.44673171639442444,0.39725643396377563,0.0,0.10000000149011612,0.10000000149011612,0.0,0.0,0.10000000149011612,0.0,0.0,0.10000000149011612,0.0,0.0,0.0,0.10000000149011612,0.10000000149011612,0.10000000149011612,0.10000000149011612,0.10000000149011612,0.0,0.0,0.10000000149011612,0.0,-0.0020252965492690844
402,0.0025936022866517305,0.0,0.45048394799232483,0.39594852924346924,0.0,0.10000000149011612,0.10000000149011612,0.0,0.0,0.10000000149011612,0.0,0.0,0.10000000149011612,0.0,0.0,0.0,0.10000000149011612,0.10000000149011612,0.10000000149011612,0.10000000149011612,0.10000000149011612,0.0,0.0,0.10000000149011612,0.0,-0.0009360520291870067
403,0.007003335747867823,0.0,0.4606421887874603,0.4060567021369934,0.0,0.10000000149011612,0.10000000149011612,0.0,0.0,0.10000000149011612,0.0,0.0,0.10000000149011612,0.0,0.0,0.0,0.10000000149011612,0.10000000149011612,0.10000000149011612,0.10000000149011612,0.10000000149011612,0.0,0.0,0.10000000149011612,0.0,0.007241078508103849
404,-0.0016576647758483887,0.0,0.4582209289073944,0.4084611237049103,0.0,0.10000000149011612,0.10000000149011612,0.0,0.0,0.10000000149011612,0.0,0.0,0.10000000149011612,0.0,0.0,0.0,0.10000000149011612,0.10000000149011612,0.10000000149011612,0.10000000149011612,0.10000000149011612,0.0,0.0,0.10000000149011612,0.0,0.0017100459492582765
405,0.004006887320429087,0.0,0.4640638530254364,0.41721758246421814,0.0,0.10000000149011612,0.10000000149011612,0.0,0.0,0.10000000149011612,0.0,0.0,0.10000000149011612,0.0,0.0,0.0,0.10000000149011612,0.10000000149011612,0.10000000149011612,0.10000000149011612,0.10000000149011612,0.0,0.0,0.10000000149011612,0.0,0.006217039726502449
406,3.802901119343005e-05,0.0,0.4641195237636566,0.4232575297355652,0.0,0.10000000149011612,0.10000000149011612,0.0,0.0,0.10000000149011612,0.0,0.0,0.10000000149011612,0.0,0.0,0.0,0.10000000149011612,0.10000000149011612,0.10000000149011612,0.10000000149011612,0.10000000149011612,0.0,0.0,0.10000000149011612,0.0,0.0042618348417926555
407,-0.0017782369395717978,0.0,0.46151599287986755,0.4286918044090271,0.0,0.10000000149011612,0.10000000149011612,0.0,0.0,0.10000000149011612,0.0,0.0,0.10000000149011612,0.0,0.0,0.0,0.10000000149011612,0.10000000149011612,0.10000000149011612,0.10000000149011612,0.10000000149011612,0.0,0.0,0.10000000149011612,0.0,0.00381819492251112
408,0.0012744641862809658,0.0,0.4633786380290985,0.43295103311538696,0.0,0.10000000149011612,0.10000000149011612,0.0,0.0,0.10000000149011612,0.0,0.0,0.10000000149011612,0.0,0.0,0.0,0.10000000149011612,0.10000000149011612,0.10000000149011612,0.10000000149011612,0.10000000149011612,0.0,0.0,0.10000000149011612,0.0,0.0029812088885898813
409,-0.01246135588735342,0.0,0.4451429545879364,0.4198250472545624,0.0,0.10000000149011612,0.10000000149011612,0.0,0.0,0.10000000149011612,0.0,0.0,0.10000000149011612,0.0,0.0,0.0,0.10000000149011612,0.10000000149011612,0.10000000149011612,0.10000000149011612,0.10000000149011612,0.0,0.0,0.10000000149011612,0.0,-0.00916010774791609
410,0.004255830310285091,0.0,0.4512932300567627,0.41598838567733765,0.0,0.10000000149011612,0.10000000149011612,0.0,0.0,0.10000000149011612,0.0,0.0,0.10000000149011612,0.0,0.0,0.0,0.10000000149011612,0.10000000149011612,0.10000000149011612,0.10000000149011612,0.10000000149011612,0.0,0.0,0.10000000149011612,0.0,-0.0027022072787372675
411,-0.0007999728550203145,0.0,0.45013225078582764,0.4142211973667145,0.0,0.10000000149011612,0.10000000149011612,0.0,0.0,0.10000000149011612,0.0,0.0,0.10000000149011612,0.0,0.0,0.0,0.10000000149011612,0.10000000149011612,0.10000000149011612,0.10000000149011612,0.10000000149011612,0.0,0.0,0.10000000149011612,0.0,-0.0012480245802142242
412,-0.00101086450740695,0.0,0.44866636395454407,0.40341484546661377,0.0,0.10000000149011612,0.10000000149011612,0.0,0.0,0.10000000149011612,0.0,0.0,0.10000000149011612,0.0,0.0,0.0,0.10000000149011612,0.10000000149011612,0.10000000149011612,0.10000000149011612,0.10000000149011612,0.0,0.0,0.10000000149011612,0.0,-0.0076412034554581565
413,-0.0035669864155352116,0.0,0.44349896907806396,0.39626505970954895,0.0,0.10000000149011612,0.10000000149011612,0.0,0.0,0.10000000149011612,0.0,0.0,0.10000000149011612,0.0,0.0,0.0,0.10000000149011612,0.10000000149011612,0.10000000149011612,0.10000000149011612,0.10000000149011612,0.0,0.0,0.10000000149011612,0.0,-0.0050945632933557805
414,-0.012221470475196838,0.0,0.4258573055267334,0.39187294244766235,0.0,0.10000000149011612,0.10000000149011612,0.0,0.0,0.10000000149011612,0.0,0.0,0.10000000149011612,0.0,0.0,0.0,0.10000000149011612,0.10000000149011612,0.10000000149011612,0.10000000149011612,0.10000000149011612,0.0,0.0,0.10000000149011612,0.0,-0.0031456185423706096
415,0.009649409912526608,0.0,0.43961599469184875,0.40382158756256104,0.0,0.10000000149011612,0.10000000149011612,0.0,0.0,0.10000000149011612,0.0,0.0,0.10000000149011612,0.0,0.0,0.0,0.10000000149011612,0.10000000149011612,0.10000000149011612,0.10000000149011612,0.10000000149011612,0.0,0.0,0.10000000149011612,0.0,0.00858458035248999
416,-0.0021264704409986734,0.0,0.4365546703338623,0.4020516872406006,0.0,0.10000000149011612,0.10000000149011612,0.0,0.0,0.10000000149011612,0.0,0.0,0.10000000149011612,0.0,0.0,0.0,0.10000000149011612,0.10000000149011612,0.10000000149011612,0.10000000149011612,0.10000000149011612,0.0,0.0,0.10000000149011612,0.0,-0.001260772976880542
417,-0.0022642379626631737,0.0,0.43330198526382446,0.40972012281417847,0.0,0.10000000149011612,0.10000000149011612,0.0,0.0,0.10000000149011612,0.0,0.0,0.10000000149011612,0.0,0.0,0.0,0.10000000149011612,0.10000000149011612,0.10000000149011612,0.10000000149011612,0.10000000149011612,0.0,0.0,0.10000000149011612,0.0,0.00546943856875215
418,0.011914687231183052,0.0,0.45037931203842163,0.4170808792114258,0.0,0.10000000149011612,0.10000000149011612,0.0,0.0,0.10000000149011612,0.0,0.0,0.10000000149011612,0.0,0.0,0.0,0.10000000149011612,0.10000000149011612,0.10000000149011612,0.10000000149011612,0.10000000149011612,0.0,0.0,0.10000000149011612,0.0,0.005221431033099799
419,-0.0024844070430845022,0.0,0.44677600264549255,0.39457687735557556,0.0,0.10000000149011612,0.10000000149011612,0.0,0.0,0.10000000149011612,0.0,0.0,0.10000000149011612,0.0,0.0,0.0,0.10000000149011612,0.10000000149011612,0.10000000149011612,0.10000000149011612,0.10000000149011612,0.0,0.0,0.10000000149011612,0.0,-0.015880534545334668
420,-0.026169566437602043,0.0,0.4089144766330719,0.35222429037094116,0.0,0.10000000149011612,0.10000000149011612,0.0,0.0,0.10000000149011612,0.0,0.0,0.10000000149011612,0.0,0.0,0.0,0.10000000149011612,0.10000000149011612,0.10000000149011612,0.10000000149011612,0.10000000149011612,0.0,0.0,0.10000000149011612,0.0,-0.030369488891099472
421,0.00342749385163188,0.0,0.4137435257434845,0.3559742569923401,0.0,0.10000000149011612,0.10000000149011612,0.0,0.0,0.10000000149011612,0.0,0.0,0.10000000149011612,0.0,0.0,0.0,0.10000000149011612,0.10000000149011612,0.10000000149011612,0.10000000149011612,0.10000000149011612,0.0,0.0,0.10000000149011612,0.0,0.0027731838927180785
422,0.008229093626141548,0.0,0.42537736892700195,0.3749079704284668,0.0,0.10000000149011612,0.10000000149011612,0.0,0.0,0.10000000149011612,0.0,0.0,0.10000000149011612,0.0,0.0,0.0,0.10000000149011612,0.10000000149011612,0.10000000149011612,0.10000000149011612,0.10000000149011612,0.0,0.0,0.10000000149011612,0.0,0.013963180597634128
423,0.00683719664812088,0.0,0.43512293696403503,0.378356009721756,0.0,0.10000000149011612,0.10000000149011612,0.0,0.0,0.10000000149011612,0.0,0.0,0.10000000149011612,0.0,0.0,0.0,0.10000000149011612,0.10000000149011612,0.10000000149011612,0.10000000149011612,0.10000000149011612,0.0,0.0,0.10000000149011612,0.0,0.002507832791321052
424,0.00531811872497201,0.0,0.4427551031112671,0.3876497447490692,0.0,0.10000000149011612,0.10000000149011612,0.0,0.0,0.10000000149011612,0.0,0.0,0.10000000149011612,0.0,0.0,0.0,0.10000000149011612,0.10000000149011612,0.10000000149011612,0.10000000149011612,0.10000000149011612,0.0,0.0,0.10000000149011612,0.0,0.006742623068179077
425,0.007996018044650555,0.0,0.4542914032936096,0.399564653635025,0.0,0.10000000149011612,0.10000000149011612,0.0,0.0,0.10000000149011612,0.0,0.0,0.10000000149011612,0.0,0.0,0.0,0.10000000149011612,0.10000000149011612,0.10000000149011612,0.10000000149011612,0.10000000149011612,0.0,0.0,0.10000000149011612,0.0,0.008586395040277583
426,0.004583395551890135,0.0,0.46095699071884155,0.4017910063266754,0.0,0.10000000149011612,0.10000000149011612,0.0,0.0,0.10000000149011612,0.0,0.0,0.10000000149011612,0.0,0.0,0.0,0.10000000149011612,0.10000000149011612,0.10000000149011612,0.10000000149011612,0.10000000149011612,0.0,0.0,0.10000000149011612,0.0,0.001590746583852276
427,0.003000978147611022,0.0,0.4653412997722626,0.40489545464515686,0.0,0.10000000149011612,0.10000000149011612,0.0,0.0,0.10000000149011612,0.0,0.0,0.10000000149011612,0.0,0.0,0.0,0.10000000149011612,0.10000000149011612,0.10000000149011612,0.10000000149011612,0.10000000149011612,0.0,0.0,0.10000000149011612,0.0,0.0022146299301895045
428,0.017106760293245316,0.0,0.4904085397720337,0.4241549074649811,0.0,0.10000000149011612,0.10000000149011612,0.0,0.0,0.10000000149011612,0.0,0.0,0.10000000149011612,0.0,0.0,0.0,0.10000000149011612,0.10000000149011612,0.10000000149011612,0.10000000149011612,0.10000000149011612,0.0,0.0,0.10000000149011612,0.0,0.013708815667489382
429,-0.0012633209116756916,0.0,0.4885256588459015,0.42474597692489624,0.0,0.10000000149011612,0.10000000149011612,0.0,0.0,0.10000000149011612,0.0,0.0,0.10000000149011612,0.0,0.0,0.0,0.10000000149011612,0.10000000149011612,0.10000000149011612,0.10000000149011612,0.10000000149011612,0.0,0.0,0.10000000149011612,0.0,0.00041503171938450656
430,0.0012995073338970542,0.0,0.49046000838279724,0.4303695261478424,0.0,0.10000000149011612,0.10000000149011612,0.0,0.0,0.10000000149011612,0.0,0.0,0.10000000149011612,0.0,0.0,0.0,0.10000000149011612,0.10000000149011612,0.10000000149011612,0.10000000149011612,0.10000000149011612,0.0,0.0,0.10000000149011612,0.0,0.003947053940860146
431,0.0058523681946098804,0.0,0.49918273091316223,0.4366114139556885,0.0,0.10000000149011612,0.10000000149011612,0.0,0.0,0.10000000149011612,0.0,0.0,0.10000000149011612,0.0,0.0,0.0,0.10000000149011612,0.10000000149011612,0.10000000149011612,0.10000000149011612,0.10000000149011612,0.0,0.0,0.10000000149011612,0.0,0.004363828852433915
432,0.006765017285943031,0.0,0.5093247294425964,0.4388677179813385,0.0,0.10000000149011612,0.10000000149011612,0.0,0.0,0.10000000149011612,0.0,0.0,0.10000000149011612,0.0,0.0,0.0,0.10000000149011612,0.10000000149011612,0.10000000149011612,0.10000000149011612,0.10000000149011612,0.0,0.0,0.10000000149011612,0.0,0.0015705736455464692
433,0.0011423461837694049,0.0,0.5110489130020142,0.4385872185230255,0.0,0.10000000149011612,0.10000000149011612,0.0,0.0,0.10000000149011612,0.0,0.0,0.10000000149011612,0.0,0.0,0.0,0.10000000149011612,0.10000000149011612,0.10000000149011612,0.10000000149011612,0.10000000149011612,0.0,0.0,0.10000000149011612,0.0,-0.00019494457677216026
434,-0.0025415210984647274,0.0,0.507208526134491,0.439197838306427,0.0,0.10000000149011612,0.10000000149011612,0.0,0.0,0.10000000149011612,0.0,0.0,0.10000000149011612,0.0,0.0,0.0,0.10000000149011612,0.10000000149011612,0.10000000149011612,0.10000000149011612,0.10000000149011612,0.0,0.0,0.10000000149011612,0.0,0.000424457951203161
435,0.004515073727816343,0.0,0.5140137076377869,0.4502613842487335,0.0,0.10000000149011612,0.10000000149011612,0.0,0.0,0.10000000149011612,0.0,0.0,0.10000000149011612,0.0,0.0,0.0,0.10000000149011612,0.10000000149011612,0.10000000149011612,0.10000000149011612,0.10000000149011612,0.0,0.0,0.10000000149011612,0.0,0.0076873002778585775
436,-0.00136845326051116,0.0,0.5119418501853943,0.45102930068969727,0.0,0.10000000149011612,0.10000000149011612,0.0,0.0,0.10000000149011612,0.0,0.0,0.10000000149011612,0.0,0.0,0.0,0.10000000149011612,0.10000000149011612,0.10000000149011612,0.10000000149011612,0.10000000149011612,0.0,0.0,0.10000000149011612,0.0,0.0005295020947975182
437,0.0025862997863441706,0.0,0.515852153301239,0.4519699513912201,0.0,0.10000000149011612,0.10000000149011612,0.0,0.0,0.10000000149011612,0.0,0.0,0.10000000149011612,0.0,0.0,0.0,0.10000000149011612,0.10000000149011612,0.10000000149011612,0.10000000149011612,0.10000000149011612,0.0,0.0,0.10000000149011612,0.0,0.0006482644430927387
438,-0.0035083540715277195,0.0,0.5105340480804443,0.453220009803772,0.0,0.10000000149011612,0.10000000149011612,0.0,0.0,0.10000000149011612,0.0,0.0,0.10000000149011612,0.0,0.0,0.0,0.10000000149011612,0.10000000149011612,0.10000000149011612,0.10000000149011612,0.10000000149011612,0.0,0.0,0.10000000149011612,0.0,0.000860939588559706
439,0.0003335527144372463,0.0,0.5110378861427307,0.45421451330184937,0.0,0.10000000149011612,0.10000000149011612,0.0,0.0,0.10000000149011612,0.0,0.0,0.10000000149011612,0.0,0.0,0.0,0.10000000149011612,0.10000000149011612,0.10000000149011612,0.10000000149011612,0.10000000149011612,0.0,0.0,0.10000000149011612,0.0,0.0006843447594777619
440,0.007562544196844101,0.0,0.522465169429779,0.4580850303173065,0.0,0.10000000149011612,0.10000000149011612,0.0,0.0,0.10000000149011612,0.0,0.0,0.10000000149011612,0.0,0.0,0.0,0.10000000149011612,0.10000000149011612,0.10000000149011612,0.10000000149011612,0.10000000149011612,0.0,0.0,0.10000000149011612,0.0,0.0026615860177801043
441,-0.0016515443567186594,0.0,0.5199507474899292,0.44974735379219055,0.0,0.10000000149011612,0.10000000149011612,0.0,0.0,0.10000000149011612,0.0,0.0,0.10000000149011612,0.0,0.0,0.0,0.10000000149011612,0.10000000149011612,0.10000000149011612,0.10000000149011612,0.10000000149011612,0.0,0.0,0.10000000149011612,0.0,-0.005718237518220426
442,0.0075247446075081825,0.0,0.531387984752655,0.4533783793449402,0.0,0.10000000149011612,0.10000000149011612,0.0,0.0,0.10000000149011612,0.0,0.0,0.10000000149011612,0.0,0.0,0.0,0.10000000149011612,0.10000000149011612,0.10000000149011612,0.10000000149011612,0.10000000149011612,0.0,0.0,0.10000000149011612,0.0,0.002504591950626356
443,-0.0044088163413107395,0.0,0.5246363878250122,0.44312039017677307,0.0,0.10000000149011612,0.10000000149011612,0.0,0.0,0.10000000149011612,0.0,0.0,0.10000000149011612,0.0,0.0,0.0,0.10000000149011612,0.10000000149011612,0.10000000149011612,0.10000000149011612,0.10000000149011612,0.0,0.0,0.10000000149011612,0.0,-0.00705803066424493
444,-0.0036251198034733534,0.0,0.5191093683242798,0.43424972891807556,0.0,0.10000000149011612,0.10000000149011612,0.0,0.0,0.10000000149011612,0.0,0.0,0.10000000149011612,0.0,0.0,0.0,0.10000000149011612,0.10000000149011612,0.10000000149011612,0.10000000149011612,0.10000000149011612,0.0,0.0,0.10000000149011612,0.0,-0.006146861564065964
445,0.0071947830729186535,0.0,0.5300390720367432,0.44276368618011475,0.0,0.10000000149011612,0.10000000149011612,0.0,0.0,0.10000000149011612,0.0,0.0,0.10000000149011612,0.0,0.0,0.0,0.10000000149011612,0.10000000149011612,0.10000000149011612,0.10000000149011612,0.10000000149011612,0.0,0.0,0.10000000149011612,0.0,0.0059361749145747655
446,0.004504145123064518,0.0,0.5369305610656738,0.4366970658302307,0.0,0.10000000149011612,0.10000000149011612,0.0,0.0,0.10000000149011612,0.0,0.0,0.10000000149011612,0.0,0.0,0.0,0.10000000149011612,0.10000000149011612,0.10000000149011612,0.10000000149011612,0.10000000149011612,0.0,0.0,0.10000000149011612,0.0,-0.0042048607183523545
447,0.008331920951604843,0.0,0.5497361421585083,0.4448535740375519,0.0,0.10000000149011612,0.10000000149011612,0.0,0.0,0.10000000149011612,0.0,0.0,0.10000000149011612,0.0,0.0,0.0,0.10000000149011612,0.10000000149011612,0.10000000149011612,0.10000000149011612,0.10000000149011612,0.0,0.0,0.10000000149011612,0.0,0.005677263774884755
448,0.007346535101532936,0.0,0.5611213445663452,0.4554010033607483,0.0,0.10000000149011612,0.10000000149011612,0.0,0.0,0.10000000149011612,0.0,0.0,0.10000000149011612,0.0,0.0,0.0,0.10000000149011612,0.10000000149011612,0.10000000149011612,0.10000000149011612,0.10000000149011612,0.0,0.0,0.10000000149011612,0.0,0.007299998776846506
449,0.005719235632568598,0.0,0.5700497627258301,0.46199896931648254,0.0,0.10000000149011612,0.10000000149011612,0.0,0.0,0.10000000149011612,0.0,0.0,0.10000000149011612,0.0,0.0,0.0,0.10000000149011612,0.10000000149011612,0.10000000149011612,0.10000000149011612,0.10000000149011612,0.0,0.0,0.10000000149011612,0.0,0.004533435074250081
450,-0.0012730706948786974,0.0,0.5680509805679321,0.46503591537475586,0.0,0.10000000149011612,0.10000000149011612,0.0,0.0,0.10000000149011612,0.0,0.0,0.10000000149011612,0.0,0.0,0.0,0.10000000149011612,0.10000000149011612,0.10000000149011612,0.10000000149011612,0.10000000149011612,0.0,0.0,0.10000000149011612,0.0,0.002077255950250878
451,-0.00870240293443203,0.0,0.554405152797699,0.4641479253768921,0.0,0.10000000149011612,0.10000000149011612,0.0,0.0,0.10000000149011612,0.0,0.0,0.10000000149011612,0.0,0.0,0.0,0.10000000149011612,0.10000000149011612,0.10000000149011612,0.10000000149011612,0.10000000149011612,0.0,0.0,0.10000000149011612,0.0,-0.0006061216578684414
452,0.0019986133556813,0.0,0.5575118064880371,0.4739963412284851,0.0,0.10000000149011612,0.10000000149011612,0.0,0.0,0.10000000149011612,0.0,0.0,0.10000000149011612,0.0,0.0,0.0,0.10000000149011612,0.10000000149011612,0.10000000149011612,0.10000000149011612,0.10000000149011612,0.0,0.0,0.10000000149011612,0.0,0.006726380361504747
453,-0.005439456086605787,0.0,0.5490397810935974,0.46826109290122986,0.0,0.10000000149011612,0.10000000149011612,0.0,0.0,0.10000000149011612,0.0,0.0,0.10000000149011612,0.0,0.0,0.0,0.10000000149011612,0.10000000149011612,0.10000000149011612,0.10000000149011612,0.10000000149011612,0.0,0.0,0.10000000149011612,0.0,-0.0038909515355209923
454,0.008302804082632065,0.0,0.5619011521339417,0.4754541218280792,0.0,0.10000000149011612,0.10000000149011612,0.0,0.0,0.10000000149011612,0.0,0.0,0.10000000149011612,0.0,0.0,0.0,0.10000000149011612,0.10000000149011612,0.10000000149011612,0.10000000149011612,0.10000000149011612,0.0,0.0,0.10000000149011612,0.0,0.0048990121454735025
455,0.0019640496466308832,0.0,0.5649688243865967,0.4812503755092621,0.0,0.10000000149011612,0.10000000149011612,0.0,0.0,0.10000000149011612,0.0,0.0,0.10000000149011612,0.0,0.0,0.0,0.10000000149011612,0.10000000149011612,0.10000000149011612,0.10000000149011612,0.10000000149011612,0.0,0.0,0.10000000149011612,0.0,0.003928454023362837
456,0.004130159039050341,0.0,0.5714324116706848,0.4820522964000702,0.0,0.10000000149011612,0.10000000149011612,0.0,0.0,0.10000000149011612,0.0,0.0,0.10000000149011612,0.0,0.0,0.0,0.10000000149011612,0.10000000149011612,0.10000000149011612,0.10000000149011612,0.10000000149011612,0.0,0.0,0.10000000149011612,0.0,0.0005413810548620113
457,-0.003043986624106765,0.0,0.5666489601135254,0.4732733964920044,0.0,0.10000000149011612,0.10000000149011612,0.0,0.0,0.10000000149011612,0.0,0.0,0.10000000149011612,0.0,0.0,0.0,0.10000000149011612,0.10000000149011612,0.10000000149011612,0.10000000149011612,0.10000000149011612,0.0,0.0,0.10000000149011612,0.0,-0.0059234751225647475
458,-0.007600422482937574,0.0,0.5547417998313904,0.47092393040657043,0.0,0.10000000149011612,0.10000000149011612,0.0,0.0,0.10000000149011612,0.0,0.0,0.10000000149011612,0.0,0.0,0.0,0.10000000149011612,0.10000000149011612,0.10000000149011612,0.10000000149011612,0.10000000149011612,0.0,0.0,0.10000000149011612,0.0,-0.0015947251141765761
459,-0.0060373516753315926,0.0,0.5453552603721619,0.4690939784049988,0.0,0.10000000149011612,0.10000000149011612,0.0,0.0,0.10000000149011612,0.0,0.0,0.10000000149011612,0.0,0.0,0.0,0.10000000149011612,0.10000000149011612,0.10000000149011612,0.10000000149011612,0.10000000149011612,0.0,0.0,0.10000000149011612,0.0,-0.0012440833708279309
460,0.0034509969409555197,0.0,0.5506882667541504,0.4755348861217499,0.0,0.10000000149011612,0.10000000149011612,0.0,0.0,0.10000000149011612,0.0,0.0,0.10000000149011612,0.0,0.0,0.0,0.10000000149011612,0.10000000149011612,0.10000000149011612,0.10000000149011612,0.10000000149011612,0.0,0.0,0.10000000149011612,0.0,0.004384272082950114
461,-0.0009619307238608599,0.0,0.5491966009140015,0.4803639352321625,0.0,0.10000000149011612,0.10000000149011612,0.0,0.0,0.10000000149011612,0.0,0.0,0.10000000149011612,0.0,0.0,0.0,0.10000000149011612,0.10000000149011612,0.10000000149011612,0.10000000149011612,0.10000000149011612,0.0,0.0,0.10000000149011612,0.0,0.003272744789589499
462,-0.003408098826184869,0.0,0.5439168214797974,0.4748179614543915,0.0,0.10000000149011612,0.10000000149011612,0.0,0.0,0.10000000149011612,0.0,0.0,0.10000000149011612,0.0,0.0,0.0,0.10000000149011612,0.10000000149011612,0.10000000149011612,0.10000000149011612,0.10000000149011612,0.0,0.0,0.10000000149011612,0.0,-0.0037463583418770874
463,-0.004787086043506861,0.0,0.5365259647369385,0.4781200587749481,0.0,0.10000000149011612,0.10000000149011612,0.0,0.0,0.10000000149011612,0.0,0.0,0.10000000149011612,0.0,0.0,0.0,0.10000000149011612,0.10000000149011612,0.10000000149011612,0.10000000149011612,0.10000000149011612,0.0,0.0,0.10000000149011612,0.0,0.0022389863744949334
464,-0.0023825059179216623,0.0,0.5328651666641235,0.4760071337223053,0.0,0.10000000149011612,0.10000000149011612,0.0,0.0,0.10000000149011612,0.0,0.0,0.10000000149011612,0.0,0.0,0.0,0.10000000149011612,0.10000000149011612,0.10000000149011612,0.10000000149011612,0.10000000149011612,0.0,0.0,0.10000000149011612,0.0,-0.0014294678162977137
465,-0.006833857856690884,0.0,0.5223897695541382,0.4651964008808136,0.0,0.10000000149011612,0.10000000149011612,0.0,0.0,0.10000000149011612,0.0,0.0,0.10000000149011612,0.0,0.0,0.0,0.10000000149011612,0.10000000149011612,0.10000000149011612,0.10000000149011612,0.10000000149011612,0.0,0.0,0.10000000149011612,0.0,-0.007324309344107549
466,0.0026838628109544516,0.0,0.5264756679534912,0.46145540475845337,0.0,0.10000000149011612,0.10000000149011612,0.0,0.0,0.10000000149011612,0.0,0.0,0.10000000149011612,0.0,0.0,0.0,0.10000000149011612,0.10000000149011612,0.10000000149011612,0.10000000149011612,0.10000000149011612,0.0,0.0,0.10000000149011612,0.0,-0.002553238678522085
467,0.008546200580894947,0.0,0.5395212173461914,0.4755780100822449,0.0,0.10000000149011612,0.10000000149011612,0.0,0.0,0.10000000149011612,0.0,0.0,0.10000000149011612,0.0,0.0,0.0,0.10000000149011612,0.10000000149011612,0.10000000149011612,0.10000000149011612,0.10000000149011612,0.0,0.0,0.10000000149011612,0.0,0.00966338437547165
468,-0.0014625401236116886,0.0,0.537269651889801,0.4771760404109955,0.0,0.10000000149011612,0.10000000149011612,0.0,0.0,0.10000000149011612,0.0,0.0,0.10000000149011612,0.0,0.0,0.0,0.10000000149011612,0.10000000149011612,0.10000000149011612,0.10000000149011612,0.10000000149011612,0.0,0.0,0.10000000149011612,0.0,0.001082986001303743
469,0.006618034094572067,0.0,0.5474433302879333,0.48627084493637085,0.0,0.10000000149011612,0.10000000149011612,0.0,0.0,0.10000000149011612,0.0,0.0,0.10000000149011612,0.0,0.0,0.0,0.10000000149011612,0.10000000149011612,0.10000000149011612,0.10000000149011612,0.10000000149011612,0.0,0.0,0.10000000149011612,0.0,0.006156886028861441
470,-0.003181823529303074,0.0,0.5425196290016174,0.4843788146972656,0.0,0.10000000149011612,0.10000000149011612,0.0,0.0,0.10000000149011612,0.0,0.0,0.10000000149011612,0.0,0.0,0.0,0.10000000149011612,0.10000000149011612,0.10000000149011612,0.10000000149011612,0.10000000149011612,0.0,0.0,0.10000000149011612,0.0,-0.0012730050149010186
471,0.0006859664572402835,0.0,0.5435777306556702,0.4822404384613037,0.0,0.10000000149011612,0.10000000149011612,0.0,0.0,0.10000000149011612,0.0,0.0,0.10000000149011612,0.0,0.0,0.0,0.10000000149011612,0.10000000149011612,0.10000000149011612,0.10000000149011612,0.10000000149011612,0.0,0.0,0.10000000149011612,0.0,-0.0014405866041667936
472,0.004862065892666578,0.0,0.5510827302932739,0.49334055185317993,0.0,0.10000000149011612,0.10000000149011612,0.0,0.0,0.10000000149011612,0.0,0.0,0.10000000149011612,0.0,0.0,0.0,0.10000000149011612,0.10000000149011612,0.10000000149011612,0.10000000149011612,0.10000000149011612,0.0,0.0,0.10000000149011612,0.0,0.007488740088213541
473,-0.002442200668156147,0.0,0.5472946763038635,0.4911837577819824,0.0,0.10000000149011612,0.10000000149011612,0.0,0.0,0.10000000149011612,0.0,0.0,0.10000000149011612,0.0,0.0,0.0,0.10000000149011612,0.10000000149011612,0.10000000149011612,0.10000000149011612,0.10000000149011612,0.0,0.0,0.10000000149011612,0.0,-0.0014442747627264607
474,0.0037776713725179434,0.0,0.553139865398407,0.4942200779914856,0.0,0.10000000149011612,0.10000000149011612,0.0,0.0,0.10000000149011612,0.0,0.0,0.10000000149011612,0.0,0.0,0.0,0.10000000149011612,0.10000000149011612,0.10000000149011612,0.10000000149011612,0.10000000149011612,0.0,0.0,0.10000000149011612,0.0,0.0020361811169533617
475,-0.00684829568490386,0.0,0.5425034761428833,0.4852224588394165,0.0,0.10000000149011612,0.10000000149011612,0.0,0.0,0.10000000149011612,0.0,0.0,0.10000000149011612,0.0,0.0,0.0,0.10000000149011612,0.10000000149011612,0.10000000149011612,0.10000000149011612,0.10000000149011612,0.0,0.0,0.10000000149011612,0.0,-0.006021615747637155
476,0.009064512327313423,0.0,0.5564855337142944,0.4911820888519287,0.0,0.10000000149011612,0.10000000149011612,0.0,0.0,0.10000000149011612,0.0,0.0,0.10000000149011612,0.0,0.0,0.0,0.10000000149011612,0.10000000149011612,0.10000000149011612,0.10000000149011612,0.10000000149011612,0.0,0.0,0.10000000149011612,0.0,0.004012617757725767
477,-0.0019919562619179487,0.0,0.5533850789070129,0.48344430327415466,0.0,0.10000000149011612,0.10000000149011612,0.0,0.0,0.10000000149011612,0.0,0.0,0.10000000149011612,0.0,0.0,0.0,0.10000000149011612,0.10000000149011612,0.10000000149011612,0.10000000149011612,0.10000000149011612,0.0,0.0,0.10000000149011612,0.0,-0.005189027976946425
478,-0.000513473292812705,0.0,0.5525874495506287,0.48466813564300537,0.0,0.10000000149011612,0.10000000149011612,0.0,0.0,0.10000000149011612,0.0,0.0,0.10000000149011612,0.0,0.0,0.0,0.10000000149011612,0.10000000149011612,0.10000000149011612,0.10000000149011612,0.10000000149011612,0.0,0.0,0.10000000149011612,0.0,0.000824993810788488
479,0.0004669193585868925,0.0,0.553312361240387,0.48152127861976624,0.0,0.10000000149011612,0.10000000149011612,0.0,0.0,0.10000000149011612,0.0,0.0,0.10000000149011612,0.0,0.0,0.0,0.10000000149011612,0.10000000149011612,0.10000000149011612,0.10000000149011612,0.10000000149011612,0.0,0.0,0.10000000149011612,0.0,-0.00211956931498114
480,-0.009091917425394058,0.0,0.5391898155212402,0.47871315479278564,0.0,0.10000000149011612,0.10000000149011612,0.0,0.0,0.10000000149011612,0.0,0.0,0.10000000149011612,0.0,0.0,0.0,0.10000000149011612,0.10000000149011612,0.10000000149011612,0.10000000149011612,0.10000000149011612,0.0,0.0,0.10000000149011612,0.0,-0.0018954326660746146
481,-0.008766130544245243,0.0,0.5256970524787903,0.474465012550354,0.0,0.10000000149011612,0.10000000149011612,0.0,0.0,0.10000000149011612,0.0,0.0,0.10000000149011612,0.0,0.0,0.0,0.10000000149011612,0.10000000149011612,0.10000000149011612,0.10000000149011612,0.10000000149011612,0.0,0.0,0.10000000149011612,0.0,-0.002872864306821543
482,-0.007986636832356453,0.0,0.5135118961334229,0.4634055495262146,0.0,0.10000000149011612,0.10000000149011612,0.0,0.0,0.10000000149011612,0.0,0.0,0.10000000149011612,0.0,0.0,0.0,0.10000000149011612,0.10000000149011612,0.10000000149011612,0.10000000149011612,0.10000000149011612,0.0,0.0,0.10000000149011612,0.0,-0.007500661548428322
483,0.007595614995807409,0.0,0.5250079035758972,0.4684706926345825,0.0,0.10000000149011612,0.10000000149011612,0.0,0.0,0.10000000149011612,0.0,0.0,0.10000000149011612,0.0,0.0,0.0,0.10000000149011612,0.10000000149011612,0.10000000149011612,0.10000000149011612,0.10000000149011612,0.0,0.0,0.10000000149011612,0.0,0.003461202610587133
484,-0.008052190765738487,0.0,0.5127282738685608,0.4613058567047119,0.0,0.10000000149011612,0.10000000149011612,0.0,0.0,0.10000000149011612,0.0,0.0,0.10000000149011612,0.0,0.0,0.0,0.10000000149011612,0.10000000149011612,0.10000000149011612,0.10000000149011612,0.10000000149011612,0.0,0.0,0.10000000149011612,0.0,-0.004879114010110874
485,-0.0019654063507914543,0.0,0.5097551345825195,0.4599960148334503,0.0,0.10000000149011612,0.10000000149011612,0.0,0.0,0.10000000149011612,0.0,0.0,0.10000000149011612,0.0,0.0,0.0,0.10000000149011612,0.10000000149011612,0.10000000149011612,0.10000000149011612,0.10000000149011612,0.0,0.0,0.10000000149011612,0.0,-0.0008963502508744225
486,0.005307829938828945,0.0,0.5177686810493469,0.4890504777431488,0.0,0.10000000149011612,0.10000000149011612,0.0,0.0,0.10000000149011612,0.0,0.0,0.10000000149011612,0.0,0.0,0.0,0.10000000149011612,0.10000000149011612,0.10000000149011612,0.10000000149011612,0.10000000149011612,0.0,0.0,0.10000000149011612,0.0,0.019900371380817017
487,-0.0033491579815745354,0.0,0.5126854181289673,0.49681445956230164,0.0,0.10000000149011612,0.10000000149011612,0.0,0.0,0.10000000149011612,0.0,0.0,0.10000000149011612,0.0,0.0,0.0,0.10000000149011612,0.10000000149011612,0.10000000149011612,0.10000000149011612,0.10000000149011612,0.0,0.0,0.10000000149011612,0.0,0.005214048774840885
488,0.011879836209118366,0.0,0.5306558609008789,0.49931833148002625,0.0,0.10000000149011612,0.10000000149011612,0.0,0.0,0.10000000149011612,0.0,0.0,0.10000000149011612,0.0,0.0,0.0,0.10000000149011612,0.10000000149011612,0.10000000149011612,0.10000000149011612,0.10000000149011612,0.0,0.0,0.10000000149011612,0.0,0.0016728004608244085
489,0.009767158888280392,0.0,0.5456060171127319,0.5045011639595032,0.0,0.10000000149011612,0.10000000149011612,0.0,0.0,0.10000000149011612,0.0,0.0,0.10000000149011612,0.0,0.0,0.0,0.10000000149011612,0.10000000149011612,0.10000000149011612,0.10000000149011612,0.10000000149011612,0.0,0.0,0.10000000149011612,0.0,0.003456792577438028
490,-0.00732355285435915,0.0,0.5342867374420166,0.49944397807121277,0.0,0.10000000149011612,0.10000000149011612,0.0,0.0,0.10000000149011612,0.0,0.0,0.10000000149011612,0.0,0.0,0.0,0.10000000149011612,0.10000000149011612,0.10000000149011612,0.10000000149011612,0.10000000149011612,0.0,0.0,0.10000000149011612,0.0,-0.003361370538910724
491,-0.0017804329982027411,0.0,0.5315549969673157,0.4932902157306671,0.0,0.10000000149011612,0.10000000149011612,0.0,0.0,0.10000000149011612,0.0,0.0,0.10000000149011612,0.0,0.0,0.0,0.10000000149011612,0.10000000149011612,0.10000000149011612,0.10000000149011612,0.10000000149011612,0.0,0.0,0.10000000149011612,0.0,-0.004104029513967822
492,-0.003350637387484312,0.0,0.5264233350753784,0.49514469504356384,0.0,0.10000000149011612,0.10000000149011612,0.0,0.0,0.10000000149011612,0.0,0.0,0.10000000149011612,0.0,0.0,0.0,0.10000000149011612,0.10000000149011612,0.10000000149011612,0.10000000149011612,0.10000000149011612,0.0,0.0,0.10000000149011612,0.0,0.0012418746827382865
493,-0.008887972682714462,0.0,0.5128565430641174,0.4834189713001251,0.0,0.10000000149011612,0.10000000149011612,0.0,0.0,0.10000000149011612,0.0,0.0,0.10000000149011612,0.0,0.0,0.0,0.10000000149011612,0.10000000149011612,0.10000000149011612,0.10000000149011612,0.10000000149011612,0.0,0.0,0.10000000149011612,0.0,-0.007842534426473757
494,-0.005848716478794813,0.0,0.5040082335472107,0.4809970557689667,0.0,0.10000000149011612,0.10000000149011612,0.0,0.0,0.10000000149011612,0.0,0.0,0.10000000149011612,0.0,0.0,0.0,0.10000000149011612,0.10000000149011612,0.10000000149011612,0.10000000149011612,0.10000000149011612,0.0,0.0,0.10000000149011612,0.0,-0.0016326577844935075
495,0.0016041032504290342,0.0,0.5064208507537842,0.4797067940235138,0.0,0.10000000149011612,0.10000000149011612,0.0,0.0,0.10000000149011612,0.0,0.0,0.10000000149011612,0.0,0.0,0.0,0.10000000149011612,0.10000000149011612,0.10000000149011612,0.10000000149011612,0.10000000149011612,0.0,0.0,0.10000000149011612,0.0,-0.0008712115533430209
496,0.007112544495612383,0.0,0.5171353220939636,0.48851683735847473,0.0,0.10000000149011612,0.10000000149011612,0.0,0.0,0.10000000149011612,0.0,0.0,0.10000000149011612,0.0,0.0,0.0,0.10000000149011612,0.10000000149011612,0.10000000149011612,0.10000000149011612,0.10000000149011612,0.0,0.0,0.10000000149011612,0.0,0.005953911525272693
497,0.009142465889453888,0.0,0.5310056805610657,0.49633511900901794,0.0,0.10000000149011612,0.10000000149011612,0.0,0.0,0.10000000149011612,0.0,0.0,0.10000000149011612,0.0,0.0,0.0,0.10000000149011612,0.10000000149011612,0.10000000149011612,0.10000000149011612,0.10000000149011612,0.0,0.0,0.10000000149011612,0.0,0.005252397187805791
498,0.0068053556606173515,0.0,0.5414246916770935,0.5012751817703247,0.0,0.10000000149011612,0.10000000149011612,0.0,0.0,0.10000000149011612,0.0,0.0,0.10000000149011612,0.0,0.0,0.0,0.10000000149011612,0.10000000149011612,0.10000000149011612,0.10000000149011612,0.10000000149011612,0.0,0.0,0.10000000149011612,0.0,0.0033014414341745457
499,0.004469428211450577,0.0,0.5483139753341675,0.5124587416648865,0.0,0.10000000149011612,0.10000000149011612,0.0,0.0,0.10000000149011612,0.0,0.0,0.10000000149011612,0.0,0.0,0.0,0.10000000149011612,0.10000000149011612,0.10000000149011612,0.10000000149011612,0.10000000149011612,0.0,0.0,0.10000000149011612,0.0,0.007449373725990638
500,0.006369736976921558,0.0,0.5581763386726379,0.5192689895629883,0.0,0.10000000149011612,0.10000000149011612,0.0,0.0,0.10000000149011612,0.0,0.0,0.10000000149011612,0.0,0.0,0.0,0.10000000149011612,0.10000000149011612,0.10000000149011612,0.10000000149011612,0.10000000149011612,0.0,0.0,0.10000000149011612,0.0,0.004502766065939134
501,0.012405049055814743,0.0,0.5775055885314941,0.5282438397407532,0.0,0.10000000149011612,0.10000000149011612,0.0,0.0,0.10000000149011612,0.0,0.0,0.10000000149011612,0.0,0.0,0.0,0.10000000149011612,0.10000000149011612,0.10000000149011612,0.10000000149011612,0.10000000149011612,0.0,0.0,0.10000000149011612,0.0,0.005907347704336763
502,-0.0011163167655467987,0.0,0.57574462890625,0.5280531048774719,0.0,0.10000000149011612,0.10000000149011612,0.0,0.0,0.10000000149011612,0.0,0.0,0.10000000149011612,0.0,0.0,0.0,0.10000000149011612,0.10000000149011612,0.10000000149011612,0.10000000149011612,0.10000000149011612,0.0,0.0,0.10000000149011612,0.0,-0.00012480656445090776
503,0.004519201349467039,0.0,0.5828657150268555,0.532893717288971,0.0,0.10000000149011612,0.10000000149011612,0.0,0.0,0.10000000149011612,0.0,0.0,0.10000000149011612,0.0,0.0,0.0,0.10000000149011612,0.10000000149011612,0.10000000149011612,0.10000000149011612,0.10000000149011612,0.0,0.0,0.10000000149011612,0.0,0.003167829963532043
504,0.0006128315581008792,0.0,0.583835780620575,0.5340101718902588,0.0,0.10000000149011612,0.10000000149011612,0.0,0.0,0.10000000149011612,0.0,0.0,0.10000000149011612,0.0,0.0,0.0,0.10000000149011612,0.10000000149011612,0.10000000149011612,0.10000000149011612,0.10000000149011612,0.0,0.0,0.10000000149011612,0.0,0.0007283313831192295
505,0.0031780696008354425,0.0,0.5888692736625671,0.5296818614006042,0.0,0.10000000149011612,0.10000000149011612,0.0,0.0,0.10000000149011612,0.0,0.0,0.10000000149011612,0.0,0.0,0.0,0.10000000149011612,0.10000000149011612,0.10000000149011612,0.10000000149011612,0.10000000149011612,0.0,0.0,0.10000000149011612,0.0,-0.002821565703388429
506,0.002196650020778179,0.0,0.5923594832420349,0.5295025110244751,0.0,0.10000000149011612,0.10000000149011612,0.0,0.0,0.10000000149011612,0.0,0.0,0.10000000149011612,0.0,0.0,0.0,0.10000000149011612,0.10000000149011612,0.10000000149011612,0.10000000149011612,0.10000000149011612,0.0,0.0,0.10000000149011612,0.0,-0.00011724684763203541
507,0.0011319632176309824,0.0,0.5941619873046875,0.5260046720504761,0.0,0.10000000149011612,0.10000000149011612,0.0,0.0,0.10000000149011612,0.0,0.0,0.10000000149011612,0.0,0.0,0.0,0.10000000149011612,0.10000000149011612,0.10000000149011612,0.10000000149011612,0.10000000149011612,0.0,0.0,0.10000000149011612,0.0,-0.00228691286793381
508,-0.002501841401681304,0.0,0.5901736617088318,0.5259566903114319,0.0,0.10000000149011612,0.10000000149011612,0.0,0.0,0.10000000149011612,0.0,0.0,0.10000000149011612,0.0,0.0,0.0,0.10000000149011612,0.10000000149011612,0.10000000149011612,0.10000000149011612,0.10000000149011612,0.0,0.0,0.10000000149011612,0.0,-3.1442720932028934e-05
509,-0.004664866719394922,0.0,0.5827556848526001,0.5226849317550659,0.0,0.10000000149011612,0.10000000149011612,0.0,0.0,0.10000000149011612,0.0,0.0,0.10000000149011612,0.0,0.0,0.0,0.10000000149011612,0.10000000149011612,0.10000000149011612,0.10000000149011612,0.10000000149011612,0.0,0.0,0.10000000149011612,0.0,-0.002144070390161734
510,-0.003795413998886943,0.0,0.5767484903335571,0.5215946435928345,0.0,0.10000000149011612,0.10000000149011612,0.0,0.0,0.10000000149011612,0.0,0.0,0.10000000149011612,0.0,0.0,0.0,0.10000000149011612,0.10000000149011612,0.10000000149011612,0.10000000149011612,0.10000000149011612,0.0,0.0,0.10000000149011612,0.0,-0.0007160300463305846
511,-0.0016252249479293823,0.0,0.5741859078407288,0.5214693546295166,0.0,0.10000000149011612,0.10000000149011612,0.0,0.0,0.10000000149011612,0.0,0.0,0.10000000149011612,0.0,0.0,0.0,0.10000000149011612,0.10000000149011612,0.10000000149011612,0.10000000149011612,0.10000000149011612,0.0,0.0,0.10000000149011612,0.0,-8.234056543598989e-05
512,-0.01354419719427824,0.0,0.5528647899627686,0.5079115033149719,0.0,0.10000000149011612,0.10000000149011612,0.0,0.0,0.10000000149011612,0.0,0.0,0.10000000149011612,0.0,0.0,0.0,0.10000000149011612,0.10000000149011612,0.10000000149011612,0.10000000149011612,0.10000000149011612,0.0,0.0,0.10000000149011612,0.0,-0.008911024907134024
513,0.0052354056388139725,0.0,0.5609946846961975,0.5100128650665283,0.0,0.10000000149011612,0.10000000149011612,0.0,0.0,0.10000000149011612,0.0,0.0,0.10000000149011612,0.0,0.0,0.0,0.10000000149011612,0.10000000149011612,0.10000000149011612,0.10000000149011612,0.10000000149011612,0.0,0.0,0.10000000149011612,0.0,0.0013935577432340196
514,-0.010431664064526558,0.0,0.5447109341621399,0.4946867823600769,0.0,0.10000000149011612,0.10000000149011612,0.0,0.0,0.10000000149011612,0.0,0.0,0.10000000149011612,0.0,0.0,0.0,0.10000000149011612,0.10000000149011612,0.10000000149011612,0.10000000149011612,0.10000000149011612,0.0,0.0,0.10000000149011612,0.0,-0.010149637172645054
515,-0.002512883860617876,0.0,0.5408292412757874,0.49457043409347534,0.0,0.10000000149011612,0.10000000149011612,0.0,0.0,0.10000000149011612,0.0,0.0,0.10000000149011612,0.0,0.0,0.0,0.10000000149011612,0.10000000149011612,0.10000000149011612,0.10000000149011612,0.10000000149011612,0.0,0.0,0.10000000149011612,0.0,-7.784123601994875e-05
516,-0.013621114194393158,0.0,0.5198414325714111,0.4713137149810791,0.0,0.10000000149011612,0.10000000149011612,0.0,0.0,0.10000000149011612,0.0,0.0,0.10000000149011612,0.0,0.0,0.0,0.10000000149011612,0.10000000149011612,0.10000000149011612,0.10000000149011612,0.10000000149011612,0.0,0.0,0.10000000149011612,0.0,-0.015560805019204427
517,-0.005870414432138205,0.0,0.5109193325042725,0.4586270749568939,0.0,0.10000000149011612,0.10000000149011612,0.0,0.0,0.10000000149011612,0.0,0.0,0.10000000149011612,0.0,0.0,0.0,0.10000000149011612,0.10000000149011612,0.10000000149011612,0.10000000149011612,0.10000000149011612,0.0,0.0,0.10000000149011612,0.0,-0.008622661431758827
518,0.0035928296856582165,0.0,0.5163478255271912,0.47158414125442505,0.0,0.10000000149011612,0.10000000149011612,0.0,0.0,0.10000000149011612,0.0,0.0,0.10000000149011612,0.0,0.0,0.0,0.10000000149011612,0.10000000149011612,0.10000000149011612,0.10000000149011612,0.10000000149011612,0.0,0.0,0.10000000149011612,0.0,0.008883056210864604
519,0.0015271492302417755,0.0,0.5186635255813599,0.4776691198348999,0.0,0.10000000149011612,0.10000000149011612,0.0,0.0,0.10000000149011612,0.0,0.0,0.10000000149011612,0.0,0.0,0.0,0.10000000149011612,0.10000000149011612,0.10000000149011612,0.10000000149011612,0.10000000149011612,0.0,0.0,0.10000000149011612,0.0,0.004134985156396098
520,0.007184559013694525,0.0,0.529574453830719,0.48602738976478577,0.0,0.10000000149011612,0.10000000149011612,0.0,0.0,0.10000000149011612,0.0,0.0,0.10000000149011612,0.0,0.0,0.0,0.10000000149011612,0.10000000149011612,0.10000000149011612,0.10000000149011612,0.10000000149011612,0.0,0.0,0.10000000149011612,0.0,0.005656388035516269
521,-0.004408693872392178,0.0,0.5228310227394104,0.48289522528648376,0.0,0.10000000149011612,0.10000000149011612,0.0,0.0,0.10000000149011612,0.0,0.0,0.10000000149011612,0.0,0.0,0.0,0.10000000149011612,0.10000000149011612,0.10000000149011612,0.10000000149011612,0.10000000149011612,0.0,0.0,0.10000000149011612,0.0,-0.002107743437217424
522,-0.00965982023626566,4.0800001443130895e-05,0.5081207156181335,0.4682685434818268,0.0,0.10000000149011612,0.10000000149011612,0.0,0.0,0.10000000149011612,0.0,0.06800000369548798,0.10000000149011612,0.0,0.0,0.0,0.10000000149011612,0.10000000149011612,0.10000000149011612,0.10000000149011612,0.03200000151991844,0.0,0.0,0.10000000149011612,0.0,-0.009863597613129604
523,-0.002613981021568179,7.919999916339293e-05,0.504178524017334,0.4692692756652832,0.0,0.10000000149011612,0.0,0.10000000149011612,0.0,0.10000000149011612,0.0,0.10000000149011612,0.10000000149011612,0.0,0.0,0.0,0.10000000149011612,0.10000000149011612,0.10000000149011612,0.10000000149011612,0.0,0.0,0.0,0.10000000149011612,0.0,0.000681572991465984
524,0.003796749282628298,5.999999848427251e-05,0.509889543056488,0.4752081334590912,0.0,0.10000000149011612,0.0,0.0,0.0,0.10000000149011612,0.0,0.10000000149011612,0.10000000149011612,0.0,0.0,0.0,0.10000000149011612,0.10000000149011612,0.10000000149011612,0.10000000149011612,0.10000000149011612,0.0,0.0,0.10000000149011612,0.0,0.004042048583040581
525,-0.004821965005248785,0.0,0.5026088953018188,0.4696371853351593,0.0,0.10000000149011612,0.0,0.0,0.0,0.10000000149011612,0.0,0.10000000149011612,0.10000000149011612,0.0,0.0,0.0,0.10000000149011612,0.10000000149011612,0.10000000149011612,0.10000000149011612,0.10000000149011612,0.0,0.0,0.10000000149011612,0.0,-0.0037763811068943776
526,0.0021769506856799126,0.0,0.5058799982070923,0.4765733778476715,0.0,0.10000000149011612,0.0,0.0,0.0,0.10000000149011612,0.0,0.10000000149011612,0.10000000149011612,0.0,0.0,0.0,0.10000000149011612,0.10000000149011612,0.10000000149011612,0.10000000149011612,0.10000000149011612,0.0,0.0,0.10000000149011612,0.0,0.004719663180630773
527,-0.00016434586723335087,0.0,0.5056325197219849,0.47547557950019836,0.0,0.10000000149011612,0.0,0.0,0.0,0.10000000149011612,0.0,0.10000000149011612,0.10000000149011612,0.0,0.0,0.0,0.10000000149011612,0.10000000149011612,0.10000000149011612,0.10000000149011612,0.10000000149011612,0.0,0.0,0.10000000149011612,0.0,-0.0007434770015110059
528,-0.005772292148321867,0.0,0.49694156646728516,0.46680358052253723,0.0,0.10000000149011612,0.0,0.0,0.0,0.10000000149011612,0.0,0.10000000149011612,0.10000000149011612,0.0,0.0,0.0,0.10000000149011612,0.10000000149011612,0.10000000149011612,0.10000000149011612,0.10000000149011612,0.0,0.0,0.10000000149011612,0.0,-0.0058774263011514005
529,0.009011796675622463,0.0,0.510431706905365,0.47463729977607727,0.0,0.10000000149011612,0.0,0.0,0.0,0.10000000149011612,0.0,0.10000000149011612,0.10000000149011612,0.0,0.0,0.0,0.10000000149011612,0.10000000149011612,0.10000000149011612,0.10000000149011612,0.10000000149011612,0.0,0.0,0.10000000149011612,0.0,0.005340673664533391
530,-0.005132703110575676,0.0,0.5026791095733643,0.4593765437602997,0.0,0.10000000149011612,0.0,0.0,0.0,0.10000000149011612,0.0,0.10000000149011612,0.10000000149011612,0.0,0.0,0.0,0.10000000149011612,0.10000000149011612,0.10000000149011612,0.10000000149011612,0.10000000149011612,0.0,0.0,0.10000000149011612,0.0,-0.010348820023808547
531,-0.0009023625170812011,0.0,0.5013231039047241,0.4692673087120056,0.0,0.10000000149011612,0.0,0.0,0.0,0.10000000149011612,0.0,0.10000000149011612,0.10000000149011612,0.0,0.0,0.0,0.10000000149011612,0.10000000149011612,0.10000000149011612,0.10000000149011612,0.10000000149011612,0.0,0.0,0.10000000149011612,0.0,0.006777390656301119
532,0.005333371926099062,0.0,0.5093302130699158,0.486587792634964,0.0,0.10000000149011612,0.0,0.0,0.0,0.10000000149011612,0.0,0.10000000149011612,0.10000000149011612,0.0,0.0,0.0,0.10000000149011612,0.10000000149011612,0.10000000149011612,0.10000000149011612,0.10000000149011612,0.0,0.0,0.10000000149011612,0.0,0.011788517868910997
533,-0.0001567280851304531,0.0,0.509093701839447,0.4893813729286194,0.0,0.10000000149011612,0.0,0.0,0.0,0.10000000149011612,0.0,0.10000000149011612,0.10000000149011612,0.0,0.0,0.0,0.10000000149011612,0.10000000149011612,0.10000000149011612,0.10000000149011612,0.10000000149011612,0.0,0.0,0.10000000149011612,0.0,0.0018791895826777427
534,0.006677011027932167,5.999999848427251e-05,0.5191699266433716,0.5009827613830566,0.0,0.10000000149011612,0.10000000149011612,0.0,0.0,0.10000000149011612,0.0,0.0,0.10000000149011612,0.0,0.0,0.0,0.10000000149011612,0.10000000149011612,0.10000000149011612,0.10000000149011612,0.10000000149011612,0.0,0.0,0.10000000149011612,0.0,0.007789400797745261
535,0.004329717252403498,0.0,0.5257474780082703,0.5071690678596497,0.0,0.10000000149011612,0.10000000149011612,0.0,0.0,0.10000000149011612,0.0,0.0,0.10000000149011612,0.0,0.0,0.0,0.10000000149011612,0.10000000149011612,0.10000000149011612,0.10000000149011612,0.10000000149011612,0.0,0.0,0.10000000149011612,0.0,0.004121504014405142
536,0.01067127101123333,0.0,0.5420291423797607,0.5157138705253601,0.0,0.10000000149011612,0.10000000149011612,0.0,0.0,0.10000000149011612,0.0,0.0,0.10000000149011612,0.0,0.0,0.0,0.10000000149011612,0.10000000149011612,0.10000000149011612,0.10000000149011612,0.10000000149011612,0.0,0.0,0.10000000149011612,0.0,0.005669438716550346
537,-0.004685936961323023,0.0,0.5348033308982849,0.514663815498352,0.0,0.10000000149011612,0.10000000149011612,0.0,0.0,0.10000000149011612,0.0,0.0,0.10000000149011612,0.0,0.0,0.0,0.10000000149011612,0.10000000149011612,0.10000000149011612,0.10000000149011612,0.10000000149011612,0.0,0.0,0.10000000149011612,0.0,-0.000692779189679138
538,0.005490191746503115,0.0,0.5432296991348267,0.5199853181838989,0.0,0.10000000149011612,0.10000000149011612,0.0,0.0,0.10000000149011612,0.0,0.0,0.10000000149011612,0.0,0.0,0.0,0.10000000149011612,0.10000000149011612,0.10000000149011612,0.10000000149011612,0.10000000149011612,0.0,0.0,0.10000000149011612,0.0,0.003513322646977013
539,0.006847423501312733,0.0,0.5537968277931213,0.5210953950881958,0.0,0.10000000149011612,0.10000000149011612,0.0,0.0,0.10000000149011612,0.0,0.0,0.10000000149011612,0.0,0.0,0.0,0.10000000149011612,0.10000000149011612,0.10000000149011612,0.10000000149011612,0.10000000149011612,0.0,0.0,0.10000000149011612,0.0,0.0007303208070610356
540,0.015355627983808517,0.0,0.5776563286781311,0.5394030809402466,0.0,0.10000000149011612,0.10000000149011612,0.0,0.0,0.10000000149011612,0.0,0.0,0.10000000149011612,0.0,0.0,0.0,0.10000000149011612,0.10000000149011612,0.10000000149011612,0.10000000149011612,0.10000000149011612,0.0,0.0,0.10000000149011612,0.0,0.012035856469731376
541,-0.0008112405776046216,0.0,0.5763764977455139,0.5353366732597351,0.0,0.10000000149011612,0.10000000149011612,0.0,0.0,0.10000000149011612,0.0,0.0,0.10000000149011612,0.0,0.0,0.0,0.10000000149011612,0.10000000149011612,0.10000000149011612,0.10000000149011612,0.10000000149011612,0.0,0.0,0.10000000149011612,0.0,-0.002641548357839918
542,-0.0027832125779241323,0.0,0.571989119052887,0.5362204313278198,0.0,0.10000000149011612,0.10000000149011612,0.0,0.0,0.10000000149011612,0.0,0.0,0.10000000149011612,0.0,0.0,0.0,0.10000000149011612,0.10000000149011612,0.10000000149011612,0.10000000149011612,0.10000000149011612,0.0,0.0,0.10000000149011612,0.0,0.0005756119055035924
543,0.0029074291232973337,0.0,0.5765595436096191,0.5447877645492554,0.0,0.10000000149011612,0.10000000149011612,0.0,0.0,0.10000000149011612,0.0,0.0,0.10000000149011612,0.0,0.0,0.0,0.10000000149011612,0.10000000149011612,0.10000000149011612,0.10000000149011612,0.10000000149011612,0.0,0.0,0.10000000149011612,0.0,0.005576890559924719
544,-0.00966544821858406,0.0,0.5613213777542114,0.51820307970047,0.0,0.10000000149011612,0.10000000149011612,0.0,0.0,0.10000000149011612,0.0,0.0,0.10000000149011612,0.0,0.0,0.0,0.10000000149011612,0.10000000149011612,0.10000000149011612,0.10000000149011612,0.10000000149011612,0.0,0.0,0.10000000149011612,0.0,-0.017209279785137643
545,0.012701218016445637,0.0,0.581152081489563,0.5332978963851929,0.0,0.10000000149011612,0.10000000149011612,0.0,0.0,0.10000000149011612,0.0,0.0,0.10000000149011612,0.0,0.0,0.0,0.10000000149011612,0.10000000149011612,0.10000000149011612,0.10000000149011612,0.10000000149011612,0.0,0.0,0.10000000149011612,0.0,0.009942554383238988
546,0.004192570690065622,0.0,0.5877811908721924,0.5369963645935059,0.0,0.10000000149011612,0.10000000149011612,0.0,0.0,0.10000000149011612,0.0,0.0,0.10000000149011612,0.0,0.0,0.0,0.10000000149011612,0.10000000149011612,0.10000000149011612,0.10000000149011612,0.10000000149011612,0.0,0.0,0.10000000149011612,0.0,0.002412100229858938
547,0.006856756284832954,0.0,0.5986682176589966,0.5461862087249756,0.0,0.10000000149011612,0.10000000149011612,0.0,0.0,0.10000000149011612,0.0,0.0,0.10000000149011612,0.0,0.0,0.0,0.10000000149011612,0.10000000149011612,0.10000000149011612,0.10000000149011612,0.10000000149011612,0.0,0.0,0.10000000149011612,0.0,0.005979092952441922
548,0.0021921524312347174,0.0,0.6021727323532104,0.55003821849823,0.0,0.10000000149011612,0.10000000149011612,0.0,0.0,0.10000000149011612,0.0,0.0,0.10000000149011612,0.0,0.0,0.0,0.10000000149011612,0.10000000149011612,0.10000000149011612,0.10000000149011612,0.10000000149011612,0.0,0.0,0.10000000149011612,0.0,0.0024912974592050663
549,-0.002595551311969757,5.999999848427251e-05,0.5980141758918762,0.5455177426338196,0.0,0.10000000149011612,0.10000000149011612,0.0,0.0,0.10000000149011612,0.0,0.10000000149011612,0.10000000149011612,0.0,0.0,0.0,0.10000000149011612,0.10000000149011612,0.10000000149011612,0.10000000149011612,0.0,0.0,0.0,0.10000000149011612,0.0,-0.002916364132485749
550,0.000887170375790447,5.999999848427251e-05,0.5994319319725037,0.5473042726516724,0.0,0.10000000149011612,0.0,0.10000000149011612,0.0,0.10000000149011612,0.0,0.10000000149011612,0.10000000149011612,0.0,0.0,0.0,0.10000000149011612,0.10000000149011612,0.10000000149011612,0.10000000149011612,0.0,0.0,0.0,0.10000000149011612,0.0,0.0011559427424030488
551,-0.0021212254650890827,5.999999848427251e-05,0.5960391759872437,0.5448447465896606,0.0,0.10000000149011612,0.0,0.0,0.0,0.10000000149011612,0.0,0.10000000149011612,0.10000000149011612,0.0,0.0,0.0,0.10000000149011612,0.10000000149011612,0.10000000149011612,0.10000000149011612,0.10000000149011612,0.0,0.0,0.10000000149011612,0.0,-0.0015895555292410046
552,0.004556169267743826,0.0,0.6033110022544861,0.5491884350776672,0.0,0.10000000149011612,0.0,0.0,0.0,0.10000000149011612,0.0,0.10000000149011612,0.10000000149011612,0.0,0.0,0.0,0.10000000149011612,0.10000000149011612,0.10000000149011612,0.10000000149011612,0.10000000149011612,0.0,0.0,0.10000000149011612,0.0,0.0028117314038160757
553,0.0024630024563521147,0.0,0.6072599291801453,0.5591518878936768,0.0,0.10000000149011612,0.0,0.0,0.0,0.10000000149011612,0.0,0.10000000149011612,0.10000000149011612,0.0,0.0,0.0,0.10000000149011612,0.10000000149011612,0.10000000149011612,0.10000000149011612,0.10000000149011612,0.0,0.0,0.10000000149011612,0.0,0.006431401494105593
554,-0.012816864997148514,0.0,0.5866599082946777,0.548693835735321,0.0,0.10000000149011612,0.0,0.0,0.0,0.10000000149011612,0.0,0.10000000149011612,0.10000000149011612,0.0,0.0,0.0,0.10000000149011612,0.10000000149011612,0.10000000149011612,0.10000000149011612,0.10000000149011612,0.0,0.0,0.10000000149011612,0.0,-0.006707526213167059
555,0.002050756709650159,0.0,0.5899137258529663,0.5522127151489258,0.0,0.10000000149011612,0.0,0.0,0.0,0.10000000149011612,0.0,0.10000000149011612,0.10000000149011612,0.0,0.0,0.0,0.10000000149011612,0.10000000149011612,0.10000000149011612,0.10000000149011612,0.10000000149011612,0.0,0.0,0.10000000149011612,0.0,0.0022721595013865947
556,-0.002768890233710408,0.0,0.5855114459991455,0.5501543283462524,0.0,0.10000000149011612,0.0,0.0,0.0,0.10000000149011612,0.0,0.10000000149011612,0.10000000149011612,0.0,0.0,0.0,0.10000000149011612,0.10000000149011612,0.10000000149011612,0.10000000149011612,0.10000000149011612,0.0,0.0,0.10000000149011612,0.0,-0.0013260984029987988
557,-0.008913237601518631,0.0,0.5713794231414795,0.5400317311286926,0.0,0.10000000149011612,0.0,0.0,0.0,0.10000000149011612,0.0,0.10000000149011612,0.10000000149011612,0.0,0.0,0.0,0.10000000149011612,0.10000000149011612,0.10000000149011612,0.10000000149011612,0.10000000149011612,0.0,0.0,0.10000000149011612,0.0,-0.006530057706163328
558,0.0022038558963686228,0.0,0.5748425126075745,0.5339051485061646,0.0,0.10000000149011612,0.0,0.0,0.0,0.10000000149011612,0.0,0.10000000149011612,0.10000000149011612,0.0,0.0,0.0,0.10000000149011612,0.10000000149011612,0.10000000149011612,0.10000000149011612,0.10000000149011612,0.0,0.0,0.10000000149011612,0.0,-0.00397821843452395
559,0.0035118749365210533,0.0,0.5803731679916382,0.5360990166664124,0.0,0.10000000149011612,0.0,0.0,0.0,0.10000000149011612,0.0,0.10000000149011612,0.10000000149011612,0.0,0.0,0.0,0.10000000149011612,0.10000000149011612,0.10000000149011612,0.10000000149011612,0.10000000149011612,0.0,0.0,0.10000000149011612,0.0,0.0014302502096588121
560,0.006371889729052782,0.0,0.5904431343078613,0.5385693311691284,0.0,0.10000000149011612,0.0,0.0,0.0,0.10000000149011612,0.0,0.10000000149011612,0.10000000149011612,0.0,0.0,0.0,0.10000000149011612,0.10000000149011612,0.10000000149011612,0.10000000149011612,0.10000000149011612,0.0,0.0,0.10000000149011612,0.0,0.0016081740017495072
561,-0.0043526627123355865,0.0,0.5835204720497131,0.5341578125953674,0.0,0.10000000149011612,0.0,0.0,0.0,0.10000000149011612,0.0,0.10000000149011612,0.10000000149011612,0.0,0.0,0.0,0.10000000149011612,0.10000000149011612,0.10000000149011612,0.10000000149011612,0.10000000149011612,0.0,0.0,0.10000000149011612,0.0,-0.00286728617579346
562,-0.0006291195750236511,0.0,0.5825242400169373,0.5305253863334656,0.0,0.10000000149011612,0.0,0.0,0.0,0.10000000149011612,0.0,0.10000000149011612,0.10000000149011612,0.0,0.0,0.0,0.10000000149011612,0.10000000149011612,0.10000000149011612,0.10000000149011612,0.10000000149011612,0.0,0.0,0.10000000149011612,0.0,-0.0023677005273380347
563,0.008450614288449287,0.0,0.5958975553512573,0.5503477454185486,0.0,0.10000000149011612,0.0,0.0,0.0,0.10000000149011612,0.0,0.10000000149011612,0.10000000149011612,0.0,0.0,0.0,0.10000000149011612,0.10000000149011612,0.10000000149011612,0.10000000149011612,0.10000000149011612,0.0,0.0,0.10000000149011612,0.0,0.012951342893154916
564,0.0016926954267546535,0.0,0.5985988974571228,0.5258892178535461,0.0,0.10000000149011612,0.0,0.0,0.0,0.10000000149011612,0.0,0.10000000149011612,0.10000000149011612,0.0,0.0,0.0,0.10000000149011612,0.10000000149011612,0.10000000149011612,0.10000000149011612,0.10000000149011612,0.0,0.0,0.10000000149011612,0.0,-0.01577615579296976
565,-0.010624292306602001,0.0,0.5816149115562439,0.5143670439720154,0.0,0.10000000149011612,0.0,0.0,0.0,0.10000000149011612,0.0,0.10000000149011612,0.10000000149011612,0.0,0.0,0.0,0.10000000149011612,0.10000000149011612,0.10000000149011612,0.10000000149011612,0.10000000149011612,0.0,0.0,0.10000000149011612,0.0,-0.007551120845941117
566,0.006459449417889118,0.0,0.5918312668800354,0.5193257331848145,0.0,0.10000000149011612,0.0,0.0,0.0,0.10000000149011612,0.0,0.10000000149011612,0.10000000149011612,0.0,0.0,0.0,0.10000000149011612,0.10000000149011612,0.10000000149011612,0.10000000149011612,0.10000000149011612,0.0,0.0,0.10000000149011612,0.0,0.003274430219897706
567,-0.004640225786715746,0.0,0.5844448208808899,0.5180820226669312,0.0,0.10000000149011612,0.0,0.0,0.0,0.10000000149011612,0.0,0.10000000149011612,0.10000000149011612,0.0,0.0,0.0,0.10000000149011612,0.10000000149011612,0.10000000149011612,0.10000000149011612,0.10000000149011612,0.0,0.0,0.10000000149011612,0.0,-0.0008185937292566337
568,-0.00540031585842371,0.0,0.5758883357048035,0.5116390585899353,0.0,0.10000000149011612,0.0,0.0,0.0,0.10000000149011612,0.0,0.10000000149011612,0.10000000149011612,0.0,0.0,0.0,0.10000000149011612,0.10000000149011612,0.10000000149011612,0.10000000149011612,0.10000000149011612,0.0,0.0,0.10000000149011612,0.0,-0.004244147536690446
569,-0.00870495941489935,0.0,0.5621702671051025,0.5002503395080566,0.0,0.10000000149011612,0.0,0.0,0.0,0.10000000149011612,0.0,0.10000000149011612,0.10000000149011612,0.0,0.0,0.0,0.10000000149011612,0.10000000149011612,0.10000000149011612,0.10000000149011612,0.10000000149011612,0.0,0.0,0.10000000149011612,0.0,-0.007534020120188001
570,-0.008805825375020504,0.0,0.5484141111373901,0.48790299892425537,0.0,0.10000000149011612,0.0,0.0,0.0,0.10000000149011612,0.0,0.10000000149011612,0.10000000149011612,0.0,0.0,0.0,0.10000000149011612,0.10000000149011612,0.10000000149011612,0.10000000149011612,0.10000000149011612,0.0,0.0,0.10000000149011612,0.0,-0.008230186828586228
571,-0.005985173396766186,0.0,0.5391465425491333,0.47578901052474976,0.0,0.10000000149011612,0.0,0.0,0.0,0.10000000149011612,0.0,0.10000000149011612,0.10000000149011612,0.0,0.0,0.0,0.10000000149011612,0.10000000149011612,0.10000000149011612,0.10000000149011612,0.10000000149011612,0.0,0.0,0.10000000149011612,0.0,-0.008141651981522946
572,-0.004001445136964321,0.0,0.5329877734184265,0.4722844660282135,0.0,0.10000000149011612,0.0,0.0,0.0,0.10000000149011612,0.0,0.10000000149011612,0.10000000149011612,0.0,0.0,0.0,0.10000000149011612,0.10000000149011612,0.10000000149011612,0.10000000149011612,0.10000000149011612,0.0,0.0,0.10000000149011612,0.0,-0.002374692094563091
573,0.010220881551504135,0.0,0.5486562252044678,0.48800423741340637,0.0,0.10000000149011612,0.0,0.0,0.0,0.10000000149011612,0.0,0.10000000149011612,0.10000000149011612,0.0,0.0,0.0,0.10000000149011612,0.10000000149011612,0.10000000149011612,0.10000000149011612,0.10000000149011612,0.0,0.0,0.10000000149011612,0.0,0.01067712914719543
574,0.007124893832951784,5.999999848427251e-05,0.5596902370452881,0.5021241903305054,0.0,0.10000000149011612,0.10000000149011612,0.0,0.0,0.10000000149011612,0.0,0.0,0.10000000149011612,0.0,0.0,0.0,0.10000000149011612,0.10000000149011612,0.10000000149011612,0.10000000149011612,0.10000000149011612,0.0,0.0,0.10000000149011612,0.0,0.009489188647502589
575,-0.005833421368151903,0.0,0.5505918860435486,0.49575942754745483,0.0,0.10000000149011612,0.10000000149011612,0.0,0.0,0.10000000149011612,0.0,0.0,0.10000000149011612,0.0,0.0,0.0,0.10000000149011612,0.10000000149011612,0.10000000149011612,0.10000000149011612,0.10000000149011612,0.0,0.0,0.10000000149011612,0.0,-0.0042371748115248575
576,0.002534626517444849,0.0,0.5545220971107483,0.4974777400493622,0.0,0.10000000149011612,0.10000000149011612,0.0,0.0,0.10000000149011612,0.0,0.0,0.10000000149011612,0.0,0.0,0.0,0.10000000149011612,0.10000000149011612,0.10000000149011612,0.10000000149011612,0.10000000149011612,0.0,0.0,0.10000000149011612,0.0,0.001148789350921664
577,-0.002933354116976261,0.0,0.5499621033668518,0.49472710490226746,0.0,0.10000000149011612,0.10000000149011612,0.0,0.0,0.10000000149011612,0.0,0.0,0.10000000149011612,0.0,0.0,0.0,0.10000000149011612,0.10000000149011612,0.10000000149011612,0.10000000149011612,0.10000000149011612,0.0,0.0,0.10000000149011612,0.0,-0.001836845432509726
578,0.012635844759643078,0.0,0.569547176361084,0.5152764320373535,0.0,0.10000000149011612,0.10000000149011612,0.0,0.0,0.10000000149011612,0.0,0.0,0.10000000149011612,0.0,0.0,0.0,0.10000000149011612,0.10000000149011612,0.10000000149011612,0.10000000149011612,0.10000000149011612,0.0,0.0,0.10000000149011612,0.0,0.013747878838679117
579,0.0036978255957365036,0.0,0.5753511190414429,0.5233968496322632,0.0,0.10000000149011612,0.10000000149011612,0.0,0.0,0.10000000149011612,0.0,0.0,0.10000000149011612,0.0,0.0,0.0,0.10000000149011612,0.10000000149011612,0.10000000149011612,0.10000000149011612,0.10000000149011612,0.0,0.0,0.10000000149011612,0.0,0.005359033786324741
580,-0.007683146744966507,0.0,0.5632474422454834,0.5218875408172607,0.0,0.10000000149011612,0.10000000149011612,0.0,0.0,0.10000000149011612,0.0,0.0,0.10000000149011612,0.0,0.0,0.0,0.10000000149011612,0.10000000149011612,0.10000000149011612,0.10000000149011612,0.10000000149011612,0.0,0.0,0.10000000149011612,0.0,-0.0009907522228149723
581,-0.0015853906515985727,0.0,0.5607690811157227,0.5178995728492737,0.0,0.10000000149011612,0.10000000149011612,0.0,0.0,0.10000000149011612,0.0,0.0,0.10000000149011612,0.0,0.0,0.0,0.10000000149011612,0.10000000149011612,0.10000000149011612,0.10000000149011612,0.10000000149011612,0.0,0.0,0.10000000149011612,0.0,-0.0026204091045028965
582,0.004840514622628689,0.0,0.5683240294456482,0.519305408000946,0.0,0.10000000149011612,0.10000000149011612,0.0,0.0,0.10000000149011612,0.0,0.0,0.10000000149011612,0.0,0.0,0.0,0.10000000149011612,0.10000000149011612,0.10000000149011612,0.10000000149011612,0.10000000149011612,0.0,0.0,0.10000000149011612,0.0,0.0009261713863146781
583,-0.011099478229880333,0.0,0.5509164333343506,0.4950595200061798,0.0,0.10000000149011612,0.10000000149011612,0.0,0.0,0.10000000149011612,0.0,0.0,0.10000000149011612,0.0,0.0,0.0,0.10000000149011612,0.10000000149011612,0.10000000149011612,0.10000000149011612,0.10000000149011612,0.0,0.0,0.10000000149011612,0.0,-0.015958534648190414
584,0.012159253470599651,0.0,0.5697744488716125,0.5135659575462341,0.0,0.10000000149011612,0.10000000149011612,0.0,0.0,0.10000000149011612,0.0,0.0,0.10000000149011612,0.0,0.0,0.0,0.10000000149011612,0.10000000149011612,0.10000000149011612,0.10000000149011612,0.10000000149011612,0.0,0.0,0.10000000149011612,0.0,0.01237839516916206
585,-0.001329032820649445,0.0,0.5676881670951843,0.5115166306495667,0.0,0.10000000149011612,0.10000000149011612,0.0,0.0,0.10000000149011612,0.0,0.0,0.10000000149011612,0.0,0.0,0.0,0.10000000149011612,0.10000000149011612,0.10000000149011612,0.10000000149011612,0.10000000149011612,0.0,0.0,0.10000000149011612,0.0,-0.0013539726408684505
586,-0.0006049788789823651,0.0,0.5667397379875183,0.4892379939556122,0.0,0.10000000149011612,0.10000000149011612,0.0,0.0,0.10000000149011612,0.0,0.0,0.10000000149011612,0.0,0.0,0.0,0.10000000149011612,0.10000000149011612,0.10000000149011612,0.10000000149011612,0.10000000149011612,0.0,0.0,0.10000000149011612,0.0,-0.014739260053248882
587,-0.009563098661601543,0.0,0.5517568588256836,0.44903993606567383,0.0,0.10000000149011612,0.10000000149011612,0.0,0.0,0.10000000149011612,0.0,0.0,0.10000000149011612,0.0,0.0,0.0,0.10000000149011612,0.10000000149011612,0.10000000149011612,0.10000000149011612,0.10000000149011612,0.0,0.0,0.10000000149011612,0.0,-0.026992366601638396
588,-0.05672560632228851,0.0,0.46373251080513,0.3625582158565521,0.0,0.10000000149011612,0.10000000149011612,0.0,0.0,0.10000000149011612,0.0,0.0,0.10000000149011612,0.0,0.0,0.0,0.10000000149011612,0.10000000149011612,0.10000000149011612,0.10000000149011612,0.10000000149011612,0.0,0.0,0.10000000149011612,0.0,-0.059682081947258436
589,0.05204377323389053,0.0,0.5399106740951538,0.4317663311958313,0.0,0.10000000149011612,0.10000000149011612,0.0,0.0,0.10000000149011612,0.0,0.0,0.10000000149011612,0.0,0.0,0.0,0.10000000149011612,0.10000000149011612,0.10000000149011612,0.10000000149011612,0.10000000149011612,0.0,0.0,0.10000000149011612,0.0,0.050792776803134654
590,-0.03916929289698601,0.0,0.4795934557914734,0.3656132221221924,0.0,0.10000000149011612,0.10000000149011612,0.0,0.0,0.10000000149011612,0.0,0.0,0.10000000149011612,0.0,0.0,0.0,0.10000000149011612,0.10000000149011612,0.10000000149011612,0.10000000149011612,0.10000000149011612,0.0,0.0,0.10000000149011612,0.0,-0.04620384460248261
591,0.05124052241444588,0.0,0.5554085969924927,0.44843363761901855,0.0,0.10000000149011612,0.10000000149011612,0.0,0.0,0.10000000149011612,0.0,0.0,0.10000000149011612,0.0,0.0,0.0,0.10000000149011612,0.10000000149011612,0.10000000149011612,0.10000000149011612,0.10000000149011612,0.0,0.0,0.10000000149011612,0.0,0.06064705156275618
592,0.0010796255664899945,0.0,0.5570878386497498,0.43526968359947205,0.0,0.10000000149011612,0.10000000149011612,0.0,0.0,0.10000000149011612,0.0,0.0,0.10000000149011612,0.0,0.0,0.0,0.10000000149011612,0.10000000149011612,0.10000000149011612,0.10000000149011612,0.10000000149011612,0.0,0.0,0.10000000149011612,0.0,-0.009088406729621301
593,0.020948151126503944,5.999999848427251e-05,0.5897059440612793,0.47938603162765503,0.0,0.10000000149011612,0.10000000149011612,0.0,0.0,0.10000000149011612,0.0,0.10000000149011612,0.10000000149011612,0.0,0.0,0.0,0.10000000149011612,0.10000000149011612,0.10000000149011612,0.10000000149011612,0.0,0.0,0.0,0.10000000149011612,0.0,0.030737323119335302
594,0.009167084470391273,5.999999848427251e-05,0.6042789220809937,0.477762907743454,0.0,0.10000000149011612,0.0,0.10000000149011612,0.0,0.10000000149011612,0.0,0.10000000149011612,0.10000000149011612,0.0,0.0,0.0,0.10000000149011612,0.10000000149011612,0.10000000149011612,0.10000000149011612,0.0,0.0,0.0,0.10000000149011612,0.0,-0.0010971604770495524
595,-0.0010255227098241448,0.0,0.6026337146759033,0.46777668595314026,0.0,0.10000000149011612,0.0,0.10000000149011612,0.0,0.10000000149011612,0.0,0.10000000149011612,0.10000000149011612,0.0,0.0,0.0,0.10000000149011612,0.10000000149011612,0.10000000149011612,0.10000000149011612,0.0,0.0,0.0,0.10000000149011612,0.0,-0.006757661691186079
596,0.002564536640420556,0.0,0.6067437529563904,0.4564993679523468,0.0,0.10000000149011612,0.0,0.10000000149011612,0.0,0.10000000149011612,0.0,0.10000000149011612,0.10000000149011612,0.0,0.0,0.0,0.10000000149011612,0.10000000149011612,0.10000000149011612,0.10000000149011612,0.0,0.0,0.0,0.10000000149011612,0.0,-0.007683265519011995
597,0.005907884333282709,0.0,0.6162362098693848,0.4490859806537628,0.0,0.10000000149011612,0.0,0.10000000149011612,0.0,0.10000000149011612,0.0,0.10000000149011612,0.10000000149011612,0.0,0.0,0.0,0.10000000149011612,0.10000000149011612,0.10000000149011612,0.10000000149011612,0.0,0.0,0.0,0.10000000149011612,0.0,-0.005089866471419291
598,-0.008002103306353092,0.0,0.6033028960227966,0.43934187293052673,0.0,0.10000000149011612,0.0,0.10000000149011612,0.0,0.10000000149011612,0.0,0.10000000149011612,0.10000000149011612,0.0,0.0,0.0,0.10000000149011612,0.10000000149011612,0.10000000149011612,0.10000000149011612,0.0,0.0,0.0,0.10000000149011612,0.0,-0.006724313017533956
599,0.01180288102477789,0.0,0.6222264766693115,0.47310975193977356,0.0,0.10000000149011612,0.0,0.10000000149011612,0.0,0.10000000149011612,0.0,0.10000000149011612,0.10000000149011612,0.0,0.0,0.0,0.10000000149011612,0.10000000149011612,0.10000000149011612,0.10000000149011612,0.0,0.0,0.0,0.10000000149011612,0.0,0.02346063825718825
600,-0.008532262407243252,0.0,0.6083852052688599,0.45881369709968567,0.0,0.10000000149011612,0.0,0.10000000149011612,0.0,0.10000000149011612,0.0,0.10000000149011612,0.10000000149011612,0.0,0.0,0.0,0.10000000149011612,0.10000000149011612,0.10000000149011612,0.10000000149011612,0.0,0.0,0.0,0.10000000149011612,0.0,-0.009704677347538437
601,0.0037994582671672106,0.0,0.6144962310791016,0.4735206663608551,0.0,0.10000000149011612,0.0,0.10000000149011612,0.0,0.10000000149011612,0.0,0.10000000149011612,0.10000000149011612,0.0,0.0,0.0,0.10000000149011612,0.10000000149011612,0.10000000149011612,0.10000000149011612,0.0,0.0,0.0,0.10000000149011612,0.0,0.010081458167282564
602,0.0032745518255978823,0.0,0.6197829842567444,0.4773947298526764,0.0,0.10000000149011612,0.0,0.10000000149011612,0.0,0.10000000149011612,0.0,0.10000000149011612,0.10000000149011612,0.0,0.0,0.0,0.10000000149011612,0.10000000149011612,0.10000000149011612,0.10000000149011612,0.0,0.0,0.0,0.10000000149011612,0.0,0.0026291205683521834
603,-3.784604632528499e-05,0.0,0.6197216510772705,0.47195202112197876,0.0,0.10000000149011612,0.0,0.10000000149011612,0.0,0.10000000149011612,0.0,0.10000000149011612,0.10000000149011612,0.0,0.0,0.0,0.10000000149011612,0.10000000149011612,0.10000000149011612,0.10000000149011612,0.0,0.0,0.0,0.10000000149011612,0.0,-0.003683990893375122
604,0.008563203737139702,0.0,0.6335916519165039,0.4759680926799774,0.0,0.10000000149011612,0.0,0.10000000149011612,0.0,0.10000000149011612,0.0,0.10000000149011612,0.10000000149011612,0.0,0.0,0.0,0.10000000149011612,0.10000000149011612,0.10000000149011612,0.10000000149011612,0.0,0.0,0.0,0.10000000149011612,0.0,0.00272839841269934
605,0.004155181348323822,0.0,0.6403795480728149,0.48157423734664917,0.0,0.10000000149011612,0.0,0.10000000149011612,0.0,0.10000000149011612,0.0,0.10000000149011612,0.10000000149011612,0.0,0.0,0.0,0.10000000149011612,0.10000000149011612,0.10000000149011612,0.10000000149011612,0.0,0.0,0.0,0.10000000149011612,0.0,0.003798283102782074
606,0.002419315977022052,0.0,0.64434814453125,0.49216514825820923,0.0,0.10000000149011612,0.0,0.10000000149011612,0.0,0.10000000149011612,0.0,0.10000000149011612,0.10000000149011612,0.0,0.0,0.0,0.10000000149011612,0.10000000149011612,0.10000000149011612,0.10000000149011612,0.0,0.0,0.0,0.10000000149011612,0.0,0.00714841730140181
607,-0.0002197516878368333,0.0,0.6439867615699768,0.4862293601036072,0.0,0.10000000149011612,0.0,0.10000000149011612,0.0,0.10000000149011612,0.0,0.10000000149011612,0.10000000149011612,0.0,0.0,0.0,0.10000000149011612,0.10000000149011612,0.10000000149011612,0.10000000149011612,0.0,0.0,0.0,0.10000000149011612,0.0,-0.0039779699730494444
608,-0.002636880846694112,0.0,0.6396517753601074,0.4809437394142151,0.0,0.10000000149011612,0.0,0.10000000149011612,0.0,0.10000000149011612,0.0,0.10000000149011612,0.10000000149011612,0.0,0.0,0.0,0.10000000149011612,0.10000000149011612,0.10000000149011612,0.10000000149011612,0.0,0.0,0.0,0.10000000149011612,0.0,-0.0035563963620148797
609,-0.0031018282752484083,0.0,0.6345658898353577,0.47927168011665344,0.0,0.10000000149011612,0.0,0.10000000149011612,0.0,0.10000000149011612,0.0,0.10000000149011612,0.10000000149011612,0.0,0.0,0.0,0.10000000149011612,0.10000000149011612,0.10000000149011612,0.10000000149011612,0.0,0.0,0.0,0.10000000149011612,0.0,-0.0011290498437320773
610,-0.0011474939528852701,0.0,0.6326902508735657,0.4777885377407074,0.0,0.10000000149011612,0.0,0.10000000149011612,0.0,0.10000000149011612,0.0,0.10000000149011612,0.10000000149011612,0.0,0.0,0.0,0.10000000149011612,0.10000000149011612,0.10000000149011612,0.10000000149011612,0.0,0.0,0.0,0.10000000149011612,0.0,-0.001002616622680863
611,-0.003650814527645707,0.0,0.6267295479774475,0.480133056640625,0.0,0.10000000149011612,0.0,0.10000000149011612,0.0,0.10000000149011612,0.0,0.10000000149011612,0.10000000149011612,0.0,0.0,0.0,0.10000000149011612,0.10000000149011612,0.10000000149011612,0.10000000149011612,0.0,0.0,0.0,0.10000000149011612,0.0,0.0015865049971912626
612,0.0026061637327075005,0.0,0.6309691071510315,0.5083882808685303,0.0,0.10000000149011612,0.0,0.10000000149011612,0.0,0.10000000149011612,0.0,0.10000000149011612,0.10000000149011612,0.0,0.0,0.0,0.10000000149011612,0.10000000149011612,0.10000000149011612,0.10000000149011612,0.0,0.0,0.0,0.10000000149011612,0.0,0.019089651502030902
613,-0.001141707762144506,0.0,0.6291069984436035,0.49927493929862976,0.0,0.10000000149011612,0.0,0.10000000149011612,0.0,0.10000000149011612,0.0,0.10000000149011612,0.10000000149011612,0.0,0.0,0.0,0.10000000149011612,0.10000000149011612,0.10000000149011612,0.10000000149011612,0.0,0.0,0.0,0.10000000149011612,0.0,-0.006041774313343962
614,-0.006084970664232969,0.0,0.6191939115524292,0.49222713708877563,0.0,0.10000000149011612,0.0,0.10000000149011612,0.0,0.10000000149011612,0.0,0.10000000149011612,0.10000000149011612,0.0,0.0,0.0,0.10000000149011612,0.10000000149011612,0.10000000149011612,0.10000000149011612,0.0,0.0,0.0,0.10000000149011612,0.0,-0.004700807053542255
615,-0.0034024477936327457,0.0,0.6136847138404846,0.4791756868362427,0.0,0.10000000149011612,0.0,0.10000000149011612,0.0,0.10000000149011612,0.0,0.10000000149011612,0.10000000149011612,0.0,0.0,0.0,0.10000000149011612,0.10000000149011612,0.10000000149011612,0.10000000149011612,0.0,0.0,0.0,0.10000000149011612,0.0,-0.008746289306864719
616,0.014523930847644806,5.999999848427251e-05,0.6371217370033264,0.49851566553115845,0.0,0.10000000149011612,0.0,0.0,0.0,0.10000000149011612,0.0,0.10000000149011612,0.10000000149011612,0.0,0.0,0.0,0.10000000149011612,0.10000000149011612,0.10000000149011612,0.10000000149011612,0.10000000149011612,0.0,0.0,0.10000000149011612,0.0,0.013074835441813759
617,0.013828782364726067,0.0,0.6597611904144287,0.5015607476234436,0.0,0.10000000149011612,0.0,0.0,0.0,0.10000000149011612,0.0,0.10000000149011612,0.10000000149011612,0.0,0.0,0.0,0.10000000149011612,0.10000000149011612,0.10000000149011612,0.10000000149011612,0.10000000149011612,0.0,0.0,0.10000000149011612,0.0,0.002032065571503816
618,0.010676938109099865,0.0,0.6774823069572449,0.510094165802002,0.0,0.10000000149011612,0.0,0.0,0.0,0.10000000149011612,0.0,0.10000000149011612,0.10000000149011612,0.0,0.0,0.0,0.10000000149011612,0.10000000149011612,0.10000000149011612,0.10000000149011612,0.10000000149011612,0.0,0.0,0.10000000149011612,0.0,0.0056830322663030675
619,-0.004312940873205662,0.0,0.6702474355697632,0.4983888566493988,0.0,0.10000000149011612,0.0,0.0,0.0,0.10000000149011612,0.0,0.10000000149011612,0.10000000149011612,0.0,0.0,0.0,0.10000000149011612,0.10000000149011612,0.10000000149011612,0.10000000149011612,0.10000000149011612,0.0,0.0,0.10000000149011612,0.0,-0.0077513769787902476
620,-0.016147954389452934,0.0,0.6432763934135437,0.4824211895465851,0.0,0.10000000149011612,0.0,0.0,0.0,0.10000000149011612,0.0,0.10000000149011612,0.10000000149011612,0.0,0.0,0.0,0.10000000149011612,0.10000000149011612,0.10000000149011612,0.10000000149011612,0.10000000149011612,0.0,0.0,0.10000000149011612,0.0,-0.010656557563114566
621,-0.005796073004603386,0.0,0.6337518095970154,0.46871235966682434,0.0,0.10000000149011612,0.0,0.0,0.0,0.10000000149011612,0.0,0.10000000149011612,0.10000000149011612,0.0,0.0,0.0,0.10000000149011612,0.10000000149011612,0.10000000149011612,0.10000000149011612,0.10000000149011612,0.0,0.0,0.10000000149011612,0.0,-0.009247594392490899
622,0.004639036022126675,0.0,0.6413308382034302,0.4853639006614685,0.0,0.10000000149011612,0.0,0.0,0.0,0.10000000149011612,0.0,0.10000000149011612,0.10000000149011612,0.0,0.0,0.0,0.10000000149011612,0.10000000149011612,0.10000000149011612,0.10000000149011612,0.10000000149011612,0.0,0.0,0.10000000149011612,0.0,0.01133750995220173
623,0.0037714189384132624,0.0,0.6475210189819336,0.4957699477672577,0.0,0.10000000149011612,0.0,0.0,0.0,0.10000000149011612,0.0,0.10000000149011612,0.10000000149011612,0.0,0.0,0.0,0.10000000149011612,0.10000000149011612,0.10000000149011612,0.10000000149011612,0.10000000149011612,0.0,0.0,0.10000000149011612,0.0,0.007005722369552103
624,-0.0032374749425798655,0.0,0.6421871781349182,0.4911310374736786,0.0,0.10000000149011612,0.0,0.0,0.0,0.10000000149011612,0.0,0.10000000149011612,0.10000000149011612,0.0,0.0,0.0,0.10000000149011612,0.10000000149011612,0.10000000149011612,0.10000000149011612,0.10000000149011612,0.0,0.0,0.10000000149011612,0.0,-0.0031013527852351563
625,0.0023968990426510572,0.0,0.6461233496665955,0.4896073043346405,0.0,0.10000000149011612,0.0,0.0,0.0,0.10000000149011612,0.0,0.10000000149011612,0.10000000149011612,0.0,0.0,0.0,0.10000000149011612,0.10000000149011612,0.10000000149011612,0.10000000149011612,0.10000000149011612,0.0,0.0,0.10000000149011612,0.0,-0.0010218640084238562
626,0.013555270619690418,0.0,0.6684370040893555,0.4978296160697937,0.0,0.10000000149011612,0.0,0.0,0.0,0.10000000149011612,0.0,0.10000000149011612,0.10000000149011612,0.0,0.0,0.0,0.10000000149011612,0.10000000149011612,0.10000000149011612,0.10000000149011612,0.10000000149011612,0.0,0.0,0.10000000149011612,0.0,0.005519784785712911
627,0.0047130887396633625,0.0,0.6763004660606384,0.5008424520492554,0.0,0.10000000149011612,0.0,0.0,0.0,0.10000000149011612,0.0,0.10000000149011612,0.10000000149011612,0.0,0.0,0.0,0.10000000149011612,0.10000000149011612,0.10000000149011612,0.10000000149011612,0.10000000149011612,0.0,0.0,0.10000000149011612,0.0,0.002011467757839558
628,0.004351707641035318,0.0,0.6835952401161194,0.5099258422851562,0.0,0.10000000149011612,0.0,0.0,0.0,0.10000000149011612,0.0,0.10000000149011612,0.10000000149011612,0.0,0.0,0.0,0.10000000149011612,0.10000000149011612,0.10000000149011612,0.10000000149011612,0.10000000149011612,0.0,0.0,0.10000000149011612,0.0,0.006052194368235231
629,-0.0003573932917788625,0.0,0.6829935312271118,0.5107628703117371,0.0,0.10000000149011612,0.0,0.0,0.0,0.10000000149011612,0.0,0.10000000149011612,0.10000000149011612,0.0,0.0,0.0,0.10000000149011612,0.10000000149011612,0.10000000149011612,0.10000000149011612,0.10000000149011612,0.0,0.0,0.10000000149011612,0.0,0.0005543504211531491
630,-0.004062114283442497,0.0,0.6761570572853088,0.5096608400344849,0.0,0.10000000149011612,0.0,0.0,0.0,0.10000000149011612,0.0,0.10000000149011612,0.10000000149011612,0.0,0.0,0.0,0.10000000149011612,0.10000000149011612,0.10000000149011612,0.10000000149011612,0.10000000149011612,0.0,0.0,0.10000000149011612,0.0,-0.0007294528472392425
631,0.00012880242138635367,0.0,0.6763729453086853,0.5163776874542236,0.0,0.10000000149011612,0.0,0.0,0.0,0.10000000149011612,0.0,0.10000000149011612,0.10000000149011612,0.0,0.0,0.0,0.10000000149011612,0.10000000149011612,0.10000000149011612,0.10000000149011612,0.10000000149011612,0.0,0.0,0.10000000149011612,0.0,0.004449242665382602
632,0.001639798516407609,0.0,0.6791218519210815,0.5200833678245544,0.0,0.10000000149011612,0.0,0.0,0.0,0.10000000149011612,0.0,0.10000000149011612,0.10000000149011612,0.0,0.0,0.0,0.10000000149011612,0.10000000149011612,0.10000000149011612,0.10000000149011612,0.10000000149011612,0.0,0.0,0.10000000149011612,0.0,0.002443771364475822
633,0.004150368273258209,0.0,0.6860908269882202,0.5303469300270081,0.0,0.10000000149011612,0.0,0.0,0.0,0.10000000149011612,0.0,0.10000000149011612,0.10000000149011612,0.0,0.0,0.0,0.10000000149011612,0.10000000149011612,0.10000000149011612,0.10000000149011612,0.10000000149011612,0.0,0.0,0.10000000149011612,0.0,0.0067519732270620025
634,0.004420537501573563,0.0,0.6935442686080933,0.526936948299408,0.0,0.10000000149011612,0.0,0.0,0.0,0.10000000149011612,0.0,0.10000000149011612,0.10000000149011612,0.0,0.0,0.0,0.10000000149011612,0.10000000149011612,0.10000000149011612,0.10000000149011612,0.10000000149011612,0.0,0.0,0.10000000149011612,0.0,-0.0022282409698693995
635,0.007191385608166456,0.0,0.7057231664657593,0.5307211875915527,0.0,0.10000000149011612,0.0,0.0,0.0,0.10000000149011612,0.0,0.10000000149011612,0.10000000149011612,0.0,0.0,0.0,0.10000000149011612,0.10000000149011612,0.10000000149011612,0.10000000149011612,0.10000000149011612,0.0,0.0,0.10000000149011612,0.0,0.0024783205988692103
636,-0.00010058178304461762,0.0,0.7055516242980957,0.5308681130409241,0.0,0.10000000149011612,0.0,0.0,0.0,0.10000000149011612,0.0,0.10000000149011612,0.10000000149011612,0.0,0.0,0.0,0.10000000149011612,0.10000000149011612,0.10000000149011612,0.10000000149011612,0.10000000149011612,0.0,0.0,0.10000000149011612,0.0,9.598446180958398e-05
637,-0.007014461327344179,0.0,0.6935880780220032,0.528550386428833,0.0,0.10000000149011612,0.0,0.0,0.0,0.10000000149011612,0.0,0.10000000149011612,0.10000000149011612,0.0,0.0,0.0,0.10000000149011612,0.10000000149011612,0.10000000149011612,0.10000000149011612,0.10000000149011612,0.0,0.0,0.10000000149011612,0.0,-0.0015139949629541238
638,-0.0020523483399301767,0.0,0.6901122331619263,0.5264977216720581,0.0,0.10000000149011612,0.0,0.0,0.0,0.10000000149011612,0.0,0.10000000149011612,0.10000000149011612,0.0,0.0,0.0,0.10000000149011612,0.10000000149011612,0.10000000149011612,0.10000000149011612,0.10000000149011612,0.0,0.0,0.10000000149011612,0.0,-0.0013428832801322121
639,0.00035500957164913416,0.0,0.6907122731208801,0.5250566005706787,0.0,0.10000000149011612,0.0,0.0,0.0,0.10000000149011612,0.0,0.10000000149011612,0.10000000149011612,0.0,0.0,0.0,0.10000000149011612,0.10000000149011612,0.10000000149011612,0.10000000149011612,0.10000000149011612,0.0,0.0,0.10000000149011612,0.0,-0.0009440702602562245
640,-0.0019084654049947858,0.0,0.6874855756759644,0.5221124887466431,0.0,0.10000000149011612,0.0,0.0,0.0,0.10000000149011612,0.0,0.10000000149011612,0.10000000149011612,0.0,0.0,0.0,0.10000000149011612,0.10000000149011612,0.10000000149011612,0.10000000149011612,0.10000000149011612,0.0,0.0,0.10000000149011612,0.0,-0.0019304934800019602
641,0.007289237808436155,5.999999848427251e-05,0.6997860670089722,0.5246588587760925,0.0,0.10000000149011612,0.10000000149011612,0.0,0.0,0.10000000149011612,0.0,0.0,0.10000000149011612,0.0,0.0,0.0,0.10000000149011612,0.10000000149011612,0.10000000149011612,0.10000000149011612,0.10000000149011612,0.0,0.0,0.10000000149011612,0.0,0.0016729184263812868
642,0.002968348329886794,0.0,0.7048316597938538,0.5265403985977173,0.0,0.10000000149011612,0.10000000149011612,0.0,0.0,0.10000000149011612,0.0,0.0,0.10000000149011612,0.0,0.0,0.0,0.10000000149011612,0.10000000149011612,0.10000000149011612,0.10000000149011612,0.10000000149011612,0.0,0.0,0.10000000149011612,0.0,0.0012340726653667922
643,-0.002926521934568882,0.0,0.6998423933982849,0.5258730053901672,0.0,0.10000000149011612,0.10000000149011612,0.0,0.0,0.10000000149011612,0.0,0.0,0.10000000149011612,0.0,0.0,0.0,0.10000000149011612,0.10000000149011612,0.10000000149011612,0.10000000149011612,0.10000000149011612,0.0,0.0,0.10000000149011612,0.0,-0.00043719328238089883
644,0.00044251244980841875,0.0,0.7005946040153503,0.5316405892372131,0.0,0.10000000149011612,0.10000000149011612,0.0,0.0,0.10000000149011612,0.0,0.0,0.10000000149011612,0.0,0.0,0.0,0.10000000149011612,0.10000000149011612,0.10000000149011612,0.10000000149011612,0.10000000149011612,0.0,0.0,0.10000000149011612,0.0,0.0037798583674211184
645,-0.0008854484767653048,0.0,0.6990888118743896,0.5350385308265686,0.0,0.10000000149011612,0.10000000149011612,0.0,0.0,0.10000000149011612,0.0,0.0,0.10000000149011612,0.0,0.0,0.0,0.10000000149011612,0.10000000149011612,0.10000000149011612,0.10000000149011612,0.10000000149011612,0.0,0.0,0.10000000149011612,0.0,0.0022184980035346857
646,0.006656556855887175,0.0,0.7103989124298096,0.5411306023597717,0.0,0.10000000149011612,0.10000000149011612,0.0,0.0,0.10000000149011612,0.0,0.0,0.10000000149011612,0.0,0.0,0.0,0.10000000149011612,0.10000000149011612,0.10000000149011612,0.10000000149011612,0.10000000149011612,0.0,0.0,0.10000000149011612,0.0,0.003968676623330669
647,0.0072630285285413265,0.0,0.7228215932846069,0.5561949014663696,0.0,0.10000000149011612,0.10000000149011612,0.0,0.0,0.10000000149011612,0.0,0.0,0.10000000149011612,0.0,0.0,0.0,0.10000000149011612,0.10000000149011612,0.10000000149011612,0.10000000149011612,0.10000000149011612,0.0,0.0,0.10000000149011612,0.0,0.00977483613882657
648,-0.0015263073146343231,0.0,0.720192015171051,0.5603987574577332,0.0,0.10000000149011612,0.10000000149011612,0.0,0.0,0.10000000149011612,0.0,0.0,0.10000000149011612,0.0,0.0,0.0,0.10000000149011612,0.10000000149011612,0.10000000149011612,0.10000000149011612,0.10000000149011612,0.0,0.0,0.10000000149011612,0.0,0.002701368567267659
649,0.001172238844446838,0.0,0.7222084999084473,0.5619937181472778,0.0,0.10000000149011612,0.10000000149011612,0.0,0.0,0.10000000149011612,0.0,0.0,0.10000000149011612,0.0,0.0,0.0,0.10000000149011612,0.10000000149011612,0.10000000149011612,0.10000000149011612,0.10000000149011612,0.0,0.0,0.10000000149011612,0.0,0.0010221494229738504
650,-0.0040423148311674595,0.0,0.7152467966079712,0.5525034070014954,0.0,0.10000000149011612,0.10000000149011612,0.0,0.0,0.10000000149011612,0.0,0.0,0.10000000149011612,0.0,0.0,0.0,0.10000000149011612,0.10000000149011612,0.10000000149011612,0.10000000149011612,0.10000000149011612,0.0,0.0,0.10000000149011612,0.0,-0.006075767805928889
651,-0.0026356084272265434,0.0,0.7107260823249817,0.5558286905288696,0.0,0.10000000149011612,0.10000000149011612,0.0,0.0,0.10000000149011612,0.0,0.0,0.10000000149011612,0.0,0.0,0.0,0.10000000149011612,0.10000000149011612,0.10000000149011612,0.10000000149011612,0.10000000149011612,0.0,0.0,0.10000000149011612,0.0,0.002141884850221931
652,0.002391236135736108,0.0,0.7148168087005615,0.5579715967178345,0.0,0.10000000149011612,0.10000000149011612,0.0,0.0,0.10000000149011612,0.0,0.0,0.10000000149011612,0.0,0.0,0.0,0.10000000149011612,0.10000000149011612,0.10000000149011612,0.10000000149011612,0.10000000149011612,0.0,0.0,0.10000000149011612,0.0,0.001377340707244823
653,-0.0028671505860984325,0.0,0.7099002003669739,0.5570551156997681,0.0,0.10000000149011612,0.10000000149011612,0.0,0.0,0.10000000149011612,0.0,0.0,0.10000000149011612,0.0,0.0,0.0,0.10000000149011612,0.10000000149011612,0.10000000149011612,0.10000000149011612,0.10000000149011612,0.0,0.0,0.10000000149011612,0.0,-0.0005882527126920278
654,0.00026764566428028047,0.0,0.7103578448295593,0.5581484436988831,0.0,0.10000000149011612,0.10000000149011612,0.0,0.0,0.10000000149011612,0.0,0.0,0.10000000149011612,0.0,0.0,0.0,0.10000000149011612,0.10000000149011612,0.10000000149011612,0.10000000149011612,0.10000000149011612,0.0,0.0,0.10000000149011612,0.0,0.0007021768131976192
655,0.00421308446675539,0.0,0.7175636887550354,0.5590628981590271,0.0,0.10000000149011612,0.10000000149011612,0.0,0.0,0.10000000149011612,0.0,0.0,0.10000000149011612,0.0,0.0,0.0,0.10000000149011612,0.10000000149011612,0.10000000149011612,0.10000000149011612,0.10000000149011612,0.0,0.0,0.10000000149011612,0.0,0.0005868853278017117
656,-0.008778867311775684,0.0,0.7024854421615601,0.5493027567863464,0.0,0.10000000149011612,0.10000000149011612,0.0,0.0,0.10000000149011612,0.0,0.0,0.10000000149011612,0.0,0.0,0.0,0.10000000149011612,0.10000000149011612,0.10000000149011612,0.10000000149011612,0.10000000149011612,0.0,0.0,0.10000000149011612,0.0,-0.00626026145847336
657,-0.0005408538272604346,0.0,0.7015646696090698,0.5463545918464661,0.0,0.10000000149011612,0.10000000149011612,0.0,0.0,0.10000000149011612,0.0,0.0,0.10000000149011612,0.0,0.0,0.0,0.10000000149011612,0.10000000149011612,0.10000000149011612,0.10000000149011612,0.10000000149011612,0.0,0.0,0.10000000149011612,0.0,-0.0019028978854950251
658,0.002146683866158128,0.0,0.7052173614501953,0.557424008846283,0.0,0.10000000149011612,0.10000000149011612,0.0,0.0,0.10000000149011612,0.0,0.0,0.10000000149011612,0.0,0.0,0.0,0.10000000149011612,0.10000000149011612,0.10000000149011612,0.10000000149011612,0.10000000149011612,0.0,0.0,0.10000000149011612,0.0,0.007158395013784791
659,0.0018314176704734564,0.0,0.7083403468132019,0.5539469122886658,0.0,0.10000000149011612,0.10000000149011612,0.0,0.0,0.10000000149011612,0.0,0.0,0.10000000149011612,0.0,0.0,0.0,0.10000000149011612,0.10000000149011612,0.10000000149011612,0.10000000149011612,0.10000000149011612,0.0,0.0,0.10000000149011612,0.0,-0.002232594680618094
660,0.003868682775646448,0.0,0.714949369430542,0.5591510534286499,0.0,0.10000000149011612,0.10000000149011612,0.0,0.0,0.10000000149011612,0.0,0.0,0.10000000149011612,0.0,0.0,0.0,0.10000000149011612,0.10000000149011612,0.10000000149011612,0.10000000149011612,0.10000000149011612,0.0,0.0,0.10000000149011612,0.0,0.00334898258031191
661,0.006125372834503651,0.0,0.7254540920257568,0.5703402161598206,0.0,0.10000000149011612,0.10000000149011612,0.0,0.0,0.10000000149011612,0.0,0.0,0.10000000149011612,0.0,0.0,0.0,0.10000000149011612,0.10000000149011612,0.10000000149011612,0.10000000149011612,0.10000000149011612,0.0,0.0,0.10000000149011612,0.0,0.00717644560901598
662,-0.00573791703209281,0.0,0.7155535817146301,0.5703042149543762,0.0,0.10000000149011612,0.10000000149011612,0.0,0.0,0.10000000149011612,0.0,0.0,0.10000000149011612,0.0,0.0,0.0,0.10000000149011612,0.10000000149011612,0.10000000149011612,0.10000000149011612,0.10000000149011612,0.0,0.0,0.10000000149011612,0.0,-2.2925736139156605e-05
663,0.0004445088852662593,0.0,0.7163161635398865,0.571013331413269,0.0,0.10000000149011612,0.10000000149011612,0.0,0.0,0.10000000149011612,0.0,0.0,0.10000000149011612,0.0,0.0,0.0,0.10000000149011612,0.10000000149011612,0.10000000149011612,0.10000000149011612,0.10000000149011612,0.0,0.0,0.10000000149011612,0.0,0.0004515790329921998
664,0.000711687607690692,0.0,0.7175376415252686,0.5734953284263611,0.0,0.10000000149011612,0.10000000149011612,0.0,0.0,0.10000000149011612,0.0,0.0,0.10000000149011612,0.0,0.0,0.0,0.10000000149011612,0.10000000149011612,0.10000000149011612,0.10000000149011612,0.10000000149011612,0.0,0.0,0.10000000149011612,0.0,0.0015798701153346695
665,-0.013748383149504662,0.0,0.6939242482185364,0.5655850172042847,0.0,0.10000000149011612,0.10000000149011612,0.0,0.0,0.10000000149011612,0.0,0.0,0.10000000149011612,0.0,0.0,0.0,0.10000000149011612,0.10000000149011612,0.10000000149011612,0.10000000149011612,0.10000000149011612,0.0,0.0,0.10000000149011612,0.0,-0.005027222565692324
666,-0.005113733466714621,0.0,0.6852619647979736,0.5594134330749512,0.0,0.10000000149011612,0.10000000149011612,0.0,0.0,0.10000000149011612,0.0,0.0,0.10000000149011612,0.0,0.0,0.0,0.10000000149011612,0.10000000149011612,0.10000000149011612,0.10000000149011612,0.10000000149011612,0.0,0.0,0.10000000149011612,0.0,-0.003942030654045414
667,-0.004772092681378126,0.0,0.6772197484970093,0.5480145812034607,0.0,0.10000000149011612,0.10000000149011612,0.0,0.0,0.10000000149011612,0.0,0.0,0.10000000149011612,0.0,0.0,0.0,0.10000000149011612,0.10000000149011612,0.10000000149011612,0.10000000149011612,0.10000000149011612,0.0,0.0,0.10000000149011612,0.0,-0.007309704809335571
668,-0.008686880581080914,0.0,0.662649929523468,0.536344587802887,0.0,0.10000000149011612,0.10000000149011612,0.0,0.0,0.10000000149011612,0.0,0.0,0.10000000149011612,0.0,0.0,0.0,0.10000000149011612,0.10000000149011612,0.10000000149011612,0.10000000149011612,0.10000000149011612,0.0,0.0,0.10000000149011612,0.0,-0.0075386844169783584
669,-0.00437125051394105,0.0,0.6553820967674255,0.5266834497451782,0.0,0.10000000149011612,0.10000000149011612,0.0,0.0,0.10000000149011612,0.0,0.0,0.10000000149011612,0.0,0.0,0.0,0.10000000149011612,0.10000000149011612,0.10000000149011612,0.10000000149011612,0.10000000149011612,0.0,0.0,0.10000000149011612,0.0,-0.006288392678575505
670,0.00411613006144762,0.0,0.6621958613395691,0.5312355756759644,0.0,0.10000000149011612,0.10000000149011612,0.0,0.0,0.10000000149011612,0.0,0.0,0.10000000149011612,0.0,0.0,0.0,0.10000000149011612,0.10000000149011612,0.10000000149011612,0.10000000149011612,0.10000000149011612,0.0,0.0,0.10000000149011612,0.0,0.0029817090972892313
671,0.001412175945006311,0.0,0.6645431518554688,0.5369188189506531,0.0,0.10000000149011612,0.10000000149011612,0.0,0.0,0.10000000149011612,0.0,0.0,0.10000000149011612,0.0,0.0,0.0,0.10000000149011612,0.10000000149011612,0.10000000149011612,0.10000000149011612,0.10000000149011612,0.0,0.0,0.10000000149011612,0.0,0.003711540774632205
672,-0.0027817757800221443,0.0,0.6599127650260925,0.5406267642974854,0.0,0.10000000149011612,0.10000000149011612,0.0,0.0,0.10000000149011612,0.0,0.0,0.10000000149011612,0.0,0.0,0.0,0.10000000149011612,0.10000000149011612,0.10000000149011612,0.10000000149011612,0.10000000149011612,0.0,0.0,0.10000000149011612,0.0,0.002412583736442153
673,8.262594928964972e-05,0.0,0.6600499153137207,0.5343868136405945,0.0,0.10000000149011612,0.10000000149011612,0.0,0.0,0.10000000149011612,0.0,0.0,0.10000000149011612,0.0,0.0,0.0,0.10000000149011612,0.10000000149011612,0.10000000149011612,0.10000000149011612,0.10000000149011612,0.0,0.0,0.10000000149011612,0.0,-0.004050267593355916
674,-0.002324609085917473,0.0,0.6561909317970276,0.5382474064826965,0.0,0.10000000149011612,0.10000000149011612,0.0,0.0,0.10000000149011612,0.0,0.0,0.10000000149011612,0.0,0.0,0.0,0.10000000149011612,0.10000000149011612,0.10000000149011612,0.10000000149011612,0.10000000149011612,0.0,0.0,0.10000000149011612,0.0,0.0025160492828677494
675,0.003837182419374585,0.0,0.6625460386276245,0.5383513569831848,0.0,0.10000000149011612,0.10000000149011612,0.0,0.0,0.10000000149011612,0.0,0.0,0.10000000149011612,0.0,0.0,0.0,0.10000000149011612,0.10000000149011612,0.10000000149011612,0.10000000149011612,0.10000000149011612,0.0,0.0,0.10000000149011612,0.0,6.757723110739633e-05
676,0.003485244931653142,0.0,0.6683404445648193,0.5459586977958679,0.0,0.10000000149011612,0.10000000149011612,0.0,0.0,0.10000000149011612,0.0,0.0,0.10000000149011612,0.0,0.0,0.0,0.10000000149011612,0.10000000149011612,0.10000000149011612,0.10000000149011612,0.10000000149011612,0.0,0.0,0.10000000149011612,0.0,0.0049451256880623795
677,0.002380585530772805,0.0,0.6723120808601379,0.5508878231048584,0.0,0.10000000149011612,0.10000000149011612,0.0,0.0,0.10000000149011612,0.0,0.0,0.10000000149011612,0.0,0.0,0.0,0.10000000149011612,0.10000000149011612,0.10000000149011612,0.10000000149011612,0.10000000149011612,0.0,0.0,0.10000000149011612,0.0,0.003188393917650023
678,0.018593424931168556,0.0,0.7034060955047607,0.5694968700408936,0.0,0.10000000149011612,0.10000000149011612,0.0,0.0,0.10000000149011612,0.0,0.0,0.10000000149011612,0.0,0.0,0.0,0.10000000149011612,0.10000000149011612,0.10000000149011612,0.10000000149011612,0.10000000149011612,0.0,0.0,0.10000000149011612,0.0,0.011998963857218214
679,0.008112646639347076,0.0,0.717225193977356,0.5700721740722656,0.0,0.10000000149011612,0.10000000149011612,0.0,0.0,0.10000000149011612,0.0,0.0,0.10000000149011612,0.0,0.0,0.0,0.10000000149011612,0.10000000149011612,0.10000000149011612,0.10000000149011612,0.10000000149011612,0.0,0.0,0.10000000149011612,0.0,0.0003665531562080382
680,-0.0008914506761357188,0.0,0.7156943678855896,0.5708761215209961,0.0,0.10000000149011612,0.10000000149011612,0.0,0.0,0.10000000149011612,0.0,0.0,0.10000000149011612,0.0,0.0,0.0,0.10000000149011612,0.10000000149011612,0.10000000149011612,0.10000000149011612,0.10000000149011612,0.0,0.0,0.10000000149011612,0.0,0.000512044899595443
681,0.00214049918577075,0.0,0.7193668484687805,0.5747160911560059,0.0,0.10000000149011612,0.10000000149011612,0.0,0.0,0.10000000149011612,0.0,0.0,0.10000000149011612,0.0,0.0,0.0,0.10000000149011612,0.10000000149011612,0.10000000149011612,0.10000000149011612,0.10000000149011612,0.0,0.0,0.10000000149011612,0.0,0.0024444764182243173
682,-0.005232883617281914,0.0,0.7103695869445801,0.5711961388587952,0.0,0.10000000149011612,0.10000000149011612,0.0,0.0,0.10000000149011612,0.0,0.0,0.10000000149011612,0.0,0.0,0.0,0.10000000149011612,0.10000000149011612,0.10000000149011612,0.10000000149011612,0.10000000149011612,0.0,0.0,0.10000000149011612,0.0,-0.002235293280471118
683,0.0016587789868935943,0.0,0.7132067084312439,0.5786263346672058,0.0,0.10000000149011612,0.10000000149011612,0.0,0.0,0.10000000149011612,0.0,0.0,0.10000000149011612,0.0,0.0,0.0,0.10000000149011612,0.10000000149011612,0.10000000149011612,0.10000000149011612,0.10000000149011612,0.0,0.0,0.10000000149011612,0.0,0.00472900589852987
684,-0.0007050358690321445,0.0,0.7119988203048706,0.5859279036521912,0.0,0.10000000149011612,0.10000000149011612,0.0,0.0,0.10000000149011612,0.0,0.0,0.10000000149011612,0.0,0.0,0.0,0.10000000149011612,0.10000000149011612,0.10000000149011612,0.10000000149011612,0.10000000149011612,0.0,0.0,0.10000000149011612,0.0,0.004625267439570813
685,-0.005981290712952614,0.0,0.701758861541748,0.577172577381134,0.0,0.10000000149011612,0.10000000149011612,0.0,0.0,0.10000000149011612,0.0,0.0,0.10000000149011612,0.0,0.0,0.0,0.10000000149011612,0.10000000149011612,0.10000000149011612,0.10000000149011612,0.10000000149011612,0.0,0.0,0.10000000149011612,0.0,-0.005520633221027693
686,0.0003911867970600724,0.0,0.7024245858192444,0.5796265602111816,0.0,0.10000000149011612,0.10000000149011612,0.0,0.0,0.10000000149011612,0.0,0.0,0.10000000149011612,0.0,0.0,0.0,0.10000000149011612,0.10000000149011612,0.10000000149011612,0.10000000149011612,0.10000000149011612,0.0,0.0,0.10000000149011612,0.0,0.0015559380534768685
687,0.0009862795704975724,0.0,0.7041036486625671,0.5871748328208923,0.0,0.10000000149011612,0.10000000149011612,0.0,0.0,0.10000000149011612,0.0,0.0,0.10000000149011612,0.0,0.0,0.0,0.10000000149011612,0.10000000149011612,0.10000000149011612,0.10000000149011612,0.10000000149011612,0.0,0.0,0.10000000149011612,0.0,0.004778517150725525
688,-0.0016826889477670193,0.0,0.7012361884117126,0.5878782272338867,0.0,0.10000000149011612,0.10000000149011612,0.0,0.0,0.10000000149011612,0.0,0.0,0.10000000149011612,0.0,0.0,0.0,0.10000000149011612,0.10000000149011612,0.10000000149011612,0.10000000149011612,0.10000000149011612,0.0,0.0,0.10000000149011612,0.0,0.0004431738699788301
689,-0.0007050108397379518,0.0,0.7000367641448975,0.5840214490890503,0.0,0.10000000149011612,0.10000000149011612,0.0,0.0,0.10000000149011612,0.0,0.0,0.10000000149011612,0.0,0.0,0.0,0.10000000149011612,0.10000000149011612,0.10000000149011612,0.10000000149011612,0.10000000149011612,0.0,0.0,0.10000000149011612,0.0,-0.002428887857197304
690,0.004174118395894766,0.0,0.7071329355239868,0.5950765013694763,0.0,0.10000000149011612,0.10000000149011612,0.0,0.0,0.10000000149011612,0.0,0.0,0.10000000149011612,0.0,0.0,0.0,0.10000000149011612,0.10000000149011612,0.10000000149011612,0.10000000149011612,0.10000000149011612,0.0,0.0,0.10000000149011612,0.0,0.006979105167284061
691,0.004790677223354578,0.0,0.7153112888336182,0.597915768623352,0.0,0.10000000149011612,0.10000000149011612,0.0,0.0,0.10000000149011612,0.0,0.0,0.10000000149011612,0.0,0.0,0.0,0.10000000149011612,0.10000000149011612,0.10000000149011612,0.10000000149011612,0.10000000149011612,0.0,0.0,0.10000000149011612,0.0,0.0017800194858603735
692,0.006203555967658758,0.0,0.7259522676467896,0.6047961711883545,0.0,0.10000000149011612,0.10000000149011612,0.0,0.0,0.10000000149011612,0.0,0.0,0.10000000149011612,0.0,0.0,0.0,0.10000000149011612,0.10000000149011612,0.10000000149011612,0.10000000149011612,0.10000000149011612,0.0,0.0,0.10000000149011612,0.0,0.004305860609242318
693,-0.0010225982405245304,0.0,0.7241873145103455,0.5966417789459229,0.0,0.10000000149011612,0.10000000149011612,0.0,0.0,0.10000000149011612,0.0,0.0,0.10000000149011612,0.0,0.0,0.0,0.10000000149011612,0.10000000149011612,0.10000000149011612,0.10000000149011612,0.10000000149011612,0.0,0.0,0.10000000149011612,0.0,-0.005081263520459012
694,0.0061750514432787895,0.0,0.7348342537879944,0.5998305082321167,0.0,0.10000000149011612,0.10000000149011612,0.0,0.0,0.10000000149011612,0.0,0.0,0.10000000149011612,0.0,0.0,0.0,0.10000000149011612,0.10000000149011612,0.10000000149011612,0.10000000149011612,0.10000000149011612,0.0,0.0,0.10000000149011612,0.0,0.001997147593306048
695,0.007369366008788347,0.0,0.7476189136505127,0.6053040623664856,0.0,0.10000000149011612,0.10000000149011612,0.0,0.0,0.10000000149011612,0.0,0.0,0.10000000149011612,0.0,0.0,0.0,0.10000000149011612,0.10000000149011612,0.10000000149011612,0.10000000149011612,0.10000000149011612,0.0,0.0,0.10000000149011612,0.0,0.0034213337639230623
696,-0.00365941203199327,0.0,0.7412236332893372,0.6024407148361206,0.0,0.10000000149011612,0.10000000149011612,0.0,0.0,0.10000000149011612,0.0,0.0,0.10000000149011612,0.0,0.0,0.0,0.10000000149011612,0.10000000149011612,0.10000000149011612,0.10000000149011612,0.10000000149011612,0.0,0.0,0.10000000149011612,0.0,-0.0017836792402704527
697,0.007052967790514231,0.0,0.7535044550895691,0.6162815690040588,0.0,0.10000000149011612,0.10000000149011612,0.0,0.0,0.10000000149011612,0.0,0.0,0.10000000149011612,0.0,0.0,0.0,0.10000000149011612,0.10000000149011612,0.10000000149011612,0.10000000149011612,0.10000000149011612,0.0,0.0,0.10000000149011612,0.0,0.00863735802503851
698,0.0016546325059607625,0.0,0.7564058303833008,0.622342050075531,0.0,0.10000000149011612,0.10000000149011612,0.0,0.0,0.10000000149011612,0.0,0.0,0.10000000149011612,0.0,0.0,0.0,0.10000000149011612,0.10000000149011612,0.10000000149011612,0.10000000149011612,0.10000000149011612,0.0,0.0,0.10000000149011612,0.0,0.0037496443612894392
699,-0.0020246957428753376,0.0,0.7528496384620667,0.6245607733726501,0.0,0.10000000149011612,0.10000000149011612,0.0,0.0,0.10000000149011612,0.0,0.0,0.10000000149011612,0.0,0.0,0.0,0.10000000149011612,0.10000000149011612,0.10000000149011612,0.10000000149011612,0.10000000149011612,0.0,0.0,0.10000000149011612,0.0,0.001367605121876725
700,-0.0017339593032374978,0.0,0.7498102784156799,0.6264475584030151,0.0,0.10000000149011612,0.10000000149011612,0.0,0.0,0.10000000149011612,0.0,0.0,0.10000000149011612,0.0,0.0,0.0,0.10000000149011612,0.10000000149011612,0.10000000149011612,0.10000000149011612,0.10000000149011612,0.0,0.0,0.10000000149011612,0.0,0.001161412402226114
701,0.0006781783304177225,0.0,0.750997006893158,0.6312183141708374,0.0,0.10000000149011612,0.10000000149011612,0.0,0.0,0.10000000149011612,0.0,0.0,0.10000000149011612,0.0,0.0,0.0,0.10000000149011612,0.10000000149011612,0.10000000149011612,0.10000000149011612,0.10000000149011612,0.0,0.0,0.10000000149011612,0.0,0.002933236760800595
702,-0.0017430467996746302,0.0,0.7479448914527893,0.6331355571746826,0.0,0.10000000149011612,0.10000000149011612,0.0,0.0,0.10000000149011612,0.0,0.0,0.10000000149011612,0.0,0.0,0.0,0.10000000149011612,0.10000000149011612,0.10000000149011612,0.10000000149011612,0.10000000149011612,0.0,0.0,0.10000000149011612,0.0,0.0011753442118627166
703,-0.00279938243329525,0.0,0.7430517673492432,0.6279864311218262,0.0,0.10000000149011612,0.10000000149011612,0.0,0.0,0.10000000149011612,0.0,0.0,0.10000000149011612,0.0,0.0,0.0,0.10000000149011612,0.10000000149011612,0.10000000149011612,0.10000000149011612,0.10000000149011612,0.0,0.0,0.10000000149011612,0.0,-0.0031529079323729947
704,0.000452229956863448,0.0,0.7438399791717529,0.6372243165969849,0.0,0.10000000149011612,0.10000000149011612,0.0,0.0,0.10000000149011612,0.0,0.0,0.10000000149011612,0.0,0.0,0.0,0.10000000149011612,0.10000000149011612,0.10000000149011612,0.10000000149011612,0.10000000149011612,0.0,0.0,0.10000000149011612,0.0,0.005674424122068977
705,-0.0003164669033139944,0.0,0.7432881593704224,0.6395060420036316,0.0,0.10000000149011612,0.10000000149011612,0.0,0.0,0.10000000149011612,0.0,0.0,0.10000000149011612,0.0,0.0,0.0,0.10000000149011612,0.10000000149011612,0.10000000149011612,0.10000000149011612,0.10000000149011612,0.0,0.0,0.10000000149011612,0.0,0.0013936547261828025
706,0.00037746416637673974,0.0,0.7439461946487427,0.6364983916282654,0.0,0.10000000149011612,0.10000000149011612,0.0,0.0,0.10000000149011612,0.0,0.0,0.10000000149011612,0.0,0.0,0.0,0.10000000149011612,0.10000000149011612,0.10000000149011612,0.10000000149011612,0.10000000149011612,0.0,0.0,0.10000000149011612,0.0,-0.0018344856916114871
707,-0.004748910199850798,0.0,0.7356643080711365,0.6361916065216064,0.0,0.10000000149011612,0.10000000149011612,0.0,0.0,0.10000000149011612,0.0,0.0,0.10000000149011612,0.0,0.0,0.0,0.10000000149011612,0.10000000149011612,0.10000000149011612,0.10000000149011612,0.10000000149011612,0.0,0.0,0.10000000149011612,0.0,-0.0001874643496311279
708,0.0022089488338679075,0.0,0.7394983172416687,0.6402679085731506,0.0,0.10000000149011612,0.10000000149011612,0.0,0.0,0.10000000149011612,0.0,0.0,0.10000000149011612,0.0,0.0,0.0,0.10000000149011612,0.10000000149011612,0.10000000149011612,0.10000000149011612,0.10000000149011612,0.0,0.0,0.10000000149011612,0.0,0.0024913353884084
709,0.0028363075107336044,0.0,0.7444320917129517,0.6372743844985962,0.0,0.10000000149011612,0.10000000149011612,0.0,0.0,0.10000000149011612,0.0,0.0,0.10000000149011612,0.0,0.0,0.0,0.10000000149011612,0.10000000149011612,0.10000000149011612,0.10000000149011612,0.10000000149011612,0.0,0.0,0.10000000149011612,0.0,-0.0018250214241882778
710,0.004658173769712448,0.0,0.7525579333305359,0.6394302845001221,0.0,0.10000000149011612,0.10000000149011612,0.0,0.0,0.10000000149011612,0.0,0.0,0.10000000149011612,0.0,0.0,0.0,0.10000000149011612,0.10000000149011612,0.10000000149011612,0.10000000149011612,0.10000000149011612,0.0,0.0,0.10000000149011612,0.0,0.001316761577617953
711,0.009976484812796116,0.0,0.7700423002243042,0.6485918760299683,0.0,0.10000000149011612,0.10000000149011612,0.0,0.0,0.10000000149011612,0.0,0.0,0.10000000149011612,0.0,0.0,0.0,0.10000000149011612,0.10000000149011612,0.10000000149011612,0.10000000149011612,0.10000000149011612,0.0,0.0,0.10000000149011612,0.0,0.005588277596469737
712,0.004499067086726427,0.0,0.778005838394165,0.651901125907898,0.0,0.10000000149011612,0.10000000149011612,0.0,0.0,0.10000000149011612,0.0,0.0,0.10000000149011612,0.0,0.0,0.0,0.10000000149011612,0.10000000149011612,0.10000000149011612,0.10000000149011612,0.10000000149011612,0.0,0.0,0.10000000149011612,0.0,0.00200731904969631
713,0.004919553641229868,0.0,0.7867528200149536,0.6627202033996582,0.0,0.10000000149011612,0.10000000149011612,0.0,0.0,0.10000000149011612,0.0,0.0,0.10000000149011612,0.0,0.0,0.0,0.10000000149011612,0.10000000149011612,0.10000000149011612,0.10000000149011612,0.10000000149011612,0.0,0.0,0.10000000149011612,0.0,0.006549470378146349
714,0.0044628954492509365,0.0,0.7947269082069397,0.6675358414649963,0.0,0.10000000149011612,0.10000000149011612,0.0,0.0,0.10000000149011612,0.0,0.0,0.10000000149011612,0.0,0.0,0.0,0.10000000149011612,0.10000000149011612,0.10000000149011612,0.10000000149011612,0.10000000149011612,0.0,0.0,0.10000000149011612,0.0,0.002896240783922588
715,0.0073798662051558495,0.0,0.8079717755317688,0.6711958050727844,0.0,0.10000000149011612,0.10000000149011612,0.0,0.0,0.10000000149011612,0.0,0.0,0.10000000149011612,0.0,0.0,0.0,0.10000000149011612,0.10000000149011612,0.10000000149011612,0.10000000149011612,0.10000000149011612,0.0,0.0,0.10000000149011612,0.0,0.002194833548268882
716,0.004496586509048939,0.0,0.8161014914512634,0.675856351852417,0.0,0.10000000149011612,0.10000000149011612,0.0,0.0,0.10000000149011612,0.0,0.0,0.10000000149011612,0.0,0.0,0.0,0.10000000149011612,0.10000000149011612,0.10000000149011612,0.10000000149011612,0.10000000149011612,0.0,0.0,0.10000000149011612,0.0,0.00278874968778986
717,-0.0016028942773118615,0.0,0.8131904602050781,0.6647136807441711,0.0,0.10000000149011612,0.10000000149011612,0.0,0.0,0.10000000149011612,0.0,0.0,0.10000000149011612,0.0,0.0,0.0,0.10000000149011612,0.10000000149011612,0.10000000149011612,0.10000000149011612,0.10000000149011612,0.0,0.0,0.10000000149011612,0.0,-0.006648941656562157
718,-0.01465791929513216,0.0,0.786612868309021,0.6451498866081238,0.0,0.10000000149011612,0.10000000149011612,0.0,0.0,0.10000000149011612,0.0,0.0,0.10000000149011612,0.0,0.0,0.0,0.10000000149011612,0.10000000149011612,0.10000000149011612,0.10000000149011612,0.10000000149011612,0.0,0.0,0.10000000149011612,0.0,-0.01175204743154501
719,0.0009107054211199284,0.0,0.7882399559020996,0.6416901350021362,0.0,0.10000000149011612,0.10000000149011612,0.0,0.0,0.10000000149011612,0.0,0.0,0.10000000149011612,0.0,0.0,0.0,0.10000000149011612,0.10000000149011612,0.10000000149011612,0.10000000149011612,0.10000000149011612,0.0,0.0,0.10000000149011612,0.0,-0.002103000847613168
720,0.010165215469896793,0.0,0.8064177632331848,0.6660100817680359,0.0,0.10000000149011612,0.10000000149011612,0.0,0.0,0.10000000149011612,0.0,0.0,0.10000000149011612,0.0,0.0,0.0,0.10000000149011612,0.10000000149011612,0.10000000149011612,0.10000000149011612,0.10000000149011612,0.0,0.0,0.10000000149011612,0.0,0.014813968999008553
721,0.008943667635321617,0.0,0.8225737810134888,0.6714015007019043,0.0,0.10000000149011612,0.10000000149011612,0.0,0.0,0.10000000149011612,0.0,0.0,0.10000000149011612,0.0,0.0,0.0,0.10000000149011612,0.10000000149011612,0.10000000149011612,0.10000000149011612,0.10000000149011612,0.0,0.0,0.10000000149011612,0.0,0.0032361262352906817
722,-0.009993148036301136,0.0,0.8043605089187622,0.6565155386924744,0.0,0.10000000149011612,0.10000000149011612,0.0,0.0,0.10000000149011612,0.0,0.0,0.10000000149011612,0.0,0.0,0.0,0.10000000149011612,0.10000000149011612,0.10000000149011612,0.10000000149011612,0.10000000149011612,0.0,0.0,0.10000000149011612,0.0,-0.008906275364224947
723,0.006763641256839037,0.0,0.8165645599365234,0.6687840819358826,0.0,0.10000000149011612,0.10000000149011612,0.0,0.0,0.10000000149011612,0.0,0.0,0.10000000149011612,0.0,0.0,0.0,0.10000000149011612,0.10000000149011612,0.10000000149011612,0.10000000149011612,0.10000000149011612,0.0,0.0,0.10000000149011612,0.0,0.007406234929188793
724,0.001584372017532587,0.0,0.8194426894187927,0.6734749674797058,0.0,0.10000000149011612,0.10000000149011612,0.0,0.0,0.10000000149011612,0.0,0.0,0.10000000149011612,0.0,0.0,0.0,0.10000000149011612,0.10000000149011612,0.10000000149011612,0.10000000149011612,0.10000000149011612,0.0,0.0,0.10000000149011612,0.0,0.0028109601443355725
725,-0.005746238864958286,0.0,0.8089877367019653,0.669817328453064,0.0,0.10000000149011612,0.10000000149011612,0.0,0.0,0.10000000149011612,0.0,0.0,0.10000000149011612,0.0,0.0,0.0,0.10000000149011612,0.10000000149011612,0.10000000149011612,0.10000000149011612,0.10000000149011612,0.0,0.0,0.10000000149011612,0.0,-0.0021856550577211697
726,0.002567651914432645,0.0,0.813632607460022,0.673318088054657,0.0,0.10000000149011612,0.10000000149011612,0.0,0.0,0.10000000149011612,0.0,0.0,0.10000000149011612,0.0,0.0,0.0,0.10000000149011612,0.10000000149011612,0.10000000149011612,0.10000000149011612,0.10000000149011612,0.0,0.0,0.10000000149011612,0.0,0.002096492557563945
727,0.005555016919970512,0.0,0.8237073421478271,0.6788047552108765,0.0,0.10000000149011612,0.10000000149011612,0.0,0.0,0.10000000149011612,0.0,0.0,0.10000000149011612,0.0,0.0,0.0,0.10000000149011612,0.10000000149011612,0.10000000149011612,0.10000000149011612,0.10000000149011612,0.0,0.0,0.10000000149011612,0.0,0.003278914628000118
728,-0.0008564942982047796,0.0,0.8221453428268433,0.6819062232971191,0.0,0.10000000149011612,0.10000000149011612,0.0,0.0,0.10000000149011612,0.0,0.0,0.10000000149011612,0.0,0.0,0.0,0.10000000149011612,0.10000000149011612,0.10000000149011612,0.10000000149011612,0.10000000149011612,0.0,0.0,0.10000000149011612,0.0,0.0018474263172152394
729,0.005248143803328276,0.0,0.8317082524299622,0.6864230632781982,0.0,0.10000000149011612,0.10000000149011612,0.0,0.0,0.10000000149011612,0.0,0.0,0.10000000149011612,0.0,0.0,0.0,0.10000000149011612,0.10000000149011612,0.10000000149011612,0.10000000149011612,0.10000000149011612,0.0,0.0,0.10000000149011612,0.0,0.002685548051676978
730,-0.010229901410639286,0.0,0.8129700422286987,0.6780732870101929,0.0,0.10000000149011612,0.10000000149011612,0.0,0.0,0.10000000149011612,0.0,0.0,0.10000000149011612,0.0,0.0,0.0,0.10000000149011612,0.10000000149011612,0.10000000149011612,0.10000000149011612,0.10000000149011612,0.0,0.0,0.10000000149011612,0.0,-0.004951175330687452
731,-0.014514075592160225,0.0,0.7866564393043518,0.6763610243797302,0.0,0.10000000149011612,0.10000000149011612,0.0,0.0,0.10000000149011612,0.0,0.0,0.10000000149011612,0.0,0.0,0.0,0.10000000149011612,0.10000000149011612,0.10000000149011612,0.10000000149011612,0.10000000149011612,0.0,0.0,0.10000000149011612,0.0,-0.0010203741658466603
732,0.007829070091247559,0.0,0.8006443381309509,0.6820544004440308,0.0,0.10000000149011612,0.10000000149011612,0.0,0.0,0.10000000149011612,0.0,0.0,0.10000000149011612,0.0,0.0,0.0,0.10000000149011612,0.10000000149011612,0.10000000149011612,0.10000000149011612,0.10000000149011612,0.0,0.0,0.10000000149011612,0.0,0.003396270839932658
733,0.0016558136558160186,0.0,0.8036258220672607,0.6830548048019409,0.0,0.10000000149011612,0.10000000149011612,0.0,0.0,0.10000000149011612,0.0,0.0,0.10000000149011612,0.0,0.0,0.0,0.10000000149011612,0.10000000149011612,0.10000000149011612,0.10000000149011612,0.10000000149011612,0.0,0.0,0.10000000149011612,0.0,0.0005947514882076455
734,-0.001813013106584549,0.0,0.800355851650238,0.6702007055282593,0.0,0.10000000149011612,0.10000000149011612,0.0,0.0,0.10000000149011612,0.0,0.0,0.10000000149011612,0.0,0.0,0.0,0.10000000149011612,0.10000000149011612,0.10000000149011612,0.10000000149011612,0.10000000149011612,0.0,0.0,0.10000000149011612,0.0,-0.007637362275433657
735,0.002186864847317338,0.0,0.8042929768562317,0.6756060123443604,0.0,0.10000000149011612,0.10000000149011612,0.0,0.0,0.10000000149011612,0.0,0.0,0.10000000149011612,0.0,0.0,0.0,0.10000000149011612,0.10000000149011612,0.10000000149011612,0.10000000149011612,0.10000000149011612,0.0,0.0,0.10000000149011612,0.0,0.0032363217176294423
736,-0.0013806954957544804,0.0,0.8018018007278442,0.6778199076652527,0.0,0.10000000149011612,0.10000000149011612,0.0,0.0,0.10000000149011612,0.0,0.0,0.10000000149011612,0.0,0.0,0.0,0.10000000149011612,0.10000000149011612,0.10000000149011612,0.10000000149011612,0.10000000149011612,0.0,0.0,0.10000000149011612,0.0,0.001321250523441897
737,-0.005311307497322559,0.0,0.7922318577766418,0.675629198551178,0.0,0.10000000149011612,0.10000000149011612,0.0,0.0,0.10000000149011612,0.0,0.0,0.10000000149011612,0.0,0.0,0.0,0.10000000149011612,0.10000000149011612,0.10000000149011612,0.10000000149011612,0.10000000149011612,0.0,0.0,0.10000000149011612,0.0,-0.0013056878775047354
738,0.006477242335677147,0.0,0.8038405776023865,0.6872295141220093,0.0,0.10000000149011612,0.10000000149011612,0.0,0.0,0.10000000149011612,0.0,0.0,0.10000000149011612,0.0,0.0,0.0,0.10000000149011612,0.10000000149011612,0.10000000149011612,0.10000000149011612,0.10000000149011612,0.0,0.0,0.10000000149011612,0.0,0.006922960987348237
739,0.009307497180998325,0.0,0.8206298351287842,0.7006940841674805,0.0,0.10000000149011612,0.10000000149011612,0.0,0.0,0.10000000149011612,0.0,0.0,0.10000000149011612,0.0,0.0,0.0,0.10000000149011612,0.10000000149011612,0.10000000149011612,0.10000000149011612,0.10000000149011612,0.0,0.0,0.10000000149011612,0.0,0.007980283614513306
740,0.010745598934590816,0.0,0.8401936292648315,0.7123799324035645,0.0,0.10000000149011612,0.10000000149011612,0.0,0.0,0.10000000149011612,0.0,0.0,0.10000000149011612,0.0,0.0,0.0,0.10000000149011612,0.10000000149011612,0.10000000149011612,0.10000000149011612,0.10000000149011612,0.0,0.0,0.10000000149011612,0.0,0.006871222958245493
741,0.003905611578375101,0.0,0.8473806977272034,0.7130502462387085,0.0,0.10000000149011612,0.10000000149011612,0.0,0.0,0.10000000149011612,0.0,0.0,0.10000000149011612,0.0,0.0,0.0,0.10000000149011612,0.10000000149011612,0.10000000149011612,0.10000000149011612,0.10000000149011612,0.0,0.0,0.10000000149011612,0.0,0.00039145158294573434
742,-0.016922807320952415,0.0,0.8161178231239319,0.6908954381942749,0.0,0.10000000149011612,0.10000000149011612,0.0,0.0,0.10000000149011612,0.0,0.0,0.10000000149011612,0.0,0.0,0.0,0.10000000149011612,0.10000000149011612,0.10000000149011612,0.10000000149011612,0.10000000149011612,0.0,0.0,0.10000000149011612,0.0,-0.012932958675951456
743,0.0007231312920339406,0.0,0.8174310922622681,0.6931803822517395,0.0,0.10000000149011612,0.10000000149011612,0.0,0.0,0.10000000149011612,0.0,0.0,0.10000000149011612,0.0,0.0,0.0,0.10000000149011612,0.10000000149011612,0.10000000149011612,0.10000000149011612,0.10000000149011612,0.0,0.0,0.10000000149011612,0.0,0.0013513219125511622
744,-0.0053629581816494465,0.0,0.8076843023300171,0.6806226372718811,0.0,0.10000000149011612,0.10000000149011612,0.0,0.0,0.10000000149011612,0.0,0.0,0.10000000149011612,0.0,0.0,0.0,0.10000000149011612,0.10000000149011612,0.10000000149011612,0.10000000149011612,0.10000000149011612,0.0,0.0,0.10000000149011612,0.0,-0.007416661043023631
745,-0.004780511371791363,0.0,0.7990426421165466,0.6736127734184265,0.0,0.10000000149011612,0.10000000149011612,0.0,0.0,0.10000000149011612,0.0,0.0,0.10000000149011612,0.0,0.0,0.0,0.10000000149011612,0.10000000149011612,0.10000000149011612,0.10000000149011612,0.10000000149011612,0.0,0.0,0.10000000149011612,0.0,-0.004170992165637766
746,0.0030648449901491404,0.0,0.8045564293861389,0.6884099841117859,0.0,0.10000000149011612,0.10000000149011612,0.0,0.0,0.10000000149011612,0.0,0.0,0.10000000149011612,0.0,0.0,0.0,0.10000000149011612,0.10000000149011612,0.10000000149011612,0.10000000149011612,0.10000000149011612,0.0,0.0,0.10000000149011612,0.0,0.0088414781055568
747,-0.0029404773376882076,0.0,0.7992501854896545,0.6744118332862854,0.0,0.10000000149011612,0.10000000149011612,0.0,0.0,0.10000000149011612,0.0,0.0,0.10000000149011612,0.0,0.0,0.0,0.10000000149011612,0.10000000149011612,0.10000000149011612,0.10000000149011612,0.10000000149011612,0.0,0.0,0.10000000149011612,0.0,-0.008290729714480083
748,0.006235674489289522,0.0,0.8104696869850159,0.6872006058692932,0.0,0.10000000149011612,0.10000000149011612,0.0,0.0,0.10000000149011612,0.0,0.0,0.10000000149011612,0.0,0.0,0.0,0.10000000149011612,0.10000000149011612,0.10000000149011612,0.10000000149011612,0.10000000149011612,0.0,0.0,0.10000000149011612,0.0,0.007637770068733785
749,0.0012322048423811793,0.0,0.8127005696296692,0.6950808763504028,0.0,0.10000000149011612,0.10000000149011612,0.0,0.0,0.10000000149011612,0.0,0.0,0.10000000149011612,0.0,0.0,0.0,0.10000000149011612,0.10000000149011612,0.10000000149011612,0.10000000149011612,0.10000000149011612,0.0,0.0,0.10000000149011612,0.0,0.004670618570012497
750,0.013337691314518452,0.0,0.8368778228759766,0.7077290415763855,0.0,0.10000000149011612,0.10000000149011612,0.0,0.0,0.10000000149011612,0.0,0.0,0.10000000149011612,0.0,0.0,0.0,0.10000000149011612,0.10000000149011612,0.10000000149011612,0.10000000149011612,0.10000000149011612,0.0,0.0,0.10000000149011612,0.0,0.007461688349180706
751,0.006171245127916336,0.0,0.8482136726379395,0.7189096212387085,0.0,0.10000000149011612,0.10000000149011612,0.0,0.0,0.10000000149011612,0.0,0.0,0.10000000149011612,0.0,0.0,0.0,0.10000000149011612,0.10000000149011612,0.10000000149011612,0.10000000149011612,0.10000000149011612,0.0,0.0,0.10000000149011612,0.0,0.006547045456346101
752,0.00016202421102207154,0.0,0.848513126373291,0.721764087677002,0.0,0.10000000149011612,0.10000000149011612,0.0,0.0,0.10000000149011612,0.0,0.0,0.10000000149011612,0.0,0.0,0.0,0.10000000149011612,0.10000000149011612,0.10000000149011612,0.10000000149011612,0.10000000149011612,0.0,0.0,0.10000000149011612,0.0,0.0016606262499341273
753,-0.005984214134514332,0.0,0.8374512195587158,0.7157620787620544,0.0,0.10000000149011612,0.10000000149011612,0.0,0.0,0.10000000149011612,0.0,0.0,0.10000000149011612,0.0,0.0,0.0,0.10000000149011612,0.10000000149011612,0.10000000149011612,0.10000000149011612,0.10000000149011612,0.0,0.0,0.10000000149011612,0.0,-0.003485964748541903
754,-0.0012704349355772138,0.0,0.8351168632507324,0.7161931991577148,0.0,0.10000000149011612,0.10000000149011612,0.0,0.0,0.10000000149011612,0.0,0.0,0.10000000149011612,0.0,0.0,0.0,0.10000000149011612,0.10000000149011612,0.10000000149011612,0.10000000149011612,0.10000000149011612,0.0,0.0,0.10000000149011612,0.0,0.0002512705001449511
755,0.002458981005474925,0.0,0.8396293520927429,0.724428653717041,0.0,0.10000000149011612,0.10000000149011612,0.0,0.0,0.10000000149011612,0.0,0.0,0.10000000149011612,0.0,0.0,0.0,0.10000000149011612,0.10000000149011612,0.10000000149011612,0.10000000149011612,0.10000000149011612,0.0,0.0,0.10000000149011612,0.0,0.004798675675540487
756,-0.0025309815537184477,0.0,0.8349732756614685,0.7219158411026001,0.0,0.10000000149011612,0.10000000149011612,0.0,0.0,0.10000000149011612,0.0,0.0,0.10000000149011612,0.0,0.0,0.0,0.10000000149011612,0.10000000149011612,0.10000000149011612,0.10000000149011612,0.10000000149011612,0.0,0.0,0.10000000149011612,0.0,-0.001457185606968725
757,-0.005572922993451357,0.0,0.8247471451759338,0.7133902907371521,0.0,0.10000000149011612,0.10000000149011612,0.0,0.0,0.10000000149011612,0.0,0.0,0.10000000149011612,0.0,0.0,0.0,0.10000000149011612,0.10000000149011612,0.10000000149011612,0.10000000149011612,0.10000000149011612,0.0,0.0,0.10000000149011612,0.0,-0.004951200379217591
758,-0.007251241244375706,0.0,0.8115154504776001,0.7007317543029785,0.0,0.10000000149011612,0.10000000149011612,0.0,0.0,0.10000000149011612,0.0,0.0,0.10000000149011612,0.0,0.0,0.0,0.10000000149011612,0.10000000149011612,0.10000000149011612,0.10000000149011612,0.10000000149011612,0.0,0.0,0.10000000149011612,0.0,-0.007388005233021078
759,-0.003098583547398448,0.0,0.8059023022651672,0.6952599883079529,0.0,0.10000000149011612,0.10000000149011612,0.0,0.0,0.10000000149011612,0.0,0.0,0.10000000149011612,0.0,0.0,0.0,0.10000000149011612,0.10000000149011612,0.10000000149011612,0.10000000149011612,0.10000000149011612,0.0,0.0,0.10000000149011612,0.0,-0.0032173010124504353
760,0.005039826966822147,0.0,0.8150037527084351,0.7090648412704468,0.0,0.10000000149011612,0.10000000149011612,0.0,0.0,0.10000000149011612,0.0,0.0,0.10000000149011612,0.0,0.0,0.0,0.10000000149011612,0.10000000149011612,0.10000000149011612,0.10000000149011612,0.10000000149011612,0.0,0.0,0.10000000149011612,0.0,0.008143206975746775
761,0.009068223647773266,0.0,0.8314626216888428,0.7279640436172485,0.0,0.10000000149011612,0.10000000149011612,0.0,0.0,0.10000000149011612,0.0,0.0,0.10000000149011612,0.0,0.0,0.0,0.10000000149011612,0.10000000149011612,0.10000000149011612,0.10000000149011612,0.10000000149011612,0.0,0.0,0.10000000149011612,0.0,0.011058212591134264
762,0.005151862278580666,0.0,0.8408980369567871,0.7315274477005005,0.0,0.10000000149011612,0.10000000149011612,0.0,0.0,0.10000000149011612,0.0,0.0,0.10000000149011612,0.0,0.0,0.0,0.10000000149011612,0.10000000149011612,0.10000000149011612,0.10000000149011612,0.10000000149011612,0.0,0.0,0.10000000149011612,0.0,0.002062198051177244
763,-0.0034042727202177048,0.0,0.8346311450004578,0.7213699221611023,0.0,0.10000000149011612,0.10000000149011612,0.0,0.0,0.10000000149011612,0.0,0.0,0.10000000149011612,0.0,0.0,0.0,0.10000000149011612,0.10000000149011612,0.10000000149011612,0.10000000149011612,0.10000000149011612,0.0,0.0,0.10000000149011612,0.0,-0.005866222653812092
764,-0.0024930580984801054,0.0,0.8300572633743286,0.7163448333740234,0.0,0.10000000149011612,0.10000000149011612,0.0,0.0,0.10000000149011612,0.0,0.0,0.10000000149011612,0.0,0.0,0.0,0.10000000149011612,0.10000000149011612,0.10000000149011612,0.10000000149011612,0.10000000149011612,0.0,0.0,0.10000000149011612,0.0,-0.0029192381732626727
765,-0.003404221497476101,0.0,0.8238273859024048,0.7110157608985901,0.0,0.10000000149011612,0.10000000149011612,0.0,0.0,0.10000000149011612,0.0,0.0,0.10000000149011612,0.0,0.0,0.0,0.10000000149011612,0.10000000149011612,0.10000000149011612,0.10000000149011612,0.10000000149011612,0.0,0.0,0.10000000149011612,0.0,-0.0031048961559533295
766,0.0003557454328984022,0.0,0.8244761824607849,0.7090774774551392,0.0,0.10000000149011612,0.10000000149011612,0.0,0.0,0.10000000149011612,0.0,0.0,0.10000000149011612,0.0,0.0,0.0,0.10000000149011612,0.10000000149011612,0.10000000149011612,0.10000000149011612,0.10000000149011612,0.0,0.0,0.10000000149011612,0.0,-0.0011328261771433867
767,-0.0029855764005333185,0.0,0.8190290927886963,0.7144553065299988,0.0,0.10000000149011612,0.10000000149011612,0.0,0.0,0.10000000149011612,0.0,0.0,0.10000000149011612,0.0,0.0,0.0,0.10000000149011612,0.10000000149011612,0.10000000149011612,0.10000000149011612,0.10000000149011612,0.0,0.0,0.10000000149011612,0.0,0.0031466268474074077
768,-0.0012562685878947377,0.0,0.8167439103126526,0.7171603441238403,0.0,0.10000000149011612,0.10000000149011612,0.0,0.0,0.10000000149011612,0.0,0.0,0.10000000149011612,0.0,0.0,0.0,0.10000000149011612,0.10000000149011612,0.10000000149011612,0.10000000149011612,0.10000000149011612,0.0,0.0,0.10000000149011612,0.0,0.0015777825082630148
769,0.004971857648342848,0.0,0.8257764577865601,0.7256203293800354,0.0,0.10000000149011612,0.10000000149011612,0.0,0.0,0.10000000149011612,0.0,0.0,0.10000000149011612,0.0,0.0,0.0,0.10000000149011612,0.10000000149011612,0.10000000149011612,0.10000000149011612,0.10000000149011612,0.0,0.0,0.10000000149011612,0.0,0.004926729926617135
770,0.005458877421915531,0.0,0.8357431888580322,0.7321121692657471,0.0,0.10000000149011612,0.10000000149011612,0.0,0.0,0.10000000149011612,0.0,0.0,0.10000000149011612,0.0,0.0,0.0,0.10000000149011612,0.10000000149011612,0.10000000149011612,0.10000000149011612,0.10000000149011612,0.0,0.0,0.10000000149011612,0.0,0.0037620325718137337
771,-0.0005277048912830651,0.0,0.8347744345664978,0.7293888330459595,0.0,0.10000000149011612,0.10000000149011612,0.0,0.0,0.10000000149011612,0.0,0.0,0.10000000149011612,0.0,0.0,0.0,0.10000000149011612,0.10000000149011612,0.10000000149011612,0.10000000149011612,0.10000000149011612,0.0,0.0,0.10000000149011612,0.0,-0.0015722631987177271
772,-0.0014437827048823237,0.0,0.8321254253387451,0.7293943762779236,0.0,0.10000000149011612,0.10000000149011612,0.0,0.0,0.10000000149011612,0.0,0.0,0.10000000149011612,0.0,0.0,0.0,0.10000000149011612,0.10000000149011612,0.10000000149011612,0.10000000149011612,0.10000000149011612,0.0,0.0,0.10000000149011612,0.0,3.205312685050643e-06
773,0.0012255600886419415,0.0,0.8343707919120789,0.730488121509552,0.0,0.10000000149011612,0.10000000149011612,0.0,0.0,0.10000000149011612,0.0,0.0,0.10000000149011612,0.0,0.0,0.0,0.10000000149011612,0.10000000149011612,0.10000000149011612,0.10000000149011612,0.10000000149011612,0.0,0.0,0.10000000149011612,0.0,0.0006324440778988638
774,-0.003319182898849249,0.0,0.8282821774482727,0.7247017025947571,0.0,0.10000000149011612,0.10000000149011612,0.0,0.0,0.10000000149011612,0.0,0.0,0.10000000149011612,0.0,0.0,0.0,0.10000000149011612,0.10000000149011612,0.10000000149011612,0.10000000149011612,0.10000000149011612,0.0,0.0,0.10000000149011612,0.0,-0.0033438073586701256
775,-0.0008354426827281713,0.0,0.8267547488212585,0.7378425002098083,0.0,0.10000000149011612,0.10000000149011612,0.0,0.0,0.10000000149011612,0.0,0.0,0.10000000149011612,0.0,0.0,0.0,0.10000000149011612,0.10000000149011612,0.10000000149011612,0.10000000149011612,0.10000000149011612,0.0,0.0,0.10000000149011612,0.0,0.007619171242935208
776,0.0051862564869225025,0.0,0.8362287878990173,0.7493393421173096,0.0,0.10000000149011612,0.10000000149011612,0.0,0.0,0.10000000149011612,0.0,0.0,0.10000000149011612,0.0,0.0,0.0,0.10000000149011612,0.10000000149011612,0.10000000149011612,0.10000000149011612,0.10000000149011612,0.0,0.0,0.10000000149011612,0.0,0.006615583348958953
777,0.010536481626331806,0.0,0.8555761575698853,0.7509158253669739,0.0,0.10000000149011612,0.10000000149011612,0.0,0.0,0.10000000149011612,0.0,0.0,0.10000000149011612,0.0,0.0,0.0,0.10000000149011612,0.10000000149011612,0.10000000149011612,0.10000000149011612,0.10000000149011612,0.0,0.0,0.10000000149011612,0.0,0.0009011877865596762
778,-0.007926666177809238,0.0,0.8408676385879517,0.7345331907272339,0.0,0.10000000149011612,0.10000000149011612,0.0,0.0,0.10000000149011612,0.0,0.0,0.10000000149011612,0.0,0.0,0.0,0.10000000149011612,0.10000000149011612,0.10000000149011612,0.10000000149011612,0.10000000149011612,0.0,0.0,0.10000000149011612,0.0,-0.009356608925678245
779,0.008111397735774517,0.0,0.855799674987793,0.7540998458862305,0.0,0.10000000149011612,0.10000000149011612,0.0,0.0,0.10000000149011612,0.0,0.0,0.10000000149011612,0.0,0.0,0.0,0.10000000149011612,0.10000000149011612,0.10000000149011612,0.10000000149011612,0.10000000149011612,0.0,0.0,0.10000000149011612,0.0,0.011280646149407492
780,0.0042114583775401115,0.0,0.8636152744293213,0.7551352381706238,0.0,0.10000000149011612,0.10000000149011612,0.0,0.0,0.10000000149011612,0.0,0.0,0.10000000149011612,0.0,0.0,0.0,0.10000000149011612,0.10000000149011612,0.10000000149011612,0.10000000149011612,0.10000000149011612,0.0,0.0,0.10000000149011612,0.0,0.0005902698679447482
781,0.008892545476555824,0.0,0.8801875710487366,0.7701253294944763,0.0,0.10000000149011612,0.10000000149011612,0.0,0.0,0.10000000149011612,0.0,0.0,0.10000000149011612,0.0,0.0,0.0,0.10000000149011612,0.10000000149011612,0.10000000149011612,0.10000000149011612,0.10000000149011612,0.0,0.0,0.10000000149011612,0.0,0.008540704441372116
782,-0.001503127277828753,0.0,0.8773614168167114,0.7635317444801331,0.0,0.10000000149011612,0.10000000149011612,0.0,0.0,0.10000000149011612,0.0,0.0,0.10000000149011612,0.0,0.0,0.0,0.10000000149011612,0.10000000149011612,0.10000000149011612,0.10000000149011612,0.10000000149011612,0.0,0.0,0.10000000149011612,0.0,-0.0037249255205146214
783,0.001435255748219788,0.0,0.8800559043884277,0.7681507468223572,0.0,0.10000000149011612,0.10000000149011612,0.0,0.0,0.10000000149011612,0.0,0.0,0.10000000149011612,0.0,0.0,0.0,0.10000000149011612,0.10000000149011612,0.10000000149011612,0.10000000149011612,0.10000000149011612,0.0,0.0,0.10000000149011612,0.0,0.00261917731658734
784,-0.004316530656069517,0.0,0.871940553188324,0.7641464471817017,0.0,0.10000000149011612,0.10000000149011612,0.0,0.0,0.10000000149011612,0.0,0.0,0.10000000149011612,0.0,0.0,0.0,0.10000000149011612,0.10000000149011612,0.10000000149011612,0.10000000149011612,0.10000000149011612,0.0,0.0,0.10000000149011612,0.0,-0.002264682266402862
785,0.0015330157475546002,0.0,0.8748102784156799,0.7567079663276672,0.0,0.10000000149011612,0.10000000149011612,0.0,0.0,0.10000000149011612,0.0,0.0,0.10000000149011612,0.0,0.0,0.0,0.10000000149011612,0.10000000149011612,0.10000000149011612,0.10000000149011612,0.10000000149011612,0.0,0.0,0.10000000149011612,0.0,-0.004216475829383448
786,0.005402909126132727,0.0,0.8849397301673889,0.7587074637413025,0.0,0.10000000149011612,0.10000000149011612,0.0,0.0,0.10000000149011612,0.0,0.0,0.10000000149011612,0.0,0.0,0.0,0.10000000149011612,0.10000000149011612,0.10000000149011612,0.10000000149011612,0.10000000149011612,0.0,0.0,0.10000000149011612,0.0,0.0011382070622785179
787,0.008423236198723316,0.0,0.9008170366287231,0.7753026485443115,0.0,0.10000000149011612,0.10000000149011612,0.0,0.0,0.10000000149011612,0.0,0.0,0.10000000149011612,0.0,0.0,0.0,0.10000000149011612,0.10000000149011612,0.10000000149011612,0.10000000149011612,0.10000000149011612,0.0,0.0,0.10000000149011612,0.0,0.009436012040175301
788,0.007447782438248396,0.0,0.9149738550186157,0.7836663722991943,0.0,0.10000000149011612,0.10000000149011612,0.0,0.0,0.10000000149011612,0.0,0.0,0.10000000149011612,0.0,0.0,0.0,0.10000000149011612,0.10000000149011612,0.10000000149011612,0.10000000149011612,0.10000000149011612,0.0,0.0,0.10000000149011612,0.0,0.00471115376397413
789,0.00855692196637392,0.0,0.9313601851463318,0.7912615537643433,0.0,0.10000000149011612,0.10000000149011612,0.0,0.0,0.10000000149011612,0.0,0.0,0.10000000149011612,0.0,0.0,0.0,0.10000000149011612,0.10000000149011612,0.10000000149011612,0.10000000149011612,0.10000000149011612,0.0,0.0,0.10000000149011612,0.0,0.00425818504127462
790,-0.019553866237401962,0.0,0.8935946226119995,0.7834790349006653,0.0,0.10000000149011612,0.10000000149011612,0.0,0.0,0.10000000149011612,0.0,0.0,0.10000000149011612,0.0,0.0,0.0,0.10000000149011612,0.10000000149011612,0.10000000149011612,0.10000000149011612,0.10000000149011612,0.0,0.0,0.10000000149011612,0.0,-0.004344713839987802
791,0.004982351791113615,0.0,0.9030291438102722,0.7874223589897156,0.0,0.10000000149011612,0.10000000149011612,0.0,0.0,0.10000000149011612,0.0,0.0,0.10000000149011612,0.0,0.0,0.0,0.10000000149011612,0.10000000149011612,0.10000000149011612,0.10000000149011612,0.10000000149011612,0.0,0.0,0.10000000149011612,0.0,0.0022110291244719082
792,-0.0038787086959928274,0.0,0.8956478834152222,0.7944768667221069,0.0,0.10000000149011612,0.10000000149011612,0.0,0.0,0.10000000149011612,0.0,0.0,0.10000000149011612,0.0,0.0,0.0,0.10000000149011612,0.10000000149011612,0.10000000149011612,0.10000000149011612,0.10000000149011612,0.0,0.0,0.10000000149011612,0.0,0.003946749181530151
793,-0.006844064686447382,0.0,0.8826739192008972,0.7851298451423645,0.0,0.10000000149011612,0.10000000149011612,0.0,0.0,0.10000000149011612,0.0,0.0,0.10000000149011612,0.0,0.0,0.0,0.10000000149011612,0.10000000149011612,0.10000000149011612,0.10000000149011612,0.10000000149011612,0.0,0.0,0.10000000149011612,0.0,-0.005208772402185535
794,-0.009179146960377693,0.0,0.8653925657272339,0.7781431078910828,0.0,0.10000000149011612,0.10000000149011612,0.0,0.0,0.10000000149011612,0.0,0.0,0.10000000149011612,0.0,0.0,0.0,0.10000000149011612,0.10000000149011612,0.10000000149011612,0.10000000149011612,0.10000000149011612,0.0,0.0,0.10000000149011612,0.0,-0.003913853813095947
795,0.005761103238910437,0.0,0.8761392831802368,0.7975574731826782,0.0,0.10000000149011612,0.10000000149011612,0.0,0.0,0.10000000149011612,0.0,0.0,0.10000000149011612,0.0,0.0,0.0,0.10000000149011612,0.10000000149011612,0.10000000149011612,0.10000000149011612,0.10000000149011612,0.0,0.0,0.10000000149011612,0.0,0.01091833677809051
796,0.011482209898531437,0.0,0.8976815342903137,0.8218480944633484,0.0,0.10000000149011612,0.10000000149011612,0.0,0.0,0.10000000149011612,0.0,0.0,0.10000000149011612,0.0,0.0,0.0,0.10000000149011612,0.10000000149011612,0.10000000149011612,0.10000000149011612,0.10000000149011612,0.0,0.0,0.10000000149011612,0.0,0.013513126363443817
797,-0.011532378382980824,0.0,0.8757967352867126,0.810876190662384,0.0,0.10000000149011612,0.10000000149011612,0.0,0.0,0.10000000149011612,0.0,0.0,0.10000000149011612,0.0,0.0,0.0,0.10000000149011612,0.10000000149011612,0.10000000149011612,0.10000000149011612,0.10000000149011612,0.0,0.0,0.10000000149011612,0.0,-0.006022403203817195
798,-0.015403138473629951,0.0,0.8469035625457764,0.7997926473617554,0.0,0.10000000149011612,0.10000000149011612,0.0,0.0,0.10000000149011612,0.0,0.0,0.10000000149011612,0.0,0.0,0.0,0.10000000149011612,0.10000000149011612,0.10000000149011612,0.10000000149011612,0.10000000149011612,0.0,0.0,0.10000000149011612,0.0,-0.006120541734316198
799,0.01412916462868452,0.0,0.8729987740516663,0.8175236582756042,0.0,0.10000000149011612,0.10000000149011612,0.0,0.0,0.10000000149011612,0.0,0.0,0.10000000149011612,0.0,0.0,0.0,0.10000000149011612,0.10000000149011612,0.10000000149011612,0.10000000149011612,0.10000000149011612,0.0,0.0,0.10000000149011612,0.0,0.009851696493949014
800,0.0025064938236027956,0.0,0.8776934742927551,0.8233551979064941,0.0,0.10000000149011612,0.10000000149011612,0.0,0.0,0.10000000149011612,0.0,0.0,0.10000000149011612,0.0,0.0,0.0,0.10000000149011612,0.10000000149011612,0.10000000149011612,0.10000000149011612,0.10000000149011612,0.0,0.0,0.10000000149011612,0.0,0.0032085082383042085
801,-0.004980349913239479,0.0,0.868341863155365,0.8274534940719604,0.0,0.10000000149011612,0.10000000149011612,0.0,0.0,0.10000000149011612,0.0,0.0,0.10000000149011612,0.0,0.0,0.0,0.10000000149011612,0.10000000149011612,0.10000000149011612,0.10000000149011612,0.10000000149011612,0.0,0.0,0.10000000149011612,0.0,0.002247667470480774
802,0.0034100087359547615,0.0,0.8747129440307617,0.8326377868652344,0.0,0.10000000149011612,0.10000000149011612,0.0,0.0,0.10000000149011612,0.0,0.0,0.10000000149011612,0.0,0.0,0.0,0.10000000149011612,0.10000000149011612,0.10000000149011612,0.10000000149011612,0.10000000149011612,0.0,0.0,0.10000000149011612,0.0,0.00283689451473923
803,0.009953755885362625,0.0,0.8933733701705933,0.823752224445343,0.0,0.10000000149011612,0.10000000149011612,0.0,0.0,0.10000000149011612,0.0,0.0,0.10000000149011612,0.0,0.0,0.0,0.10000000149011612,0.10000000149011612,0.10000000149011612,0.10000000149011612,0.10000000149011612,0.0,0.0,0.10000000149011612,0.0,-0.004848509882081076
804,0.006911953445523977,0.0,0.9064602851867676,0.8251780867576599,0.0,0.10000000149011612,0.10000000149011612,0.0,0.0,0.10000000149011612,0.0,0.0,0.10000000149011612,0.0,0.0,0.0,0.10000000149011612,0.10000000149011612,0.10000000149011612,0.10000000149011612,0.10000000149011612,0.0,0.0,0.10000000149011612,0.0,0.0007818289640471043
805,-0.007470115087926388,0.0,0.892218828201294,0.826749861240387,0.0,0.10000000149011612,0.10000000149011612,0.0,0.0,0.10000000149011612,0.0,0.0,0.10000000149011612,0.0,0.0,0.0,0.10000000149011612,0.10000000149011612,0.10000000149011612,0.10000000149011612,0.10000000149011612,0.0,0.0,0.10000000149011612,0.0,0.0008611622581549128
806,-0.007474497891962528,0.0,0.8780754208564758,0.8226136565208435,0.0,0.10000000149011612,0.10000000149011612,0.0,0.0,0.10000000149011612,0.0,0.0,0.10000000149011612,0.0,0.0,0.0,0.10000000149011612,0.10000000149011612,0.10000000149011612,0.10000000149011612,0.10000000149011612,0.0,0.0,0.10000000149011612,0.0,-0.0022642425256487186
807,-0.0015824290458112955,0.0,0.8751035332679749,0.820374071598053,0.0,0.10000000149011612,0.10000000149011612,0.0,0.0,0.10000000149011612,0.0,0.0,0.10000000149011612,0.0,0.0,0.0,0.10000000149011612,0.10000000149011612,0.10000000149011612,0.10000000149011612,0.10000000149011612,0.0,0.0,0.10000000149011612,0.0,-0.0012287765510687887
808,0.008607994765043259,0.0,0.8912444114685059,0.8360259532928467,0.0,0.10000000149011612,0.10000000149011612,0.0,0.0,0.10000000149011612,0.0,0.0,0.10000000149011612,0.0,0.0,0.0,0.10000000149011612,0.10000000149011612,0.10000000149011612,0.10000000149011612,0.10000000149011612,0.0,0.0,0.10000000149011612,0.0,0.00859816778265432
809,-0.00039560781442560256,0.0,0.8904961943626404,0.828155517578125,0.0,0.10000000149011612,0.10000000149011612,0.0,0.0,0.10000000149011612,0.0,0.0,0.10000000149011612,0.0,0.0,0.0,0.10000000149011612,0.10000000149011612,0.10000000149011612,0.10000000149011612,0.10000000149011612,0.0,0.0,0.10000000149011612,0.0,-0.004286669096701168
810,0.007645247969776392,0.0,0.9049494862556458,0.8430882096290588,0.0,0.10000000149011612,0.10000000149011612,0.0,0.0,0.10000000149011612,0.0,0.0,0.10000000149011612,0.0,0.0,0.0,0.10000000149011612,0.10000000149011612,0.10000000149011612,0.10000000149011612,0.10000000149011612,0.0,0.0,0.10000000149011612,0.0,0.008168173827309833
811,-0.00041472326847724617,0.0,0.9041594862937927,0.8431479930877686,0.0,0.10000000149011612,0.10000000149011612,0.0,0.0,0.10000000149011612,0.0,0.0,0.10000000149011612,0.0,0.0,0.0,0.10000000149011612,0.10000000149011612,0.10000000149011612,0.10000000149011612,0.10000000149011612,0.0,0.0,0.10000000149011612,0.0,3.243656944751372e-05
