step,agent_daily_return,transaction_penality,agent_cumulative_return,benchmark_cumulative_return,weight_AAPL,weight_AMT,weight_AMZN,weight_BRK-B,weight_CAT,weight_COST,weight_CVX,weight_DBC,weight_GLD,weight_GOOG,weight_JPM,weight_LIN,weight_LLY,weight_MSFT,weight_NEE,weight_PG,weight_UNH,weight_UNP,weight_V,weight_WMT,weight_XOM,benchmark_daily_return
0,0.0003496908175293356,0.0,0.0003496908175293356,0.0008211720851249993,0.0,0.10000000149011612,0.0,0.0,0.0,0.10000000149011612,0.0,0.10000000149011612,0.10000000149011612,0.0,0.0,0.0,0.10000000149011612,0.10000000149011612,0.10000000149011612,0.10000000149011612,0.10000000149011612,0.0,0.0,0.10000000149011612,0.0,
1,0.027714066207408905,5.999999848427251e-05,0.028073448687791824,0.026684409007430077,0.0,0.10000000149011612,0.0,0.0,0.0,0.10000000149011612,0.0,0.0,0.10000000149011612,0.0,0.0,0.0,0.10000000149011612,0.10000000149011612,0.10000000149011612,0.10000000149011612,0.10000000149011612,0.0,0.10000000149011612,0.10000000149011612,0.0,0.02584201617999482
2,-0.016759619116783142,5.999999848427251e-05,0.010843328200280666,0.007787618786096573,0.0,0.10000000149011612,0.0,0.10000000149011612,0.0,0.10000000149011612,0.0,0.0,0.10000000149011612,0.0,0.0,0.0,0.10000000149011612,0.10000000149011612,0.10000000149011612,0.10000000149011612,0.0,0.0,0.10000000149011612,0.10000000149011612,0.0,-0.01840564642410647
3,0.003958266228437424,0.0,0.014844515360891819,0.010605212301015854,0.0,0.10000000149011612,0.0,0.10000000149011612,0.0,0.10000000149011612,0.0,0.0,0.10000000149011612,0.0,0.0,0.0,0.10000000149011612,0.10000000149011612,0.10000000149011612,0.10000000149011612,0.0,0.0,0.10000000149011612,0.10000000149011612,0.0,0.0027958207288885095
4,-0.007122640032321215,0.0,0.007616143673658371,-0.0008968929760158062,0.0,0.10000000149011612,0.0,0.10000000149011612,0.0,0.10000000149011612,0.0,0.0,0.10000000149011612,0.0,0.0,0.0,0.10000000149011612,0.10000000149011612,0.10000000149011612,0.10000000149011612,0.0,0.0,0.10000000149011612,0.10000000149011612,0.0,-0.011381403081073493
5,-0.009038782678544521,0.0,-0.0014914794592186809,-0.013896415010094643,0.0,0.10000000149011612,0.0,0.10000000149011612,0.0,0.10000000149011612,0.0,0.0,0.10000000149011612,0.0,0.0,0.0,0.10000000149011612,0.10000000149011612,0.10000000149011612,0.10000000149011612,0.0,0.0,0.10000000149011612,0.10000000149011612,0.0,-0.013011191680506684
6,0.0017163659213110805,0.0,0.0002223265910288319,-0.008765763603150845,0.0,0.10000000149011612,0.0,0.10000000149011612,0.0,0.10000000149011612,0.0,0.0,0.10000000149011612,0.0,0.0,0.0,0.10000000149011612,0.10000000149011612,0.10000000149011612,0.10000000149011612,0.0,0.0,0.10000000149011612,0.10000000149011612,0.0,0.005202953812399214
7,-0.0015321015380322933,0.0,-0.0013101155636832118,-0.011802961118519306,0.0,0.10000000149011612,0.0,0.10000000149011612,0.0,0.10000000149011612,0.0,0.0,0.10000000149011612,0.0,0.0,0.0,0.10000000149011612,0.10000000149011612,0.10000000149011612,0.10000000149011612,0.0,0.0,0.10000000149011612,0.10000000149011612,0.0,-0.003064056308636709
8,0.0014144659508019686,0.0,0.00010249736806144938,-0.013522167690098286,0.0,0.10000000149011612,0.0,0.10000000149011612,0.0,0.10000000149011612,0.0,0.0,0.10000000149011612,0.0,0.0,0.0,0.10000000149011612,0.10000000149011612,0.10000000149011612,0.10000000149011612,0.0,0.0,0.10000000149011612,0.10000000149011612,0.0,-0.001739740662980438
9,0.029497895389795303,0.0,0.029603416100144386,0.020114511251449585,0.0,0.10000000149011612,0.0,0.10000000149011612,0.0,0.10000000149011612,0.0,0.0,0.10000000149011612,0.0,0.0,0.0,0.10000000149011612,0.10000000149011612,0.10000000149011612,0.10000000149011612,0.0,0.0,0.10000000149011612,0.10000000149011612,0.0,0.03409775449569441
10,-0.012463993392884731,0.0,0.01677044667303562,0.007593812886625528,0.0,0.10000000149011612,0.0,0.10000000149011612,0.0,0.10000000149011612,0.0,0.0,0.10000000149011612,0.0,0.0,0.0,0.10000000149011612,0.10000000149011612,0.10000000149011612,0.10000000149011612,0.0,0.0,0.10000000149011612,0.10000000149011612,0.0,-0.01227381654385451
11,-0.013571602292358875,0.0,0.0029712424147874117,-0.009138131514191628,0.0,0.10000000149011612,0.0,0.10000000149011612,0.0,0.10000000149011612,0.0,0.0,0.10000000149011612,0.0,0.0,0.0,0.10000000149011612,0.10000000149011612,0.10000000149011612,0.10000000149011612,0.0,0.0,0.10000000149011612,0.10000000149011612,0.0,-0.016605842738238286
12,-0.014321638271212578,0.0,-0.011392949149012566,-0.026378130540251732,0.0,0.10000000149011612,0.0,0.10000000149011612,0.0,0.10000000149011612,0.0,0.0,0.10000000149011612,0.0,0.0,0.0,0.10000000149011612,0.10000000149011612,0.10000000149011612,0.10000000149011612,0.0,0.0,0.10000000149011612,0.10000000149011612,0.0,-0.017398993315188793
13,-0.0038477724883705378,0.0,-0.01519688405096531,-0.026247045025229454,0.0,0.10000000149011612,0.0,0.10000000149011612,0.0,0.10000000149011612,0.0,0.0,0.10000000149011612,0.0,0.0,0.0,0.10000000149011612,0.10000000149011612,0.10000000149011612,0.10000000149011612,0.0,0.0,0.10000000149011612,0.10000000149011612,0.0,0.0001346369870420805
14,-0.007407390978187323,0.0,-0.022491704672574997,-0.03416997939348221,0.0,0.10000000149011612,0.0,0.10000000149011612,0.0,0.10000000149011612,0.0,0.0,0.10000000149011612,0.0,0.0,0.0,0.10000000149011612,0.10000000149011612,0.10000000149011612,0.10000000149011612,0.0,0.0,0.10000000149011612,0.10000000149011612,0.0,-0.008136493273551149
15,0.009391100145876408,0.0,-0.013311827555298805,-0.023653626441955566,0.0,0.10000000149011612,0.0,0.10000000149011612,0.0,0.10000000149011612,0.0,0.0,0.10000000149011612,0.0,0.0,0.0,0.10000000149011612,0.10000000149011612,0.10000000149011612,0.10000000149011612,0.0,0.0,0.10000000149011612,0.10000000149011612,0.0,0.010888409686129474
16,0.0015492490492761135,0.0,-0.011783202178776264,-0.02302558906376362,0.0,0.10000000149011612,0.0,0.10000000149011612,0.0,0.10000000149011612,0.0,0.0,0.10000000149011612,0.0,0.0,0.0,0.10000000149011612,0.10000000149011612,0.10000000149011612,0.10000000149011612,0.0,0.0,0.10000000149011612,0.10000000149011612,0.0,0.0006432526357456059
17,-0.007630480919033289,0.0,-0.019323771819472313,-0.031392261385917664,0.0,0.10000000149011612,0.0,0.10000000149011612,0.0,0.10000000149011612,0.0,0.0,0.10000000149011612,0.0,0.0,0.0,0.10000000149011612,0.10000000149011612,0.10000000149011612,0.10000000149011612,0.0,0.0,0.10000000149011612,0.10000000149011612,0.0,-0.008563860249048094
18,0.010322320275008678,0.0,-0.009200917556881905,-0.019744640216231346,0.0,0.10000000149011612,0.0,0.10000000149011612,0.0,0.10000000149011612,0.0,0.0,0.10000000149011612,0.0,0.0,0.0,0.10000000149011612,0.10000000149011612,0.10000000149011612,0.10000000149011612,0.0,0.0,0.10000000149011612,0.10000000149011612,0.0,0.01202511677880258
19,-0.002296733669936657,0.0,-0.011476518586277962,-0.021839318796992302,0.0,0.10000000149011612,0.0,0.10000000149011612,0.0,0.10000000149011612,0.0,0.0,0.10000000149011612,0.0,0.0,0.0,0.10000000149011612,0.10000000149011612,0.10000000149011612,0.10000000149011612,0.0,0.0,0.10000000149011612,0.10000000149011612,0.0,-0.002136870316345907
20,-0.0022929697297513485,0.0,-0.013743173331022263,-0.026184357702732086,0.0,0.10000000149011612,0.0,0.10000000149011612,0.0,0.10000000149011612,0.0,0.0,0.10000000149011612,0.0,0.0,0.0,0.10000000149011612,0.10000000149011612,0.10000000149011612,0.10000000149011612,0.0,0.0,0.10000000149011612,0.10000000149011612,0.0,-0.004442050257423946
21,0.001607229351066053,5.999999848427251e-05,-0.01215803250670433,-0.02503800392150879,0.0,0.10000000149011612,0.0,0.0,0.0,0.10000000149011612,0.0,0.0,0.10000000149011612,0.0,0.0,0.0,0.10000000149011612,0.10000000149011612,0.10000000149011612,0.10000000149011612,0.10000000149011612,0.0,0.10000000149011612,0.10000000149011612,0.0,0.0011771774157569581
22,0.004259104840457439,0.0,-0.007950709201395512,-0.01887211576104164,0.0,0.10000000149011612,0.0,0.0,0.0,0.10000000149011612,0.0,0.0,0.10000000149011612,0.0,0.0,0.0,0.10000000149011612,0.10000000149011612,0.10000000149011612,0.10000000149011612,0.10000000149011612,0.0,0.10000000149011612,0.10000000149011612,0.0,0.006324234365306269
23,-0.002357936231419444,0.0,-0.01028989814221859,-0.024377042427659035,0.0,0.10000000149011612,0.0,0.0,0.0,0.10000000149011612,0.0,0.0,0.10000000149011612,0.0,0.0,0.0,0.10000000149011612,0.10000000149011612,0.10000000149011612,0.10000000149011612,0.10000000149011612,0.0,0.10000000149011612,0.10000000149011612,0.0,-0.005610814609440462
24,-0.007234598509967327,0.0,-0.017450053244829178,-0.03083992935717106,0.0,0.10000000149011612,0.0,0.0,0.0,0.10000000149011612,0.0,0.0,0.10000000149011612,0.0,0.0,0.0,0.10000000149011612,0.10000000149011612,0.10000000149011612,0.10000000149011612,0.10000000149011612,0.0,0.10000000149011612,0.10000000149011612,0.0,-0.00662436946501721
25,-0.0026617073453962803,0.0,-0.020065315067768097,-0.02968634106218815,0.0,0.10000000149011612,0.0,0.0,0.0,0.10000000149011612,0.0,0.0,0.10000000149011612,0.0,0.0,0.0,0.10000000149011612,0.10000000149011612,0.10000000149011612,0.10000000149011612,0.10000000149011612,0.0,0.10000000149011612,0.10000000149011612,0.0,0.0011902969694344012
26,0.01690523698925972,0.0,-0.003499286714941263,-0.009275112301111221,0.0,0.10000000149011612,0.0,0.0,0.0,0.10000000149011612,0.0,0.0,0.10000000149011612,0.0,0.0,0.0,0.10000000149011612,0.10000000149011612,0.10000000149011612,0.10000000149011612,0.10000000149011612,0.0,0.10000000149011612,0.10000000149011612,0.0,0.021035701778557625
27,-0.006637213751673698,0.0,-0.010113274678587914,-0.0164880882948637,0.0,0.10000000149011612,0.0,0.0,0.0,0.10000000149011612,0.0,0.0,0.10000000149011612,0.0,0.0,0.0,0.10000000149011612,0.10000000149011612,0.10000000149011612,0.10000000149011612,0.10000000149011612,0.0,0.10000000149011612,0.10000000149011612,0.0,-0.007280503481148726
28,0.006513878703117371,0.0,-0.0036652726121246815,-0.00541397649794817,0.0,0.10000000149011612,0.0,0.0,0.0,0.10000000149011612,0.0,0.0,0.10000000149011612,0.0,0.0,0.0,0.10000000149011612,0.10000000149011612,0.10000000149011612,0.10000000149011612,0.10000000149011612,0.0,0.10000000149011612,0.10000000149011612,0.0,0.011259763776237497
29,0.009421431459486485,0.0,0.005721626803278923,0.006517451256513596,0.0,0.10000000149011612,0.0,0.0,0.0,0.10000000149011612,0.0,0.0,0.10000000149011612,0.0,0.0,0.0,0.10000000149011612,0.10000000149011612,0.10000000149011612,0.10000000149011612,0.10000000149011612,0.0,0.10000000149011612,0.10000000149011612,0.0,0.011996375851381691
30,-0.0031325106974691153,0.0,0.0025711930356919765,0.0019035616423934698,0.0,0.10000000149011612,0.0,0.0,0.0,0.10000000149011612,0.0,0.0,0.10000000149011612,0.0,0.0,0.0,0.10000000149011612,0.10000000149011612,0.10000000149011612,0.10000000149011612,0.10000000149011612,0.0,0.10000000149011612,0.10000000149011612,0.0,-0.004584013529383202
31,0.007510654162615538,0.0,0.010101158171892166,0.014244391582906246,0.0,0.10000000149011612,0.0,0.0,0.0,0.10000000149011612,0.0,0.0,0.10000000149011612,0.0,0.0,0.0,0.10000000149011612,0.10000000149011612,0.10000000149011612,0.10000000149011612,0.10000000149011612,0.0,0.10000000149011612,0.10000000149011612,0.0,0.012317383042618202
32,-0.0013961190124973655,0.0,0.008690937422215939,0.012847612611949444,0.0,0.10000000149011612,0.0,0.0,0.0,0.10000000149011612,0.0,0.0,0.10000000149011612,0.0,0.0,0.0,0.10000000149011612,0.10000000149011612,0.10000000149011612,0.10000000149011612,0.10000000149011612,0.0,0.10000000149011612,0.10000000149011612,0.0,-0.001377162134243437
33,-0.022038957104086876,0.0,-0.013539559207856655,-0.010394304990768433,0.0,0.10000000149011612,0.0,0.0,0.0,0.10000000149011612,0.0,0.0,0.10000000149011612,0.0,0.0,0.0,0.10000000149011612,0.10000000149011612,0.10000000149011612,0.10000000149011612,0.10000000149011612,0.0,0.10000000149011612,0.10000000149011612,0.0,-0.022947102124061147
34,-0.003317117691040039,0.0,-0.016811763867735863,-0.009318795055150986,0.0,0.10000000149011612,0.0,0.0,0.0,0.10000000149011612,0.0,0.0,0.10000000149011612,0.0,0.0,0.0,0.10000000149011612,0.10000000149011612,0.10000000149011612,0.10000000149011612,0.10000000149011612,0.0,0.10000000149011612,0.10000000149011612,0.0,0.0010868065341997912
35,0.0042275916785001755,0.0,-0.012655246071517467,0.001292485510930419,0.0,0.10000000149011612,0.0,0.0,0.0,0.10000000149011612,0.0,0.0,0.10000000149011612,0.0,0.0,0.0,0.10000000149011612,0.10000000149011612,0.10000000149011612,0.10000000149011612,0.10000000149011612,0.0,0.10000000149011612,0.10000000149011612,0.0,0.010711095065816023
36,0.007642652839422226,0.0,-0.0051093134097754955,0.0035567516461014748,0.0,0.10000000149011612,0.0,0.0,0.0,0.10000000149011612,0.0,0.0,0.10000000149011612,0.0,0.0,0.0,0.10000000149011612,0.10000000149011612,0.10000000149011612,0.10000000149011612,0.10000000149011612,0.0,0.10000000149011612,0.10000000149011612,0.0,0.0022613433816149886
37,-0.012834498658776283,0.0,-0.01787823624908924,-0.005065184086561203,0.0,0.10000000149011612,0.0,0.0,0.0,0.10000000149011612,0.0,0.0,0.10000000149011612,0.0,0.0,0.0,0.10000000149011612,0.10000000149011612,0.10000000149011612,0.10000000149011612,0.10000000149011612,0.0,0.10000000149011612,0.10000000149011612,0.0,-0.008591378333632216
38,0.006892425939440727,0.0,-0.011109034530818462,0.006619103252887726,0.0,0.10000000149011612,0.0,0.0,0.0,0.10000000149011612,0.0,0.0,0.10000000149011612,0.0,0.0,0.0,0.10000000149011612,0.10000000149011612,0.10000000149011612,0.10000000149011612,0.10000000149011612,0.0,0.10000000149011612,0.10000000149011612,0.0,0.01174377170500529
39,0.0036227793898433447,0.0,-0.007526501081883907,0.010956673882901669,0.0,0.10000000149011612,0.0,0.0,0.0,0.10000000149011612,0.0,0.0,0.10000000149011612,0.0,0.0,0.0,0.10000000149011612,0.10000000149011612,0.10000000149011612,0.10000000149011612,0.10000000149011612,0.0,0.10000000149011612,0.10000000149011612,0.0,0.004309048592458842
40,-0.004016498103737831,0.0,-0.01151276845484972,0.006022972986102104,0.0,0.10000000149011612,0.0,0.0,0.0,0.10000000149011612,0.0,0.0,0.10000000149011612,0.0,0.0,0.0,0.10000000149011612,0.10000000149011612,0.10000000149011612,0.10000000149011612,0.10000000149011612,0.0,0.10000000149011612,0.10000000149011612,0.0,-0.004880229810294567
41,-0.0013367815408855677,0.0,-0.012834160588681698,0.0005929535836912692,0.0,0.10000000149011612,0.0,0.0,0.0,0.10000000149011612,0.0,0.0,0.10000000149011612,0.0,0.0,0.0,0.10000000149011612,0.10000000149011612,0.10000000149011612,0.10000000149011612,0.10000000149011612,0.0,0.10000000149011612,0.10000000149011612,0.0,-0.0053975103434201754
42,0.008066029287874699,0.0,-0.004871651995927095,0.008637096732854843,0.0,0.10000000149011612,0.0,0.0,0.0,0.10000000149011612,0.0,0.0,0.10000000149011612,0.0,0.0,0.0,0.10000000149011612,0.10000000149011612,0.10000000149011612,0.10000000149011612,0.10000000149011612,0.0,0.10000000149011612,0.10000000149011612,0.0,0.0080393761722517
43,0.009652787819504738,0.0,0.004734110552817583,0.0226229727268219,0.0,0.10000000149011612,0.0,0.0,0.0,0.10000000149011612,0.0,0.0,0.10000000149011612,0.0,0.0,0.0,0.10000000149011612,0.10000000149011612,0.10000000149011612,0.10000000149011612,0.10000000149011612,0.0,0.10000000149011612,0.10000000149011612,0.0,0.013866113034380456
44,-0.011058870702981949,0.0,-0.006377114448696375,0.008286923170089722,0.0,0.10000000149011612,0.0,0.0,0.0,0.10000000149011612,0.0,0.0,0.10000000149011612,0.0,0.0,0.0,0.10000000149011612,0.10000000149011612,0.10000000149011612,0.10000000149011612,0.10000000149011612,0.0,0.10000000149011612,0.10000000149011612,0.0,-0.014018900356311259
45,-0.005080380942672491,0.0,-0.011425097472965717,0.0055195000022649765,0.0,0.10000000149011612,0.0,0.0,0.0,0.10000000149011612,0.0,0.0,0.10000000149011612,0.0,0.0,0.0,0.10000000149011612,0.10000000149011612,0.10000000149011612,0.10000000149011612,0.10000000149011612,0.0,0.10000000149011612,0.10000000149011612,0.0,-0.0027446782302044115
46,-0.0035616818349808455,0.0,-0.014946086332201958,0.002914940007030964,0.0,0.10000000149011612,0.0,0.0,0.0,0.10000000149011612,0.0,0.0,0.10000000149011612,0.0,0.0,0.0,0.10000000149011612,0.10000000149011612,0.10000000149011612,0.10000000149011612,0.10000000149011612,0.0,0.10000000149011612,0.10000000149011612,0.0,-0.002590263038387719
47,0.00867062620818615,0.0,-0.006405052728950977,0.014845197089016438,0.0,0.10000000149011612,0.0,0.0,0.0,0.10000000149011612,0.0,0.0,0.10000000149011612,0.0,0.0,0.0,0.10000000149011612,0.10000000149011612,0.10000000149011612,0.10000000149011612,0.10000000149011612,0.0,0.10000000149011612,0.10000000149011612,0.0,0.01189558217360065
48,0.0027619008906185627,0.0,-0.0036608418449759483,0.013511636294424534,0.0,0.10000000149011612,0.0,0.0,0.0,0.10000000149011612,0.0,0.0,0.10000000149011612,0.0,0.0,0.0,0.10000000149011612,0.10000000149011612,0.10000000149011612,0.10000000149011612,0.10000000149011612,0.0,0.10000000149011612,0.10000000149011612,0.0,-0.001314053412694971
49,-0.011991461738944054,0.0,-0.015608404763042927,-0.000998784089460969,0.0,0.10000000149011612,0.0,0.0,0.0,0.10000000149011612,0.0,0.0,0.10000000149011612,0.0,0.0,0.0,0.10000000149011612,0.10000000149011612,0.10000000149011612,0.10000000149011612,0.10000000149011612,0.0,0.10000000149011612,0.10000000149011612,0.0,-0.014316974629850487
50,0.010737285017967224,0.0,-0.005038710776716471,0.006794556975364685,0.0,0.10000000149011612,0.0,0.0,0.0,0.10000000149011612,0.0,0.0,0.10000000149011612,0.0,0.0,0.0,0.10000000149011612,0.10000000149011612,0.10000000149011612,0.10000000149011612,0.10000000149011612,0.0,0.10000000149011612,0.10000000149011612,0.0,0.007801132712058179
51,0.0056661395356059074,0.0,0.0005988784250803292,0.011299969628453255,0.0,0.10000000149011612,0.0,0.0,0.0,0.10000000149011612,0.0,0.0,0.10000000149011612,0.0,0.0,0.0,0.10000000149011612,0.10000000149011612,0.10000000149011612,0.10000000149011612,0.10000000149011612,0.0,0.10000000149011612,0.10000000149011612,0.0,0.004475006963311268
52,-0.007703119423240423,0.0,-0.007108854129910469,0.005237471777945757,0.0,0.10000000149011612,0.0,0.0,0.0,0.10000000149011612,0.0,0.0,0.10000000149011612,0.0,0.0,0.0,0.10000000149011612,0.10000000149011612,0.10000000149011612,0.10000000149011612,0.10000000149011612,0.0,0.10000000149011612,0.10000000149011612,0.0,-0.005994757275365914
53,-0.0067647662945091724,0.0,-0.013825531117618084,0.0010451440466567874,0.0,0.10000000149011612,0.0,0.0,0.0,0.10000000149011612,0.0,0.0,0.10000000149011612,0.0,0.0,0.0,0.10000000149011612,0.10000000149011612,0.10000000149011612,0.10000000149011612,0.10000000149011612,0.0,0.10000000149011612,0.10000000149011612,0.0,-0.004170484934146068
54,-0.008184467442333698,0.0,-0.02189684472978115,-0.007719459477812052,0.0,0.10000000149011612,0.0,0.0,0.0,0.10000000149011612,0.0,0.0,0.10000000149011612,0.0,0.0,0.0,0.10000000149011612,0.10000000149011612,0.10000000149011612,0.10000000149011612,0.10000000149011612,0.0,0.10000000149011612,0.10000000149011612,0.0,-0.008755452815083387
55,-0.0017384864622727036,0.0,-0.023597262799739838,-0.013180957175791264,0.0,0.10000000149011612,0.0,0.0,0.0,0.10000000149011612,0.0,0.0,0.10000000149011612,0.0,0.0,0.0,0.10000000149011612,0.10000000149011612,0.10000000149011612,0.10000000149011612,0.10000000149011612,0.0,0.10000000149011612,0.10000000149011612,0.0,-0.0055039854909429975
56,-8.399841317441314e-05,0.0,-0.023679278790950775,-0.017739320173859596,0.0,0.10000000149011612,0.0,0.0,0.0,0.10000000149011612,0.0,0.0,0.10000000149011612,0.0,0.0,0.0,0.10000000149011612,0.10000000149011612,0.10000000149011612,0.10000000149011612,0.10000000149011612,0.0,0.10000000149011612,0.10000000149011612,0.0,-0.004619249122942093
57,-0.004741530399769545,0.0,-0.028308533132076263,-0.018011370673775673,0.0,0.10000000149011612,0.0,0.0,0.0,0.10000000149011612,0.0,0.0,0.10000000149011612,0.0,0.0,0.0,0.10000000149011612,0.10000000149011612,0.10000000149011612,0.10000000149011612,0.10000000149011612,0.0,0.10000000149011612,0.10000000149011612,0.0,-0.0002769636467218062
58,-0.014099158346652985,0.0,-0.04200856387615204,-0.03272838518023491,0.0,0.10000000149011612,0.0,0.0,0.0,0.10000000149011612,0.0,0.0,0.10000000149011612,0.0,0.0,0.0,0.10000000149011612,0.10000000149011612,0.10000000149011612,0.10000000149011612,0.10000000149011612,0.0,0.10000000149011612,0.10000000149011612,0.0,-0.014986950018512024
59,0.005446039605885744,0.0,-0.03679130598902702,-0.016217652708292007,0.0,0.10000000149011612,0.0,0.0,0.0,0.10000000149011612,0.0,0.0,0.10000000149011612,0.0,0.0,0.0,0.10000000149011612,0.10000000149011612,0.10000000149011612,0.10000000149011612,0.10000000149011612,0.0,0.10000000149011612,0.10000000149011612,0.0,0.01706938590875473
60,-0.01211280282586813,0.0,-0.048458464443683624,-0.022504832595586777,0.0,0.10000000149011612,0.0,0.0,0.0,0.10000000149011612,0.0,0.0,0.10000000149011612,0.0,0.0,0.0,0.10000000149011612,0.10000000149011612,0.10000000149011612,0.10000000149011612,0.10000000149011612,0.0,0.10000000149011612,0.10000000149011612,0.0,-0.00639082405229463
61,-0.0035151783376932144,0.0,-0.05180330201983452,-0.02561718411743641,0.0,0.10000000149011612,0.0,0.0,0.0,0.10000000149011612,0.0,0.0,0.10000000149011612,0.0,0.0,0.0,0.10000000149011612,0.10000000149011612,0.10000000149011612,0.10000000149011612,0.10000000149011612,0.0,0.10000000149011612,0.10000000149011612,0.0,-0.003184007067895789
62,-0.005743060261011124,0.0,-0.05724885314702988,-0.028041774407029152,0.0,0.10000000149011612,0.0,0.0,0.0,0.10000000149011612,0.0,0.0,0.10000000149011612,0.0,0.0,0.0,0.10000000149011612,0.10000000149011612,0.10000000149011612,0.10000000149011612,0.10000000149011612,0.0,0.10000000149011612,0.10000000149011612,0.0,-0.0024883344103279192
63,0.01524466834962368,0.0,-0.04287692531943321,-0.014882860705256462,0.0,0.10000000149011612,0.0,0.0,0.0,0.10000000149011612,0.0,0.0,0.10000000149011612,0.0,0.0,0.0,0.10000000149011612,0.10000000149011612,0.10000000149011612,0.10000000149011612,0.10000000149011612,0.0,0.10000000149011612,0.10000000149011612,0.0,0.013538558916711407
64,0.007638031151145697,0.0,-0.03556638956069946,-0.003470762399956584,0.0,0.10000000149011612,0.0,0.0,0.0,0.10000000149011612,0.0,0.0,0.10000000149011612,0.0,0.0,0.0,0.10000000149011612,0.10000000149011612,0.10000000149011612,0.10000000149011612,0.10000000149011612,0.0,0.10000000149011612,0.10000000149011612,0.0,0.011584508938165428
65,0.0010904549853876233,0.0,-0.034514717757701874,-0.003410991979762912,0.0,0.10000000149011612,0.0,0.0,0.0,0.10000000149011612,0.0,0.0,0.10000000149011612,0.0,0.0,0.0,0.10000000149011612,0.10000000149011612,0.10000000149011612,0.10000000149011612,0.10000000149011612,0.0,0.10000000149011612,0.10000000149011612,0.0,5.9978591634424205e-05
66,-0.017620423808693886,0.0,-0.051526978611946106,-0.019512798637151718,0.0,0.10000000149011612,0.0,0.0,0.0,0.10000000149011612,0.0,0.0,0.10000000149011612,0.0,0.0,0.0,0.10000000149011612,0.10000000149011612,0.10000000149011612,0.10000000149011612,0.10000000149011612,0.0,0.10000000149011612,0.10000000149011612,0.0,-0.0161569177743347
67,0.007315705996006727,0.0,-0.044588226824998856,-0.01584143564105034,0.0,0.10000000149011612,0.0,0.0,0.0,0.10000000149011612,0.0,0.0,0.10000000149011612,0.0,0.0,0.0,0.10000000149011612,0.10000000149011612,0.10000000149011612,0.10000000149011612,0.10000000149011612,0.0,0.10000000149011612,0.10000000149011612,0.0,0.003744427251062943
68,-0.008421691134572029,0.0,-0.05263441056013107,-0.0327514186501503,0.0,0.10000000149011612,0.0,0.0,0.0,0.10000000149011612,0.0,0.0,0.10000000149011612,0.0,0.0,0.0,0.10000000149011612,0.10000000149011612,0.10000000149011612,0.10000000149011612,0.10000000149011612,0.0,0.10000000149011612,0.10000000149011612,0.0,-0.017182173301631076
69,-0.0062368810176849365,0.0,-0.05854301527142525,-0.04590548202395439,0.0,0.10000000149011612,0.0,0.0,0.0,0.10000000149011612,0.0,0.0,0.10000000149011612,0.0,0.0,0.0,0.10000000149011612,0.10000000149011612,0.10000000149011612,0.10000000149011612,0.10000000149011612,0.0,0.10000000149011612,0.10000000149011612,0.0,-0.0135994651503617
70,0.018247384577989578,0.0,-0.04136388748884201,-0.027925534173846245,0.0,0.10000000149011612,0.0,0.0,0.0,0.10000000149011612,0.0,0.0,0.10000000149011612,0.0,0.0,0.0,0.10000000149011612,0.10000000149011612,0.10000000149011612,0.10000000149011612,0.10000000149011612,0.0,0.10000000149011612,0.10000000149011612,0.0,0.018845038422660387
71,0.001384575618430972,0.0,-0.04003658518195152,-0.03832308202981949,0.0,0.10000000149011612,0.0,0.0,0.0,0.10000000149011612,0.0,0.0,0.10000000149011612,0.0,0.0,0.0,0.10000000149011612,0.10000000149011612,0.10000000149011612,0.10000000149011612,0.10000000149011612,0.0,0.10000000149011612,0.10000000149011612,0.0,-0.010696246246049146
72,0.012969658710062504,0.0,-0.027586186304688454,-0.03568746894598007,0.0,0.10000000149011612,0.0,0.0,0.0,0.10000000149011612,0.0,0.0,0.10000000149011612,0.0,0.0,0.0,0.10000000149011612,0.10000000149011612,0.10000000149011612,0.10000000149011612,0.10000000149011612,0.0,0.10000000149011612,0.10000000149011612,0.0,0.002740642969160989
73,0.01112274918705225,0.0,-0.016770271584391594,-0.020084893330931664,0.0,0.10000000149011612,0.0,0.0,0.0,0.10000000149011612,0.0,0.0,0.10000000149011612,0.0,0.0,0.0,0.10000000149011612,0.10000000149011612,0.10000000149011612,0.10000000149011612,0.10000000149011612,0.0,0.10000000149011612,0.10000000149011612,0.0,0.01617999882050114
74,7.222664135042578e-05,0.0,-0.016699256375432014,-0.024852555245161057,0.0,0.10000000149011612,0.0,0.0,0.0,0.10000000149011612,0.0,0.0,0.10000000149011612,0.0,0.0,0.0,0.10000000149011612,0.10000000149011612,0.10000000149011612,0.10000000149011612,0.10000000149011612,0.0,0.10000000149011612,0.10000000149011612,0.0,-0.004865382604862245
75,0.009033868089318275,5.999999848427251e-05,-0.007816246710717678,-0.010097634978592396,0.0,0.10000000149011612,0.0,0.10000000149011612,0.0,0.10000000149011612,0.0,0.0,0.10000000149011612,0.0,0.0,0.0,0.10000000149011612,0.10000000149011612,0.10000000149011612,0.10000000149011612,0.10000000149011612,0.0,0.0,0.10000000149011612,0.0,0.015130963369624828
76,-0.008020575158298016,0.0,-0.015774130821228027,-0.009065964259207249,0.0,0.10000000149011612,0.0,0.10000000149011612,0.0,0.10000000149011612,0.0,0.0,0.10000000149011612,0.0,0.0,0.0,0.10000000149011612,0.10000000149011612,0.10000000149011612,0.10000000149011612,0.10000000149011612,0.0,0.0,0.10000000149011612,0.0,0.0010421944181968623
77,-0.00224851886741817,0.0,-0.01798718236386776,-0.01425771415233612,0.0,0.10000000149011612,0.0,0.10000000149011612,0.0,0.10000000149011612,0.0,0.0,0.10000000149011612,0.0,0.0,0.0,0.10000000149011612,0.10000000149011612,0.10000000149011612,0.10000000149011612,0.10000000149011612,0.0,0.0,0.10000000149011612,0.0,-0.005239248734904667
78,-0.0032648658379912376,0.0,-0.02119332179427147,-0.02277291938662529,0.0,0.10000000149011612,0.0,0.10000000149011612,0.0,0.10000000149011612,0.0,0.0,0.10000000149011612,0.0,0.0,0.0,0.10000000149011612,0.10000000149011612,0.10000000149011612,0.10000000149011612,0.10000000149011612,0.0,0.0,0.10000000149011612,0.0,-0.008638368624885318
79,0.015445002354681492,0.0,-0.006075650453567505,-0.008229903876781464,0.0,0.10000000149011612,0.0,0.10000000149011612,0.0,0.10000000149011612,0.0,0.0,0.10000000149011612,0.0,0.0,0.0,0.10000000149011612,0.10000000149011612,0.10000000149011612,0.10000000149011612,0.10000000149011612,0.0,0.0,0.10000000149011612,0.0,0.014881920280714667
80,-0.00413249246776104,0.0,-0.010183035396039486,-0.009378869086503983,0.0,0.10000000149011612,0.0,0.10000000149011612,0.0,0.10000000149011612,0.0,0.0,0.10000000149011612,0.0,0.0,0.0,0.10000000149011612,0.10000000149011612,0.10000000149011612,0.10000000149011612,0.10000000149011612,0.0,0.0,0.10000000149011612,0.0,-0.0011584995496575212
81,0.003608396276831627,0.0,-0.006611383520066738,-0.001196057884953916,0.0,0.10000000149011612,0.0,0.10000000149011612,0.0,0.10000000149011612,0.0,0.0,0.10000000149011612,0.0,0.0,0.0,0.10000000149011612,0.10000000149011612,0.10000000149011612,0.10000000149011612,0.10000000149011612,0.0,0.0,0.10000000149011612,0.0,0.008260283317401473
82,0.005975998006761074,0.0,-0.0006748951273038983,0.0051568602211773396,0.0,0.10000000149011612,0.0,0.10000000149011612,0.0,0.10000000149011612,0.0,0.0,0.10000000149011612,0.0,0.0,0.0,0.10000000149011612,0.10000000149011612,0.10000000149011612,0.10000000149011612,0.10000000149011612,0.0,0.0,0.10000000149011612,0.0,0.006360525663003047
83,0.004991327412426472,0.0,0.004313063807785511,0.008262746036052704,0.0,0.10000000149011612,0.0,0.10000000149011612,0.0,0.10000000149011612,0.0,0.0,0.10000000149011612,0.0,0.0,0.0,0.10000000149011612,0.10000000149011612,0.10000000149011612,0.10000000149011612,0.10000000149011612,0.0,0.0,0.10000000149011612,0.0,0.0030899513675826107
84,0.007828383706510067,5.0999999075429514e-05,0.012175212614238262,0.02038523182272911,0.0,0.10000000149011612,0.0,0.014999999664723873,0.0,0.10000000149011612,0.0,0.0,0.10000000149011612,0.0,0.0,0.0,0.10000000149011612,0.10000000149011612,0.10000000149011612,0.10000000149011612,0.10000000149011612,0.0,0.08500000089406967,0.10000000149011612,0.0,0.01202314162090734
85,0.007024883758276701,9.000000318337698e-06,0.019285624846816063,0.027696508914232254,0.0,0.10000000149011612,0.0,0.0,0.0,0.10000000149011612,0.0,0.0,0.10000000149011612,0.0,0.0,0.0,0.10000000149011612,0.10000000149011612,0.10000000149011612,0.10000000149011612,0.10000000149011612,0.0,0.10000000149011612,0.10000000149011612,0.0,0.007165212572160629
86,0.006039307452738285,5.999999848427251e-05,0.025441404432058334,0.024623874574899673,0.0,0.10000000149011612,0.0,0.10000000149011612,0.0,0.10000000149011612,0.0,0.0,0.10000000149011612,0.0,0.0,0.0,0.10000000149011612,0.10000000149011612,0.10000000149011612,0.10000000149011612,0.10000000149011612,0.0,0.0,0.10000000149011612,0.0,-0.002989826580785837
87,0.0037002728786319494,0.0,0.02923581749200821,0.023495005443692207,0.0,0.10000000149011612,0.0,0.10000000149011612,0.0,0.10000000149011612,0.0,0.0,0.10000000149011612,0.0,0.0,0.0,0.10000000149011612,0.10000000149011612,0.10000000149011612,0.10000000149011612,0.10000000149011612,0.0,0.0,0.10000000149011612,0.0,-0.0011017400230654006
88,0.0032020672224462032,0.0,0.0325314998626709,0.02450278028845787,0.0,0.10000000149011612,0.0,0.10000000149011612,0.0,0.10000000149011612,0.0,0.0,0.10000000149011612,0.0,0.0,0.0,0.10000000149011612,0.10000000149011612,0.10000000149011612,0.10000000149011612,0.10000000149011612,0.0,0.0,0.10000000149011612,0.0,0.0009846407060176698
89,0.00432321522384882,0.0,0.036995355039834976,0.03047904744744301,0.0,0.10000000149011612,0.0,0.10000000149011612,0.0,0.10000000149011612,0.0,0.0,0.10000000149011612,0.0,0.0,0.0,0.10000000149011612,0.10000000149011612,0.10000000149011612,0.10000000149011612,0.10000000149011612,0.0,0.0,0.10000000149011612,0.0,0.005833334251472255
90,0.004296805243939161,0.0,0.04145112261176109,0.03625452518463135,0.0,0.10000000149011612,0.0,0.10000000149011612,0.0,0.10000000149011612,0.0,0.0,0.10000000149011612,0.0,0.0,0.0,0.10000000149011612,0.10000000149011612,0.10000000149011612,0.10000000149011612,0.10000000149011612,0.0,0.0,0.10000000149011612,0.0,0.005604653245007363
91,0.0012039889115840197,0.0,0.04270501807332039,0.03406739979982376,0.0,0.10000000149011612,0.0,0.10000000149011612,0.0,0.10000000149011612,0.0,0.0,0.10000000149011612,0.0,0.0,0.0,0.10000000149011612,0.10000000149011612,0.10000000149011612,0.10000000149011612,0.10000000149011612,0.0,0.0,0.10000000149011612,0.0,-0.002110606353605937
92,0.0021043962333351374,0.0,0.04489928483963013,0.043321385979652405,0.0,0.10000000149011612,0.0,0.10000000149011612,0.0,0.10000000149011612,0.0,0.0,0.10000000149011612,0.0,0.0,0.0,0.10000000149011612,0.10000000149011612,0.10000000149011612,0.10000000149011612,0.10000000149011612,0.0,0.0,0.10000000149011612,0.0,0.008949113163822853
93,-0.004703603684902191,0.0,0.03998449072241783,0.04299166426062584,0.0,0.10000000149011612,0.0,0.10000000149011612,0.0,0.10000000149011612,0.0,0.0,0.10000000149011612,0.0,0.0,0.0,0.10000000149011612,0.10000000149011612,0.10000000149011612,0.10000000149011612,0.10000000149011612,0.0,0.0,0.10000000149011612,0.0,-0.00031603082564723994
94,0.002521215006709099,0.0,0.04260651767253876,0.04574603587388992,0.0,0.10000000149011612,0.0,0.10000000149011612,0.0,0.10000000149011612,0.0,0.0,0.10000000149011612,0.0,0.0,0.0,0.10000000149011612,0.10000000149011612,0.10000000149011612,0.10000000149011612,0.10000000149011612,0.0,0.0,0.10000000149011612,0.0,0.0026408376093942643
95,-0.004114748444408178,0.0,0.038316451013088226,0.04033135622739792,0.0,0.10000000149011612,0.0,0.10000000149011612,0.0,0.10000000149011612,0.0,0.0,0.10000000149011612,0.0,0.0,0.0,0.10000000149011612,0.10000000149011612,0.10000000149011612,0.10000000149011612,0.10000000149011612,0.0,0.0,0.10000000149011612,0.0,-0.005177815129815078
96,-0.0023524356074631214,0.0,0.03587387874722481,0.03913875296711922,0.0,0.10000000149011612,0.0,0.10000000149011612,0.0,0.10000000149011612,0.0,0.0,0.10000000149011612,0.0,0.0,0.0,0.10000000149011612,0.10000000149011612,0.10000000149011612,0.10000000149011612,0.10000000149011612,0.0,0.0,0.10000000149011612,0.0,-0.0011463686575818866
97,0.00934528186917305,0.0,0.04555441439151764,0.04712093621492386,0.0,0.10000000149011612,0.0,0.10000000149011612,0.0,0.10000000149011612,0.0,0.0,0.10000000149011612,0.0,0.0,0.0,0.10000000149011612,0.10000000149011612,0.10000000149011612,0.10000000149011612,0.10000000149011612,0.0,0.0,0.10000000149011612,0.0,0.007681537451098341
98,-0.003224405460059643,0.0,0.04218312352895737,0.04457730054855347,0.0,0.10000000149011612,0.0,0.10000000149011612,0.0,0.10000000149011612,0.0,0.0,0.10000000149011612,0.0,0.0,0.0,0.10000000149011612,0.10000000149011612,0.10000000149011612,0.10000000149011612,0.10000000149011612,0.0,0.0,0.10000000149011612,0.0,-0.00242917086116623
99,0.003280308563262224,0.0,0.04560180380940437,0.046235427260398865,0.0,0.10000000149011612,0.0,0.10000000149011612,0.0,0.10000000149011612,0.0,0.0,0.10000000149011612,0.0,0.0,0.0,0.10000000149011612,0.10000000149011612,0.10000000149011612,0.10000000149011612,0.10000000149011612,0.0,0.0,0.10000000149011612,0.0,0.0015873662111693942
100,-0.002112200018018484,0.0,0.04339328408241272,0.03894379362463951,0.0,0.10000000149011612,0.0,0.10000000149011612,0.0,0.10000000149011612,0.0,0.0,0.10000000149011612,0.0,0.0,0.0,0.10000000149011612,0.10000000149011612,0.10000000149011612,0.10000000149011612,0.10000000149011612,0.0,0.0,0.10000000149011612,0.0,-0.006969400429167938
101,-0.005500387866050005,0.0,0.03765421733260155,0.03354917839169502,0.0,0.10000000149011612,0.0,0.10000000149011612,0.0,0.10000000149011612,0.0,0.0,0.10000000149011612,0.0,0.0,0.0,0.10000000149011612,0.10000000149011612,0.10000000149011612,0.10000000149011612,0.10000000149011612,0.0,0.0,0.10000000149011612,0.0,-0.0051924033485236665
102,0.013533161953091621,0.0,0.051696959882974625,0.043546162545681,0.0,0.10000000149011612,0.0,0.10000000149011612,0.0,0.10000000149011612,0.0,0.0,0.10000000149011612,0.0,0.0,0.0,0.10000000149011612,0.10000000149011612,0.10000000149011612,0.10000000149011612,0.10000000149011612,0.0,0.0,0.10000000149011612,0.0,0.009672480384089965
103,0.003267534077167511,0.0,0.05513341352343559,0.050533540546894073,0.0,0.10000000149011612,0.0,0.10000000149011612,0.0,0.10000000149011612,0.0,0.0,0.10000000149011612,0.0,0.0,0.0,0.10000000149011612,0.10000000149011612,0.10000000149011612,0.10000000149011612,0.10000000149011612,0.0,0.0,0.10000000149011612,0.0,0.006695801539021273
104,0.0006707970169372857,0.0,0.055841196328401566,0.04680965840816498,0.0,0.10000000149011612,0.0,0.10000000149011612,0.0,0.10000000149011612,0.0,0.0,0.10000000149011612,0.0,0.0,0.0,0.10000000149011612,0.10000000149011612,0.10000000149011612,0.10000000149011612,0.10000000149011612,0.0,0.0,0.10000000149011612,0.0,-0.0035447532087271583
105,0.00039937865221872926,0.0,0.05626287683844566,0.03906340152025223,0.0,0.10000000149011612,0.0,0.10000000149011612,0.0,0.10000000149011612,0.0,0.0,0.10000000149011612,0.0,0.0,0.0,0.10000000149011612,0.10000000149011612,0.10000000149011612,0.10000000149011612,0.10000000149011612,0.0,0.0,0.10000000149011612,0.0,-0.007399871433830807
106,-0.0038776323199272156,0.0,0.052167076617479324,0.03198566287755966,0.0,0.10000000149011612,0.0,0.10000000149011612,0.0,0.10000000149011612,0.0,0.0,0.10000000149011612,0.0,0.0,0.0,0.10000000149011612,0.10000000149011612,0.10000000149011612,0.10000000149011612,0.10000000149011612,0.0,0.0,0.10000000149011612,0.0,-0.0068116523326076095
107,0.0017311063129454851,0.0,0.053988490253686905,0.03794468194246292,0.0,0.10000000149011612,0.0,0.10000000149011612,0.0,0.10000000149011612,0.0,0.0,0.10000000149011612,0.0,0.0,0.0,0.10000000149011612,0.10000000149011612,0.10000000149011612,0.10000000149011612,0.10000000149011612,0.0,0.0,0.10000000149011612,0.0,0.005774323500083556
108,0.004425833933055401,0.0,0.058653268963098526,0.04686380550265312,0.0,0.10000000149011612,0.0,0.10000000149011612,0.0,0.10000000149011612,0.0,0.0,0.10000000149011612,0.0,0.0,0.0,0.10000000149011612,0.10000000149011612,0.10000000149011612,0.10000000149011612,0.10000000149011612,0.0,0.0,0.10000000149011612,0.0,0.008593062535373841
109,0.00038443581433966756,0.0,0.05906025320291519,0.04386242851614952,0.0,0.10000000149011612,0.0,0.10000000149011612,0.0,0.10000000149011612,0.0,0.0,0.10000000149011612,0.0,0.0,0.0,0.10000000149011612,0.10000000149011612,0.10000000149011612,0.10000000149011612,0.10000000149011612,0.0,0.0,0.10000000149011612,0.0,-0.0028670176299222527
110,0.0006452252855524421,0.0,0.05974358320236206,0.05010722205042839,0.0,0.10000000149011612,0.0,0.10000000149011612,0.0,0.10000000149011612,0.0,0.0,0.10000000149011612,0.0,0.0,0.0,0.10000000149011612,0.10000000149011612,0.10000000149011612,0.10000000149011612,0.10000000149011612,0.0,0.0,0.10000000149011612,0.0,0.005982391322538305
111,0.0011916746152564883,0.0,0.06100645288825035,0.04764493927359581,0.0,0.10000000149011612,0.0,0.10000000149011612,0.0,0.10000000149011612,0.0,0.0,0.10000000149011612,0.0,0.0,0.0,0.10000000149011612,0.10000000149011612,0.10000000149011612,0.10000000149011612,0.10000000149011612,0.0,0.0,0.10000000149011612,0.0,-0.002344791774714916
112,0.0035622643772512674,0.0,0.06478603929281235,0.052304696291685104,0.0,0.10000000149011612,0.0,0.10000000149011612,0.0,0.10000000149011612,0.0,0.0,0.10000000149011612,0.0,0.0,0.0,0.10000000149011612,0.10000000149011612,0.10000000149011612,0.10000000149011612,0.10000000149011612,0.0,0.0,0.10000000149011612,0.0,0.004447839953601207
113,0.004510937724262476,0.0,0.06958921998739243,0.052766330540180206,0.0,0.10000000149011612,0.0,0.10000000149011612,0.0,0.10000000149011612,0.0,0.0,0.10000000149011612,0.0,0.0,0.0,0.10000000149011612,0.10000000149011612,0.10000000149011612,0.10000000149011612,0.10000000149011612,0.0,0.0,0.10000000149011612,0.0,0.00043868876583164074
114,-0.008309383876621723,0.0,0.06070159375667572,0.04809897020459175,0.0,0.10000000149011612,0.0,0.10000000149011612,0.0,0.10000000149011612,0.0,0.0,0.10000000149011612,0.0,0.0,0.0,0.10000000149011612,0.10000000149011612,0.10000000149011612,0.10000000149011612,0.10000000149011612,0.0,0.0,0.10000000149011612,0.0,-0.004433424778311101
115,-0.0032398602925240993,0.0,0.05726506933569908,0.04789964482188225,0.0,0.10000000149011612,0.0,0.10000000149011612,0.0,0.10000000149011612,0.0,0.0,0.10000000149011612,0.0,0.0,0.0,0.10000000149011612,0.10000000149011612,0.10000000149011612,0.10000000149011612,0.10000000149011612,0.0,0.0,0.10000000149011612,0.0,-0.00019017801598508743
116,-0.0030189540702849627,0.0,0.054073236882686615,0.04921015724539757,0.0,0.10000000149011612,0.0,0.10000000149011612,0.0,0.10000000149011612,0.0,0.0,0.10000000149011612,0.0,0.0,0.0,0.10000000149011612,0.10000000149011612,0.10000000149011612,0.10000000149011612,0.10000000149011612,0.0,0.0,0.10000000149011612,0.0,0.001250608710472445
117,0.002054750919342041,0.0,0.05623909458518028,0.058949124068021774,0.0,0.10000000149011612,0.0,0.10000000149011612,0.0,0.10000000149011612,0.0,0.0,0.10000000149011612,0.0,0.0,0.0,0.10000000149011612,0.10000000149011612,0.10000000149011612,0.10000000149011612,0.10000000149011612,0.0,0.0,0.10000000149011612,0.0,0.009282188849746742
118,-0.00021543860202655196,0.0,0.056011538952589035,0.055932797491550446,0.0,0.10000000149011612,0.0,0.10000000149011612,0.0,0.10000000149011612,0.0,0.0,0.10000000149011612,0.0,0.0,0.0,0.10000000149011612,0.10000000149011612,0.10000000149011612,0.10000000149011612,0.10000000149011612,0.0,0.0,0.10000000149011612,0.0,-0.0028484150068360803
119,-0.009840640239417553,0.0,0.04561970755457878,0.04653337970376015,0.0,0.10000000149011612,0.0,0.10000000149011612,0.0,0.10000000149011612,0.0,0.0,0.10000000149011612,0.0,0.0,0.0,0.10000000149011612,0.10000000149011612,0.10000000149011612,0.10000000149011612,0.10000000149011612,0.0,0.0,0.10000000149011612,0.0,-0.008901530296359095
120,-0.006902649533003569,0.0,0.03840216249227524,0.03902486711740494,0.0,0.10000000149011612,0.0,0.10000000149011612,0.0,0.10000000149011612,0.0,0.0,0.10000000149011612,0.0,0.0,0.0,0.10000000149011612,0.10000000149011612,0.10000000149011612,0.10000000149011612,0.10000000149011612,0.0,0.0,0.10000000149011612,0.0,-0.007174651790352482
121,-0.004920051433146,0.0,0.03329316899180412,0.03516831621527672,0.0,0.10000000149011612,0.0,0.10000000149011612,0.0,0.10000000149011612,0.0,0.0,0.10000000149011612,0.0,0.0,0.0,0.10000000149011612,0.10000000149011612,0.10000000149011612,0.10000000149011612,0.10000000149011612,0.0,0.0,0.10000000149011612,0.0,-0.003711702216355528
122,-0.0021081101149320602,0.0,0.03111487440764904,0.03658709302544594,0.0,0.10000000149011612,0.0,0.10000000149011612,0.0,0.10000000149011612,0.0,0.0,0.10000000149011612,0.0,0.0,0.0,0.10000000149011612,0.10000000149011612,0.10000000149011612,0.10000000149011612,0.10000000149011612,0.0,0.0,0.10000000149011612,0.0,0.0013705759613629187
123,0.01103160995990038,0.0,0.042489729821681976,0.043626416474580765,0.0,0.10000000149011612,0.0,0.10000000149011612,0.0,0.10000000149011612,0.0,0.0,0.10000000149011612,0.0,0.0,0.0,0.10000000149011612,0.10000000149011612,0.10000000149011612,0.10000000149011612,0.10000000149011612,0.0,0.0,0.10000000149011612,0.0,0.006790865424138648
124,-0.00433989567682147,0.0,0.03796543553471565,0.03732675686478615,0.0,0.10000000149011612,0.0,0.10000000149011612,0.0,0.10000000149011612,0.0,0.0,0.10000000149011612,0.0,0.0,0.0,0.10000000149011612,0.10000000149011612,0.10000000149011612,0.10000000149011612,0.10000000149011612,0.0,0.0,0.10000000149011612,0.0,-0.006036316741650838
125,0.0035198552068322897,0.0,0.04161892458796501,0.03883066773414612,0.0,0.10000000149011612,0.0,0.10000000149011612,0.0,0.10000000149011612,0.0,0.0,0.10000000149011612,0.0,0.0,0.0,0.10000000149011612,0.10000000149011612,0.10000000149011612,0.10000000149011612,0.10000000149011612,0.0,0.0,0.10000000149011612,0.0,0.0014497947338265593
126,0.012282728217542171,0.0,0.0544128455221653,0.05746329575777054,0.0,0.10000000149011612,0.0,0.10000000149011612,0.0,0.10000000149011612,0.0,0.0,0.10000000149011612,0.0,0.0,0.0,0.10000000149011612,0.10000000149011612,0.10000000149011612,0.10000000149011612,0.10000000149011612,0.0,0.0,0.10000000149011612,0.0,0.017936155142844523
127,0.008371210657060146,0.0,0.06323955953121185,0.0679817870259285,0.0,0.10000000149011612,0.0,0.10000000149011612,0.0,0.10000000149011612,0.0,0.0,0.10000000149011612,0.0,0.0,0.0,0.10000000149011612,0.10000000149011612,0.10000000149011612,0.10000000149011612,0.10000000149011612,0.0,0.0,0.10000000149011612,0.0,0.00994690908928475
128,0.001002644537948072,0.0,0.0643056109547615,0.06330442428588867,0.0,0.10000000149011612,0.0,0.10000000149011612,0.0,0.10000000149011612,0.0,0.0,0.10000000149011612,0.0,0.0,0.0,0.10000000149011612,0.10000000149011612,0.10000000149011612,0.10000000149011612,0.10000000149011612,0.0,0.0,0.10000000149011612,0.0,-0.0043796278146888135
129,-0.006023129913955927,0.0,0.05789515748620033,0.06483443081378937,0.0,0.10000000149011612,0.0,0.10000000149011612,0.0,0.10000000149011612,0.0,0.0,0.10000000149011612,0.0,0.0,0.0,0.10000000149011612,0.10000000149011612,0.10000000149011612,0.10000000149011612,0.10000000149011612,0.0,0.0,0.10000000149011612,0.0,0.0014389167325512542
130,-0.001416924991644919,0.0,0.05639620125293732,0.06593118607997894,0.0,0.10000000149011612,0.0,0.10000000149011612,0.0,0.10000000149011612,0.0,0.0,0.10000000149011612,0.0,0.0,0.0,0.10000000149011612,0.10000000149011612,0.10000000149011612,0.10000000149011612,0.10000000149011612,0.0,0.0,0.10000000149011612,0.0,0.00102997727576426
131,0.007747728377580643,0.0,0.06458087265491486,0.07075097411870956,0.0,0.10000000149011612,0.0,0.10000000149011612,0.0,0.10000000149011612,0.0,0.0,0.10000000149011612,0.0,0.0,0.0,0.10000000149011612,0.10000000149011612,0.10000000149011612,0.10000000149011612,0.10000000149011612,0.0,0.0,0.10000000149011612,0.0,0.004521669036118281
132,4.782072937814519e-05,0.0,0.06463178247213364,0.06802015006542206,0.0,0.10000000149011612,0.0,0.10000000149011612,0.0,0.10000000149011612,0.0,0.0,0.10000000149011612,0.0,0.0,0.0,0.10000000149011612,0.10000000149011612,0.10000000149011612,0.10000000149011612,0.10000000149011612,0.0,0.0,0.10000000149011612,0.0,-0.0025503820396102217
133,0.00016923516523092985,0.0,0.06481195241212845,0.07385878264904022,0.0,0.10000000149011612,0.0,0.10000000149011612,0.0,0.10000000149011612,0.0,0.0,0.10000000149011612,0.0,0.0,0.0,0.10000000149011612,0.10000000149011612,0.10000000149011612,0.10000000149011612,0.10000000149011612,0.0,0.0,0.10000000149011612,0.0,0.005466781299267254
134,-0.0007917533512227237,0.0,0.06396888196468353,0.07720399647951126,0.0,0.10000000149011612,0.0,0.10000000149011612,0.0,0.10000000149011612,0.0,0.0,0.10000000149011612,0.0,0.0,0.0,0.10000000149011612,0.10000000149011612,0.10000000149011612,0.10000000149011612,0.10000000149011612,0.0,0.0,0.10000000149011612,0.0,0.003115133837448214
135,0.004306565970182419,0.0,0.06855093687772751,0.07624019682407379,0.0,0.10000000149011612,0.0,0.10000000149011612,0.0,0.10000000149011612,0.0,0.0,0.10000000149011612,0.0,0.0,0.0,0.10000000149011612,0.10000000149011612,0.10000000149011612,0.10000000149011612,0.10000000149011612,0.0,0.0,0.10000000149011612,0.0,-0.0008947234308332996
136,0.01299959234893322,0.0,0.08244166523218155,0.09175343066453934,0.0,0.10000000149011612,0.0,0.10000000149011612,0.0,0.10000000149011612,0.0,0.0,0.10000000149011612,0.0,0.0,0.0,0.10000000149011612,0.10000000149011612,0.10000000149011612,0.10000000149011612,0.10000000149011612,0.0,0.0,0.10000000149011612,0.0,0.014414285850170128
137,-0.011788244359195232,0.0,0.0696815773844719,0.07816523313522339,0.0,0.10000000149011612,0.0,0.10000000149011612,0.0,0.10000000149011612,0.0,0.0,0.10000000149011612,0.0,0.0,0.0,0.10000000149011612,0.10000000149011612,0.10000000149011612,0.10000000149011612,0.10000000149011612,0.0,0.0,0.10000000149011612,0.0,-0.012446214637534925
138,-0.002080007456243038,0.0,0.06745663285255432,0.07269712537527084,0.0,0.10000000149011612,0.0,0.10000000149011612,0.0,0.10000000149011612,0.0,0.0,0.10000000149011612,0.0,0.0,0.0,0.10000000149011612,0.10000000149011612,0.10000000149011612,0.10000000149011612,0.10000000149011612,0.0,0.0,0.10000000149011612,0.0,-0.005071678803861723
139,0.006443765480071306,0.0,0.07433507591485977,0.0759432464838028,0.0,0.10000000149011612,0.0,0.10000000149011612,0.0,0.10000000149011612,0.0,0.0,0.10000000149011612,0.0,0.0,0.0,0.10000000149011612,0.10000000149011612,0.10000000149011612,0.10000000149011612,0.10000000149011612,0.0,0.0,0.10000000149011612,0.0,0.0030261301459126866
140,-0.001812115078791976,0.0,0.07238825410604477,0.07302023470401764,0.0,0.10000000149011612,0.0,0.10000000149011612,0.0,0.10000000149011612,0.0,0.0,0.10000000149011612,0.0,0.0,0.0,0.10000000149011612,0.10000000149011612,0.10000000149011612,0.10000000149011612,0.10000000149011612,0.0,0.0,0.10000000149011612,0.0,-0.002716696990605727
141,-0.001832126174122095,0.0,0.07042350620031357,0.07309792190790176,0.0,0.10000000149011612,0.0,0.10000000149011612,0.0,0.10000000149011612,0.0,0.0,0.10000000149011612,0.0,0.0,0.0,0.10000000149011612,0.10000000149011612,0.10000000149011612,0.10000000149011612,0.10000000149011612,0.0,0.0,0.10000000149011612,0.0,7.24005022194607e-05
142,-1.9345814507687464e-05,0.0,0.07040279358625412,0.07303287833929062,0.0,0.10000000149011612,0.0,0.10000000149011612,0.0,0.10000000149011612,0.0,0.0,0.10000000149011612,0.0,0.0,0.0,0.10000000149011612,0.10000000149011612,0.10000000149011612,0.10000000149011612,0.10000000149011612,0.0,0.0,0.10000000149011612,0.0,-6.061289215386623e-05
143,0.0031309996265918016,0.0,0.07375422865152359,0.07583282142877579,0.0,0.10000000149011612,0.0,0.10000000149011612,0.0,0.10000000149011612,0.0,0.0,0.10000000149011612,0.0,0.0,0.0,0.10000000149011612,0.10000000149011612,0.10000000149011612,0.10000000149011612,0.10000000149011612,0.0,0.0,0.10000000149011612,0.0,0.0026093730639629165
144,-0.005775961093604565,0.0,0.06755226105451584,0.07636602222919464,0.0,0.10000000149011612,0.0,0.10000000149011612,0.0,0.10000000149011612,0.0,0.0,0.10000000149011612,0.0,0.0,0.0,0.10000000149011612,0.10000000149011612,0.10000000149011612,0.10000000149011612,0.10000000149011612,0.0,0.0,0.10000000149011612,0.0,0.0004956167815282075
145,0.009741733781993389,0.0,0.0779520720243454,0.0906529426574707,0.0,0.10000000149011612,0.0,0.10000000149011612,0.0,0.10000000149011612,0.0,0.0,0.10000000149011612,0.0,0.0,0.0,0.10000000149011612,0.10000000149011612,0.10000000149011612,0.10000000149011612,0.10000000149011612,0.0,0.0,0.10000000149011612,0.0,0.013273291922284214
146,0.005585379898548126,0.0,0.08397284150123596,0.0950016900897026,0.0,0.10000000149011612,0.0,0.10000000149011612,0.0,0.10000000149011612,0.0,0.0,0.10000000149011612,0.0,0.0,0.0,0.10000000149011612,0.10000000149011612,0.10000000149011612,0.10000000149011612,0.10000000149011612,0.0,0.0,0.10000000149011612,0.0,0.003987288038334036
147,0.00038361799670383334,0.0,0.08438867330551147,0.0927632749080658,0.0,0.10000000149011612,0.0,0.10000000149011612,0.0,0.10000000149011612,0.0,0.0,0.10000000149011612,0.0,0.0,0.0,0.10000000149011612,0.10000000149011612,0.10000000149011612,0.10000000149011612,0.10000000149011612,0.0,0.0,0.10000000149011612,0.0,-0.00204421162258972
148,-0.0015997717855498195,0.0,0.08265390247106552,0.08646034449338913,0.0,0.10000000149011612,0.0,0.10000000149011612,0.0,0.10000000149011612,0.0,0.0,0.10000000149011612,0.0,0.0,0.0,0.10000000149011612,0.10000000149011612,0.10000000149011612,0.10000000149011612,0.10000000149011612,0.0,0.0,0.10000000149011612,0.0,-0.005767882723920148
149,-0.0046482207253575325,0.0,0.07762148976325989,0.08139067143201828,0.0,0.10000000149011612,0.0,0.10000000149011612,0.0,0.10000000149011612,0.0,0.0,0.10000000149011612,0.0,0.0,0.0,0.10000000149011612,0.10000000149011612,0.10000000149011612,0.10000000149011612,0.10000000149011612,0.0,0.0,0.10000000149011612,0.0,-0.004666229271105937
150,-0.010075930505990982,0.0,0.06676344573497772,0.07831236720085144,0.0,0.10000000149011612,0.0,0.10000000149011612,0.0,0.10000000149011612,0.0,0.0,0.10000000149011612,0.0,0.0,0.0,0.10000000149011612,0.10000000149011612,0.10000000149011612,0.10000000149011612,0.10000000149011612,0.0,0.0,0.10000000149011612,0.0,-0.0028466162252818172
151,-0.0005102766444906592,0.0,0.06621910631656647,0.08262460678815842,0.0,0.10000000149011612,0.0,0.10000000149011612,0.0,0.10000000149011612,0.0,0.0,0.10000000149011612,0.0,0.0,0.0,0.10000000149011612,0.10000000149011612,0.10000000149011612,0.10000000149011612,0.10000000149011612,0.0,0.0,0.10000000149011612,0.0,0.003999063461083141
152,0.005269687622785568,0.0,0.07183774560689926,0.09305465221405029,0.0,0.10000000149011612,0.0,0.10000000149011612,0.0,0.10000000149011612,0.0,0.0,0.10000000149011612,0.0,0.0,0.0,0.10000000149011612,0.10000000149011612,0.10000000149011612,0.10000000149011612,0.10000000149011612,0.0,0.0,0.10000000149011612,0.0,0.009634036914083044
153,0.0014938109088689089,0.0,0.0734388679265976,0.09817234426736832,0.0,0.10000000149011612,0.0,0.10000000149011612,0.0,0.10000000149011612,0.0,0.0,0.10000000149011612,0.0,0.0,0.0,0.10000000149011612,0.10000000149011612,0.10000000149011612,0.10000000149011612,0.10000000149011612,0.0,0.0,0.10000000149011612,0.0,0.004682009305712054
154,0.004492735490202904,0.0,0.07826154679059982,0.10272615402936935,0.0,0.10000000149011612,0.0,0.10000000149011612,0.0,0.10000000149011612,0.0,0.0,0.10000000149011612,0.0,0.0,0.0,0.10000000149011612,0.10000000149011612,0.10000000149011612,0.10000000149011612,0.10000000149011612,0.0,0.0,0.10000000149011612,0.0,0.004146716848018039
155,0.0033938237465918064,0.0,0.08192097395658493,0.10101203620433807,0.0,0.10000000149011612,0.0,0.10000000149011612,0.0,0.10000000149011612,0.0,0.0,0.10000000149011612,0.0,0.0,0.0,0.10000000149011612,0.10000000149011612,0.10000000149011612,0.10000000149011612,0.10000000149011612,0.0,0.0,0.10000000149011612,0.0,-0.0015544365378185043
156,-0.00010611698235152289,0.0,0.08180616050958633,0.10113827884197235,0.0,0.10000000149011612,0.0,0.10000000149011612,0.0,0.10000000149011612,0.0,0.0,0.10000000149011612,0.0,0.0,0.0,0.10000000149011612,0.10000000149011612,0.10000000149011612,0.10000000149011612,0.10000000149011612,0.0,0.0,0.10000000149011612,0.0,0.00011466054273978621
157,0.011978760361671448,0.0,0.09476485848426819,0.11090759932994843,0.0,0.10000000149011612,0.0,0.10000000149011612,0.0,0.10000000149011612,0.0,0.0,0.10000000149011612,0.0,0.0,0.0,0.10000000149011612,0.10000000149011612,0.10000000149011612,0.10000000149011612,0.10000000149011612,0.0,0.0,0.10000000149011612,0.0,0.00887201968698248
158,-0.004981184843927622,0.0,0.0893116369843483,0.11080018430948257,0.0,0.10000000149011612,0.0,0.10000000149011612,0.0,0.10000000149011612,0.0,0.0,0.10000000149011612,0.0,0.0,0.0,0.10000000149011612,0.10000000149011612,0.10000000149011612,0.10000000149011612,0.10000000149011612,0.0,0.0,0.10000000149011612,0.0,-9.669122844302436e-05
159,0.009168174117803574,0.0,0.0992986336350441,0.11477874219417572,0.0,0.10000000149011612,0.0,0.10000000149011612,0.0,0.10000000149011612,0.0,0.0,0.10000000149011612,0.0,0.0,0.0,0.10000000149011612,0.10000000149011612,0.10000000149011612,0.10000000149011612,0.10000000149011612,0.0,0.0,0.10000000149011612,0.0,0.003581704379322259
160,0.003382558235898614,5.999999848427251e-05,0.10301707684993744,0.11789780110120773,0.0,0.10000000149011612,0.0,0.10000000149011612,0.0,0.10000000149011612,0.0,0.10000000149011612,0.10000000149011612,0.0,0.0,0.0,0.10000000149011612,0.10000000149011612,0.10000000149011612,0.10000000149011612,0.0,0.0,0.0,0.10000000149011612,0.0,0.002797917460188426
161,0.00652389507740736,0.0,0.11021304130554199,0.123562291264534,0.0,0.10000000149011612,0.0,0.10000000149011612,0.0,0.10000000149011612,0.0,0.10000000149011612,0.10000000149011612,0.0,0.0,0.0,0.10000000149011612,0.10000000149011612,0.10000000149011612,0.10000000149011612,0.0,0.0,0.0,0.10000000149011612,0.0,0.005067091247291433
162,-0.006498189643025398,0.0,0.10299866646528244,0.1258709728717804,0.0,0.10000000149011612,0.0,0.10000000149011612,0.0,0.10000000149011612,0.0,0.10000000149011612,0.10000000149011612,0.0,0.0,0.0,0.10000000149011612,0.10000000149011612,0.10000000149011612,0.10000000149011612,0.0,0.0,0.0,0.10000000149011612,0.0,0.002054787371555511
163,0.0038847036194056273,0.0,0.10728348791599274,0.13290423154830933,0.0,0.10000000149011612,0.0,0.10000000149011612,0.0,0.10000000149011612,0.0,0.10000000149011612,0.10000000149011612,0.0,0.0,0.0,0.10000000149011612,0.10000000149011612,0.10000000149011612,0.10000000149011612,0.0,0.0,0.0,0.10000000149011612,0.0,0.00624694911406154
164,-0.0028677298687398434,0.0,0.10410810261964798,0.1264200210571289,0.0,0.10000000149011612,0.0,0.10000000149011612,0.0,0.10000000149011612,0.0,0.10000000149011612,0.10000000149011612,0.0,0.0,0.0,0.10000000149011612,0.10000000149011612,0.10000000149011612,0.10000000149011612,0.0,0.0,0.0,0.10000000149011612,0.0,-0.0057235292362873835
165,0.0013237330131232738,0.0,0.10556964576244354,0.131860613822937,0.0,0.10000000149011612,0.0,0.10000000149011612,0.0,0.10000000149011612,0.0,0.10000000149011612,0.10000000149011612,0.0,0.0,0.0,0.10000000149011612,0.10000000149011612,0.10000000149011612,0.10000000149011612,0.0,0.0,0.0,0.10000000149011612,0.0,0.004829985852614849
166,-0.0022981534712016582,0.0,0.10302887856960297,0.13445676863193512,0.0,0.10000000149011612,0.0,0.10000000149011612,0.0,0.10000000149011612,0.0,0.10000000149011612,0.10000000149011612,0.0,0.0,0.0,0.10000000149011612,0.10000000149011612,0.10000000149011612,0.10000000149011612,0.0,0.0,0.0,0.10000000149011612,0.0,0.0022937054062066586
167,-0.005988599266856909,0.0,0.09642327576875687,0.13017070293426514,0.0,0.10000000149011612,0.0,0.10000000149011612,0.0,0.10000000149011612,0.0,0.10000000149011612,0.10000000149011612,0.0,0.0,0.0,0.10000000149011612,0.10000000149011612,0.10000000149011612,0.10000000149011612,0.0,0.0,0.0,0.10000000149011612,0.0,-0.003778077592889395
168,-0.00535090547055006,0.0,0.09055642038583755,0.12121278792619705,0.0,0.10000000149011612,0.0,0.10000000149011612,0.0,0.10000000149011612,0.0,0.10000000149011612,0.10000000149011612,0.0,0.0,0.0,0.10000000149011612,0.10000000149011612,0.10000000149011612,0.10000000149011612,0.0,0.0,0.0,0.10000000149011612,0.0,-0.007926161052317693
169,0.002656468190252781,0.0,0.09345345199108124,0.1302434653043747,0.0,0.10000000149011612,0.0,0.10000000149011612,0.0,0.10000000149011612,0.0,0.10000000149011612,0.10000000149011612,0.0,0.0,0.0,0.10000000149011612,0.10000000149011612,0.10000000149011612,0.10000000149011612,0.0,0.0,0.0,0.10000000149011612,0.0,0.00805438314245488
170,-0.002885409165173769,0.0,0.09029839187860489,0.1259559690952301,0.0,0.10000000149011612,0.0,0.10000000149011612,0.0,0.10000000149011612,0.0,0.10000000149011612,0.10000000149011612,0.0,0.0,0.0,0.10000000149011612,0.10000000149011612,0.10000000149011612,0.10000000149011612,0.0,0.0,0.0,0.10000000149011612,0.0,-0.0037934271161567112
171,0.009266688488423824,0.0,0.10040184110403061,0.1285037100315094,0.0,0.10000000149011612,0.0,0.10000000149011612,0.0,0.10000000149011612,0.0,0.10000000149011612,0.10000000149011612,0.0,0.0,0.0,0.10000000149011612,0.10000000149011612,0.10000000149011612,0.10000000149011612,0.0,0.0,0.0,0.10000000149011612,0.0,0.002262735849543507
172,0.00731454836204648,0.0,0.10845078527927399,0.1363316923379898,0.0,0.10000000149011612,0.0,0.10000000149011612,0.0,0.10000000149011612,0.0,0.10000000149011612,0.10000000149011612,0.0,0.0,0.0,0.10000000149011612,0.10000000149011612,0.10000000149011612,0.10000000149011612,0.0,0.0,0.0,0.10000000149011612,0.0,0.00693660307617594
173,0.0025423201732337475,0.0,0.11126882582902908,0.1376093477010727,0.0,0.10000000149011612,0.0,0.10000000149011612,0.0,0.10000000149011612,0.0,0.10000000149011612,0.10000000149011612,0.0,0.0,0.0,0.10000000149011612,0.10000000149011612,0.10000000149011612,0.10000000149011612,0.0,0.0,0.0,0.10000000149011612,0.0,0.0011243683263415516
174,-0.006728433538228273,0.0,0.1037917286157608,0.1312449872493744,0.0,0.10000000149011612,0.0,0.10000000149011612,0.0,0.10000000149011612,0.0,0.10000000149011612,0.10000000149011612,0.0,0.0,0.0,0.10000000149011612,0.10000000149011612,0.10000000149011612,0.10000000149011612,0.0,0.0,0.0,0.10000000149011612,0.0,-0.0055945043564907815
175,0.004451667424291372,0.0,0.10870543867349625,0.13653886318206787,0.0,0.10000000149011612,0.0,0.10000000149011612,0.0,0.10000000149011612,0.0,0.10000000149011612,0.10000000149011612,0.0,0.0,0.0,0.10000000149011612,0.10000000149011612,0.10000000149011612,0.10000000149011612,0.0,0.0,0.0,0.10000000149011612,0.0,0.00467969006922675
176,-0.0034401151351630688,0.0,0.10489136725664139,0.13595859706401825,0.0,0.10000000149011612,0.0,0.10000000149011612,0.0,0.10000000149011612,0.0,0.10000000149011612,0.10000000149011612,0.0,0.0,0.0,0.10000000149011612,0.10000000149011612,0.10000000149011612,0.10000000149011612,0.0,0.0,0.0,0.10000000149011612,0.0,-0.0005105554564364123
177,-0.0004911922151222825,0.0,0.10434865206480026,0.12663382291793823,0.0,0.10000000149011612,0.0,0.10000000149011612,0.0,0.10000000149011612,0.0,0.10000000149011612,0.10000000149011612,0.0,0.0,0.0,0.10000000149011612,0.10000000149011612,0.10000000149011612,0.10000000149011612,0.0,0.0,0.0,0.10000000149011612,0.0,-0.008208727122784865
178,-0.006455680355429649,0.0,0.0972193256020546,0.12227028608322144,0.0,0.10000000149011612,0.0,0.10000000149011612,0.0,0.10000000149011612,0.0,0.10000000149011612,0.10000000149011612,0.0,0.0,0.0,0.10000000149011612,0.10000000149011612,0.10000000149011612,0.10000000149011612,0.0,0.0,0.0,0.10000000149011612,0.0,-0.0038730745926084387
179,-0.013425422832369804,0.0,0.08248869329690933,0.10724558681249619,0.0,0.10000000149011612,0.0,0.10000000149011612,0.0,0.10000000149011612,0.0,0.10000000149011612,0.10000000149011612,0.0,0.0,0.0,0.10000000149011612,0.10000000149011612,0.10000000149011612,0.10000000149011612,0.0,0.0,0.0,0.10000000149011612,0.0,-0.013387772497445494
180,0.007352563552558422,0.0,0.09044776111841202,0.11748895794153214,0.0,0.10000000149011612,0.0,0.10000000149011612,0.0,0.10000000149011612,0.0,0.10000000149011612,0.10000000149011612,0.0,0.0,0.0,0.10000000149011612,0.10000000149011612,0.10000000149011612,0.10000000149011612,0.0,0.0,0.0,0.10000000149011612,0.0,0.009251218745901069
181,-0.00013958255294710398,0.0,0.09029555320739746,0.11800350248813629,0.0,0.10000000149011612,0.0,0.10000000149011612,0.0,0.10000000149011612,0.0,0.10000000149011612,0.10000000149011612,0.0,0.0,0.0,0.10000000149011612,0.10000000149011612,0.10000000149011612,0.10000000149011612,0.0,0.0,0.0,0.10000000149011612,0.0,0.00046044709699133435
182,0.003117403481155634,0.0,0.09369444847106934,0.11656797677278519,0.0,0.10000000149011612,0.0,0.10000000149011612,0.0,0.10000000149011612,0.0,0.10000000149011612,0.10000000149011612,0.0,0.0,0.0,0.10000000149011612,0.10000000149011612,0.10000000149011612,0.10000000149011612,0.0,0.0,0.0,0.10000000149011612,0.0,-0.001284008245194479
183,0.004737071692943573,0.0,0.09887535125017166,0.12239977717399597,0.0,0.10000000149011612,0.0,0.10000000149011612,0.0,0.10000000149011612,0.0,0.10000000149011612,0.10000000149011612,0.0,0.0,0.0,0.10000000149011612,0.10000000149011612,0.10000000149011612,0.10000000149011612,0.0,0.0,0.0,0.10000000149011612,0.0,0.005222969422843837
184,-0.0054624504409730434,0.0,0.09287280589342117,0.11592870950698853,0.0,0.10000000149011612,0.0,0.10000000149011612,0.0,0.10000000149011612,0.0,0.10000000149011612,0.10000000149011612,0.0,0.0,0.0,0.10000000149011612,0.10000000149011612,0.10000000149011612,0.10000000149011612,0.0,0.0,0.0,0.10000000149011612,0.0,-0.005765385737424578
185,0.005886353552341461,0.0,0.09930583834648132,0.12333643436431885,0.0,0.10000000149011612,0.0,0.10000000149011612,0.0,0.10000000149011612,0.0,0.10000000149011612,0.10000000149011612,0.0,0.0,0.0,0.10000000149011612,0.10000000149011612,0.10000000149011612,0.10000000149011612,0.0,0.0,0.0,0.10000000149011612,0.0,0.006638170336708216
186,-0.0005197446444071829,0.0,0.09873448312282562,0.12471100687980652,0.0,0.10000000149011612,0.0,0.10000000149011612,0.0,0.10000000149011612,0.0,0.10000000149011612,0.10000000149011612,0.0,0.0,0.0,0.10000000149011612,0.10000000149011612,0.10000000149011612,0.10000000149011612,0.0,0.0,0.0,0.10000000149011612,0.0,0.0012236516803316722
187,0.009762910194694996,0.0,0.10946132242679596,0.13640446960926056,0.0,0.10000000149011612,0.0,0.10000000149011612,0.0,0.10000000149011612,0.0,0.10000000149011612,0.10000000149011612,0.0,0.0,0.0,0.10000000149011612,0.10000000149011612,0.10000000149011612,0.10000000149011612,0.0,0.0,0.0,0.10000000149011612,0.0,0.010396859867046526
188,0.00012036199768772349,0.0,0.10959485918283463,0.13876962661743164,0.0,0.10000000149011612,0.0,0.10000000149011612,0.0,0.10000000149011612,0.0,0.10000000149011612,0.10000000149011612,0.0,0.0,0.0,0.10000000149011612,0.10000000149011612,0.10000000149011612,0.10000000149011612,0.0,0.0,0.0,0.10000000149011612,0.0,0.002081263380620424
189,0.006999807897955179,0.0,0.11736181378364563,0.14488400518894196,0.0,0.10000000149011612,0.0,0.10000000149011612,0.0,0.10000000149011612,0.0,0.10000000149011612,0.10000000149011612,0.0,0.0,0.0,0.10000000149011612,0.10000000149011612,0.10000000149011612,0.10000000149011612,0.0,0.0,0.0,0.10000000149011612,0.0,0.005369284909426675
190,-0.004156109411269426,0.0,0.11271793395280838,0.1429734230041504,0.0,0.10000000149011612,0.0,0.10000000149011612,0.0,0.10000000149011612,0.0,0.10000000149011612,0.10000000149011612,0.0,0.0,0.0,0.10000000149011612,0.10000000149011612,0.10000000149011612,0.10000000149011612,0.0,0.0,0.0,0.10000000149011612,0.0,-0.0016687997876922989
191,-0.0042861467227339745,0.0,0.1079486608505249,0.13592417538166046,0.0,0.10000000149011612,0.0,0.10000000149011612,0.0,0.10000000149011612,0.0,0.10000000149011612,0.10000000149011612,0.0,0.0,0.0,0.10000000149011612,0.10000000149011612,0.10000000149011612,0.10000000149011612,0.0,0.0,0.0,0.10000000149011612,0.0,-0.006167464160244385
192,0.0016686093294993043,0.0,0.1097973957657814,0.13128656148910522,0.0,0.10000000149011612,0.0,0.10000000149011612,0.0,0.10000000149011612,0.0,0.10000000149011612,0.10000000149011612,0.0,0.0,0.0,0.10000000149011612,0.10000000149011612,0.10000000149011612,0.10000000149011612,0.0,0.0,0.0,0.10000000149011612,0.0,-0.00408267910223592
193,0.0061976551078259945,0.0,0.11667554080486298,0.1377221792936325,0.0,0.10000000149011612,0.0,0.10000000149011612,0.0,0.10000000149011612,0.0,0.10000000149011612,0.10000000149011612,0.0,0.0,0.0,0.10000000149011612,0.10000000149011612,0.10000000149011612,0.10000000149011612,0.0,0.0,0.0,0.10000000149011612,0.0,0.005688760057448228
194,0.0075578042306005955,0.0,0.12511515617370605,0.14674311876296997,0.0,0.10000000149011612,0.0,0.10000000149011612,0.0,0.10000000149011612,0.0,0.10000000149011612,0.10000000149011612,0.0,0.0,0.0,0.10000000149011612,0.10000000149011612,0.10000000149011612,0.10000000149011612,0.0,0.0,0.0,0.10000000149011612,0.0,0.007928947535274622
195,0.0020865648984909058,0.0,0.12746277451515198,0.14563977718353271,0.0,0.10000000149011612,0.0,0.10000000149011612,0.0,0.10000000149011612,0.0,0.10000000149011612,0.10000000149011612,0.0,0.0,0.0,0.10000000149011612,0.10000000149011612,0.10000000149011612,0.10000000149011612,0.0,0.0,0.0,0.10000000149011612,0.0,-0.0009621523437851609
196,-0.001015812624245882,0.0,0.12631748616695404,0.14709126949310303,0.0,0.10000000149011612,0.0,0.10000000149011612,0.0,0.10000000149011612,0.0,0.10000000149011612,0.10000000149011612,0.0,0.0,0.0,0.10000000149011612,0.10000000149011612,0.10000000149011612,0.10000000149011612,0.0,0.0,0.0,0.10000000149011612,0.0,0.0012669709436405885
197,0.007579374127089977,0.0,0.1348542720079422,0.15293265879154205,0.0,0.10000000149011612,0.0,0.10000000149011612,0.0,0.10000000149011612,0.0,0.10000000149011612,0.10000000149011612,0.0,0.0,0.0,0.10000000149011612,0.10000000149011612,0.10000000149011612,0.10000000149011612,0.0,0.0,0.0,0.10000000149011612,0.0,0.005092349191202716
198,0.0009580967598594725,0.0,0.13594156503677368,0.15386617183685303,0.0,0.10000000149011612,0.0,0.10000000149011612,0.0,0.10000000149011612,0.0,0.10000000149011612,0.10000000149011612,0.0,0.0,0.0,0.10000000149011612,0.10000000149011612,0.10000000149011612,0.10000000149011612,0.0,0.0,0.0,0.10000000149011612,0.0,0.0008096856639392414
199,-0.006971510127186775,0.0,0.12802234292030334,0.14835618436336517,0.0,0.10000000149011612,0.0,0.10000000149011612,0.0,0.10000000149011612,0.0,0.10000000149011612,0.10000000149011612,0.0,0.0,0.0,0.10000000149011612,0.10000000149011612,0.10000000149011612,0.10000000149011612,0.0,0.0,0.0,0.10000000149011612,0.0,-0.004775239631747308
200,-0.0031787175685167313,0.0,0.12443667650222778,0.14802613854408264,0.0,0.10000000149011612,0.0,0.10000000149011612,0.0,0.10000000149011612,0.0,0.10000000149011612,0.10000000149011612,0.0,0.0,0.0,0.10000000149011612,0.10000000149011612,0.10000000149011612,0.10000000149011612,0.0,0.0,0.0,0.10000000149011612,0.0,-0.00028740718583364355
201,0.001391328638419509,0.0,0.12600113451480865,0.1481267660856247,0.0,0.10000000149011612,0.0,0.10000000149011612,0.0,0.10000000149011612,0.0,0.10000000149011612,0.10000000149011612,0.0,0.0,0.0,0.10000000149011612,0.10000000149011612,0.10000000149011612,0.10000000149011612,0.0,0.0,0.0,0.10000000149011612,0.0,8.765265716825787e-05
202,-0.008856815285980701,0.0,0.11602835357189178,0.13390536606311798,0.0,0.10000000149011612,0.0,0.10000000149011612,0.0,0.10000000149011612,0.0,0.10000000149011612,0.10000000149011612,0.0,0.0,0.0,0.10000000149011612,0.10000000149011612,0.10000000149011612,0.10000000149011612,0.0,0.0,0.0,0.10000000149011612,0.0,-0.012386611341701048
203,-0.01193247176706791,0.0,0.10271137952804565,0.12345049530267715,0.0,0.10000000149011612,0.0,0.10000000149011612,0.0,0.10000000149011612,0.0,0.10000000149011612,0.10000000149011612,0.0,0.0,0.0,0.10000000149011612,0.10000000149011612,0.10000000149011612,0.10000000149011612,0.0,0.0,0.0,0.10000000149011612,0.0,-0.009220232193397071
204,-0.004436226096004248,0.0,0.0978194996714592,0.11867119371891022,0.0,0.10000000149011612,0.0,0.10000000149011612,0.0,0.10000000149011612,0.0,0.10000000149011612,0.10000000149011612,0.0,0.0,0.0,0.10000000149011612,0.10000000149011612,0.10000000149011612,0.10000000149011612,0.0,0.0,0.0,0.10000000149011612,0.0,-0.004254127443754752
205,-0.003341080155223608,0.0,0.09415160119533539,0.11730415374040604,0.0,0.10000000149011612,0.0,0.10000000149011612,0.0,0.10000000149011612,0.0,0.10000000149011612,0.10000000149011612,0.0,0.0,0.0,0.10000000149011612,0.10000000149011612,0.10000000149011612,0.10000000149011612,0.0,0.0,0.0,0.10000000149011612,0.0,-0.0012220212571664169
206,-0.0077941264025866985,0.0,0.08562364429235458,0.11046512424945831,0.0,0.10000000149011612,0.0,0.10000000149011612,0.0,0.10000000149011612,0.0,0.10000000149011612,0.10000000149011612,0.0,0.0,0.0,0.10000000149011612,0.10000000149011612,0.10000000149011612,0.10000000149011612,0.0,0.0,0.0,0.10000000149011612,0.0,-0.006121009635606134
207,-0.00791235826909542,0.0,0.07703379541635513,0.10678253322839737,0.0,0.10000000149011612,0.0,0.10000000149011612,0.0,0.10000000149011612,0.0,0.10000000149011612,0.10000000149011612,0.0,0.0,0.0,0.10000000149011612,0.10000000149011612,0.10000000149011612,0.10000000149011612,0.0,0.0,0.0,0.10000000149011612,0.0,-0.0033162599532785553
208,0.0007691583014093339,0.0,0.0778622105717659,0.11490975320339203,0.0,0.10000000149011612,0.0,0.10000000149011612,0.0,0.10000000149011612,0.0,0.10000000149011612,0.10000000149011612,0.0,0.0,0.0,0.10000000149011612,0.10000000149011612,0.10000000149011612,0.10000000149011612,0.0,0.0,0.0,0.10000000149011612,0.0,0.007343104657866473
209,-0.015462146140635014,0.0,0.06119614467024803,0.09837603569030762,0.0,0.10000000149011612,0.0,0.10000000149011612,0.0,0.10000000149011612,0.0,0.10000000149011612,0.10000000149011612,0.0,0.0,0.0,0.10000000149011612,0.10000000149011612,0.10000000149011612,0.10000000149011612,0.0,0.0,0.0,0.10000000149011612,0.0,-0.01482964649432772
210,-0.008689663372933865,0.0,0.05197471007704735,0.09379008412361145,0.0,0.10000000149011612,0.0,0.10000000149011612,0.0,0.10000000149011612,0.0,0.10000000149011612,0.10000000149011612,0.0,0.0,0.0,0.10000000149011612,0.10000000149011612,0.10000000149011612,0.10000000149011612,0.0,0.0,0.0,0.10000000149011612,0.0,-0.004175210872853774
211,-0.005087506491690874,0.0,0.046622779220342636,0.08832995593547821,0.0,0.10000000149011612,0.0,0.10000000149011612,0.0,0.10000000149011612,0.0,0.10000000149011612,0.10000000149011612,0.0,0.0,0.0,0.10000000149011612,0.10000000149011612,0.10000000149011612,0.10000000149011612,0.0,0.0,0.0,0.10000000149011612,0.0,-0.004991934254467201
212,-0.006596946623176336,0.0,0.03971826657652855,0.08391628414392471,0.0,0.10000000149011612,0.0,0.10000000149011612,0.0,0.10000000149011612,0.0,0.10000000149011612,0.10000000149011612,0.0,0.0,0.0,0.10000000149011612,0.10000000149011612,0.10000000149011612,0.10000000149011612,0.0,0.0,0.0,0.10000000149011612,0.0,-0.0040554537412872405
213,-0.002807101933285594,0.0,0.03679966926574707,0.07912905514240265,0.0,0.10000000149011612,0.0,0.10000000149011612,0.0,0.10000000149011612,0.0,0.10000000149011612,0.10000000149011612,0.0,0.0,0.0,0.10000000149011612,0.10000000149011612,0.10000000149011612,0.10000000149011612,0.0,0.0,0.0,0.10000000149011612,0.0,-0.004416604004895963
214,0.006824803538620472,0.0,0.04387562349438667,0.09058988094329834,0.0,0.10000000149011612,0.0,0.10000000149011612,0.0,0.10000000149011612,0.0,0.10000000149011612,0.10000000149011612,0.0,0.0,0.0,0.10000000149011612,0.10000000149011612,0.10000000149011612,0.10000000149011612,0.0,0.0,0.0,0.10000000149011612,0.0,0.010620440387811847
215,0.008563896641135216,0.0,0.0528152696788311,0.10213543474674225,0.0,0.10000000149011612,0.0,0.10000000149011612,0.0,0.10000000149011612,0.0,0.10000000149011612,0.10000000149011612,0.0,0.0,0.0,0.10000000149011612,0.10000000149011612,0.10000000149011612,0.10000000149011612,0.0,0.0,0.0,0.10000000149011612,0.0,0.010586522032881573
216,0.013421028852462769,0.0,0.0669451355934143,0.10897896438837051,0.0,0.10000000149011612,0.0,0.10000000149011612,0.0,0.10000000149011612,0.0,0.10000000149011612,0.10000000149011612,0.0,0.0,0.0,0.10000000149011612,0.10000000149011612,0.10000000149011612,0.10000000149011612,0.0,0.0,0.0,0.10000000149011612,0.0,0.0062093363718052075
217,0.006443686317652464,0.0,0.07382018864154816,0.11543358862400055,0.0,0.10000000149011612,0.0,0.10000000149011612,0.0,0.10000000149011612,0.0,0.10000000149011612,0.10000000149011612,0.0,0.0,0.0,0.10000000149011612,0.10000000149011612,0.10000000149011612,0.10000000149011612,0.0,0.0,0.0,0.10000000149011612,0.0,0.005820330631059356
218,0.00591523852199316,0.0,0.0801720917224884,0.11955340951681137,0.0,0.10000000149011612,0.0,0.10000000149011612,0.0,0.10000000149011612,0.0,0.10000000149011612,0.10000000149011612,0.0,0.0,0.0,0.10000000149011612,0.10000000149011612,0.10000000149011612,0.10000000149011612,0.0,0.0,0.0,0.10000000149011612,0.0,0.003693470355230266
219,0.005918399430811405,0.0,0.08656498789787292,0.12407217919826508,0.0,0.10000000149011612,0.0,0.10000000149011612,0.0,0.10000000149011612,0.0,0.10000000149011612,0.10000000149011612,0.0,0.0,0.0,0.10000000149011612,0.10000000149011612,0.10000000149011612,0.10000000149011612,0.0,0.0,0.0,0.10000000149011612,0.0,0.004036225197513232
220,-9.776170190889388e-05,0.0,0.08645875751972198,0.12195198237895966,0.0,0.10000000149011612,0.0,0.10000000149011612,0.0,0.10000000149011612,0.0,0.10000000149011612,0.10000000149011612,0.0,0.0,0.0,0.10000000149011612,0.10000000149011612,0.10000000149011612,0.10000000149011612,0.0,0.0,0.0,0.10000000149011612,0.0,-0.001886174979277233
221,0.005691403057426214,0.0,0.09264223277568817,0.12722334265708923,0.0,0.10000000149011612,0.0,0.10000000149011612,0.0,0.10000000149011612,0.0,0.10000000149011612,0.10000000149011612,0.0,0.0,0.0,0.10000000149011612,0.10000000149011612,0.10000000149011612,0.10000000149011612,0.0,0.0,0.0,0.10000000149011612,0.0,0.004698383140205653
222,-0.008486982434988022,0.0,0.08336900174617767,0.12045588344335556,0.0,0.10000000149011612,0.0,0.10000000149011612,0.0,0.10000000149011612,0.0,0.10000000149011612,0.10000000149011612,0.0,0.0,0.0,0.10000000149011612,0.10000000149011612,0.10000000149011612,0.10000000149011612,0.0,0.0,0.0,0.10000000149011612,0.0,-0.006003654251677815
223,-0.0037202462553977966,0.0,0.07933860272169113,0.1124541386961937,0.0,0.10000000149011612,0.0,0.10000000149011612,0.0,0.10000000149011612,0.0,0.10000000149011612,0.10000000149011612,0.0,0.0,0.0,0.10000000149011612,0.10000000149011612,0.10000000149011612,0.10000000149011612,0.0,0.0,0.0,0.10000000149011612,0.0,-0.007141508082023851
224,-0.010298214852809906,5.999999848427251e-05,0.06822334229946136,0.09640849381685257,0.0,0.10000000149011612,0.0,0.10000000149011612,0.0,0.10000000149011612,0.0,0.10000000149011612,0.10000000149011612,0.0,0.0,0.0,0.10000000149011612,0.0,0.10000000149011612,0.10000000149011612,0.10000000149011612,0.0,0.0,0.10000000149011612,0.0,-0.014423646172188942
225,0.006179856136441231,0.0,0.07482481002807617,0.10246074199676514,0.0,0.10000000149011612,0.0,0.10000000149011612,0.0,0.10000000149011612,0.0,0.10000000149011612,0.10000000149011612,0.0,0.0,0.0,0.10000000149011612,0.0,0.10000000149011612,0.10000000149011612,0.10000000149011612,0.0,0.0,0.10000000149011612,0.0,0.005520066849211691
226,0.009452681988477707,0.0,0.08498478680849075,0.10172092914581299,0.0,0.10000000149011612,0.0,0.10000000149011612,0.0,0.10000000149011612,0.0,0.10000000149011612,0.10000000149011612,0.0,0.0,0.0,0.10000000149011612,0.0,0.10000000149011612,0.10000000149011612,0.10000000149011612,0.0,0.0,0.10000000149011612,0.0,-0.0006710559594278465
227,-0.0006458491552621126,0.0,0.08428404480218887,0.09455607831478119,0.0,0.10000000149011612,0.0,0.10000000149011612,0.0,0.10000000149011612,0.0,0.10000000149011612,0.10000000149011612,0.0,0.0,0.0,0.10000000149011612,0.0,0.10000000149011612,0.10000000149011612,0.10000000149011612,0.0,0.0,0.10000000149011612,0.0,-0.00650332642458451
228,0.005182764958590269,5.999999848427251e-05,0.08990363776683807,0.09299629926681519,0.0,0.10000000149011612,0.0,0.10000000149011612,0.0,0.10000000149011612,0.0,0.10000000149011612,0.10000000149011612,0.0,0.0,0.0,0.10000000149011612,0.0,0.10000000149011612,0.10000000149011612,0.0,0.0,0.0,0.10000000149011612,0.10000000149011612,-0.0014250334714394075
229,-0.006180968135595322,0.0,0.08316697925329208,0.09086744487285614,0.0,0.10000000149011612,0.0,0.10000000149011612,0.0,0.10000000149011612,0.0,0.10000000149011612,0.10000000149011612,0.0,0.0,0.0,0.10000000149011612,0.0,0.10000000149011612,0.10000000149011612,0.0,0.0,0.0,0.10000000149011612,0.10000000149011612,-0.0019477233320799314
230,0.006335436832159758,0.0,0.09002931416034698,0.09725028276443481,0.0,0.10000000149011612,0.0,0.10000000149011612,0.0,0.10000000149011612,0.0,0.10000000149011612,0.10000000149011612,0.0,0.0,0.0,0.10000000149011612,0.0,0.10000000149011612,0.10000000149011612,0.0,0.0,0.0,0.10000000149011612,0.10000000149011612,0.005851158105027787
231,0.004311190918087959,5.999999848427251e-05,0.09472863376140594,0.10133355110883713,0.0,0.10000000149011612,0.0,0.10000000149011612,0.0,0.0,0.10000000149011612,0.10000000149011612,0.10000000149011612,0.0,0.0,0.0,0.10000000149011612,0.0,0.10000000149011612,0.10000000149011612,0.0,0.0,0.0,0.10000000149011612,0.10000000149011612,0.0037213645861313704
232,0.005080458242446184,0.0,0.10029035806655884,0.11534534394741058,0.0,0.10000000149011612,0.0,0.10000000149011612,0.0,0.0,0.10000000149011612,0.10000000149011612,0.10000000149011612,0.0,0.0,0.0,0.10000000149011612,0.0,0.10000000149011612,0.10000000149011612,0.0,0.0,0.0,0.10000000149011612,0.10000000149011612,0.012722569674251893
233,0.012565887533128262,5.999999848427251e-05,0.11411648243665695,0.129054456949234,0.0,0.10000000149011612,0.0,0.10000000149011612,0.0,0.0,0.10000000149011612,0.10000000149011612,0.10000000149011612,0.0,0.0,0.10000000149011612,0.10000000149011612,0.0,0.0,0.10000000149011612,0.0,0.0,0.0,0.10000000149011612,0.10000000149011612,0.012291361663199663
234,0.0014319507172331214,0.0,0.11571184545755386,0.1297370195388794,0.0,0.10000000149011612,0.0,0.10000000149011612,0.0,0.0,0.10000000149011612,0.10000000149011612,0.10000000149011612,0.0,0.0,0.10000000149011612,0.10000000149011612,0.0,0.0,0.10000000149011612,0.0,0.0,0.0,0.10000000149011612,0.10000000149011612,0.0006045435500867669
235,-0.007029958069324493,0.0,0.10786844044923782,0.12898826599121094,0.0,0.10000000149011612,0.0,0.10000000149011612,0.0,0.0,0.10000000149011612,0.10000000149011612,0.10000000149011612,0.0,0.0,0.10000000149011612,0.10000000149011612,0.0,0.0,0.10000000149011612,0.0,0.0,0.0,0.10000000149011612,0.10000000149011612,-0.0006627680023922888
236,-0.001525148400105536,0.0,0.10617877542972565,0.13069067895412445,0.0,0.10000000149011612,0.0,0.10000000149011612,0.0,0.0,0.10000000149011612,0.10000000149011612,0.10000000149011612,0.0,0.0,0.10000000149011612,0.10000000149011612,0.0,0.0,0.10000000149011612,0.0,0.0,0.0,0.10000000149011612,0.10000000149011612,0.0015079102362669516
237,-0.00200247042812407,0.0,0.10396368056535721,0.12962058186531067,0.0,0.10000000149011612,0.0,0.10000000149011612,0.0,0.0,0.10000000149011612,0.10000000149011612,0.10000000149011612,0.0,0.0,0.10000000149011612,0.10000000149011612,0.0,0.0,0.10000000149011612,0.0,0.0,0.0,0.10000000149011612,0.10000000149011612,-0.000946410109088025
238,-0.002853519283235073,0.0,0.10081350058317184,0.12427780777215958,0.0,0.10000000149011612,0.0,0.10000000149011612,0.0,0.0,0.10000000149011612,0.10000000149011612,0.10000000149011612,0.0,0.0,0.10000000149011612,0.10000000149011612,0.0,0.0,0.10000000149011612,0.0,0.0,0.0,0.10000000149011612,0.10000000149011612,-0.00472970675191553
239,0.0015224430244415998,0.0,0.1024894267320633,0.1298368275165558,0.0,0.10000000149011612,0.0,0.10000000149011612,0.0,0.0,0.10000000149011612,0.10000000149011612,0.10000000149011612,0.0,0.0,0.10000000149011612,0.10000000149011612,0.0,0.0,0.10000000149011612,0.0,0.0,0.0,0.10000000149011612,0.10000000149011612,0.004944525015051049
240,0.016827842220664024,0.0,0.12104194611310959,0.14603905379772186,0.0,0.10000000149011612,0.0,0.10000000149011612,0.0,0.0,0.10000000149011612,0.10000000149011612,0.10000000149011612,0.0,0.0,0.10000000149011612,0.10000000149011612,0.0,0.0,0.10000000149011612,0.0,0.0,0.0,0.10000000149011612,0.10000000149011612,0.014340324095099222
241,0.0012657656334340572,0.0,0.12246092408895493,0.15312574803829193,0.0,0.10000000149011612,0.0,0.10000000149011612,0.0,0.0,0.10000000149011612,0.10000000149011612,0.10000000149011612,0.0,0.0,0.10000000149011612,0.10000000149011612,0.0,0.0,0.10000000149011612,0.0,0.0,0.0,0.10000000149011612,0.10000000149011612,0.006183641139528628
242,-0.00852765142917633,0.0,0.11288896948099136,0.14752545952796936,0.0,0.10000000149011612,0.0,0.10000000149011612,0.0,0.0,0.10000000149011612,0.10000000149011612,0.10000000149011612,0.0,0.0,0.10000000149011612,0.10000000149011612,0.0,0.0,0.10000000149011612,0.0,0.0,0.0,0.10000000149011612,0.10000000149011612,-0.004856615611827153
243,0.0032745888456702232,0.0,0.11653321981430054,0.15150035917758942,0.0,0.10000000149011612,0.0,0.10000000149011612,0.0,0.0,0.10000000149011612,0.10000000149011612,0.10000000149011612,0.0,0.0,0.10000000149011612,0.10000000149011612,0.0,0.0,0.10000000149011612,0.0,0.0,0.0,0.10000000149011612,0.10000000149011612,0.003463887983152114
244,-0.0001906893594423309,0.0,0.11632031202316284,0.15023422241210938,0.0,0.10000000149011612,0.0,0.10000000149011612,0.0,0.0,0.10000000149011612,0.10000000149011612,0.10000000149011612,0.0,0.0,0.10000000149011612,0.10000000149011612,0.0,0.0,0.10000000149011612,0.0,0.0,0.0,0.10000000149011612,0.10000000149011612,-0.0010995539474988325
245,0.003734176279976964,0.0,0.12048884481191635,0.15541048347949982,0.0,0.10000000149011612,0.0,0.10000000149011612,0.0,0.0,0.10000000149011612,0.10000000149011612,0.10000000149011612,0.0,0.0,0.10000000149011612,0.10000000149011612,0.0,0.0,0.10000000149011612,0.0,0.0,0.0,0.10000000149011612,0.10000000149011612,0.004500180021192124
246,-0.004451792687177658,0.0,0.11550066620111465,0.15557804703712463,0.0,0.10000000149011612,0.0,0.10000000149011612,0.0,0.0,0.10000000149011612,0.10000000149011612,0.10000000149011612,0.0,0.0,0.10000000149011612,0.10000000149011612,0.0,0.0,0.10000000149011612,0.0,0.0,0.0,0.10000000149011612,0.10000000149011612,0.00014502513177849785
247,0.004776258021593094,0.0,0.12082858383655548,0.1602916568517685,0.0,0.10000000149011612,0.0,0.10000000149011612,0.0,0.0,0.10000000149011612,0.10000000149011612,0.10000000149011612,0.0,0.0,0.10000000149011612,0.10000000149011612,0.0,0.0,0.10000000149011612,0.0,0.0,0.0,0.10000000149011612,0.10000000149011612,0.004079006023634202
248,0.0029867393895983696,0.0,0.12417620420455933,0.16194456815719604,0.0,0.10000000149011612,0.0,0.10000000149011612,0.0,0.0,0.10000000149011612,0.10000000149011612,0.10000000149011612,0.0,0.0,0.10000000149011612,0.10000000149011612,0.0,0.0,0.10000000149011612,0.0,0.0,0.0,0.10000000149011612,0.10000000149011612,0.0014245653630851063
249,-0.0007952763116918504,0.0,0.12328217178583145,0.1604883074760437,0.0,0.10000000149011612,0.0,0.10000000149011612,0.0,0.0,0.10000000149011612,0.10000000149011612,0.10000000149011612,0.0,0.0,0.10000000149011612,0.10000000149011612,0.0,0.0,0.10000000149011612,0.0,0.0,0.0,0.10000000149011612,0.10000000149011612,-0.0012532961735531867
250,0.0071022240445017815,0.0,0.1312599778175354,0.16751141846179962,0.0,0.10000000149011612,0.0,0.10000000149011612,0.0,0.0,0.10000000149011612,0.10000000149011612,0.10000000149011612,0.0,0.0,0.10000000149011612,0.10000000149011612,0.0,0.0,0.10000000149011612,0.0,0.0,0.0,0.10000000149011612,0.10000000149011612,0.006051858463813842
251,-0.004991638939827681,0.0,0.12561313807964325,0.16183683276176453,0.0,0.10000000149011612,0.0,0.10000000149011612,0.0,0.0,0.10000000149011612,0.10000000149011612,0.10000000149011612,0.0,0.0,0.10000000149011612,0.10000000149011612,0.0,0.0,0.10000000149011612,0.0,0.0,0.0,0.10000000149011612,0.10000000149011612,-0.004860411307592516
252,5.79483421461191e-05,0.0,0.12567836046218872,0.1654035598039627,0.0,0.10000000149011612,0.0,0.10000000149011612,0.0,0.0,0.10000000149011612,0.10000000149011612,0.10000000149011612,0.0,0.0,0.10000000149011612,0.10000000149011612,0.0,0.0,0.10000000149011612,0.0,0.0,0.0,0.10000000149011612,0.10000000149011612,0.0030699035713301903
253,-0.006493011489510536,0.0,0.11836931854486465,0.16043636202812195,0.0,0.10000000149011612,0.0,0.10000000149011612,0.0,0.0,0.10000000149011612,0.10000000149011612,0.10000000149011612,0.0,0.0,0.10000000149011612,0.10000000149011612,0.0,0.0,0.10000000149011612,0.0,0.0,0.0,0.10000000149011612,0.10000000149011612,-0.004262212633601603
254,-0.0002164890756830573,0.0,0.11812720447778702,0.16031581163406372,0.0,0.10000000149011612,0.0,0.10000000149011612,0.0,0.0,0.10000000149011612,0.10000000149011612,0.10000000149011612,0.0,0.0,0.10000000149011612,0.10000000149011612,0.0,0.0,0.10000000149011612,0.0,0.0,0.0,0.10000000149011612,0.10000000149011612,-0.00010388367514402308
255,-0.005809444468468428,0.0,0.11163150519132614,0.1641029268503189,0.0,0.10000000149011612,0.0,0.10000000149011612,0.0,0.0,0.10000000149011612,0.10000000149011612,0.10000000149011612,0.0,0.0,0.10000000149011612,0.10000000149011612,0.0,0.0,0.10000000149011612,0.0,0.0,0.0,0.10000000149011612,0.10000000149011612,0.003263865904681529
256,-0.003515340853482485,0.0,0.10772374272346497,0.1638832986354828,0.0,0.10000000149011612,0.0,0.10000000149011612,0.0,0.0,0.10000000149011612,0.10000000149011612,0.10000000149011612,0.0,0.0,0.10000000149011612,0.10000000149011612,0.0,0.0,0.10000000149011612,0.0,0.0,0.0,0.10000000149011612,0.10000000149011612,-0.00018866735042954996
257,-0.004636868834495544,0.0,0.10258737206459045,0.16007894277572632,0.0,0.10000000149011612,0.0,0.10000000149011612,0.0,0.0,0.10000000149011612,0.10000000149011612,0.10000000149011612,0.0,0.0,0.10000000149011612,0.10000000149011612,0.0,0.0,0.10000000149011612,0.0,0.0,0.0,0.10000000149011612,0.10000000149011612,-0.003268674672294525
258,-0.0003189675335306674,0.0,0.10223568230867386,0.1595674306154251,0.0,0.10000000149011612,0.0,0.10000000149011612,0.0,0.0,0.10000000149011612,0.10000000149011612,0.10000000149011612,0.0,0.0,0.10000000149011612,0.10000000149011612,0.0,0.0,0.10000000149011612,0.0,0.0,0.0,0.10000000149011612,0.10000000149011612,-0.000440928751863523
259,0.0017531040357425809,0.0,0.10416802018880844,0.1632944643497467,0.0,0.10000000149011612,0.0,0.10000000149011612,0.0,0.0,0.10000000149011612,0.10000000149011612,0.10000000149011612,0.0,0.0,0.10000000149011612,0.10000000149011612,0.0,0.0,0.10000000149011612,0.0,0.0,0.0,0.10000000149011612,0.10000000149011612,0.00321415869048991
260,-0.005654295906424522,0.0,0.09792472422122955,0.16447408497333527,0.0,0.10000000149011612,0.0,0.10000000149011612,0.0,0.0,0.10000000149011612,0.10000000149011612,0.10000000149011612,0.0,0.0,0.10000000149011612,0.10000000149011612,0.0,0.0,0.10000000149011612,0.0,0.0,0.0,0.10000000149011612,0.10000000149011612,0.0010140344166840176
261,0.02087811380624771,0.0,0.12084732204675674,0.1869516670703888,0.0,0.10000000149011612,0.0,0.10000000149011612,0.0,0.0,0.10000000149011612,0.10000000149011612,0.10000000149011612,0.0,0.0,0.10000000149011612,0.10000000149011612,0.0,0.0,0.10000000149011612,0.0,0.0,0.0,0.10000000149011612,0.10000000149011612,0.01930277572262873
262,-0.010581950657069683,0.0,0.10898657143115997,0.17534239590168,0.0,0.10000000149011612,0.0,0.10000000149011612,0.0,0.0,0.10000000149011612,0.10000000149011612,0.10000000149011612,0.0,0.0,0.10000000149011612,0.10000000149011612,0.0,0.0,0.10000000149011612,0.0,0.0,0.0,0.10000000149011612,0.10000000149011612,-0.009780744651012308
263,0.007340713404119015,5.999999848427251e-05,0.11712732166051865,0.18768422305583954,0.0,0.10000000149011612,0.0,0.10000000149011612,0.0,0.0,0.10000000149011612,0.10000000149011612,0.10000000149011612,0.0,0.0,0.0,0.10000000149011612,0.0,0.10000000149011612,0.10000000149011612,0.0,0.0,0.0,0.10000000149011612,0.10000000149011612,0.010500622794850534
264,0.0016913956496864557,0.0,0.11901682615280151,0.19220836460590363,0.0,0.10000000149011612,0.0,0.10000000149011612,0.0,0.0,0.10000000149011612,0.10000000149011612,0.10000000149011612,0.0,0.0,0.0,0.10000000149011612,0.0,0.10000000149011612,0.10000000149011612,0.0,0.0,0.0,0.10000000149011612,0.10000000149011612,0.0038092124676234462
265,0.00291625433601439,5.999999848427251e-05,0.12228016555309296,0.1974467635154724,0.0,0.10000000149011612,0.0,0.10000000149011612,0.0,0.10000000149011612,0.0,0.10000000149011612,0.10000000149011612,0.0,0.0,0.0,0.10000000149011612,0.0,0.10000000149011612,0.10000000149011612,0.0,0.0,0.0,0.10000000149011612,0.10000000149011612,0.004393861899551821
266,-0.009940325282514095,0.0,0.11112433671951294,0.18813207745552063,0.0,0.10000000149011612,0.0,0.10000000149011612,0.0,0.10000000149011612,0.0,0.10000000149011612,0.10000000149011612,0.0,0.0,0.0,0.10000000149011612,0.0,0.10000000149011612,0.10000000149011612,0.0,0.0,0.0,0.10000000149011612,0.10000000149011612,-0.007778789290478039
267,0.005391208454966545,0.0,0.11711464077234268,0.1946430653333664,0.0,0.10000000149011612,0.0,0.10000000149011612,0.0,0.10000000149011612,0.0,0.10000000149011612,0.10000000149011612,0.0,0.0,0.0,0.10000000149011612,0.0,0.10000000149011612,0.10000000149011612,0.0,0.0,0.0,0.10000000149011612,0.10000000149011612,0.005480020278376463
268,0.0003976442967541516,0.0,0.11755885183811188,0.19506241381168365,0.0,0.10000000149011612,0.0,0.10000000149011612,0.0,0.10000000149011612,0.0,0.10000000149011612,0.10000000149011612,0.0,0.0,0.0,0.10000000149011612,0.0,0.10000000149011612,0.10000000149011612,0.0,0.0,0.0,0.10000000149011612,0.10000000149011612,0.00035102407613285536
269,0.0023614473175257444,0.0,0.12019790709018707,0.19683410227298737,0.0,0.10000000149011612,0.0,0.10000000149011612,0.0,0.10000000149011612,0.0,0.10000000149011612,0.10000000149011612,0.0,0.0,0.0,0.10000000149011612,0.0,0.10000000149011612,0.10000000149011612,0.0,0.0,0.0,0.10000000149011612,0.10000000149011612,0.0014825070563913023
270,0.004524930380284786,0.0,0.12526673078536987,0.20114324986934662,0.0,0.10000000149011612,0.0,0.10000000149011612,0.0,0.10000000149011612,0.0,0.10000000149011612,0.10000000149011612,0.0,0.0,0.0,0.10000000149011612,0.0,0.10000000149011612,0.10000000149011612,0.0,0.0,0.0,0.10000000149011612,0.10000000149011612,0.003600455224475496
271,-0.0020707373041659594,0.0,0.12293659150600433,0.19947753846645355,0.0,0.10000000149011612,0.0,0.10000000149011612,0.0,0.10000000149011612,0.0,0.10000000149011612,0.10000000149011612,0.0,0.0,0.0,0.10000000149011612,0.0,0.10000000149011612,0.10000000149011612,0.0,0.0,0.0,0.10000000149011612,0.10000000149011612,-0.0013867716469907476
272,-0.002141322009265423,0.0,0.12053202837705612,0.19373801350593567,0.0,0.10000000149011612,0.0,0.10000000149011612,0.0,0.10000000149011612,0.0,0.10000000149011612,0.10000000149011612,0.0,0.0,0.0,0.10000000149011612,0.0,0.10000000149011612,0.10000000149011612,0.0,0.0,0.0,0.10000000149011612,0.10000000149011612,-0.0047850207915155485
273,0.008907356299459934,0.0,0.130512997508049,0.1960882544517517,0.0,0.10000000149011612,0.0,0.10000000149011612,0.0,0.10000000149011612,0.0,0.10000000149011612,0.10000000149011612,0.0,0.0,0.0,0.10000000149011612,0.0,0.10000000149011612,0.10000000149011612,0.0,0.0,0.0,0.10000000149011612,0.10000000149011612,0.001968807995745614
274,0.006132704205811024,0.0,0.1374461054801941,0.1990974098443985,0.0,0.10000000149011612,0.0,0.10000000149011612,0.0,0.10000000149011612,0.0,0.10000000149011612,0.10000000149011612,0.0,0.0,0.0,0.10000000149011612,0.0,0.10000000149011612,0.10000000149011612,0.0,0.0,0.0,0.10000000149011612,0.10000000149011612,0.002515830568059707
275,-0.001849140739068389,0.0,0.1353428065776825,0.19795064628124237,0.0,0.10000000149011612,0.0,0.10000000149011612,0.0,0.10000000149011612,0.0,0.10000000149011612,0.10000000149011612,0.0,0.0,0.0,0.10000000149011612,0.0,0.10000000149011612,0.10000000149011612,0.0,0.0,0.0,0.10000000149011612,0.10000000149011612,-0.0009563556336135148
276,-0.0052519068121910095,0.0,0.12938009202480316,0.19324061274528503,0.0,0.10000000149011612,0.0,0.10000000149011612,0.0,0.10000000149011612,0.0,0.10000000149011612,0.10000000149011612,0.0,0.0,0.0,0.10000000149011612,0.0,0.10000000149011612,0.10000000149011612,0.0,0.0,0.0,0.10000000149011612,0.10000000149011612,-0.003931742555988049
277,0.008329580537974834,0.0,0.13878735899925232,0.20126797258853912,0.0,0.10000000149011612,0.0,0.10000000149011612,0.0,0.10000000149011612,0.0,0.10000000149011612,0.10000000149011612,0.0,0.0,0.0,0.10000000149011612,0.0,0.10000000149011612,0.10000000149011612,0.0,0.0,0.0,0.10000000149011612,0.10000000149011612,0.0067273605654316615
278,-0.0015026713954284787,0.0,0.13707613945007324,0.20184166729450226,0.0,0.10000000149011612,0.0,0.10000000149011612,0.0,0.10000000149011612,0.0,0.10000000149011612,0.10000000149011612,0.0,0.0,0.0,0.10000000149011612,0.0,0.10000000149011612,0.10000000149011612,0.0,0.0,0.0,0.10000000149011612,0.10000000149011612,0.00047757429570594034
279,0.0006957968580536544,0.0,0.1378673017024994,0.20748558640480042,0.0,0.10000000149011612,0.0,0.10000000149011612,0.0,0.10000000149011612,0.0,0.10000000149011612,0.10000000149011612,0.0,0.0,0.0,0.10000000149011612,0.0,0.10000000149011612,0.10000000149011612,0.0,0.0,0.0,0.10000000149011612,0.10000000149011612,0.004696058777029499
280,0.00473018316552043,0.0,0.14324963092803955,0.21015873551368713,0.0,0.10000000149011612,0.0,0.10000000149011612,0.0,0.10000000149011612,0.0,0.10000000149011612,0.10000000149011612,0.0,0.0,0.0,0.10000000149011612,0.0,0.10000000149011612,0.10000000149011612,0.0,0.0,0.0,0.10000000149011612,0.10000000149011612,0.0022138145075882854
281,-0.002647093031555414,0.0,0.14022333920001984,0.20301085710525513,0.0,0.10000000149011612,0.0,0.10000000149011612,0.0,0.10000000149011612,0.0,0.10000000149011612,0.10000000149011612,0.0,0.0,0.0,0.10000000149011612,0.0,0.10000000149011612,0.10000000149011612,0.0,0.0,0.0,0.10000000149011612,0.10000000149011612,-0.0059065626670851135
282,-0.012698601000010967,0.0,0.12574410438537598,0.18972793221473694,0.0,0.10000000149011612,0.0,0.10000000149011612,0.0,0.10000000149011612,0.0,0.10000000149011612,0.10000000149011612,0.0,0.0,0.0,0.10000000149011612,0.0,0.10000000149011612,0.10000000149011612,0.0,0.0,0.0,0.10000000149011612,0.10000000149011612,-0.011041400675701474
283,-0.004747066646814346,0.0,0.12040011584758759,0.1897040754556656,0.0,0.10000000149011612,0.0,0.10000000149011612,0.0,0.10000000149011612,0.0,0.10000000149011612,0.10000000149011612,0.0,0.0,0.0,0.10000000149011612,0.0,0.10000000149011612,0.10000000149011612,0.0,0.0,0.0,0.10000000149011612,0.10000000149011612,-2.0052281219373747e-05
284,0.004302774090319872,0.0,0.12522093951702118,0.19748157262802124,0.0,0.10000000149011612,0.0,0.10000000149011612,0.0,0.10000000149011612,0.0,0.10000000149011612,0.10000000149011612,0.0,0.0,0.0,0.10000000149011612,0.0,0.10000000149011612,0.10000000149011612,0.0,0.0,0.0,0.10000000149011612,0.10000000149011612,0.0065373375890780405
285,0.00035692332312464714,0.0,0.12562255561351776,0.20301708579063416,0.0,0.10000000149011612,0.0,0.10000000149011612,0.0,0.10000000149011612,0.0,0.10000000149011612,0.10000000149011612,0.0,0.0,0.0,0.10000000149011612,0.0,0.10000000149011612,0.10000000149011612,0.0,0.0,0.0,0.10000000149011612,0.10000000149011612,0.004622629098554265
286,0.003842730773612857,0.0,0.12994801998138428,0.2065453678369522,0.0,0.10000000149011612,0.0,0.10000000149011612,0.0,0.10000000149011612,0.0,0.10000000149011612,0.10000000149011612,0.0,0.0,0.0,0.10000000149011612,0.0,0.10000000149011612,0.10000000149011612,0.0,0.0,0.0,0.10000000149011612,0.10000000149011612,0.0029328611272376737
287,0.006660458631813526,0.0,0.13747400045394897,0.21469123661518097,0.0,0.10000000149011612,0.0,0.10000000149011612,0.0,0.10000000149011612,0.0,0.10000000149011612,0.10000000149011612,0.0,0.0,0.0,0.10000000149011612,0.0,0.10000000149011612,0.10000000149011612,0.0,0.0,0.0,0.10000000149011612,0.10000000149011612,0.006751398658827457
288,0.0004501491494011134,0.0,0.13798603415489197,0.21426376700401306,0.0,0.10000000149011612,0.0,0.10000000149011612,0.0,0.10000000149011612,0.0,0.10000000149011612,0.10000000149011612,0.0,0.0,0.0,0.10000000149011612,0.0,0.10000000149011612,0.10000000149011612,0.0,0.0,0.0,0.10000000149011612,0.10000000149011612,-0.0003519162716272284
289,0.004640565253794193,0.0,0.1432669311761856,0.21914449334144592,0.0,0.10000000149011612,0.0,0.10000000149011612,0.0,0.10000000149011612,0.0,0.10000000149011612,0.10000000149011612,0.0,0.0,0.0,0.10000000149011612,0.0,0.10000000149011612,0.10000000149011612,0.0,0.0,0.0,0.10000000149011612,0.10000000149011612,0.00401949433892379
290,0.005739134270697832,0.0,0.14982829988002777,0.2235870212316513,0.0,0.10000000149011612,0.0,0.10000000149011612,0.0,0.10000000149011612,0.0,0.10000000149011612,0.10000000149011612,0.0,0.0,0.0,0.10000000149011612,0.0,0.10000000149011612,0.10000000149011612,0.0,0.0,0.0,0.10000000149011612,0.10000000149011612,0.0036439715837368603
291,0.0028188482392579317,0.0,0.15306948125362396,0.22959637641906738,0.0,0.10000000149011612,0.0,0.10000000149011612,0.0,0.10000000149011612,0.0,0.10000000149011612,0.10000000149011612,0.0,0.0,0.0,0.10000000149011612,0.0,0.10000000149011612,0.10000000149011612,0.0,0.0,0.0,0.10000000149011612,0.10000000149011612,0.004911260975428711
292,0.007807540707290173,0.0,0.16207212209701538,0.23243571817874908,0.0,0.10000000149011612,0.0,0.10000000149011612,0.0,0.10000000149011612,0.0,0.10000000149011612,0.10000000149011612,0.0,0.0,0.0,0.10000000149011612,0.0,0.10000000149011612,0.10000000149011612,0.0,0.0,0.0,0.10000000149011612,0.10000000149011612,0.002309165685694836
293,-0.008857646025717258,0.0,0.15177889168262482,0.2213602364063263,0.0,0.10000000149011612,0.0,0.10000000149011612,0.0,0.10000000149011612,0.0,0.10000000149011612,0.10000000149011612,0.0,0.0,0.0,0.10000000149011612,0.0,0.10000000149011612,0.10000000149011612,0.0,0.0,0.0,0.10000000149011612,0.10000000149011612,-0.008986660812451697
294,0.005091576837003231,0.0,0.15764327347278595,0.23010694980621338,0.0,0.10000000149011612,0.0,0.10000000149011612,0.0,0.10000000149011612,0.0,0.10000000149011612,0.10000000149011612,0.0,0.0,0.0,0.10000000149011612,0.0,0.10000000149011612,0.10000000149011612,0.0,0.0,0.0,0.10000000149011612,0.10000000149011612,0.00716145256670786
295,-0.0008749747648835182,0.0,0.15663035213947296,0.23914498090744019,0.0,0.10000000149011612,0.0,0.10000000149011612,0.0,0.10000000149011612,0.0,0.10000000149011612,0.10000000149011612,0.0,0.0,0.0,0.10000000149011612,0.0,0.10000000149011612,0.10000000149011612,0.0,0.0,0.0,0.10000000149011612,0.10000000149011612,0.007347353905000409
296,0.005616204813122749,0.0,0.16312623023986816,0.2417851984500885,0.0,0.10000000149011612,0.0,0.10000000149011612,0.0,0.10000000149011612,0.0,0.10000000149011612,0.10000000149011612,0.0,0.0,0.0,0.10000000149011612,0.0,0.10000000149011612,0.10000000149011612,0.0,0.0,0.0,0.10000000149011612,0.10000000149011612,0.0021306768645545926
297,0.00122791004832834,0.0,0.1645544469356537,0.2482985556125641,0.0,0.10000000149011612,0.0,0.10000000149011612,0.0,0.10000000149011612,0.0,0.10000000149011612,0.10000000149011612,0.0,0.0,0.0,0.10000000149011612,0.0,0.10000000149011612,0.10000000149011612,0.0,0.0,0.0,0.10000000149011612,0.10000000149011612,0.0052451560629045435
298,0.00454402482137084,0.0,0.16984620690345764,0.25219619274139404,0.0,0.10000000149011612,0.0,0.10000000149011612,0.0,0.10000000149011612,0.0,0.10000000149011612,0.10000000149011612,0.0,0.0,0.0,0.10000000149011612,0.0,0.10000000149011612,0.10000000149011612,0.0,0.0,0.0,0.10000000149011612,0.10000000149011612,0.003122359720201251
299,0.002679396653547883,0.0,0.17298069596290588,0.2529657781124115,0.0,0.10000000149011612,0.0,0.10000000149011612,0.0,0.10000000149011612,0.0,0.10000000149011612,0.10000000149011612,0.0,0.0,0.0,0.10000000149011612,0.0,0.10000000149011612,0.10000000149011612,0.0,0.0,0.0,0.10000000149011612,0.10000000149011612,0.000614588492984236
300,-0.00038221804425120354,0.0,0.1725323647260666,0.2547087073326111,0.0,0.10000000149011612,0.0,0.10000000149011612,0.0,0.10000000149011612,0.0,0.10000000149011612,0.10000000149011612,0.0,0.0,0.0,0.10000000149011612,0.0,0.10000000149011612,0.10000000149011612,0.0,0.0,0.0,0.10000000149011612,0.10000000149011612,0.001391042956357058
301,-0.0032504091504961252,0.0,0.16872115433216095,0.24519728124141693,0.0,0.10000000149011612,0.0,0.10000000149011612,0.0,0.10000000149011612,0.0,0.10000000149011612,0.10000000149011612,0.0,0.0,0.0,0.10000000149011612,0.0,0.10000000149011612,0.10000000149011612,0.0,0.0,0.0,0.10000000149011612,0.10000000149011612,-0.007580585067760048
302,-0.004883276764303446,0.0,0.16301396489143372,0.24311725795269012,0.0,0.10000000149011612,0.0,0.10000000149011612,0.0,0.10000000149011612,0.0,0.10000000149011612,0.10000000149011612,0.0,0.0,0.0,0.10000000149011612,0.0,0.10000000149011612,0.10000000149011612,0.0,0.0,0.0,0.10000000149011612,0.10000000149011612,-0.001670436741279313
303,0.004545148927718401,0.0,0.16830003261566162,0.24658216536045074,0.0,0.10000000149011612,0.0,0.10000000149011612,0.0,0.10000000149011612,0.0,0.10000000149011612,0.10000000149011612,0.0,0.0,0.0,0.10000000149011612,0.0,0.10000000149011612,0.10000000149011612,0.0,0.0,0.0,0.10000000149011612,0.10000000149011612,0.0027872731921259053
304,0.00659920834004879,0.0,0.1760098934173584,0.2573106586933136,0.0,0.10000000149011612,0.0,0.10000000149011612,0.0,0.10000000149011612,0.0,0.10000000149011612,0.10000000149011612,0.0,0.0,0.0,0.10000000149011612,0.0,0.10000000149011612,0.10000000149011612,0.0,0.0,0.0,0.10000000149011612,0.10000000149011612,0.00860632666741279
305,0.01133184414356947,0.0,0.18933625519275665,0.25853389501571655,0.0,0.10000000149011612,0.0,0.10000000149011612,0.0,0.10000000149011612,0.0,0.10000000149011612,0.10000000149011612,0.0,0.0,0.0,0.10000000149011612,0.0,0.10000000149011612,0.10000000149011612,0.0,0.0,0.0,0.10000000149011612,0.10000000149011612,0.0009728990317112718
306,-0.0073853470385074615,0.0,0.18055258691310883,0.2548465132713318,0.0,0.10000000149011612,0.0,0.10000000149011612,0.0,0.10000000149011612,0.0,0.10000000149011612,0.10000000149011612,0.0,0.0,0.0,0.10000000149011612,0.0,0.10000000149011612,0.10000000149011612,0.0,0.0,0.0,0.10000000149011612,0.10000000149011612,-0.0029299026104805392
307,0.0038094751071184874,0.0,0.1850498765707016,0.2665272355079651,0.0,0.10000000149011612,0.0,0.10000000149011612,0.0,0.10000000149011612,0.0,0.10000000149011612,0.10000000149011612,0.0,0.0,0.0,0.10000000149011612,0.0,0.10000000149011612,0.10000000149011612,0.0,0.0,0.0,0.10000000149011612,0.10000000149011612,0.009308486825358564
308,0.005735030863434076,0.0,0.19184617698192596,0.27545323967933655,0.0,0.10000000149011612,0.0,0.10000000149011612,0.0,0.10000000149011612,0.0,0.10000000149011612,0.10000000149011612,0.0,0.0,0.0,0.10000000149011612,0.0,0.10000000149011612,0.10000000149011612,0.0,0.0,0.0,0.10000000149011612,0.10000000149011612,0.007047621181072827
309,0.0016958046471700072,0.0,0.19386731088161469,0.27492138743400574,0.0,0.10000000149011612,0.0,0.10000000149011612,0.0,0.10000000149011612,0.0,0.10000000149011612,0.10000000149011612,0.0,0.0,0.0,0.10000000149011612,0.0,0.10000000149011612,0.10000000149011612,0.0,0.0,0.0,0.10000000149011612,0.10000000149011612,-0.00041699078318579996
310,-0.003217712976038456,0.0,0.19002579152584076,0.2680295705795288,0.0,0.10000000149011612,0.0,0.10000000149011612,0.0,0.10000000149011612,0.0,0.10000000149011612,0.10000000149011612,0.0,0.0,0.0,0.10000000149011612,0.0,0.10000000149011612,0.10000000149011612,0.0,0.0,0.0,0.10000000149011612,0.10000000149011612,-0.005405679850071232
311,-0.001577742281369865,0.0,0.18814823031425476,0.26319050788879395,0.0,0.10000000149011612,0.0,0.10000000149011612,0.0,0.10000000149011612,0.0,0.10000000149011612,0.10000000149011612,0.0,0.0,0.0,0.10000000149011612,0.0,0.10000000149011612,0.10000000149011612,0.0,0.0,0.0,0.10000000149011612,0.10000000149011612,-0.0038162065010228785
312,0.006530492100864649,0.0,0.19590742886066437,0.2709483802318573,0.0,0.10000000149011612,0.0,0.10000000149011612,0.0,0.10000000149011612,0.0,0.10000000149011612,0.10000000149011612,0.0,0.0,0.0,0.10000000149011612,0.0,0.10000000149011612,0.10000000149011612,0.0,0.0,0.0,0.10000000149011612,0.10000000149011612,0.006141490372682856
313,0.0008638676372356713,0.0,0.19694052636623383,0.27120381593704224,0.0,0.10000000149011612,0.0,0.10000000149011612,0.0,0.10000000149011612,0.0,0.10000000149011612,0.10000000149011612,0.0,0.0,0.0,0.10000000149011612,0.0,0.10000000149011612,0.10000000149011612,0.0,0.0,0.0,0.10000000149011612,0.10000000149011612,0.0002009803931912746
314,0.006989520508795977,0.0,0.20530657470226288,0.27272915840148926,0.0,0.10000000149011612,0.0,0.10000000149011612,0.0,0.10000000149011612,0.0,0.10000000149011612,0.10000000149011612,0.0,0.0,0.0,0.10000000149011612,0.0,0.10000000149011612,0.10000000149011612,0.0,0.0,0.0,0.10000000149011612,0.10000000149011612,0.0011999196708851745
315,0.005877979099750519,0.0,0.21239133179187775,0.2721044421195984,0.0,0.10000000149011612,0.0,0.10000000149011612,0.0,0.10000000149011612,0.0,0.10000000149011612,0.10000000149011612,0.0,0.0,0.0,0.10000000149011612,0.0,0.10000000149011612,0.10000000149011612,0.0,0.0,0.0,0.10000000149011612,0.10000000149011612,-0.0004908477799593358
316,0.004542178474366665,0.0,0.21789823472499847,0.2746579945087433,0.0,0.10000000149011612,0.0,0.10000000149011612,0.0,0.10000000149011612,0.0,0.10000000149011612,0.10000000149011612,0.0,0.0,0.0,0.10000000149011612,0.0,0.10000000149011612,0.10000000149011612,0.0,0.0,0.0,0.10000000149011612,0.10000000149011612,0.0020073449196436055
317,0.00421680323779583,0.0,0.2230338752269745,0.27720150351524353,0.0,0.10000000149011612,0.0,0.10000000149011612,0.0,0.10000000149011612,0.0,0.10000000149011612,0.10000000149011612,0.0,0.0,0.0,0.10000000149011612,0.0,0.10000000149011612,0.10000000149011612,0.0,0.0,0.0,0.10000000149011612,0.10000000149011612,0.00199544428188414
318,-0.002749808831140399,0.0,0.21967075765132904,0.2766909599304199,0.0,0.10000000149011612,0.0,0.10000000149011612,0.0,0.10000000149011612,0.0,0.10000000149011612,0.10000000149011612,0.0,0.0,0.0,0.10000000149011612,0.0,0.10000000149011612,0.10000000149011612,0.0,0.0,0.0,0.10000000149011612,0.10000000149011612,-0.000399736128886774
319,-0.004395415540784597,0.0,0.21430979669094086,0.2755911946296692,0.0,0.10000000149011612,0.0,0.10000000149011612,0.0,0.10000000149011612,0.0,0.10000000149011612,0.10000000149011612,0.0,0.0,0.0,0.10000000149011612,0.0,0.10000000149011612,0.10000000149011612,0.0,0.0,0.0,0.10000000149011612,0.10000000149011612,-0.0008614185697771726
320,0.0015075388364493847,0.0,0.21614041924476624,0.27895331382751465,0.0,0.10000000149011612,0.0,0.10000000149011612,0.0,0.10000000149011612,0.0,0.10000000149011612,0.10000000149011612,0.0,0.0,0.0,0.10000000149011612,0.0,0.10000000149011612,0.10000000149011612,0.0,0.0,0.0,0.10000000149011612,0.10000000149011612,0.0026357340909848315
321,0.007576555013656616,0.0,0.22535458207130432,0.2902979850769043,0.0,0.10000000149011612,0.0,0.10000000149011612,0.0,0.10000000149011612,0.0,0.10000000149011612,0.10000000149011612,0.0,0.0,0.0,0.10000000149011612,0.0,0.10000000149011612,0.10000000149011612,0.0,0.0,0.0,0.10000000149011612,0.10000000149011612,0.008870277848875174
322,0.0028110716957598925,0.0,0.22879913449287415,0.2960071563720703,0.0,0.10000000149011612,0.0,0.10000000149011612,0.0,0.10000000149011612,0.0,0.10000000149011612,0.10000000149011612,0.0,0.0,0.0,0.10000000149011612,0.0,0.10000000149011612,0.10000000149011612,0.0,0.0,0.0,0.10000000149011612,0.10000000149011612,0.004424692095311489
323,-0.007001603953540325,0.0,0.22019557654857635,0.2871202528476715,0.0,0.10000000149011612,0.0,0.10000000149011612,0.0,0.10000000149011612,0.0,0.10000000149011612,0.10000000149011612,0.0,0.0,0.0,0.10000000149011612,0.0,0.10000000149011612,0.10000000149011612,0.0,0.0,0.0,0.10000000149011612,0.10000000149011612,-0.006857140780978432
324,0.0054985955357551575,0.0,0.22690492868423462,0.29673823714256287,0.0,0.10000000149011612,0.0,0.10000000149011612,0.0,0.10000000149011612,0.0,0.10000000149011612,0.10000000149011612,0.0,0.0,0.0,0.10000000149011612,0.0,0.10000000149011612,0.10000000149011612,0.0,0.0,0.0,0.10000000149011612,0.10000000149011612,0.007472483067228808
325,0.0018688292475417256,0.0,0.22919781506061554,0.2981807589530945,0.0,0.10000000149011612,0.0,0.10000000149011612,0.0,0.10000000149011612,0.0,0.10000000149011612,0.10000000149011612,0.0,0.0,0.0,0.10000000149011612,0.0,0.10000000149011612,0.10000000149011612,0.0,0.0,0.0,0.10000000149011612,0.10000000149011612,0.001112423285759112
326,0.0030004477594047785,0.0,0.2328859567642212,0.30242928862571716,0.0,0.10000000149011612,0.0,0.10000000149011612,0.0,0.10000000149011612,0.0,0.10000000149011612,0.10000000149011612,0.0,0.0,0.0,0.10000000149011612,0.0,0.10000000149011612,0.10000000149011612,0.0,0.0,0.0,0.10000000149011612,0.10000000149011612,0.0032726795889725935
327,0.008555213920772076,0.0,0.24343355000019073,0.3143751621246338,0.0,0.10000000149011612,0.0,0.10000000149011612,0.0,0.10000000149011612,0.0,0.10000000149011612,0.10000000149011612,0.0,0.0,0.0,0.10000000149011612,0.0,0.10000000149011612,0.10000000149011612,0.0,0.0,0.0,0.10000000149011612,0.10000000149011612,0.009171993906495812
328,-0.0027515992987900972,0.0,0.24001212418079376,0.31255847215652466,0.0,0.10000000149011612,0.0,0.10000000149011612,0.0,0.10000000149011612,0.0,0.10000000149011612,0.10000000149011612,0.0,0.0,0.0,0.10000000149011612,0.0,0.10000000149011612,0.10000000149011612,0.0,0.0,0.0,0.10000000149011612,0.10000000149011612,-0.0013821700382503632
329,-0.00437456788495183,0.0,0.23458760976791382,0.30454137921333313,0.0,0.10000000149011612,0.0,0.10000000149011612,0.0,0.10000000149011612,0.0,0.10000000149011612,0.10000000149011612,0.0,0.0,0.0,0.10000000149011612,0.0,0.10000000149011612,0.10000000149011612,0.0,0.0,0.0,0.10000000149011612,0.10000000149011612,-0.006107989177822737
330,0.0027667339891195297,0.0,0.23800338804721832,0.30617284774780273,0.0,0.10000000149011612,0.0,0.10000000149011612,0.0,0.10000000149011612,0.0,0.10000000149011612,0.10000000149011612,0.0,0.0,0.0,0.10000000149011612,0.0,0.10000000149011612,0.10000000149011612,0.0,0.0,0.0,0.10000000149011612,0.10000000149011612,0.001250606964612766
331,0.00019173361943103373,0.0,0.23824074864387512,0.30603721737861633,0.0,0.10000000149011612,0.0,0.10000000149011612,0.0,0.10000000149011612,0.0,0.10000000149011612,0.10000000149011612,0.0,0.0,0.0,0.10000000149011612,0.0,0.10000000149011612,0.10000000149011612,0.0,0.0,0.0,0.10000000149011612,0.10000000149011612,-0.00010383799465762955
332,0.009268661960959435,0.0,0.2497175931930542,0.31551599502563477,0.0,0.10000000149011612,0.0,0.10000000149011612,0.0,0.10000000149011612,0.0,0.10000000149011612,0.10000000149011612,0.0,0.0,0.0,0.10000000149011612,0.0,0.10000000149011612,0.10000000149011612,0.0,0.0,0.0,0.10000000149011612,0.10000000149011612,0.007257662738006543
333,0.0022590188309550285,0.0,0.2525407075881958,0.3189835846424103,0.0,0.10000000149011612,0.0,0.10000000149011612,0.0,0.10000000149011612,0.0,0.10000000149011612,0.10000000149011612,0.0,0.0,0.0,0.10000000149011612,0.0,0.10000000149011612,0.10000000149011612,0.0,0.0,0.0,0.10000000149011612,0.10000000149011612,0.002635915967489133
334,-0.007857873104512691,0.0,0.24269841611385345,0.30637019872665405,0.0,0.10000000149011612,0.0,0.10000000149011612,0.0,0.10000000149011612,0.0,0.10000000149011612,0.10000000149011612,0.0,0.0,0.0,0.10000000149011612,0.0,0.10000000149011612,0.10000000149011612,0.0,0.0,0.0,0.10000000149011612,0.10000000149011612,-0.009562958980399938
335,0.0014617277774959803,0.0,0.24451489746570587,0.3090677857398987,0.0,0.10000000149011612,0.0,0.10000000149011612,0.0,0.10000000149011612,0.0,0.10000000149011612,0.10000000149011612,0.0,0.0,0.0,0.10000000149011612,0.0,0.10000000149011612,0.10000000149011612,0.0,0.0,0.0,0.10000000149011612,0.10000000149011612,0.0020649483705874605
336,0.00408122269436717,0.0,0.249594047665596,0.3169395625591278,0.0,0.10000000149011612,0.0,0.10000000149011612,0.0,0.10000000149011612,0.0,0.10000000149011612,0.10000000149011612,0.0,0.0,0.0,0.10000000149011612,0.0,0.10000000149011612,0.10000000149011612,0.0,0.0,0.0,0.10000000149011612,0.10000000149011612,0.006013269064428117
337,-0.006261051632463932,0.0,0.24177026748657227,0.305438369512558,0.0,0.10000000149011612,0.0,0.10000000149011612,0.0,0.10000000149011612,0.0,0.10000000149011612,0.10000000149011612,0.0,0.0,0.0,0.10000000149011612,0.0,0.10000000149011612,0.10000000149011612,0.0,0.0,0.0,0.10000000149011612,0.10000000149011612,-0.008733273244688866
338,0.009604314342141151,0.0,0.25369662046432495,0.31775349378585815,0.0,0.10000000149011612,0.0,0.10000000149011612,0.0,0.10000000149011612,0.0,0.10000000149011612,0.10000000149011612,0.0,0.0,0.0,0.10000000149011612,0.0,0.10000000149011612,0.10000000149011612,0.0,0.0,0.0,0.10000000149011612,0.10000000149011612,0.009433707910622147
339,0.0015439637936651707,0.0,0.25563228130340576,0.31933656334877014,0.0,0.10000000149011612,0.0,0.10000000149011612,0.0,0.10000000149011612,0.0,0.10000000149011612,0.10000000149011612,0.0,0.0,0.0,0.10000000149011612,0.0,0.10000000149011612,0.10000000149011612,0.0,0.0,0.0,0.10000000149011612,0.10000000149011612,0.0012013396817973643
340,-0.011110211722552776,0.0,0.24168194830417633,0.3062775731086731,0.0,0.10000000149011612,0.0,0.10000000149011612,0.0,0.10000000149011612,0.0,0.10000000149011612,0.10000000149011612,0.0,0.0,0.0,0.10000000149011612,0.0,0.10000000149011612,0.10000000149011612,0.0,0.0,0.0,0.10000000149011612,0.10000000149011612,-0.009898149269016221
341,0.008118604309856892,0.0,0.25176265835762024,0.3133856952190399,0.0,0.10000000149011612,0.0,0.10000000149011612,0.0,0.10000000149011612,0.0,0.10000000149011612,0.10000000149011612,0.0,0.0,0.0,0.10000000149011612,0.0,0.10000000149011612,0.10000000149011612,0.0,0.0,0.0,0.10000000149011612,0.10000000149011612,0.005441509719447346
342,-0.002991891000419855,0.0,0.24801753461360931,0.3088012933731079,0.0,0.10000000149011612,0.0,0.10000000149011612,0.0,0.10000000149011612,0.0,0.10000000149011612,0.10000000149011612,0.0,0.0,0.0,0.10000000149011612,0.0,0.10000000149011612,0.10000000149011612,0.0,0.0,0.0,0.10000000149011612,0.10000000149011612,-0.0034905221387898644
343,-0.0019370896043255925,0.0,0.24560001492500305,0.30866724252700806,0.0,0.10000000149011612,0.0,0.10000000149011612,0.0,0.10000000149011612,0.0,0.10000000149011612,0.10000000149011612,0.0,0.0,0.0,0.10000000149011612,0.0,0.10000000149011612,0.10000000149011612,0.0,0.0,0.0,0.10000000149011612,0.10000000149011612,-0.00010242261126924834
344,-0.008724630810320377,0.0,0.23473261296749115,0.29572492837905884,0.0,0.10000000149011612,0.0,0.10000000149011612,0.0,0.10000000149011612,0.0,0.10000000149011612,0.10000000149011612,0.0,0.0,0.0,0.10000000149011612,0.0,0.10000000149011612,0.10000000149011612,0.0,0.0,0.0,0.10000000149011612,0.10000000149011612,-0.009889690616048386
345,-0.0023548125755041838,0.0,0.231825053691864,0.2937876582145691,0.0,0.10000000149011612,0.0,0.10000000149011612,0.0,0.10000000149011612,0.0,0.10000000149011612,0.10000000149011612,0.0,0.0,0.0,0.10000000149011612,0.0,0.10000000149011612,0.10000000149011612,0.0,0.0,0.0,0.10000000149011612,0.10000000149011612,-0.0014951245608226804
346,0.000600077211856842,0.0,0.23256424069404602,0.2929234504699707,0.0,0.10000000149011612,0.0,0.10000000149011612,0.0,0.10000000149011612,0.0,0.10000000149011612,0.10000000149011612,0.0,0.0,0.0,0.10000000149011612,0.0,0.10000000149011612,0.10000000149011612,0.0,0.0,0.0,0.10000000149011612,0.10000000149011612,-0.000667967219436183
347,-0.0021884082816541195,0.0,0.2298668771982193,0.29138168692588806,0.0,0.10000000149011612,0.0,0.10000000149011612,0.0,0.10000000149011612,0.0,0.10000000149011612,0.10000000149011612,0.0,0.0,0.0,0.10000000149011612,0.0,0.10000000149011612,0.10000000149011612,0.0,0.0,0.0,0.10000000149011612,0.10000000149011612,-0.0011924631296015287
348,-0.00035057595232501626,0.0,0.2294357270002365,0.2897343933582306,0.0,0.10000000149011612,0.0,0.10000000149011612,0.0,0.10000000149011612,0.0,0.10000000149011612,0.10000000149011612,0.0,0.0,0.0,0.10000000149011612,0.0,0.10000000149011612,0.10000000149011612,0.0,0.0,0.0,0.10000000149011612,0.10000000149011612,-0.0012756054885514345
349,0.007096035871654749,0.0,0.23815983533859253,0.2999057173728943,0.0,0.10000000149011612,0.0,0.10000000149011612,0.0,0.10000000149011612,0.0,0.10000000149011612,0.10000000149011612,0.0,0.0,0.0,0.10000000149011612,0.0,0.10000000149011612,0.10000000149011612,0.0,0.0,0.0,0.10000000149011612,0.10000000149011612,0.007886371075349397
350,0.0013399295276030898,0.0,0.23981888592243195,0.30286431312561035,0.0,0.10000000149011612,0.0,0.10000000149011612,0.0,0.10000000149011612,0.0,0.10000000149011612,0.10000000149011612,0.0,0.0,0.0,0.10000000149011612,0.0,0.10000000149011612,0.10000000149011612,0.0,0.0,0.0,0.10000000149011612,0.10000000149011612,0.002276007954404191
351,-2.2023526980774477e-05,0.0,0.23979158699512482,0.2923850417137146,0.0,0.10000000149011612,0.0,0.10000000149011612,0.0,0.10000000149011612,0.0,0.10000000149011612,0.10000000149011612,0.0,0.0,0.0,0.10000000149011612,0.0,0.10000000149011612,0.10000000149011612,0.0,0.0,0.0,0.10000000149011612,0.10000000149011612,-0.00804325615977286
352,0.0007253161747939885,0.0,0.24069082736968994,0.3116603195667267,0.0,0.10000000149011612,0.0,0.10000000149011612,0.0,0.10000000149011612,0.0,0.10000000149011612,0.10000000149011612,0.0,0.0,0.0,0.10000000149011612,0.0,0.10000000149011612,0.10000000149011612,0.0,0.0,0.0,0.10000000149011612,0.10000000149011612,0.014914500888568716
353,0.0012151382397860289,0.0,0.24219843745231628,0.3144167959690094,0.0,0.10000000149011612,0.0,0.10000000149011612,0.0,0.10000000149011612,0.0,0.10000000149011612,0.10000000149011612,0.0,0.0,0.0,0.10000000149011612,0.0,0.10000000149011612,0.10000000149011612,0.0,0.0,0.0,0.10000000149011612,0.10000000149011612,0.0021015169561531266
354,0.004508283920586109,0.0,0.2477986216545105,0.31268617510795593,0.0,0.10000000149011612,0.0,0.10000000149011612,0.0,0.10000000149011612,0.0,0.10000000149011612,0.10000000149011612,0.0,0.0,0.0,0.10000000149011612,0.0,0.10000000149011612,0.10000000149011612,0.0,0.0,0.0,0.10000000149011612,0.10000000149011612,-0.0013166454250743698
355,-0.0052584027871489525,0.0,0.24123719334602356,0.29889115691185,0.0,0.10000000149011612,0.0,0.10000000149011612,0.0,0.10000000149011612,0.0,0.10000000149011612,0.10000000149011612,0.0,0.0,0.0,0.10000000149011612,0.0,0.10000000149011612,0.10000000149011612,0.0,0.0,0.0,0.10000000149011612,0.10000000149011612,-0.01050899937677141
356,0.003987223841249943,0.0,0.2461862862110138,0.30187734961509705,0.0,0.10000000149011612,0.0,0.10000000149011612,0.0,0.10000000149011612,0.0,0.10000000149011612,0.10000000149011612,0.0,0.0,0.0,0.10000000149011612,0.0,0.10000000149011612,0.10000000149011612,0.0,0.0,0.0,0.10000000149011612,0.10000000149011612,0.002299032284080571
357,0.0042391614988446236,0.0,0.25146907567977905,0.3153637945652008,0.0,0.10000000149011612,0.0,0.10000000149011612,0.0,0.10000000149011612,0.0,0.10000000149011612,0.10000000149011612,0.0,0.0,0.0,0.10000000149011612,0.0,0.10000000149011612,0.10000000149011612,0.0,0.0,0.0,0.10000000149011612,0.10000000149011612,0.010359228504967177
358,0.004580938722938299,0.0,0.2572019696235657,0.3194698095321655,0.0,0.10000000149011612,0.0,0.10000000149011612,0.0,0.10000000149011612,0.0,0.10000000149011612,0.10000000149011612,0.0,0.0,0.0,0.10000000149011612,0.0,0.10000000149011612,0.10000000149011612,0.0,0.0,0.0,0.10000000149011612,0.10000000149011612,0.003121581256782191
359,0.007657058071345091,0.0,0.2668284475803375,0.3297477066516876,0.0,0.10000000149011612,0.0,0.10000000149011612,0.0,0.10000000149011612,0.0,0.10000000149011612,0.10000000149011612,0.0,0.0,0.0,0.10000000149011612,0.0,0.10000000149011612,0.10000000149011612,0.0,0.0,0.0,0.10000000149011612,0.10000000149011612,0.0077894143884702505
360,0.0016690572956576943,0.0,0.26894286274909973,0.33020880818367004,0.0,0.10000000149011612,0.0,0.10000000149011612,0.0,0.10000000149011612,0.0,0.10000000149011612,0.10000000149011612,0.0,0.0,0.0,0.10000000149011612,0.0,0.10000000149011612,0.10000000149011612,0.0,0.0,0.0,0.10000000149011612,0.10000000149011612,0.00034675865931244054
361,0.0026418273337185383,0.0,0.27229517698287964,0.3362562656402588,0.0,0.10000000149011612,0.0,0.10000000149011612,0.0,0.10000000149011612,0.0,0.10000000149011612,0.10000000149011612,0.0,0.0,0.0,0.10000000149011612,0.0,0.10000000149011612,0.10000000149011612,0.0,0.0,0.0,0.10000000149011612,0.10000000149011612,0.004546246739146387
362,0.012875674292445183,0.0,0.28867682814598083,0.351452499628067,0.0,0.10000000149011612,0.0,0.10000000149011612,0.0,0.10000000149011612,0.0,0.10000000149011612,0.10000000149011612,0.0,0.0,0.0,0.10000000149011612,0.0,0.10000000149011612,0.10000000149011612,0.0,0.0,0.0,0.10000000149011612,0.10000000149011612,0.011372245263543856
363,-0.0012046584160998464,0.0,0.2871244251728058,0.35137712955474854,0.0,0.10000000149011612,0.0,0.10000000149011612,0.0,0.10000000149011612,0.0,0.10000000149011612,0.10000000149011612,0.0,0.0,0.0,0.10000000149011612,0.0,0.10000000149011612,0.10000000149011612,0.0,0.0,0.0,0.10000000149011612,0.10000000149011612,-5.576967991050008e-05
364,-0.004026006907224655,0.0,0.2819424569606781,0.34876561164855957,0.0,0.10000000149011612,0.0,0.10000000149011612,0.0,0.10000000149011612,0.0,0.10000000149011612,0.10000000149011612,0.0,0.0,0.0,0.10000000149011612,0.0,0.10000000149011612,0.10000000149011612,0.0,0.0,0.0,0.10000000149011612,0.10000000149011612,-0.0019324863867197228
365,0.006682653911411762,0.0,0.2905092239379883,0.3556375801563263,0.0,0.10000000149011612,0.0,0.10000000149011612,0.0,0.10000000149011612,0.0,0.10000000149011612,0.10000000149011612,0.0,0.0,0.0,0.10000000149011612,0.0,0.10000000149011612,0.10000000149011612,0.0,0.0,0.0,0.10000000149011612,0.10000000149011612,0.005095005721095891
366,0.01709671877324581,0.0,0.3125726878643036,0.369661808013916,0.0,0.10000000149011612,0.0,0.10000000149011612,0.0,0.10000000149011612,0.0,0.10000000149011612,0.10000000149011612,0.0,0.0,0.0,0.10000000149011612,0.0,0.10000000149011612,0.10000000149011612,0.0,0.0,0.0,0.10000000149011612,0.10000000149011612,0.010345115879697442
367,0.0015933610266074538,0.0,0.3146640956401825,0.36991360783576965,0.0,0.10000000149011612,0.0,0.10000000149011612,0.0,0.10000000149011612,0.0,0.10000000149011612,0.10000000149011612,0.0,0.0,0.0,0.10000000149011612,0.0,0.10000000149011612,0.10000000149011612,0.0,0.0,0.0,0.10000000149011612,0.10000000149011612,0.000183840872528096
368,0.0017218923894688487,0.0,0.31692782044410706,0.37270474433898926,0.0,0.10000000149011612,0.0,0.10000000149011612,0.0,0.10000000149011612,0.0,0.10000000149011612,0.10000000149011612,0.0,0.0,0.0,0.10000000149011612,0.0,0.10000000149011612,0.10000000149011612,0.0,0.0,0.0,0.10000000149011612,0.10000000149011612,0.002037454396579985
369,0.0010172028560191393,0.0,0.3182674050331116,0.36996087431907654,0.0,0.10000000149011612,0.0,0.10000000149011612,0.0,0.10000000149011612,0.0,0.10000000149011612,0.10000000149011612,0.0,0.0,0.0,0.10000000149011612,0.0,0.10000000149011612,0.10000000149011612,0.0,0.0,0.0,0.10000000149011612,0.10000000149011612,-0.001998878514282376
370,0.002278807805851102,0.0,0.32127147912979126,0.37159463763237,0.0,0.10000000149011612,0.0,0.10000000149011612,0.0,0.10000000149011612,0.0,0.10000000149011612,0.10000000149011612,0.0,0.0,0.0,0.10000000149011612,0.0,0.10000000149011612,0.10000000149011612,0.0,0.0,0.0,0.10000000149011612,0.10000000149011612,0.0011925620241566293
371,-0.004792959429323673,0.0,0.31493866443634033,0.36715614795684814,0.0,0.10000000149011612,0.0,0.10000000149011612,0.0,0.10000000149011612,0.0,0.10000000149011612,0.10000000149011612,0.0,0.0,0.0,0.10000000149011612,0.0,0.10000000149011612,0.10000000149011612,0.0,0.0,0.0,0.10000000149011612,0.10000000149011612,-0.0032360068738556125
372,-0.007719730492681265,0.0,0.30478769540786743,0.3562849462032318,0.0,0.10000000149011612,0.0,0.10000000149011612,0.0,0.10000000149011612,0.0,0.10000000149011612,0.10000000149011612,0.0,0.0,0.0,0.10000000149011612,0.0,0.10000000149011612,0.10000000149011612,0.0,0.0,0.0,0.10000000149011612,0.10000000149011612,-0.007951689914764248
373,0.0034622338134795427,0.0,0.30930519104003906,0.3571021556854248,0.0,0.10000000149011612,0.0,0.10000000149011612,0.0,0.10000000149011612,0.0,0.10000000149011612,0.10000000149011612,0.0,0.0,0.0,0.10000000149011612,0.0,0.10000000149011612,0.10000000149011612,0.0,0.0,0.0,0.10000000149011612,0.10000000149011612,0.0006025352448839616
374,-0.0056526269763708115,0.0,0.30190417170524597,0.34668421745300293,0.0,0.10000000149011612,0.0,0.10000000149011612,0.0,0.10000000149011612,0.0,0.10000000149011612,0.10000000149011612,0.0,0.0,0.0,0.10000000149011612,0.0,0.10000000149011612,0.10000000149011612,0.0,0.0,0.0,0.10000000149011612,0.10000000149011612,-0.0076766057652897235
375,0.0008375826291739941,0.0,0.30299460887908936,0.3441672921180725,0.0,0.10000000149011612,0.0,0.10000000149011612,0.0,0.10000000149011612,0.0,0.10000000149011612,0.10000000149011612,0.0,0.0,0.0,0.10000000149011612,0.0,0.10000000149011612,0.10000000149011612,0.0,0.0,0.0,0.10000000149011612,0.10000000149011612,-0.0018689796036154283
376,0.007661762181669474,0.0,0.3129778504371643,0.34930652379989624,0.0,0.10000000149011612,0.0,0.10000000149011612,0.0,0.10000000149011612,0.0,0.10000000149011612,0.10000000149011612,0.0,0.0,0.0,0.10000000149011612,0.0,0.10000000149011612,0.10000000149011612,0.0,0.0,0.0,0.10000000149011612,0.10000000149011612,0.0038233571907002606
377,0.009087628684937954,0.0,0.3249097168445587,0.36174431443214417,0.0,0.10000000149011612,0.0,0.10000000149011612,0.0,0.10000000149011612,0.0,0.10000000149011612,0.10000000149011612,0.0,0.0,0.0,0.10000000149011612,0.0,0.10000000149011612,0.10000000149011612,0.0,0.0,0.0,0.10000000149011612,0.10000000149011612,0.00921791335983535
378,-0.003266843967139721,0.0,0.32058143615722656,0.3527814745903015,0.0,0.10000000149011612,0.0,0.10000000149011612,0.0,0.10000000149011612,0.0,0.10000000149011612,0.10000000149011612,0.0,0.0,0.0,0.10000000149011612,0.0,0.10000000149011612,0.10000000149011612,0.0,0.0,0.0,0.10000000149011612,0.10000000149011612,-0.006581881596164574
379,0.0031015321146696806,0.0,0.3246772587299347,0.36021870374679565,0.0,0.10000000149011612,0.0,0.10000000149011612,0.0,0.10000000149011612,0.0,0.10000000149011612,0.10000000149011612,0.0,0.0,0.0,0.10000000149011612,0.0,0.10000000149011612,0.10000000149011612,0.0,0.0,0.0,0.10000000149011612,0.10000000149011612,0.005497731375088799
380,0.0013021753402426839,0.0,0.3264022171497345,0.3616815507411957,0.0,0.10000000149011612,0.0,0.10000000149011612,0.0,0.10000000149011612,0.0,0.10000000149011612,0.10000000149011612,0.0,0.0,0.0,0.10000000149011612,0.0,0.10000000149011612,0.10000000149011612,0.0,0.0,0.0,0.10000000149011612,0.10000000149011612,0.0010754498452127947
381,0.00041816418524831533,0.0,0.3269568681716919,0.3633666932582855,0.0,0.10000000149011612,0.0,0.10000000149011612,0.0,0.10000000149011612,0.0,0.10000000149011612,0.10000000149011612,0.0,0.0,0.0,0.10000000149011612,0.0,0.10000000149011612,0.10000000149011612,0.0,0.0,0.0,0.10000000149011612,0.10000000149011612,0.001237545236749904
382,-0.0013352696551010013,0.0,0.32518503069877625,0.3618859648704529,0.0,0.10000000149011612,0.0,0.10000000149011612,0.0,0.10000000149011612,0.0,0.10000000149011612,0.10000000149011612,0.0,0.0,0.0,0.10000000149011612,0.0,0.10000000149011612,0.10000000149011612,0.0,0.0,0.0,0.10000000149011612,0.10000000149011612,-0.0010860822661685754
383,0.0030593331903219223,0.0,0.32923921942710876,0.3622509241104126,0.0,0.10000000149011612,0.0,0.10000000149011612,0.0,0.10000000149011612,0.0,0.10000000149011612,0.10000000149011612,0.0,0.0,0.0,0.10000000149011612,0.0,0.10000000149011612,0.10000000149011612,0.0,0.0,0.0,0.10000000149011612,0.10000000149011612,0.0002679807629815123
384,0.0025985045358538628,0.0,0.3326932489871979,0.3756406009197235,0.0,0.10000000149011612,0.0,0.10000000149011612,0.0,0.10000000149011612,0.0,0.10000000149011612,0.10000000149011612,0.0,0.0,0.0,0.10000000149011612,0.0,0.10000000149011612,0.10000000149011612,0.0,0.0,0.0,0.10000000149011612,0.10000000149011612,0.009829082566455094
385,-0.011488772928714752,0.0,0.31738224625587463,0.3612889051437378,0.0,0.10000000149011612,0.0,0.10000000149011612,0.0,0.10000000149011612,0.0,0.10000000149011612,0.10000000149011612,0.0,0.0,0.0,0.10000000149011612,0.0,0.10000000149011612,0.10000000149011612,0.0,0.0,0.0,0.10000000149011612,0.10000000149011612,-0.010432736403963694
386,0.0028446016367524862,0.0,0.3211296498775482,0.35948294401168823,0.0,0.10000000149011612,0.0,0.10000000149011612,0.0,0.10000000149011612,0.0,0.10000000149011612,0.10000000149011612,0.0,0.0,0.0,0.10000000149011612,0.0,0.10000000149011612,0.10000000149011612,0.0,0.0,0.0,0.10000000149011612,0.10000000149011612,-0.001326655293542478
387,-0.0005369539139792323,0.0,0.3204202651977539,0.35888364911079407,0.0,0.10000000149011612,0.0,0.10000000149011612,0.0,0.10000000149011612,0.0,0.10000000149011612,0.10000000149011612,0.0,0.0,0.0,0.10000000149011612,0.0,0.10000000149011612,0.10000000149011612,0.0,0.0,0.0,0.10000000149011612,0.10000000149011612,-0.00044082561207103854
388,-0.002267266158014536,5.999999848427251e-05,0.31742653250694275,0.364046186208725,0.0,0.10000000149011612,0.0,0.10000000149011612,0.0,0.0,0.10000000149011612,0.10000000149011612,0.10000000149011612,0.0,0.0,0.0,0.10000000149011612,0.0,0.10000000149011612,0.10000000149011612,0.0,0.0,0.0,0.10000000149011612,0.10000000149011612,0.003799101638546576
389,0.006623049266636372,0.0,0.32615190744400024,0.36619797348976135,0.0,0.10000000149011612,0.0,0.10000000149011612,0.0,0.0,0.10000000149011612,0.10000000149011612,0.10000000149011612,0.0,0.0,0.0,0.10000000149011612,0.0,0.10000000149011612,0.10000000149011612,0.0,0.0,0.0,0.10000000149011612,0.10000000149011612,0.0015775032420397572
390,0.009396353736519814,0.0,0.3386129140853882,0.3779405951499939,0.0,0.10000000149011612,0.0,0.10000000149011612,0.0,0.0,0.10000000149011612,0.10000000149011612,0.10000000149011612,0.0,0.0,0.0,0.10000000149011612,0.0,0.10000000149011612,0.10000000149011612,0.0,0.0,0.0,0.10000000149011612,0.10000000149011612,0.008595109850908056
391,-0.0017919896636158228,0.0,0.3362141251564026,0.3772348165512085,0.0,0.10000000149011612,0.0,0.10000000149011612,0.0,0.0,0.10000000149011612,0.10000000149011612,0.10000000149011612,0.0,0.0,0.0,0.10000000149011612,0.0,0.10000000149011612,0.10000000149011612,0.0,0.0,0.0,0.10000000149011612,0.10000000149011612,-0.0005121981319583524
392,0.005978346336632967,0.0,0.3442024886608124,0.38019829988479614,0.0,0.10000000149011612,0.0,0.10000000149011612,0.0,0.0,0.10000000149011612,0.10000000149011612,0.10000000149011612,0.0,0.0,0.0,0.10000000149011612,0.0,0.10000000149011612,0.10000000149011612,0.0,0.0,0.0,0.10000000149011612,0.10000000149011612,0.0021517632998915293
393,-0.006035848055034876,0.0,0.3360890746116638,0.375296950340271,0.0,0.10000000149011612,0.0,0.10000000149011612,0.0,0.0,0.10000000149011612,0.10000000149011612,0.10000000149011612,0.0,0.0,0.0,0.10000000149011612,0.0,0.10000000149011612,0.10000000149011612,0.0,0.0,0.0,0.10000000149011612,0.10000000149011612,-0.0035511922779025706
394,0.005508156958967447,0.0,0.3434484601020813,0.38336044549942017,0.0,0.10000000149011612,0.0,0.10000000149011612,0.0,0.0,0.10000000149011612,0.10000000149011612,0.10000000149011612,0.0,0.0,0.0,0.10000000149011612,0.0,0.10000000149011612,0.10000000149011612,0.0,0.0,0.0,0.10000000149011612,0.10000000149011612,0.005863093899215022
395,0.0017524620052427053,0.0,0.34580281376838684,0.3880113661289215,0.0,0.10000000149011612,0.0,0.10000000149011612,0.0,0.0,0.10000000149011612,0.10000000149011612,0.10000000149011612,0.0,0.0,0.0,0.10000000149011612,0.0,0.10000000149011612,0.10000000149011612,0.0,0.0,0.0,0.10000000149011612,0.10000000149011612,0.0033620454051817017
396,-0.004341322463005781,0.0,0.3399602472782135,0.38470789790153503,0.0,0.10000000149011612,0.0,0.10000000149011612,0.0,0.0,0.10000000149011612,0.10000000149011612,0.10000000149011612,0.0,0.0,0.0,0.10000000149011612,0.0,0.10000000149011612,0.10000000149011612,0.0,0.0,0.0,0.10000000149011612,0.10000000149011612,-0.0023800008472550926
397,-0.004981669131666422,0.0,0.33328500390052795,0.3792670965194702,0.0,0.10000000149011612,0.0,0.10000000149011612,0.0,0.0,0.10000000149011612,0.10000000149011612,0.10000000149011612,0.0,0.0,0.0,0.10000000149011612,0.0,0.10000000149011612,0.10000000149011612,0.0,0.0,0.0,0.10000000149011612,0.10000000149011612,-0.003929205134389768
398,0.002260440494865179,0.0,0.3362988233566284,0.3890860378742218,0.0,0.10000000149011612,0.0,0.10000000149011612,0.0,0.0,0.10000000149011612,0.10000000149011612,0.10000000149011612,0.0,0.0,0.0,0.10000000149011612,0.0,0.10000000149011612,0.10000000149011612,0.0,0.0,0.0,0.10000000149011612,0.10000000149011612,0.007118955697217322
399,0.003797468962147832,0.0,0.34137335419654846,0.39229270815849304,0.0,0.10000000149011612,0.0,0.10000000149011612,0.0,0.0,0.10000000149011612,0.10000000149011612,0.10000000149011612,0.0,0.0,0.0,0.10000000149011612,0.0,0.10000000149011612,0.10000000149011612,0.0,0.0,0.0,0.10000000149011612,0.10000000149011612,0.002308474922963377
400,0.0024854496587067842,0.0,0.34470728039741516,0.40009212493896484,0.0,0.10000000149011612,0.0,0.10000000149011612,0.0,0.0,0.10000000149011612,0.10000000149011612,0.10000000149011612,0.0,0.0,0.0,0.10000000149011612,0.0,0.10000000149011612,0.10000000149011612,0.0,0.0,0.0,0.10000000149011612,0.10000000149011612,0.005601851345460096
401,-0.001077872235327959,0.0,0.343257874250412,0.3972564935684204,0.0,0.10000000149011612,0.0,0.10000000149011612,0.0,0.0,0.10000000149011612,0.10000000149011612,0.10000000149011612,0.0,0.0,0.0,0.10000000149011612,0.0,0.10000000149011612,0.10000000149011612,0.0,0.0,0.0,0.10000000149011612,0.10000000149011612,-0.002025317705910301
402,0.001625366392545402,0.0,0.34544113278388977,0.3959485590457916,0.0,0.10000000149011612,0.0,0.10000000149011612,0.0,0.0,0.10000000149011612,0.10000000149011612,0.10000000149011612,0.0,0.0,0.0,0.10000000149011612,0.0,0.10000000149011612,0.10000000149011612,0.0,0.0,0.0,0.10000000149011612,0.10000000149011612,-0.0009360733184273773
403,0.007823345251381397,0.0,0.3559669852256775,0.4060567021369934,0.0,0.10000000149011612,0.0,0.10000000149011612,0.0,0.0,0.10000000149011612,0.10000000149011612,0.10000000149011612,0.0,0.0,0.0,0.10000000149011612,0.0,0.10000000149011612,0.10000000149011612,0.0,0.0,0.0,0.10000000149011612,0.10000000149011612,0.007241057004357954
404,0.00876067765057087,5.999999848427251e-05,0.36784619092941284,0.40846118330955505,0.0,0.10000000149011612,0.0,0.10000000149011612,0.0,0.0,0.10000000149011612,0.10000000149011612,0.10000000149011612,0.0,0.0,0.10000000149011612,0.10000000149011612,0.0,0.0,0.10000000149011612,0.0,0.0,0.0,0.10000000149011612,0.10000000149011612,0.0017100883406104828
405,0.00466890400275588,0.0,0.37423253059387207,0.4172176420688629,0.0,0.10000000149011612,0.0,0.10000000149011612,0.0,0.0,0.10000000149011612,0.10000000149011612,0.10000000149011612,0.0,0.0,0.10000000149011612,0.10000000149011612,0.0,0.0,0.10000000149011612,0.0,0.0,0.0,0.10000000149011612,0.10000000149011612,0.006217039463403795
406,0.002060860861092806,0.0,0.37706464529037476,0.42325758934020996,0.0,0.10000000149011612,0.0,0.10000000149011612,0.0,0.0,0.10000000149011612,0.10000000149011612,0.10000000149011612,0.0,0.0,0.10000000149011612,0.10000000149011612,0.0,0.0,0.10000000149011612,0.0,0.0,0.0,0.10000000149011612,0.10000000149011612,0.004261834662550479
407,0.004857523366808891,0.0,0.3837537467479706,0.4286918044090271,0.0,0.10000000149011612,0.0,0.10000000149011612,0.0,0.0,0.10000000149011612,0.10000000149011612,0.10000000149011612,0.0,0.0,0.10000000149011612,0.10000000149011612,0.0,0.0,0.10000000149011612,0.0,0.0,0.0,0.10000000149011612,0.10000000149011612,0.003818152883580561
408,0.00474955327808857,0.0,0.39032596349716187,0.4329510033130646,0.0,0.10000000149011612,0.0,0.10000000149011612,0.0,0.0,0.10000000149011612,0.10000000149011612,0.10000000149011612,0.0,0.0,0.10000000149011612,0.10000000149011612,0.0,0.0,0.10000000149011612,0.0,0.0,0.0,0.10000000149011612,0.10000000149011612,0.0029811880287220482
409,-0.006180007476359606,0.0,0.3817337453365326,0.41982507705688477,0.0,0.10000000149011612,0.0,0.10000000149011612,0.0,0.0,0.10000000149011612,0.10000000149011612,0.10000000149011612,0.0,0.0,0.10000000149011612,0.10000000149011612,0.0,0.0,0.10000000149011612,0.0,0.0,0.0,0.10000000149011612,0.10000000149011612,-0.009160066342695505
410,-0.009714785031974316,0.0,0.36831051111221313,0.4159884452819824,0.0,0.10000000149011612,0.0,0.10000000149011612,0.0,0.0,0.10000000149011612,0.10000000149011612,0.10000000149011612,0.0,0.0,0.10000000149011612,0.10000000149011612,0.0,0.0,0.10000000149011612,0.0,0.0,0.0,0.10000000149011612,0.10000000149011612,-0.0027021862318808987
411,-0.0006686716806143522,0.0,0.3673955500125885,0.41422125697135925,0.0,0.10000000149011612,0.0,0.10000000149011612,0.0,0.0,0.10000000149011612,0.10000000149011612,0.10000000149011612,0.0,0.0,0.10000000149011612,0.10000000149011612,0.0,0.0,0.10000000149011612,0.0,0.0,0.0,0.10000000149011612,0.10000000149011612,-0.001248024527679803
412,-0.0026953176129609346,0.0,0.3637099862098694,0.40341487526893616,0.0,0.10000000149011612,0.0,0.10000000149011612,0.0,0.0,0.10000000149011612,0.10000000149011612,0.10000000149011612,0.0,0.0,0.10000000149011612,0.10000000149011612,0.0,0.0,0.10000000149011612,0.0,0.0,0.0,0.10000000149011612,0.10000000149011612,-0.007641224206716868
413,-0.0038315081037580967,0.0,0.3584849238395691,0.39626505970954895,0.0,0.10000000149011612,0.0,0.10000000149011612,0.0,0.0,0.10000000149011612,0.10000000149011612,0.10000000149011612,0.0,0.0,0.10000000149011612,0.10000000149011612,0.0,0.0,0.10000000149011612,0.0,0.0,0.0,0.10000000149011612,0.10000000149011612,-0.005094584420745174
414,-0.0007353929104283452,0.0,0.35748589038848877,0.39187300205230713,0.0,0.10000000149011612,0.0,0.10000000149011612,0.0,0.0,0.10000000149011612,0.10000000149011612,0.10000000149011612,0.0,0.0,0.10000000149011612,0.10000000149011612,0.0,0.0,0.10000000149011612,0.0,0.0,0.0,0.10000000149011612,0.10000000149011612,-0.00314557585373898
415,0.005288002546876669,0.0,0.3646642863750458,0.4038216173648834,0.0,0.10000000149011612,0.0,0.10000000149011612,0.0,0.0,0.10000000149011612,0.10000000149011612,0.10000000149011612,0.0,0.0,0.10000000149011612,0.10000000149011612,0.0,0.0,0.10000000149011612,0.0,0.0,0.0,0.10000000149011612,0.10000000149011612,0.00858455857320184
416,-0.004214826039969921,0.0,0.35891246795654297,0.402051717042923,0.0,0.10000000149011612,0.0,0.10000000149011612,0.0,0.0,0.10000000149011612,0.10000000149011612,0.10000000149011612,0.0,0.0,0.10000000149011612,0.10000000149011612,0.0,0.0,0.10000000149011612,0.0,0.0,0.0,0.10000000149011612,0.10000000149011612,-0.0012607729501150633
417,0.0069848308339715,0.0,0.36840423941612244,0.40972015261650085,0.0,0.10000000149011612,0.0,0.10000000149011612,0.0,0.0,0.10000000149011612,0.10000000149011612,0.10000000149011612,0.0,0.0,0.10000000149011612,0.10000000149011612,0.0,0.0,0.10000000149011612,0.0,0.0,0.0,0.10000000149011612,0.10000000149011612,0.005469438452492703
418,0.004204258788377047,0.0,0.3741573691368103,0.41708090901374817,0.0,0.10000000149011612,0.0,0.10000000149011612,0.0,0.0,0.10000000149011612,0.10000000149011612,0.10000000149011612,0.0,0.0,0.10000000149011612,0.10000000149011612,0.0,0.0,0.10000000149011612,0.0,0.0,0.0,0.10000000149011612,0.10000000149011612,0.005221430922715653
419,-0.005860638804733753,0.0,0.3661039173603058,0.39457693696022034,0.0,0.10000000149011612,0.0,0.10000000149011612,0.0,0.0,0.10000000149011612,0.10000000149011612,0.10000000149011612,0.0,0.0,0.10000000149011612,0.10000000149011612,0.0,0.0,0.10000000149011612,0.0,0.0,0.0,0.10000000149011612,0.10000000149011612,-0.0158805131805706
420,-0.019067848101258278,0.0,0.3400552570819855,0.35222432017326355,0.0,0.10000000149011612,0.0,0.10000000149011612,0.0,0.0,0.10000000149011612,0.10000000149011612,0.10000000149011612,0.0,0.0,0.10000000149011612,0.10000000149011612,0.0,0.0,0.10000000149011612,0.0,0.0,0.0,0.10000000149011612,0.10000000149011612,-0.03036950896325119
421,-0.0032934825867414474,0.0,0.3356418013572693,0.35597431659698486,0.0,0.10000000149011612,0.0,0.10000000149011612,0.0,0.0,0.10000000149011612,0.10000000149011612,0.10000000149011612,0.0,0.0,0.10000000149011612,0.10000000149011612,0.0,0.0,0.10000000149011612,0.0,0.0,0.0,0.10000000149011612,0.10000000149011612,0.0027732058710796537
422,0.005269667133688927,0.0,0.3426801860332489,0.3749080300331116,0.0,0.10000000149011612,0.0,0.10000000149011612,0.0,0.0,0.10000000149011612,0.10000000149011612,0.10000000149011612,0.0,0.0,0.10000000149011612,0.10000000149011612,0.0,0.0,0.10000000149011612,0.0,0.0,0.0,0.10000000149011612,0.10000000149011612,0.013963179983853768
423,0.009884542785584927,0.0,0.3559519648551941,0.37835603952407837,0.0,0.10000000149011612,0.0,0.10000000149011612,0.0,0.0,0.10000000149011612,0.10000000149011612,0.10000000149011612,0.0,0.0,0.10000000149011612,0.10000000149011612,0.0,0.0,0.10000000149011612,0.0,0.0,0.0,0.10000000149011612,0.10000000149011612,0.002507811006736027
424,0.007054237183183432,0.0,0.36551716923713684,0.387649804353714,0.0,0.10000000149011612,0.0,0.10000000149011612,0.0,0.0,0.10000000149011612,0.10000000149011612,0.10000000149011612,0.0,0.0,0.10000000149011612,0.10000000149011612,0.0,0.0,0.10000000149011612,0.0,0.0,0.0,0.10000000149011612,0.10000000149011612,0.006742644544035725
425,0.008182373829185963,0.0,0.3766903579235077,0.3995646834373474,0.0,0.10000000149011612,0.0,0.10000000149011612,0.0,0.0,0.10000000149011612,0.10000000149011612,0.10000000149011612,0.0,0.0,0.10000000149011612,0.10000000149011612,0.0,0.0,0.10000000149011612,0.0,0.0,0.0,0.10000000149011612,0.10000000149011612,0.00858637319462785
426,-0.0015790540492162108,0.0,0.37451648712158203,0.4017910361289978,0.0,0.10000000149011612,0.0,0.10000000149011612,0.0,0.0,0.10000000149011612,0.10000000149011612,0.10000000149011612,0.0,0.0,0.10000000149011612,0.10000000149011612,0.0,0.0,0.10000000149011612,0.0,0.0,0.0,0.10000000149011612,0.10000000149011612,0.0015907465499789275
427,-0.0007561518577858806,0.0,0.37347713112831116,0.40489545464515686,0.0,0.10000000149011612,0.0,0.10000000149011612,0.0,0.0,0.10000000149011612,0.10000000149011612,0.10000000149011612,0.0,0.0,0.10000000149011612,0.10000000149011612,0.0,0.0,0.10000000149011612,0.0,0.0,0.0,0.10000000149011612,0.10000000149011612,0.0022146086229313244
428,0.01685389317572117,0.0,0.3966255784034729,0.42415493726730347,0.0,0.10000000149011612,0.0,0.10000000149011612,0.0,0.0,0.10000000149011612,0.10000000149011612,0.10000000149011612,0.0,0.0,0.10000000149011612,0.10000000149011612,0.0,0.0,0.10000000149011612,0.0,0.0,0.0,0.10000000149011612,0.10000000149011612,0.013708836880685249
429,-0.0028628914151340723,0.0,0.39262717962265015,0.42474600672721863,0.0,0.10000000149011612,0.0,0.10000000149011612,0.0,0.0,0.10000000149011612,0.10000000149011612,0.10000000149011612,0.0,0.0,0.10000000149011612,0.10000000149011612,0.0,0.0,0.10000000149011612,0.0,0.0,0.0,0.10000000149011612,0.10000000149011612,0.0004150317106994539
430,0.003984086215496063,0.0,0.39817553758621216,0.43036961555480957,0.0,0.10000000149011612,0.0,0.10000000149011612,0.0,0.0,0.10000000149011612,0.10000000149011612,0.10000000149011612,0.0,0.0,0.10000000149011612,0.10000000149011612,0.0,0.0,0.10000000149011612,0.0,0.0,0.0,0.10000000149011612,0.10000000149011612,0.003947095693574765
431,0.004696295130997896,0.0,0.4047417938709259,0.4366113841533661,0.0,0.10000000149011612,0.0,0.10000000149011612,0.0,0.0,0.10000000149011612,0.10000000149011612,0.10000000149011612,0.0,0.0,0.10000000149011612,0.10000000149011612,0.0,0.0,0.10000000149011612,0.0,0.0,0.0,0.10000000149011612,0.10000000149011612,0.004363745238069372
432,0.00038093337207101285,0.0,0.405276894569397,0.4388677775859833,0.0,0.10000000149011612,0.0,0.10000000149011612,0.0,0.0,0.10000000149011612,0.10000000149011612,0.10000000149011612,0.0,0.0,0.10000000149011612,0.10000000149011612,0.0,0.0,0.10000000149011612,0.0,0.0,0.0,0.10000000149011612,0.10000000149011612,0.0015706359127503067
433,-0.002574492944404483,0.0,0.4016590118408203,0.4385872781276703,0.0,0.10000000149011612,0.0,0.10000000149011612,0.0,0.0,0.10000000149011612,0.10000000149011612,0.10000000149011612,0.0,0.0,0.10000000149011612,0.10000000149011612,0.0,0.0,0.10000000149011612,0.0,0.0,0.0,0.10000000149011612,0.10000000149011612,-0.00019494456869662002
434,0.005744439084082842,0.0,0.40971076488494873,0.439197838306427,0.0,0.10000000149011612,0.0,0.10000000149011612,0.0,0.0,0.10000000149011612,0.10000000149011612,0.10000000149011612,0.0,0.0,0.10000000149011612,0.10000000149011612,0.0,0.0,0.10000000149011612,0.0,0.0,0.0,0.10000000149011612,0.10000000149011612,0.00042441650085445204
435,0.010416606441140175,0.0,0.4243951737880707,0.4502614438533783,0.0,0.10000000149011612,0.0,0.10000000149011612,0.0,0.0,0.10000000149011612,0.10000000149011612,0.10000000149011612,0.0,0.0,0.10000000149011612,0.10000000149011612,0.0,0.0,0.10000000149011612,0.0,0.0,0.0,0.10000000149011612,0.10000000149011612,0.007687341693043637
436,0.0013117858907207847,0.0,0.4262636601924896,0.45102936029434204,0.0,0.10000000149011612,0.0,0.10000000149011612,0.0,0.0,0.10000000149011612,0.10000000149011612,0.10000000149011612,0.0,0.0,0.10000000149011612,0.10000000149011612,0.0,0.0,0.10000000149011612,0.0,0.0,0.0,0.10000000149011612,0.10000000149011612,0.0005295020730353706
437,-0.0021327752619981766,0.0,0.42322176694869995,0.45197001099586487,0.0,0.10000000149011612,0.0,0.10000000149011612,0.0,0.0,0.10000000149011612,0.10000000149011612,0.10000000149011612,0.0,0.0,0.10000000149011612,0.10000000149011612,0.0,0.0,0.10000000149011612,0.0,0.0,0.0,0.10000000149011612,0.10000000149011612,0.0006482644164635953
438,0.000928238732740283,0.0,0.4245428740978241,0.45322006940841675,0.0,0.10000000149011612,0.0,0.10000000149011612,0.0,0.0,0.10000000149011612,0.10000000149011612,0.10000000149011612,0.0,0.0,0.10000000149011612,0.10000000149011612,0.0,0.0,0.10000000149011612,0.0,0.0,0.0,0.10000000149011612,0.10000000149011612,0.0008609395532175323
439,0.00023401157523039728,0.0,0.42487621307373047,0.45421451330184937,0.0,0.10000000149011612,0.0,0.10000000149011612,0.0,0.0,0.10000000149011612,0.10000000149011612,0.10000000149011612,0.0,0.0,0.10000000149011612,0.10000000149011612,0.0,0.0,0.10000000149011612,0.0,0.0,0.0,0.10000000149011612,0.10000000149011612,0.0006843037158421605
440,-0.0009358761017210782,0.0,0.42354270815849304,0.4580850601196289,0.0,0.10000000149011612,0.0,0.10000000149011612,0.0,0.0,0.10000000149011612,0.10000000149011612,0.10000000149011612,0.0,0.0,0.10000000149011612,0.10000000149011612,0.0,0.0,0.10000000149011612,0.0,0.0,0.0,0.10000000149011612,0.10000000149011612,0.0026616065115394605
441,0.0038984715938568115,0.0,0.4290923476219177,0.44974735379219055,0.0,0.10000000149011612,0.0,0.10000000149011612,0.0,0.0,0.10000000149011612,0.10000000149011612,0.10000000149011612,0.0,0.0,0.10000000149011612,0.10000000149011612,0.0,0.0,0.10000000149011612,0.0,0.0,0.0,0.10000000149011612,0.10000000149011612,-0.005718257840701235
442,0.0010395380668342113,0.0,0.43057796359062195,0.4533784091472626,0.0,0.10000000149011612,0.0,0.10000000149011612,0.0,0.0,0.10000000149011612,0.10000000149011612,0.10000000149011612,0.0,0.0,0.10000000149011612,0.10000000149011612,0.0,0.0,0.10000000149011612,0.0,0.0,0.0,0.10000000149011612,0.10000000149011612,0.0025046125075338654
443,-0.011086007580161095,0.0,0.4147185683250427,0.44312041997909546,0.0,0.10000000149011612,0.0,0.10000000149011612,0.0,0.0,0.10000000149011612,0.10000000149011612,0.10000000149011612,0.0,0.0,0.10000000149011612,0.10000000149011612,0.0,0.0,0.10000000149011612,0.0,0.0,0.0,0.10000000149011612,0.10000000149011612,-0.007058030519516034
444,-0.005314209498465061,0.0,0.4072004556655884,0.43424978852272034,0.0,0.10000000149011612,0.0,0.10000000149011612,0.0,0.0,0.10000000149011612,0.10000000149011612,0.10000000149011612,0.0,0.0,0.10000000149011612,0.10000000149011612,0.0,0.0,0.10000000149011612,0.0,0.0,0.0,0.10000000149011612,0.10000000149011612,-0.006146840785818619
445,0.006987425964325666,0.0,0.4170331656932831,0.4427637457847595,0.0,0.10000000149011612,0.0,0.10000000149011612,0.0,0.0,0.10000000149011612,0.10000000149011612,0.10000000149011612,0.0,0.0,0.10000000149011612,0.10000000149011612,0.0,0.0,0.10000000149011612,0.0,0.0,0.0,0.10000000149011612,0.10000000149011612,0.005936174667878769
446,-0.006235016509890556,0.0,0.40819793939590454,0.4366971552371979,0.0,0.10000000149011612,0.0,0.10000000149011612,0.0,0.0,0.10000000149011612,0.10000000149011612,0.10000000149011612,0.0,0.0,0.10000000149011612,0.10000000149011612,0.0,0.0,0.10000000149011612,0.0,0.0,0.0,0.10000000149011612,0.10000000149011612,-0.004204839888225731
447,0.002705527003854513,0.0,0.4120078384876251,0.44485363364219666,0.0,0.10000000149011612,0.0,0.10000000149011612,0.0,0.0,0.10000000149011612,0.10000000149011612,0.10000000149011612,0.0,0.0,0.10000000149011612,0.10000000149011612,0.0,0.0,0.10000000149011612,0.0,0.0,0.0,0.10000000149011612,0.10000000149011612,0.005677242677947669
448,0.006151960697025061,0.0,0.4206944704055786,0.45540109276771545,0.0,0.10000000149011612,0.0,0.10000000149011612,0.0,0.0,0.10000000149011612,0.10000000149011612,0.10000000149011612,0.0,0.0,0.10000000149011612,0.10000000149011612,0.0,0.0,0.10000000149011612,0.0,0.0,0.0,0.10000000149011612,0.10000000149011612,0.007300019102232991
449,0.005695533473044634,0.0,0.4287860691547394,0.4619990289211273,0.0,0.10000000149011612,0.0,0.10000000149011612,0.0,0.0,0.10000000149011612,0.10000000149011612,0.10000000149011612,0.0,0.0,0.10000000149011612,0.10000000149011612,0.0,0.0,0.10000000149011612,0.0,0.0,0.0,0.10000000149011612,0.10000000149011612,0.004533414318704798
450,0.0005335518508218229,0.0,0.4295484125614166,0.46503597497940063,0.0,0.10000000149011612,0.0,0.10000000149011612,0.0,0.0,0.10000000149011612,0.10000000149011612,0.10000000149011612,0.0,0.0,0.10000000149011612,0.10000000149011612,0.0,0.0,0.10000000149011612,0.0,0.0,0.0,0.10000000149011612,0.10000000149011612,0.0020772558655626217
451,-0.000990108004771173,0.0,0.4281330108642578,0.4641479253768921,0.0,0.10000000149011612,0.0,0.10000000149011612,0.0,0.0,0.10000000149011612,0.10000000149011612,0.10000000149011612,0.0,0.0,0.10000000149011612,0.10000000149011612,0.0,0.0,0.10000000149011612,0.0,0.0,0.0,0.10000000149011612,0.10000000149011612,-0.0006061623179738351
452,0.003442120738327503,0.0,0.433048814535141,0.4739963710308075,0.0,0.10000000149011612,0.0,0.10000000149011612,0.0,0.0,0.10000000149011612,0.10000000149011612,0.10000000149011612,0.0,0.0,0.10000000149011612,0.10000000149011612,0.0,0.0,0.10000000149011612,0.0,0.0,0.0,0.10000000149011612,0.10000000149011612,0.006726400716225545
453,-0.002968449145555496,0.0,0.42879486083984375,0.46826112270355225,0.0,0.10000000149011612,0.0,0.10000000149011612,0.0,0.0,0.10000000149011612,0.10000000149011612,0.10000000149011612,0.0,0.0,0.10000000149011612,0.10000000149011612,0.0,0.0,0.10000000149011612,0.0,0.0,0.0,0.10000000149011612,0.10000000149011612,-0.003890951456850922
454,0.007132099475711584,0.0,0.4389851689338684,0.475454181432724,0.0,0.10000000149011612,0.0,0.10000000149011612,0.0,0.0,0.10000000149011612,0.10000000149011612,0.10000000149011612,0.0,0.0,0.10000000149011612,0.10000000149011612,0.0,0.0,0.10000000149011612,0.0,0.0,0.0,0.10000000149011612,0.10000000149011612,0.0048990323437339
455,0.00641564279794693,0.0,0.4482171833515167,0.48125043511390686,0.0,0.10000000149011612,0.0,0.10000000149011612,0.0,0.0,0.10000000149011612,0.10000000149011612,0.10000000149011612,0.0,0.0,0.10000000149011612,0.10000000149011612,0.0,0.0,0.10000000149011612,0.0,0.0,0.0,0.10000000149011612,0.10000000149011612,0.003928453864663117
456,0.0020649100188165903,0.0,0.45120763778686523,0.48205235600471497,0.0,0.10000000149011612,0.0,0.10000000149011612,0.0,0.0,0.10000000149011612,0.10000000149011612,0.10000000149011612,0.0,0.0,0.10000000149011612,0.10000000149011612,0.0,0.0,0.10000000149011612,0.0,0.0,0.0,0.10000000149011612,0.10000000149011612,0.0005413810330772151
457,-0.014556371606886387,0.0,0.430083304643631,0.4732734262943268,0.0,0.10000000149011612,0.0,0.10000000149011612,0.0,0.0,0.10000000149011612,0.10000000149011612,0.10000000149011612,0.0,0.0,0.10000000149011612,0.10000000149011612,0.0,0.0,0.10000000149011612,0.0,0.0,0.0,0.10000000149011612,0.10000000149011612,-0.005923494993155476
458,0.0008711219998076558,0.0,0.4313291013240814,0.4709240198135376,0.0,0.10000000149011612,0.0,0.10000000149011612,0.0,0.0,0.10000000149011612,0.10000000149011612,0.10000000149011612,0.0,0.0,0.10000000149011612,0.10000000149011612,0.0,0.0,0.10000000149011612,0.0,0.0,0.0,0.10000000149011612,0.10000000149011612,-0.001594684624631082
459,-0.0012085469206795096,0.0,0.42959925532341003,0.46909400820732117,0.0,0.10000000149011612,0.0,0.10000000149011612,0.0,0.0,0.10000000149011612,0.10000000149011612,0.10000000149011612,0.0,0.0,0.10000000149011612,0.10000000149011612,0.0,0.0,0.10000000149011612,0.0,0.0,0.0,0.10000000149011612,0.10000000149011612,-0.0012441238171149172
460,0.006054328288882971,0.0,0.43825453519821167,0.47553494572639465,0.0,0.10000000149011612,0.0,0.10000000149011612,0.0,0.0,0.10000000149011612,0.10000000149011612,0.10000000149011612,0.0,0.0,0.10000000149011612,0.10000000149011612,0.0,0.0,0.10000000149011612,0.0,0.0,0.0,0.10000000149011612,0.10000000149011612,0.0043842922802013184
461,0.009134051389992237,0.0,0.4513916075229645,0.4803639054298401,0.0,0.10000000149011612,0.0,0.10000000149011612,0.0,0.0,0.10000000149011612,0.10000000149011612,0.10000000149011612,0.0,0.0,0.10000000149011612,0.10000000149011612,0.0,0.0,0.10000000149011612,0.0,0.0,0.0,0.10000000149011612,0.10000000149011612,0.0032726840644687893
462,-0.0018283977406099439,0.0,0.44873788952827454,0.47481799125671387,0.0,0.10000000149011612,0.0,0.10000000149011612,0.0,0.0,0.10000000149011612,0.10000000149011612,0.10000000149011612,0.0,0.0,0.10000000149011612,0.10000000149011612,0.0,0.0,0.10000000149011612,0.0,0.0,0.0,0.10000000149011612,0.10000000149011612,-0.003746318153789341
463,-0.0016188507433980703,0.0,0.44639259576797485,0.4781201183795929,0.0,0.10000000149011612,0.0,0.10000000149011612,0.0,0.0,0.10000000149011612,0.10000000149011612,0.10000000149011612,0.0,0.0,0.10000000149011612,0.10000000149011612,0.0,0.0,0.10000000149011612,0.0,0.0,0.0,0.10000000149011612,0.10000000149011612,0.002239006536708388
464,0.0015464744064956903,0.0,0.4486294090747833,0.4760071039199829,0.0,0.10000000149011612,0.0,0.10000000149011612,0.0,0.0,0.10000000149011612,0.10000000149011612,0.10000000149011612,0.0,0.0,0.10000000149011612,0.10000000149011612,0.0,0.0,0.10000000149011612,0.0,0.0,0.0,0.10000000149011612,0.10000000149011612,-0.001429528245597833
465,-0.0054991780780255795,0.0,0.4406631290912628,0.4651964604854584,0.0,0.10000000149011612,0.0,0.10000000149011612,0.0,0.0,0.10000000149011612,0.10000000149011612,0.10000000149011612,0.0,0.0,0.10000000149011612,0.10000000149011612,0.0,0.0,0.10000000149011612,0.0,0.0,0.0,0.10000000149011612,0.10000000149011612,-0.007324248918459508
466,-0.004416644107550383,0.0,0.4343002438545227,0.46145543456077576,0.0,0.10000000149011612,0.0,0.10000000149011612,0.0,0.0,0.10000000149011612,0.10000000149011612,0.10000000149011612,0.0,0.0,0.10000000149011612,0.10000000149011612,0.0,0.0,0.10000000149011612,0.0,0.0,0.0,0.10000000149011612,0.10000000149011612,-0.0025532589148100637
467,0.007677495013922453,0.0,0.4453120827674866,0.47557806968688965,0.0,0.10000000149011612,0.0,0.10000000149011612,0.0,0.0,0.10000000149011612,0.10000000149011612,0.10000000149011612,0.0,0.0,0.10000000149011612,0.10000000149011612,0.0,0.0,0.10000000149011612,0.0,0.0,0.0,0.10000000149011612,0.10000000149011612,0.00966340457063497
468,0.0008002450340427458,0.0,0.44646868109703064,0.47717610001564026,0.0,0.10000000149011612,0.0,0.10000000149011612,0.0,0.0,0.10000000149011612,0.10000000149011612,0.10000000149011612,0.0,0.0,0.10000000149011612,0.10000000149011612,0.0,0.0,0.10000000149011612,0.0,0.0,0.0,0.10000000149011612,0.10000000149011612,0.001082985957557403
469,0.003954222425818443,0.0,0.4521883428096771,0.48627084493637085,0.0,0.10000000149011612,0.0,0.10000000149011612,0.0,0.0,0.10000000149011612,0.10000000149011612,0.10000000149011612,0.0,0.0,0.10000000149011612,0.10000000149011612,0.0,0.0,0.10000000149011612,0.0,0.0,0.0,0.10000000149011612,0.10000000149011612,0.0061568454300298114
470,-0.0014035862404853106,0.0,0.4501500725746155,0.4843788743019104,0.0,0.10000000149011612,0.0,0.10000000149011612,0.0,0.0,0.10000000149011612,0.10000000149011612,0.10000000149011612,0.0,0.0,0.10000000149011612,0.10000000149011612,0.0,0.0,0.10000000149011612,0.0,0.0,0.0,0.10000000149011612,0.10000000149011612,-0.0012729649114131547
471,0.002296371152624488,0.0,0.45348015427589417,0.4822404682636261,0.0,0.10000000149011612,0.0,0.10000000149011612,0.0,0.0,0.10000000149011612,0.10000000149011612,0.10000000149011612,0.0,0.0,0.10000000149011612,0.10000000149011612,0.0,0.0,0.10000000149011612,0.0,0.0,0.0,0.10000000149011612,0.10000000149011612,-0.0014406066236222204
472,0.0026416091714054346,0.0,0.4573196768760681,0.4933406114578247,0.0,0.10000000149011612,0.0,0.10000000149011612,0.0,0.0,0.10000000149011612,0.10000000149011612,0.10000000149011612,0.0,0.0,0.10000000149011612,0.10000000149011612,0.0,0.0,0.10000000149011612,0.0,0.0,0.0,0.10000000149011612,0.10000000149011612,0.007488760043909748
473,-0.0002340225619263947,0.0,0.4569786489009857,0.4911837577819824,0.0,0.10000000149011612,0.0,0.10000000149011612,0.0,0.0,0.10000000149011612,0.10000000149011612,0.10000000149011612,0.0,0.0,0.10000000149011612,0.10000000149011612,0.0,0.0,0.10000000149011612,0.0,0.0,0.0,0.10000000149011612,0.10000000149011612,-0.0014443146187103073
474,0.0032505181152373552,0.0,0.46171456575393677,0.4942200779914856,0.0,0.10000000149011612,0.0,0.10000000149011612,0.0,0.0,0.10000000149011612,0.10000000149011612,0.10000000149011612,0.0,0.0,0.10000000149011612,0.10000000149011612,0.0,0.0,0.10000000149011612,0.0,0.0,0.0,0.10000000149011612,0.10000000149011612,0.0020361811169533617
475,-0.0069886199198663235,0.0,0.45149919390678406,0.4852225184440613,0.0,0.10000000149011612,0.0,0.10000000149011612,0.0,0.0,0.10000000149011612,0.10000000149011612,0.10000000149011612,0.0,0.0,0.10000000149011612,0.10000000149011612,0.0,0.0,0.10000000149011612,0.0,0.0,0.0,0.10000000149011612,0.10000000149011612,-0.006021575857499295
476,0.0010712058283388615,0.0,0.4530540704727173,0.4911821186542511,0.0,0.10000000149011612,0.0,0.10000000149011612,0.0,0.0,0.10000000149011612,0.10000000149011612,0.10000000149011612,0.0,0.0,0.10000000149011612,0.10000000149011612,0.0,0.0,0.10000000149011612,0.0,0.0,0.0,0.10000000149011612,0.10000000149011612,0.00401259753079497
477,0.0035013670567423105,0.0,0.4581417441368103,0.48344436287879944,0.0,0.10000000149011612,0.0,0.10000000149011612,0.0,0.0,0.10000000149011612,0.10000000149011612,0.10000000149011612,0.0,0.0,0.10000000149011612,0.10000000149011612,0.0,0.0,0.10000000149011612,0.0,0.0,0.0,0.10000000149011612,0.10000000149011612,-0.0051890078875374
478,-0.001644614152610302,0.0,0.4557436406612396,0.48466816544532776,0.0,0.10000000149011612,0.0,0.10000000149011612,0.0,0.0,0.10000000149011612,0.10000000149011612,0.10000000149011612,0.0,0.0,0.10000000149011612,0.10000000149011612,0.0,0.0,0.10000000149011612,0.0,0.0,0.0,0.10000000149011612,0.10000000149011612,0.0008249736876908553
479,-0.008456302806735039,0.0,0.4434334337711334,0.4815213084220886,0.0,0.10000000149011612,0.0,0.10000000149011612,0.0,0.0,0.10000000149011612,0.10000000149011612,0.10000000149011612,0.0,0.0,0.10000000149011612,0.10000000149011612,0.0,0.0,0.10000000149011612,0.0,0.0,0.0,0.10000000149011612,0.10000000149011612,-0.002119569272434174
480,-0.0007880774792283773,0.0,0.4422959089279175,0.47871318459510803,0.0,0.10000000149011612,0.0,0.10000000149011612,0.0,0.0,0.10000000149011612,0.10000000149011612,0.10000000149011612,0.0,0.0,0.10000000149011612,0.10000000149011612,0.0,0.0,0.10000000149011612,0.0,0.0,0.0,0.10000000149011612,0.10000000149011612,-0.0018954326279461142
481,-0.01543841976672411,0.0,0.4200291335582733,0.4744650721549988,0.0,0.10000000149011612,0.0,0.10000000149011612,0.0,0.0,0.10000000149011612,0.10000000149011612,0.10000000149011612,0.0,0.0,0.10000000149011612,0.10000000149011612,0.0,0.0,0.10000000149011612,0.0,0.0,0.0,0.10000000149011612,0.10000000149011612,-0.0028728440946933498
482,-0.0015758377267047763,0.0,0.4177913963794708,0.4634056091308594,0.0,0.10000000149011612,0.0,0.10000000149011612,0.0,0.0,0.10000000149011612,0.10000000149011612,0.10000000149011612,0.0,0.0,0.10000000149011612,0.10000000149011612,0.0,0.0,0.10000000149011612,0.0,0.0,0.0,0.10000000149011612,0.10000000149011612,-0.0075006612452171995
483,0.008311621844768524,0.0,0.42957553267478943,0.4684706926345825,0.0,0.10000000149011612,0.0,0.10000000149011612,0.0,0.0,0.10000000149011612,0.10000000149011612,0.10000000149011612,0.0,0.0,0.10000000149011612,0.10000000149011612,0.0,0.0,0.10000000149011612,0.0,0.0,0.0,0.10000000149011612,0.10000000149011612,0.0034611617395203798
484,-0.007494281977415085,0.0,0.41886189579963684,0.4613058865070343,0.0,0.10000000149011612,0.0,0.10000000149011612,0.0,0.0,0.10000000149011612,0.10000000149011612,0.10000000149011612,0.0,0.0,0.10000000149011612,0.10000000149011612,0.0,0.0,0.10000000149011612,0.0,0.0,0.0,0.10000000149011612,0.10000000149011612,-0.004879093715308591
485,0.0007027536630630493,0.0,0.41985902190208435,0.4599960446357727,0.0,0.10000000149011612,0.0,0.10000000149011612,0.0,0.0,0.10000000149011612,0.10000000149011612,0.10000000149011612,0.0,0.0,0.10000000149011612,0.10000000149011612,0.0,0.0,0.10000000149011612,0.0,0.0,0.0,0.10000000149011612,0.10000000149011612,-0.0008963502325940453
486,0.004068167880177498,0.0,0.4256352484226227,0.4890505373477936,0.0,0.10000000149011612,0.0,0.10000000149011612,0.0,0.0,0.10000000149011612,0.10000000149011612,0.10000000149011612,0.0,0.0,0.10000000149011612,0.10000000149011612,0.0,0.0,0.10000000149011612,0.0,0.0,0.0,0.10000000149011612,0.10000000149011612,0.019900391387203564
487,-0.0035376851446926594,0.0,0.420591801404953,0.496814489364624,0.0,0.10000000149011612,0.0,0.10000000149011612,0.0,0.0,0.10000000149011612,0.10000000149011612,0.10000000149011612,0.0,0.0,0.10000000149011612,0.10000000149011612,0.0,0.0,0.10000000149011612,0.0,0.0,0.0,0.10000000149011612,0.10000000149011612,0.005214028551817407
488,0.0019220098620280623,0.0,0.4233221709728241,0.499318391084671,0.0,0.10000000149011612,0.0,0.10000000149011612,0.0,0.0,0.10000000149011612,0.10000000149011612,0.10000000149011612,0.0,0.0,0.10000000149011612,0.10000000149011612,0.0,0.0,0.10000000149011612,0.0,0.0,0.0,0.10000000149011612,0.10000000149011612,0.001672820338016523
489,0.0019469766411930323,0.0,0.42609336972236633,0.504501223564148,0.0,0.10000000149011612,0.0,0.10000000149011612,0.0,0.0,0.10000000149011612,0.10000000149011612,0.10000000149011612,0.0,0.0,0.10000000149011612,0.10000000149011612,0.0,0.0,0.10000000149011612,0.0,0.0,0.0,0.10000000149011612,0.10000000149011612,0.0034567924400150662
490,-0.0037671918980777264,0.0,0.42072099447250366,0.4994439482688904,0.0,0.10000000149011612,0.0,0.10000000149011612,0.0,0.0,0.10000000149011612,0.10000000149011612,0.10000000149011612,0.0,0.0,0.10000000149011612,0.10000000149011612,0.0,0.0,0.10000000149011612,0.0,0.0,0.0,0.10000000149011612,0.10000000149011612,-0.003361429832058893
491,-0.0038361044134944677,0.0,0.41527095437049866,0.4932902157306671,0.0,0.10000000149011612,0.0,0.10000000149011612,0.0,0.0,0.10000000149011612,0.10000000149011612,0.10000000149011612,0.0,0.0,0.10000000149011612,0.10000000149011612,0.0,0.0,0.10000000149011612,0.0,0.0,0.0,0.10000000149011612,0.10000000149011612,-0.00410400971995506
492,0.0023424853570759296,0.0,0.41858619451522827,0.495144784450531,0.0,0.10000000149011612,0.0,0.10000000149011612,0.0,0.0,0.10000000149011612,0.10000000149011612,0.10000000149011612,0.0,0.0,0.10000000149011612,0.10000000149011612,0.0,0.0,0.10000000149011612,0.0,0.0,0.0,0.10000000149011612,0.10000000149011612,0.0012419345552039385
493,-0.005488665774464607,0.0,0.4108000695705414,0.4834190011024475,0.0,0.10000000149011612,0.0,0.10000000149011612,0.0,0.0,0.10000000149011612,0.10000000149011612,0.10000000149011612,0.0,0.0,0.10000000149011612,0.10000000149011612,0.0,0.0,0.10000000149011612,0.0,0.0,0.0,0.10000000149011612,0.10000000149011612,-0.007842573822971044
494,-0.0033443167340010405,0.0,0.406081885099411,0.48099711537361145,0.0,0.10000000149011612,0.0,0.10000000149011612,0.0,0.0,0.10000000149011612,0.10000000149011612,0.10000000149011612,0.0,0.0,0.10000000149011612,0.10000000149011612,0.0,0.0,0.10000000149011612,0.0,0.0,0.0,0.10000000149011612,0.10000000149011612,-0.0016326376613998717
495,0.004194167442619801,0.0,0.41197922825813293,0.47970685362815857,0.0,0.10000000149011612,0.0,0.10000000149011612,0.0,0.0,0.10000000149011612,0.10000000149011612,0.10000000149011612,0.0,0.0,0.10000000149011612,0.10000000149011612,0.0,0.0,0.10000000149011612,0.0,0.0,0.0,0.10000000149011612,0.10000000149011612,-0.0008712115182799574
496,0.0031867397483438253,0.0,0.41647884249687195,0.4885168671607971,0.0,0.10000000149011612,0.0,0.10000000149011612,0.0,0.0,0.10000000149011612,0.10000000149011612,0.10000000149011612,0.0,0.0,0.10000000149011612,0.10000000149011612,0.0,0.0,0.10000000149011612,0.0,0.0,0.0,0.10000000149011612,0.10000000149011612,0.005953891144747203
497,0.009660222567617893,0.0,0.43016234040260315,0.4963351786136627,0.0,0.10000000149011612,0.0,0.10000000149011612,0.0,0.0,0.10000000149011612,0.10000000149011612,0.10000000149011612,0.0,0.0,0.10000000149011612,0.10000000149011612,0.0,0.0,0.10000000149011612,0.0,0.0,0.0,0.10000000149011612,0.10000000149011612,0.005252417104132823
498,0.007973161526024342,0.0,0.44156527519226074,0.5012752413749695,0.0,0.10000000149011612,0.0,0.10000000149011612,0.0,0.0,0.10000000149011612,0.10000000149011612,0.10000000149011612,0.0,0.0,0.10000000149011612,0.10000000149011612,0.0,0.0,0.10000000149011612,0.0,0.0,0.0,0.10000000149011612,0.10000000149011612,0.003301441302665742
499,0.003341348608955741,0.0,0.4463820457458496,0.5124588012695312,0.0,0.10000000149011612,0.0,0.10000000149011612,0.0,0.0,0.10000000149011612,0.10000000149011612,0.10000000149011612,0.0,0.0,0.10000000149011612,0.10000000149011612,0.0,0.0,0.10000000149011612,0.0,0.0,0.0,0.10000000149011612,0.10000000149011612,0.007449373430230555
500,0.0017646574415266514,0.0,0.448934406042099,0.5192690491676331,0.0,0.10000000149011612,0.0,0.10000000149011612,0.0,0.0,0.10000000149011612,0.10000000149011612,0.10000000149011612,0.0,0.0,0.10000000149011612,0.10000000149011612,0.0,0.0,0.10000000149011612,0.0,0.0,0.0,0.10000000149011612,0.10000000149011612,0.004502765888489302
501,0.005344743840396404,0.0,0.4566785991191864,0.528243899345398,0.0,0.10000000149011612,0.0,0.10000000149011612,0.0,0.0,0.10000000149011612,0.10000000149011612,0.10000000149011612,0.0,0.0,0.10000000149011612,0.10000000149011612,0.0,0.0,0.10000000149011612,0.0,0.0,0.0,0.10000000149011612,0.10000000149011612,0.00590734747257704
502,0.0011394647881388664,0.0,0.4583384394645691,0.5280531644821167,0.0,0.10000000149011612,0.0,0.10000000149011612,0.0,0.0,0.10000000149011612,0.10000000149011612,0.10000000149011612,0.0,0.0,0.10000000149011612,0.10000000149011612,0.0,0.0,0.10000000149011612,0.0,0.0,0.0,0.10000000149011612,0.10000000149011612,-0.0001248065595831349
503,0.0011625814950093627,0.0,0.4600338637828827,0.532893717288971,0.0,0.10000000149011612,0.0,0.10000000149011612,0.0,0.0,0.10000000149011612,0.10000000149011612,0.10000000149011612,0.0,0.0,0.10000000149011612,0.10000000149011612,0.0,0.0,0.10000000149011612,0.0,0.0,0.0,0.10000000149011612,0.10000000149011612,0.0031677908330465243
504,0.0015763049013912678,0.0,0.4623353183269501,0.5340101718902588,0.0,0.10000000149011612,0.0,0.10000000149011612,0.0,0.0,0.10000000149011612,0.10000000149011612,0.10000000149011612,0.0,0.0,0.10000000149011612,0.10000000149011612,0.0,0.0,0.10000000149011612,0.0,0.0,0.0,0.10000000149011612,0.10000000149011612,0.0007283313831192295
505,-0.0036175160203129053,0.0,0.457045316696167,0.529681921005249,0.0,0.10000000149011612,0.0,0.10000000149011612,0.0,0.0,0.10000000149011612,0.10000000149011612,0.10000000149011612,0.0,0.0,0.10000000149011612,0.10000000149011612,0.0,0.0,0.10000000149011612,0.0,0.0,0.0,0.10000000149011612,0.10000000149011612,-0.0028215268479454547
506,-0.003949535079300404,0.0,0.45129063725471497,0.5295025706291199,0.0,0.10000000149011612,0.0,0.10000000149011612,0.0,0.0,0.10000000149011612,0.10000000149011612,0.10000000149011612,0.0,0.0,0.10000000149011612,0.10000000149011612,0.0,0.0,0.10000000149011612,0.0,0.0,0.0,0.10000000149011612,0.10000000149011612,-0.00011724684306346767
507,-0.0003980468027293682,0.0,0.45071297883987427,0.5260047316551208,0.0,0.10000000149011612,0.0,0.10000000149011612,0.0,0.0,0.10000000149011612,0.10000000149011612,0.10000000149011612,0.0,0.0,0.10000000149011612,0.10000000149011612,0.0,0.0,0.10000000149011612,0.0,0.0,0.0,0.10000000149011612,0.10000000149011612,-0.0022869127788129884
508,-0.0013247837778180838,0.0,0.4487910866737366,0.5259566903114319,0.0,0.10000000149011612,0.0,0.10000000149011612,0.0,0.0,0.10000000149011612,0.10000000149011612,0.10000000149011612,0.0,0.0,0.10000000149011612,0.10000000149011612,0.0,0.0,0.10000000149011612,0.0,0.0,0.0,0.10000000149011612,0.10000000149011612,-3.1481778983044606e-05
509,-0.006075568497180939,0.0,0.4399888515472412,0.5226849913597107,0.0,0.10000000149011612,0.0,0.10000000149011612,0.0,0.0,0.10000000149011612,0.10000000149011612,0.10000000149011612,0.0,0.0,0.10000000149011612,0.10000000149011612,0.0,0.0,0.10000000149011612,0.0,0.0,0.0,0.10000000149011612,0.10000000149011612,-0.0021440313296529068
510,-0.0053628250025212765,0.0,0.4322664439678192,0.5215947031974792,0.0,0.10000000149011612,0.0,0.10000000149011612,0.0,0.0,0.10000000149011612,0.10000000149011612,0.10000000149011612,0.0,0.0,0.10000000149011612,0.10000000149011612,0.0,0.0,0.10000000149011612,0.0,0.0,0.0,0.10000000149011612,0.10000000149011612,-0.0007160300183020052
511,-0.002213946543633938,0.0,0.42909547686576843,0.5214694142341614,0.0,0.10000000149011612,0.0,0.10000000149011612,0.0,0.0,0.10000000149011612,0.10000000149011612,0.10000000149011612,0.0,0.0,0.10000000149011612,0.10000000149011612,0.0,0.0,0.10000000149011612,0.0,0.0,0.0,0.10000000149011612,0.10000000149011612,-8.234056221056996e-05
512,-0.007675097789615393,0.0,0.41812703013420105,0.5079115629196167,0.0,0.10000000149011612,0.0,0.10000000149011612,0.0,0.0,0.10000000149011612,0.10000000149011612,0.10000000149011612,0.0,0.0,0.10000000149011612,0.10000000149011612,0.0,0.0,0.10000000149011612,0.0,0.0,0.0,0.10000000149011612,0.10000000149011612,-0.008911024558038272
513,-0.0004373155243229121,0.0,0.4175068736076355,0.5100129246711731,0.0,0.10000000149011612,0.0,0.10000000149011612,0.0,0.0,0.10000000149011612,0.10000000149011612,0.10000000149011612,0.0,0.0,0.10000000149011612,0.10000000149011612,0.0,0.0,0.10000000149011612,0.0,0.0,0.0,0.10000000149011612,0.10000000149011612,0.001393557688149638
514,-0.015293529257178307,0.0,0.3958281874656677,0.4946868419647217,0.0,0.10000000149011612,0.0,0.10000000149011612,0.0,0.0,0.10000000149011612,0.10000000149011612,0.10000000149011612,0.0,0.0,0.10000000149011612,0.10000000149011612,0.0,0.0,0.10000000149011612,0.0,0.0,0.0,0.10000000149011612,0.10000000149011612,-0.010149636772008974
515,0.0005632815300486982,0.0,0.3966144323348999,0.4945704936981201,0.0,0.10000000149011612,0.0,0.10000000149011612,0.0,0.0,0.10000000149011612,0.10000000149011612,0.10000000149011612,0.0,0.0,0.10000000149011612,0.10000000149011612,0.0,0.0,0.10000000149011612,0.0,0.0,0.0,0.10000000149011612,0.10000000149011612,-7.784123291576517e-05
516,-0.014010605402290821,0.0,0.37704703211784363,0.4713137447834015,0.0,0.10000000149011612,0.0,0.10000000149011612,0.0,0.0,0.10000000149011612,0.10000000149011612,0.10000000149011612,0.0,0.0,0.10000000149011612,0.10000000149011612,0.0,0.0,0.10000000149011612,0.0,0.0,0.0,0.10000000149011612,0.10000000149011612,-0.01556082433901984
517,-0.003907151520252228,5.999999848427251e-05,0.37166669964790344,0.4586270749568939,0.0,0.0,0.0,0.10000000149011612,0.10000000149011612,0.0,0.10000000149011612,0.10000000149011612,0.10000000149011612,0.0,0.0,0.10000000149011612,0.10000000149011612,0.0,0.0,0.10000000149011612,0.0,0.0,0.0,0.10000000149011612,0.10000000149011612,-0.008622681512687969
518,-0.00023436950868926942,0.0,0.3713452219963074,0.47158417105674744,0.0,0.0,0.0,0.10000000149011612,0.10000000149011612,0.0,0.10000000149011612,0.10000000149011612,0.10000000149011612,0.0,0.0,0.10000000149011612,0.10000000149011612,0.0,0.0,0.10000000149011612,0.0,0.0,0.0,0.10000000149011612,0.10000000149011612,0.00888307664262733
519,0.0018657094333320856,0.0,0.373903751373291,0.4776691496372223,0.0,0.0,0.0,0.10000000149011612,0.10000000149011612,0.0,0.10000000149011612,0.10000000149011612,0.10000000149011612,0.0,0.0,0.10000000149011612,0.10000000149011612,0.0,0.0,0.10000000149011612,0.0,0.0,0.0,0.10000000149011612,0.10000000149011612,0.004134985072654862
520,0.005106714088469744,0.0,0.380919873714447,0.48602744936943054,0.0,0.0,0.0,0.10000000149011612,0.10000000149011612,0.0,0.10000000149011612,0.10000000149011612,0.10000000149011612,0.0,0.0,0.10000000149011612,0.10000000149011612,0.0,0.0,0.10000000149011612,0.0,0.0,0.0,0.10000000149011612,0.10000000149011612,0.005656408089903087
521,-0.0008509614272043109,0.0,0.3797447681427002,0.48289528489112854,0.0,0.0,0.0,0.10000000149011612,0.10000000149011612,0.0,0.10000000149011612,0.10000000149011612,0.10000000149011612,0.0,0.0,0.10000000149011612,0.10000000149011612,0.0,0.0,0.10000000149011612,0.0,0.0,0.0,0.10000000149011612,0.10000000149011612,-0.0021077433526757172
522,-0.005280281417071819,0.0,0.3724593222141266,0.46826860308647156,0.0,0.0,0.0,0.10000000149011612,0.10000000149011612,0.0,0.10000000149011612,0.10000000149011612,0.10000000149011612,0.0,0.0,0.10000000149011612,0.10000000149011612,0.0,0.0,0.10000000149011612,0.0,0.0,0.0,0.10000000149011612,0.10000000149011612,-0.00986359721666441
523,-0.00227305106818676,0.0,0.36933964490890503,0.469269335269928,0.0,0.0,0.0,0.10000000149011612,0.10000000149011612,0.0,0.10000000149011612,0.10000000149011612,0.10000000149011612,0.0,0.0,0.10000000149011612,0.10000000149011612,0.0,0.0,0.10000000149011612,0.0,0.0,0.0,0.10000000149011612,0.10000000149011612,0.0006815729637974499
524,0.008906529285013676,0.0,0.38153570890426636,0.4752081632614136,0.0,0.0,0.0,0.10000000149011612,0.10000000149011612,0.0,0.10000000149011612,0.10000000149011612,0.10000000149011612,0.0,0.0,0.10000000149011612,0.10000000149011612,0.0,0.0,0.10000000149011612,0.0,0.0,0.0,0.10000000149011612,0.10000000149011612,0.0040420281352939735
525,-0.0028371592052280903,0.0,0.3776160776615143,0.4696372151374817,0.0,0.0,0.0,0.10000000149011612,0.10000000149011612,0.0,0.10000000149011612,0.10000000149011612,0.10000000149011612,0.0,0.0,0.10000000149011612,0.10000000149011612,0.0,0.0,0.10000000149011612,0.0,0.0,0.0,0.10000000149011612,0.10000000149011612,-0.003776381030603515
526,0.0012312904000282288,0.0,0.37931233644485474,0.4765733778476715,0.0,0.0,0.0,0.10000000149011612,0.10000000149011612,0.0,0.10000000149011612,0.10000000149011612,0.10000000149011612,0.0,0.0,0.10000000149011612,0.10000000149011612,0.0,0.0,0.10000000149011612,0.0,0.0,0.0,0.10000000149011612,0.10000000149011612,0.00471964280622883
527,-0.0020210454240441322,0.0,0.3765246868133545,0.47547560930252075,0.0,0.0,0.0,0.10000000149011612,0.10000000149011612,0.0,0.10000000149011612,0.10000000149011612,0.10000000149011612,0.0,0.0,0.10000000149011612,0.10000000149011612,0.0,0.0,0.10000000149011612,0.0,0.0,0.0,0.10000000149011612,0.10000000149011612,-0.0007434568180763046
528,-0.0004945052787661552,0.0,0.37584397196769714,0.4668036103248596,0.0,0.0,0.0,0.10000000149011612,0.10000000149011612,0.0,0.10000000149011612,0.10000000149011612,0.10000000149011612,0.0,0.0,0.10000000149011612,0.10000000149011612,0.0,0.0,0.10000000149011612,0.0,0.0,0.0,0.10000000149011612,0.10000000149011612,-0.005877426182436585
529,0.01015082560479641,0.0,0.3898099362850189,0.47463735938072205,0.0,0.0,0.0,0.10000000149011612,0.10000000149011612,0.0,0.10000000149011612,0.10000000149011612,0.10000000149011612,0.0,0.0,0.10000000149011612,0.10000000149011612,0.0,0.0,0.10000000149011612,0.0,0.0,0.0,0.10000000149011612,0.10000000149011612,0.0053406938738904675
530,-0.005919382907450199,0.0,0.3815831243991852,0.45937660336494446,0.0,0.0,0.0,0.10000000149011612,0.10000000149011612,0.0,0.10000000149011612,0.10000000149011612,0.10000000149011612,0.0,0.0,0.10000000149011612,0.10000000149011612,0.0,0.0,0.10000000149011612,0.0,0.0,0.0,0.10000000149011612,0.10000000149011612,-0.010348819605510595
531,0.005904998164623976,0.0,0.38974136114120483,0.4692673087120056,0.0,0.0,0.0,0.10000000149011612,0.10000000149011612,0.0,0.10000000149011612,0.10000000149011612,0.10000000149011612,0.0,0.0,0.10000000149011612,0.10000000149011612,0.0,0.0,0.10000000149011612,0.0,0.0,0.0,0.10000000149011612,0.10000000149011612,0.006777349536956967
532,0.00851275585591793,0.0,0.4015718996524811,0.48658788204193115,0.0,0.0,0.0,0.10000000149011612,0.10000000149011612,0.0,0.10000000149011612,0.10000000149011612,0.10000000149011612,0.0,0.0,0.10000000149011612,0.10000000149011612,0.0,0.0,0.10000000149011612,0.0,0.0,0.0,0.10000000149011612,0.10000000149011612,0.011788578720307363
533,0.0017352448776364326,0.0,0.40400394797325134,0.4893814027309418,0.0,0.0,0.0,0.10000000149011612,0.10000000149011612,0.0,0.10000000149011612,0.10000000149011612,0.10000000149011612,0.0,0.0,0.10000000149011612,0.10000000149011612,0.0,0.0,0.10000000149011612,0.0,0.0,0.0,0.10000000149011612,0.10000000149011612,0.0018791493747234433
534,0.006642650812864304,0.0,0.4133302569389343,0.5009828805923462,0.0,0.0,0.0,0.10000000149011612,0.10000000149011612,0.0,0.10000000149011612,0.10000000149011612,0.10000000149011612,0.0,0.0,0.10000000149011612,0.10000000149011612,0.0,0.0,0.10000000149011612,0.0,0.0,0.0,0.10000000149011612,0.10000000149011612,0.007789460671478787
535,0.004792712163180113,0.0,0.42010393738746643,0.5071691274642944,0.0,0.0,0.0,0.10000000149011612,0.10000000149011612,0.0,0.10000000149011612,0.10000000149011612,0.10000000149011612,0.0,0.0,0.10000000149011612,0.10000000149011612,0.0,0.0,0.10000000149011612,0.0,0.0,0.0,0.10000000149011612,0.10000000149011612,0.004121463976662243
536,0.00822473969310522,0.0,0.4317839443683624,0.5157139301300049,0.0,0.0,0.0,0.10000000149011612,0.10000000149011612,0.0,0.10000000149011612,0.10000000149011612,0.10000000149011612,0.0,0.0,0.10000000149011612,0.10000000149011612,0.0,0.0,0.10000000149011612,0.0,0.0,0.0,0.10000000149011612,0.10000000149011612,0.005669438492338585
537,-0.006241601426154375,0.0,0.42284730076789856,0.5146638751029968,0.0,0.0,0.0,0.10000000149011612,0.10000000149011612,0.0,0.10000000149011612,0.10000000149011612,0.10000000149011612,0.0,0.0,0.10000000149011612,0.10000000149011612,0.0,0.0,0.10000000149011612,0.0,0.0,0.0,0.10000000149011612,0.10000000149011612,-0.0006927791624360413
538,0.00614582747220993,0.0,0.4315918982028961,0.5199853181838989,0.0,0.0,0.0,0.10000000149011612,0.10000000149011612,0.0,0.10000000149011612,0.10000000149011612,0.10000000149011612,0.0,0.0,0.10000000149011612,0.10000000149011612,0.0,0.0,0.10000000149011612,0.0,0.0,0.0,0.10000000149011612,0.10000000149011612,0.003513283156991065
539,0.00018837995594367385,0.0,0.4318615794181824,0.5210954546928406,0.0,0.0,0.0,0.10000000149011612,0.10000000149011612,0.0,0.10000000149011612,0.10000000149011612,0.10000000149011612,0.0,0.0,0.10000000149011612,0.10000000149011612,0.0,0.0,0.10000000149011612,0.0,0.0,0.0,0.10000000149011612,0.10000000149011612,0.0007303600210217809
540,0.009748194366693497,0.0,0.4458196461200714,0.5394031405448914,0.0,0.0,0.0,0.10000000149011612,0.10000000149011612,0.0,0.10000000149011612,0.10000000149011612,0.10000000149011612,0.0,0.0,0.10000000149011612,0.10000000149011612,0.0,0.0,0.10000000149011612,0.0,0.0,0.0,0.10000000149011612,0.10000000149011612,0.012035855998102196
541,-0.0073136757127940655,0.0,0.4352453649044037,0.5353367328643799,0.0,0.0,0.0,0.10000000149011612,0.10000000149011612,0.0,0.10000000149011612,0.10000000149011612,0.10000000149011612,0.0,0.0,0.10000000149011612,0.10000000149011612,0.0,0.0,0.10000000149011612,0.0,0.0,0.0,0.10000000149011612,0.10000000149011612,-0.002641548255560955
542,0.000876312842592597,0.0,0.4365031123161316,0.5362204909324646,0.0,0.0,0.0,0.10000000149011612,0.10000000149011612,0.0,0.10000000149011612,0.10000000149011612,0.10000000149011612,0.0,0.0,0.10000000149011612,0.10000000149011612,0.0,0.0,0.10000000149011612,0.0,0.0,0.0,0.10000000149011612,0.10000000149011612,0.0005756118831572454
543,0.004258764907717705,0.0,0.4426208436489105,0.5447878241539001,0.0,0.0,0.0,0.10000000149011612,0.10000000149011612,0.0,0.10000000149011612,0.10000000149011612,0.10000000149011612,0.0,0.0,0.10000000149011612,0.10000000149011612,0.0,0.0,0.10000000149011612,0.0,0.0,0.0,0.10000000149011612,0.10000000149011612,0.0055768903435438055
544,-0.016162747517228127,0.0,0.41930410265922546,0.5182031989097595,0.0,0.0,0.0,0.10000000149011612,0.10000000149011612,0.0,0.10000000149011612,0.10000000149011612,0.10000000149011612,0.0,0.0,0.10000000149011612,0.10000000149011612,0.0,0.0,0.10000000149011612,0.0,0.0,0.0,0.10000000149011612,0.10000000149011612,-0.01720924053677164
545,0.01089656725525856,0.0,0.4347696602344513,0.5332979559898376,0.0,0.0,0.0,0.10000000149011612,0.10000000149011612,0.0,0.10000000149011612,0.10000000149011612,0.10000000149011612,0.0,0.0,0.10000000149011612,0.10000000149011612,0.0,0.0,0.10000000149011612,0.0,0.0,0.0,0.10000000149011612,0.10000000149011612,0.009942514342558217
546,0.009131455793976784,0.0,0.44787120819091797,0.5369964241981506,0.0,0.0,0.0,0.10000000149011612,0.10000000149011612,0.0,0.10000000149011612,0.10000000149011612,0.10000000149011612,0.0,0.0,0.10000000149011612,0.10000000149011612,0.0,0.0,0.10000000149011612,0.0,0.0,0.0,0.10000000149011612,0.10000000149011612,0.0024121001360921657
547,0.005566562991589308,0.0,0.4559308588504791,0.5461862683296204,0.0,0.0,0.0,0.10000000149011612,0.10000000149011612,0.0,0.10000000149011612,0.10000000149011612,0.10000000149011612,0.0,0.0,0.10000000149011612,0.10000000149011612,0.0,0.0,0.10000000149011612,0.0,0.0,0.0,0.10000000149011612,0.10000000149011612,0.005979092720572954
548,0.006148245185613632,0.0,0.4648822844028473,0.5500382781028748,0.0,0.0,0.0,0.10000000149011612,0.10000000149011612,0.0,0.10000000149011612,0.10000000149011612,0.10000000149011612,0.0,0.0,0.10000000149011612,0.10000000149011612,0.0,0.0,0.10000000149011612,0.0,0.0,0.0,0.10000000149011612,0.10000000149011612,0.002491297363166778
549,-0.00014485458086710423,0.0,0.4646700918674469,0.5455177426338196,0.0,0.0,0.0,0.10000000149011612,0.10000000149011612,0.0,0.10000000149011612,0.10000000149011612,0.10000000149011612,0.0,0.0,0.10000000149011612,0.10000000149011612,0.0,0.0,0.10000000149011612,0.0,0.0,0.0,0.10000000149011612,0.10000000149011612,-0.002916402474000823
550,0.00275080231949687,0.0,0.4686990976333618,0.5473043322563171,0.0,0.0,0.0,0.10000000149011612,0.10000000149011612,0.0,0.10000000149011612,0.10000000149011612,0.10000000149011612,0.0,0.0,0.10000000149011612,0.10000000149011612,0.0,0.0,0.10000000149011612,0.0,0.0,0.0,0.10000000149011612,0.10000000149011612,0.001155981308537335
551,-0.0039782836101949215,0.0,0.4628562033176422,0.5448448061943054,0.0,0.0,0.0,0.10000000149011612,0.10000000149011612,0.0,0.10000000149011612,0.10000000149011612,0.10000000149011612,0.0,0.0,0.10000000149011612,0.10000000149011612,0.0,0.0,0.10000000149011612,0.0,0.0,0.0,0.10000000149011612,0.10000000149011612,-0.0015895554680087631
552,-0.0002267638046760112,0.0,0.4625244736671448,0.549188494682312,0.0,0.0,0.0,0.10000000149011612,0.10000000149011612,0.0,0.10000000149011612,0.10000000149011612,0.10000000149011612,0.0,0.0,0.10000000149011612,0.10000000149011612,0.0,0.0,0.10000000149011612,0.0,0.0,0.0,0.10000000149011612,0.10000000149011612,0.002811731295331299
553,0.009123992174863815,0.0,0.4758685529232025,0.5591519474983215,0.0,0.0,0.0,0.10000000149011612,0.10000000149011612,0.0,0.10000000149011612,0.10000000149011612,0.10000000149011612,0.0,0.0,0.10000000149011612,0.10000000149011612,0.0,0.0,0.10000000149011612,0.0,0.0,0.0,0.10000000149011612,0.10000000149011612,0.006431401246658863
554,-0.008418639190495014,0.0,0.46344372630119324,0.5486938953399658,0.0,0.0,0.0,0.10000000149011612,0.10000000149011612,0.0,0.10000000149011612,0.10000000149011612,0.10000000149011612,0.0,0.0,0.10000000149011612,0.10000000149011612,0.0,0.0,0.10000000149011612,0.0,0.0,0.0,0.10000000149011612,0.10000000149011612,-0.00670752595674573
555,0.0074707744643092155,0.0,0.4743767976760864,0.5522127747535706,0.0,0.0,0.0,0.10000000149011612,0.10000000149011612,0.0,0.10000000149011612,0.10000000149011612,0.10000000149011612,0.0,0.0,0.10000000149011612,0.10000000149011612,0.0,0.0,0.10000000149011612,0.0,0.0,0.0,0.10000000149011612,0.10000000149011612,0.00227215941393788
556,-0.004281414207071066,0.0,0.4680643677711487,0.5501543879508972,0.0,0.0,0.0,0.10000000149011612,0.10000000149011612,0.0,0.10000000149011612,0.10000000149011612,0.10000000149011612,0.0,0.0,0.10000000149011612,0.10000000149011612,0.0,0.0,0.10000000149011612,0.0,0.0,0.0,0.10000000149011612,0.10000000149011612,-0.0013260983520768654
557,0.001853881636634469,0.0,0.4707860052585602,0.5400317907333374,0.0,0.0,0.0,0.10000000149011612,0.10000000149011612,0.0,0.10000000149011612,0.10000000149011612,0.10000000149011612,0.0,0.0,0.10000000149011612,0.10000000149011612,0.0,0.0,0.10000000149011612,0.0,0.0,0.0,0.10000000149011612,0.10000000149011612,-0.006530057455077509
558,-0.0055831135250627995,0.0,0.46257442235946655,0.5339052081108093,0.0,0.0,0.0,0.10000000149011612,0.10000000149011612,0.0,0.10000000149011612,0.10000000149011612,0.10000000149011612,0.0,0.0,0.10000000149011612,0.10000000149011612,0.0,0.0,0.10000000149011612,0.0,0.0,0.0,0.10000000149011612,0.10000000149011612,-0.003978218280553003
559,0.006311818957328796,0.0,0.4718059301376343,0.5360990762710571,0.0,0.0,0.0,0.10000000149011612,0.10000000149011612,0.0,0.10000000149011612,0.10000000149011612,0.10000000149011612,0.0,0.0,0.10000000149011612,0.10000000149011612,0.0,0.0,0.10000000149011612,0.0,0.0,0.0,0.10000000149011612,0.10000000149011612,0.0014302501540821577
560,0.001599992043338716,0.0,0.4741608202457428,0.5385693907737732,0.0,0.0,0.0,0.10000000149011612,0.10000000149011612,0.0,0.10000000149011612,0.10000000149011612,0.10000000149011612,0.0,0.0,0.10000000149011612,0.10000000149011612,0.0,0.0,0.10000000149011612,0.0,0.0,0.0,0.10000000149011612,0.10000000149011612,0.0016081739393483119
561,-0.0028803760651499033,0.0,0.46991467475891113,0.5341578722000122,0.0,0.0,0.0,0.10000000149011612,0.10000000149011612,0.0,0.10000000149011612,0.10000000149011612,0.10000000149011612,0.0,0.0,0.10000000149011612,0.10000000149011612,0.0,0.0,0.10000000149011612,0.0,0.0,0.0,0.10000000149011612,0.10000000149011612,-0.00286728606471387
562,0.0025696279481053352,0.0,0.47369182109832764,0.5305253863334656,0.0,0.0,0.0,0.10000000149011612,0.10000000149011612,0.0,0.10000000149011612,0.10000000149011612,0.10000000149011612,0.0,0.0,0.10000000149011612,0.10000000149011612,0.0,0.0,0.10000000149011612,0.0,0.0,0.0,0.10000000149011612,0.10000000149011612,-0.0023677392870510294
563,0.010042673908174038,0.0,0.48849162459373474,0.5503477454185486,0.0,0.0,0.0,0.10000000149011612,0.10000000149011612,0.0,0.10000000149011612,0.10000000149011612,0.10000000149011612,0.0,0.0,0.10000000149011612,0.10000000149011612,0.0,0.0,0.10000000149011612,0.0,0.0,0.0,0.10000000149011612,0.10000000149011612,0.012951342893154916
564,-0.01653186045587063,0.0,0.4638840854167938,0.5258892774581909,0.0,0.0,0.0,0.10000000149011612,0.10000000149011612,0.0,0.10000000149011612,0.10000000149011612,0.10000000149011612,0.0,0.0,0.10000000149011612,0.10000000149011612,0.0,0.0,0.10000000149011612,0.0,0.0,0.0,0.10000000149011612,0.10000000149011612,-0.015776117346985696
565,-0.010093179531395435,0.0,0.4491088390350342,0.5143671035766602,0.0,0.0,0.0,0.10000000149011612,0.10000000149011612,0.0,0.10000000149011612,0.10000000149011612,0.10000000149011612,0.0,0.0,0.10000000149011612,0.10000000149011612,0.0,0.0,0.10000000149011612,0.0,0.0,0.0,0.10000000149011612,0.10000000149011612,-0.007551120550977508
566,0.005858325865119696,0.0,0.45759817957878113,0.5193257927894592,0.0,0.0,0.0,0.10000000149011612,0.10000000149011612,0.0,0.10000000149011612,0.10000000149011612,0.10000000149011612,0.0,0.0,0.10000000149011612,0.10000000149011612,0.0,0.0,0.10000000149011612,0.0,0.0,0.0,0.10000000149011612,0.10000000149011612,0.0032744300910179103
567,0.003942213952541351,0.0,0.4633443355560303,0.5180820822715759,0.0,0.0,0.0,0.10000000149011612,0.10000000149011612,0.0,0.10000000149011612,0.10000000149011612,0.10000000149011612,0.0,0.0,0.10000000149011612,0.10000000149011612,0.0,0.0,0.10000000149011612,0.0,0.0,0.0,0.10000000149011612,0.10000000149011612,-0.0008185936971424335
568,-0.005349230021238327,0.0,0.4555165767669678,0.5116390585899353,0.0,0.0,0.0,0.10000000149011612,0.10000000149011612,0.0,0.10000000149011612,0.10000000149011612,0.10000000149011612,0.0,0.0,0.10000000149011612,0.10000000149011612,0.0,0.0,0.10000000149011612,0.0,0.0,0.0,0.10000000149011612,0.10000000149011612,-0.004244186633175717
569,-0.002994327573105693,0.0,0.4511582851409912,0.5002503991127014,0.0,0.0,0.0,0.10000000149011612,0.10000000149011612,0.0,0.10000000149011612,0.10000000149011612,0.10000000149011612,0.0,0.0,0.10000000149011612,0.10000000149011612,0.0,0.0,0.10000000149011612,0.0,0.0,0.0,0.10000000149011612,0.10000000149011612,-0.007533980689713893
570,-0.01184909138828516,0.0,0.4339633882045746,0.48790305852890015,0.0,0.0,0.0,0.10000000149011612,0.10000000149011612,0.0,0.10000000149011612,0.10000000149011612,0.10000000149011612,0.0,0.0,0.10000000149011612,0.10000000149011612,0.0,0.0,0.10000000149011612,0.0,0.0,0.0,0.10000000149011612,0.10000000149011612,-0.008230186501602565
571,-0.007681278977543116,0.0,0.4229487180709839,0.47578904032707214,0.0,0.0,0.0,0.10000000149011612,0.10000000149011612,0.0,0.10000000149011612,0.10000000149011612,0.10000000149011612,0.0,0.0,0.10000000149011612,0.10000000149011612,0.0,0.0,0.10000000149011612,0.0,0.0,0.0,0.10000000149011612,0.10000000149011612,-0.008141671685119922
572,0.005458908621221781,0.0,0.43071645498275757,0.4722845256328583,0.0,0.0,0.0,0.10000000149011612,0.10000000149011612,0.0,0.10000000149011612,0.10000000149011612,0.10000000149011612,0.0,0.0,0.10000000149011612,0.10000000149011612,0.0,0.0,0.10000000149011612,0.0,0.0,0.0,0.10000000149011612,0.10000000149011612,-0.0023746718524465527
573,0.009264490567147732,0.0,0.44397130608558655,0.48800429701805115,0.0,0.0,0.0,0.10000000149011612,0.10000000149011612,0.0,0.10000000149011612,0.10000000149011612,0.10000000149011612,0.0,0.0,0.10000000149011612,0.10000000149011612,0.0,0.0,0.10000000149011612,0.0,0.0,0.0,0.10000000149011612,0.10000000149011612,0.010677128714937645
574,0.017159616574645042,0.0,0.4687493145465851,0.5021242499351501,0.0,0.0,0.0,0.10000000149011612,0.10000000149011612,0.0,0.10000000149011612,0.10000000149011612,0.10000000149011612,0.0,0.0,0.10000000149011612,0.10000000149011612,0.0,0.0,0.10000000149011612,0.0,0.0,0.0,0.10000000149011612,0.10000000149011612,0.00948918826739642
575,-0.006719676312059164,0.0,0.4588797986507416,0.4957594871520996,0.0,0.0,0.0,0.10000000149011612,0.10000000149011612,0.0,0.10000000149011612,0.10000000149011612,0.10000000149011612,0.0,0.0,0.10000000149011612,0.10000000149011612,0.0,0.0,0.10000000149011612,0.0,0.0,0.0,0.10000000149011612,0.10000000149011612,-0.004237174643392683
576,0.0026135118678212166,0.0,0.46269258856773376,0.49747776985168457,0.0,0.0,0.0,0.10000000149011612,0.10000000149011612,0.0,0.10000000149011612,0.10000000149011612,0.10000000149011612,0.0,0.0,0.10000000149011612,0.10000000149011612,0.0,0.0,0.10000000149011612,0.0,0.0,0.0,0.10000000149011612,0.10000000149011612,0.0011487693806018218
577,-0.0005904430290684104,0.0,0.46182894706726074,0.49472713470458984,0.0,0.0,0.0,0.10000000149011612,0.10000000149011612,0.0,0.10000000149011612,0.10000000149011612,0.10000000149011612,0.0,0.0,0.10000000149011612,0.10000000149011612,0.0,0.0,0.10000000149011612,0.0,0.0,0.0,0.10000000149011612,0.10000000149011612,-0.0018368453959534126
578,0.004572698380798101,0.0,0.46851345896720886,0.5152764916419983,0.0,0.0,0.0,0.10000000149011612,0.10000000149011612,0.0,0.10000000149011612,0.10000000149011612,0.10000000149011612,0.0,0.0,0.10000000149011612,0.10000000149011612,0.0,0.0,0.10000000149011612,0.0,0.0,0.0,0.10000000149011612,0.10000000149011612,0.013747898502872724
579,0.004669044632464647,5.999999848427251e-05,0.47537001967430115,0.5233968496322632,0.0,0.10000000149011612,0.0,0.10000000149011612,0.0,0.0,0.10000000149011612,0.10000000149011612,0.10000000149011612,0.0,0.0,0.10000000149011612,0.10000000149011612,0.0,0.0,0.10000000149011612,0.0,0.0,0.0,0.10000000149011612,0.10000000149011612,0.005358994239701653
580,-0.004527844488620758,0.0,0.46868976950645447,0.5218876004219055,0.0,0.10000000149011612,0.0,0.10000000149011612,0.0,0.0,0.10000000149011612,0.10000000149011612,0.10000000149011612,0.0,0.0,0.10000000149011612,0.10000000149011612,0.0,0.0,0.10000000149011612,0.0,0.0,0.0,0.10000000149011612,0.10000000149011612,-0.000990713096670759
581,0.002029562834650278,0.0,0.47167056798934937,0.5178996324539185,0.0,0.10000000149011612,0.0,0.10000000149011612,0.0,0.0,0.10000000149011612,0.10000000149011612,0.10000000149011612,0.0,0.0,0.10000000149011612,0.10000000149011612,0.0,0.0,0.10000000149011612,0.0,0.0,0.0,0.10000000149011612,0.10000000149011612,-0.0026204090018746573
582,0.0061082178726792336,0.0,0.4806598424911499,0.5193054676055908,0.0,0.10000000149011612,0.0,0.10000000149011612,0.0,0.0,0.10000000149011612,0.10000000149011612,0.10000000149011612,0.0,0.0,0.10000000149011612,0.10000000149011612,0.0,0.0,0.10000000149011612,0.0,0.0,0.0,0.10000000149011612,0.10000000149011612,0.0009261713499459923
583,-0.005431239493191242,0.0,0.472618043422699,0.4950595796108246,0.0,0.10000000149011612,0.0,0.10000000149011612,0.0,0.0,0.10000000149011612,0.10000000149011612,0.10000000149011612,0.0,0.0,0.10000000149011612,0.10000000149011612,0.0,0.0,0.10000000149011612,0.0,0.0,0.0,0.10000000149011612,0.10000000149011612,-0.015958534022113113
584,0.013337463140487671,0.0,0.49225902557373047,0.5135660171508789,0.0,0.10000000149011612,0.0,0.10000000149011612,0.0,0.0,0.10000000149011612,0.10000000149011612,0.10000000149011612,0.0,0.0,0.10000000149011612,0.10000000149011612,0.0,0.0,0.10000000149011612,0.0,0.0,0.0,0.10000000149011612,0.10000000149011612,0.012378394675663484
585,-0.003386021126061678,0.0,0.48720619082450867,0.5115166902542114,0.0,0.10000000149011612,0.0,0.10000000149011612,0.0,0.0,0.10000000149011612,0.10000000149011612,0.10000000149011612,0.0,0.0,0.10000000149011612,0.10000000149011612,0.0,0.0,0.10000000149011612,0.0,0.0,0.0,0.10000000149011612,0.10000000149011612,-0.0013539725875486575
586,-0.00854941550642252,0.0,0.4744914472103119,0.48923805356025696,0.0,0.10000000149011612,0.0,0.10000000149011612,0.0,0.0,0.10000000149011612,0.10000000149011612,0.10000000149011612,0.0,0.0,0.10000000149011612,0.10000000149011612,0.0,0.0,0.10000000149011612,0.0,0.0,0.0,0.10000000149011612,0.10000000149011612,-0.014739259472025812
587,-0.01928473450243473,0.0,0.4460562765598297,0.4490399658679962,0.0,0.10000000149011612,0.0,0.10000000149011612,0.0,0.0,0.10000000149011612,0.10000000149011612,0.10000000149011612,0.0,0.0,0.10000000149011612,0.10000000149011612,0.0,0.0,0.10000000149011612,0.0,0.0,0.0,0.10000000149011612,0.10000000149011612,-0.02699238553309924
588,-0.06347287446260452,0.0,0.35427093505859375,0.3625582754611969,0.0,0.10000000149011612,0.0,0.10000000149011612,0.0,0.0,0.10000000149011612,0.10000000149011612,0.10000000149011612,0.0,0.0,0.10000000149011612,0.10000000149011612,0.0,0.0,0.10000000149011612,0.0,0.0,0.0,0.10000000149011612,0.10000000149011612,-0.0596820601528375
589,0.03172583132982254,0.0,0.39723631739616394,0.43176642060279846,0.0,0.10000000149011612,0.0,0.10000000149011612,0.0,0.0,0.10000000149011612,0.10000000149011612,0.10000000149011612,0.0,0.0,0.10000000149011612,0.10000000149011612,0.0,0.0,0.10000000149011612,0.0,0.0,0.0,0.10000000149011612,0.10000000149011612,0.050792796453550615
590,-0.04069860279560089,0.0,0.3403707444667816,0.3656132221221924,0.0,0.10000000149011612,0.0,0.10000000149011612,0.0,0.0,0.10000000149011612,0.10000000149011612,0.10000000149011612,0.0,0.0,0.10000000149011612,0.10000000149011612,0.0,0.0,0.10000000149011612,0.0,0.0,0.0,0.10000000149011612,0.10000000149011612,-0.04620390416249209
591,0.045417506247758865,0.0,0.4012470245361328,0.44843369722366333,0.0,0.10000000149011612,0.0,0.10000000149011612,0.0,0.0,0.10000000149011612,0.10000000149011612,0.10000000149011612,0.0,0.0,0.10000000149011612,0.10000000149011612,0.0,0.0,0.10000000149011612,0.0,0.0,0.0,0.10000000149011612,0.10000000149011612,0.06064709520955436
592,-0.0063933334313333035,0.0,0.3922883868217468,0.4352697432041168,0.0,0.10000000149011612,0.0,0.10000000149011612,0.0,0.0,0.10000000149011612,0.10000000149011612,0.10000000149011612,0.0,0.0,0.10000000149011612,0.10000000149011612,0.0,0.0,0.10000000149011612,0.0,0.0,0.0,0.10000000149011612,0.10000000149011612,-0.009088406355623357
593,0.024843303486704826,0.0,0.4268774390220642,0.4793860912322998,0.0,0.10000000149011612,0.0,0.10000000149011612,0.0,0.0,0.10000000149011612,0.10000000149011612,0.10000000149011612,0.0,0.0,0.10000000149011612,0.10000000149011612,0.0,0.0,0.10000000149011612,0.0,0.0,0.0,0.10000000149011612,0.10000000149011612,0.030737321842859266
594,0.0037964319344609976,0.0,0.43229448795318604,0.47776293754577637,0.0,0.10000000149011612,0.0,0.10000000149011612,0.0,0.0,0.10000000149011612,0.10000000149011612,0.10000000149011612,0.0,0.0,0.10000000149011612,0.10000000149011612,0.0,0.0,0.10000000149011612,0.0,0.0,0.0,0.10000000149011612,0.10000000149011612,-0.0010971805779054211
595,0.0035583304706960917,0.0,0.437391072511673,0.46777674555778503,0.0,0.10000000149011612,0.0,0.10000000149011612,0.0,0.0,0.10000000149011612,0.10000000149011612,0.10000000149011612,0.0,0.0,0.10000000149011612,0.10000000149011612,0.0,0.0,0.10000000149011612,0.0,0.0,0.0,0.10000000149011612,0.10000000149011612,-0.006757641387715507
596,0.008958552964031696,4.200000148557592e-06,0.4502680003643036,0.4564994275569916,0.0,0.09300000220537186,0.0,0.10000000149011612,0.007000000216066837,0.0,0.10000000149011612,0.10000000149011612,0.10000000149011612,0.0,0.0,0.10000000149011612,0.10000000149011612,0.0,0.0,0.10000000149011612,0.0,0.0,0.0,0.10000000149011612,0.10000000149011612,-0.007683265207003798
597,0.007346258498728275,4.200000148557592e-06,0.4609220623970032,0.4490860402584076,0.0,0.10000000149011612,0.0,0.10000000149011612,0.0,0.0,0.10000000149011612,0.10000000149011612,0.10000000149011612,0.0,0.0,0.10000000149011612,0.10000000149011612,0.0,0.0,0.10000000149011612,0.0,0.0,0.0,0.10000000149011612,0.10000000149011612,-0.005089866263125575
598,-0.005824422929435968,0.0,0.45241302251815796,0.4393419027328491,0.0,0.10000000149011612,0.0,0.10000000149011612,0.0,0.0,0.10000000149011612,0.10000000149011612,0.10000000149011612,0.0,0.0,0.10000000149011612,0.10000000149011612,0.0,0.0,0.10000000149011612,0.0,0.0,0.0,0.10000000149011612,0.10000000149011612,-0.006724333307234764
599,0.00788429006934166,0.0,0.463864266872406,0.47310975193977356,0.0,0.10000000149011612,0.0,0.10000000149011612,0.0,0.0,0.10000000149011612,0.10000000149011612,0.10000000149011612,0.0,0.0,0.10000000149011612,0.10000000149011612,0.0,0.0,0.10000000149011612,0.0,0.0,0.0,0.10000000149011612,0.10000000149011612,0.023460617065903522
600,-0.007441283669322729,0.0,0.4529712498188019,0.45881372690200806,0.0,0.10000000149011612,0.0,0.10000000149011612,0.0,0.0,0.10000000149011612,0.10000000149011612,0.10000000149011612,0.0,0.0,0.10000000149011612,0.10000000149011612,0.0,0.0,0.10000000149011612,0.0,0.0,0.0,0.10000000149011612,0.10000000149011612,-0.009704657116647697
601,0.0019631709437817335,0.0,0.4558236598968506,0.4735207259654999,0.0,0.10000000149011612,0.0,0.10000000149011612,0.0,0.0,0.10000000149011612,0.10000000149011612,0.10000000149011612,0.0,0.0,0.10000000149011612,0.10000000149011612,0.0,0.0,0.10000000149011612,0.0,0.0,0.0,0.10000000149011612,0.10000000149011612,0.010081478390475684
602,0.0034675998613238335,0.0,0.4608718752861023,0.47739478945732117,0.0,0.10000000149011612,0.0,0.10000000149011612,0.0,0.0,0.10000000149011612,0.10000000149011612,0.10000000149011612,0.0,0.0,0.10000000149011612,0.10000000149011612,0.0,0.0,0.10000000149011612,0.0,0.0,0.0,0.10000000149011612,0.10000000149011612,0.0026291204620028097
603,-0.0007399558089673519,0.0,0.4597909152507782,0.47195208072662354,0.0,0.10000000149011612,0.0,0.10000000149011612,0.0,0.0,0.10000000149011612,0.10000000149011612,0.10000000149011612,0.0,0.0,0.10000000149011612,0.10000000149011612,0.0,0.0,0.10000000149011612,0.0,0.0,0.0,0.10000000149011612,0.10000000149011612,-0.003683990744746568
604,0.005461852997541428,0.0,0.4677640497684479,0.4759681224822998,0.0,0.10000000149011612,0.0,0.10000000149011612,0.0,0.0,0.10000000149011612,0.10000000149011612,0.10000000149011612,0.0,0.0,0.10000000149011612,0.10000000149011612,0.0,0.0,0.10000000149011612,0.0,0.0,0.0,0.10000000149011612,0.10000000149011612,0.002728378055414593
605,-0.013711423613131046,0.0,0.44763892889022827,0.48157426714897156,0.0,0.10000000149011612,0.0,0.10000000149011612,0.0,0.0,0.10000000149011612,0.10000000149011612,0.10000000149011612,0.0,0.0,0.10000000149011612,0.10000000149011612,0.0,0.0,0.10000000149011612,0.0,0.0,0.0,0.10000000149011612,0.10000000149011612,0.0037982830260880895
606,0.010435923002660275,0.0,0.46274638175964355,0.4921651780605316,0.0,0.10000000149011612,0.0,0.10000000149011612,0.0,0.0,0.10000000149011612,0.10000000149011612,0.10000000149011612,0.0,0.0,0.10000000149011612,0.10000000149011612,0.0,0.0,0.10000000149011612,0.0,0.0,0.0,0.10000000149011612,0.10000000149011612,0.007148417157609277
607,-0.005620571319013834,0.0,0.4545249044895172,0.48622944951057434,0.0,0.10000000149011612,0.0,0.10000000149011612,0.0,0.0,0.10000000149011612,0.10000000149011612,0.10000000149011612,0.0,0.0,0.10000000149011612,0.10000000149011612,0.0,0.0,0.10000000149011612,0.0,0.0,0.0,0.10000000149011612,0.10000000149011612,-0.0039779299485277475
608,-0.0018635267624631524,0.0,0.45181435346603394,0.4809437692165375,0.0,0.10000000149011612,0.0,0.10000000149011612,0.0,0.0,0.10000000149011612,0.10000000149011612,0.10000000149011612,0.0,0.0,0.10000000149011612,0.10000000149011612,0.0,0.0,0.10000000149011612,0.0,0.0,0.0,0.10000000149011612,0.10000000149011612,-0.0035564362526778748
609,-0.004662143066525459,0.0,0.4450457990169525,0.4792717397212982,0.0,0.10000000149011612,0.0,0.10000000149011612,0.0,0.0,0.10000000149011612,0.10000000149011612,0.10000000149011612,0.0,0.0,0.10000000149011612,0.10000000149011612,0.0,0.0,0.10000000149011612,0.0,0.0,0.0,0.10000000149011612,0.10000000149011612,-0.001129029697139572
610,-0.002617431804537773,0.0,0.44126349687576294,0.4777885973453522,0.0,0.10000000149011612,0.0,0.10000000149011612,0.0,0.0,0.10000000149011612,0.10000000149011612,0.10000000149011612,0.0,0.0,0.10000000149011612,0.10000000149011612,0.0,0.0,0.10000000149011612,0.0,0.0,0.0,0.10000000149011612,0.10000000149011612,-0.0010026165822821786
611,-0.0008833057363517582,0.0,0.43999040126800537,0.4801331162452698,0.0,0.10000000149011612,0.0,0.10000000149011612,0.0,0.0,0.10000000149011612,0.10000000149011612,0.10000000149011612,0.0,0.0,0.10000000149011612,0.10000000149011612,0.0,0.0,0.10000000149011612,0.0,0.0,0.0,0.10000000149011612,0.10000000149011612,0.0015865049332017822
612,0.0032872359734028578,0.0,0.4447239935398102,0.5083882808685303,0.0,0.10000000149011612,0.0,0.10000000149011612,0.0,0.0,0.10000000149011612,0.10000000149011612,0.10000000149011612,0.0,0.0,0.10000000149011612,0.10000000149011612,0.0,0.0,0.10000000149011612,0.0,0.0,0.0,0.10000000149011612,0.10000000149011612,0.0190896104635081
613,-0.0027416390366852283,0.0,0.44076308608055115,0.49927499890327454,0.0,0.10000000149011612,0.0,0.10000000149011612,0.0,0.0,0.10000000149011612,0.10000000149011612,0.10000000149011612,0.0,0.0,0.10000000149011612,0.10000000149011612,0.0,0.0,0.10000000149011612,0.0,0.0,0.0,0.10000000149011612,0.10000000149011612,-0.00604173479789194
614,-0.008973091840744019,0.0,0.42783498764038086,0.492227166891098,0.0,0.10000000149011612,0.0,0.10000000149011612,0.0,0.0,0.10000000149011612,0.10000000149011612,0.10000000149011612,0.0,0.0,0.10000000149011612,0.10000000149011612,0.0,0.0,0.10000000149011612,0.0,0.0,0.0,0.10000000149011612,0.10000000149011612,-0.004700826744481135
615,-0.008032936602830887,0.0,0.41636526584625244,0.47917571663856506,0.0,0.10000000149011612,0.0,0.10000000149011612,0.0,0.0,0.10000000149011612,0.10000000149011612,0.10000000149011612,0.0,0.0,0.10000000149011612,0.10000000149011612,0.0,0.0,0.10000000149011612,0.0,0.0,0.0,0.10000000149011612,0.10000000149011612,-0.008746289132186447
616,0.01611633598804474,0.0,0.43919190764427185,0.49851569533348083,0.0,0.10000000149011612,0.0,0.10000000149011612,0.0,0.0,0.10000000149011612,0.10000000149011612,0.10000000149011612,0.0,0.0,0.10000000149011612,0.10000000149011612,0.0,0.0,0.10000000149011612,0.0,0.0,0.0,0.10000000149011612,0.10000000149011612,0.013074835178382926
617,0.003960547037422657,0.0,0.44489189982414246,0.5015608072280884,0.0,0.10000000149011612,0.0,0.10000000149011612,0.0,0.0,0.10000000149011612,0.10000000149011612,0.10000000149011612,0.0,0.0,0.10000000149011612,0.10000000149011612,0.0,0.0,0.10000000149011612,0.0,0.0,0.0,0.10000000149011612,0.10000000149011612,0.00203208541898503
618,0.0018620131304487586,0.0,0.44758230447769165,0.5100942254066467,0.0,0.10000000149011612,0.0,0.10000000149011612,0.0,0.0,0.10000000149011612,0.10000000149011612,0.10000000149011612,0.0,0.0,0.10000000149011612,0.10000000149011612,0.0,0.0,0.10000000149011612,0.0,0.0,0.0,0.10000000149011612,0.10000000149011612,0.005683032040714409
619,-0.002752308500930667,0.0,0.44359809160232544,0.4983889162540436,0.0,0.10000000149011612,0.0,0.10000000149011612,0.0,0.0,0.10000000149011612,0.10000000149011612,0.10000000149011612,0.0,0.0,0.10000000149011612,0.10000000149011612,0.0,0.0,0.10000000149011612,0.0,0.0,0.0,0.10000000149011612,0.10000000149011612,-0.007751376672837096
620,-0.009771979413926601,0.0,0.4294912815093994,0.48242121934890747,0.0,0.10000000149011612,0.0,0.10000000149011612,0.0,0.0,0.10000000149011612,0.10000000149011612,0.10000000149011612,0.0,0.0,0.10000000149011612,0.10000000149011612,0.0,0.0,0.10000000149011612,0.0,0.0,0.0,0.10000000149011612,0.10000000149011612,-0.010656577028783087
621,-0.003433836158365011,0.0,0.42458266019821167,0.46871238946914673,0.0,0.10000000149011612,0.0,0.10000000149011612,0.0,0.0,0.10000000149011612,0.10000000149011612,0.10000000149011612,0.0,0.0,0.10000000149011612,0.10000000149011612,0.0,0.0,0.10000000149011612,0.0,0.0,0.0,0.10000000149011612,0.10000000149011612,-0.009247594206579057
622,0.006956040859222412,0.0,0.4344921112060547,0.4853639602661133,0.0,0.10000000149011612,0.0,0.10000000149011612,0.0,0.0,0.10000000149011612,0.10000000149011612,0.10000000149011612,0.0,0.0,0.10000000149011612,0.10000000149011612,0.0,0.0,0.10000000149011612,0.0,0.0,0.0,0.10000000149011612,0.10000000149011612,0.011337530013609376
623,0.006955168675631285,0.0,0.44446924328804016,0.49577000737190247,0.0,0.10000000149011612,0.0,0.10000000149011612,0.0,0.0,0.10000000149011612,0.10000000149011612,0.10000000149011612,0.0,0.0,0.10000000149011612,0.10000000149011612,0.0,0.0,0.10000000149011612,0.0,0.0,0.0,0.10000000149011612,0.10000000149011612,0.007005722088426536
624,-0.007406577467918396,0.0,0.43377065658569336,0.491131067276001,0.0,0.10000000149011612,0.0,0.10000000149011612,0.0,0.0,0.10000000149011612,0.10000000149011612,0.10000000149011612,0.0,0.0,0.10000000149011612,0.10000000149011612,0.0,0.0,0.10000000149011612,0.0,0.0,0.0,0.10000000149011612,0.10000000149011612,-0.0031013725860516983
625,0.0016658661188557744,0.0,0.4361591339111328,0.4896073043346405,0.0,0.10000000149011612,0.0,0.10000000149011612,0.0,0.0,0.10000000149011612,0.10000000149011612,0.10000000149011612,0.0,0.0,0.10000000149011612,0.10000000149011612,0.0,0.0,0.10000000149011612,0.0,0.0,0.0,0.10000000149011612,0.10000000149011612,-0.0010218839743874053
626,0.008743309415876865,0.0,0.4487159252166748,0.4978296756744385,0.0,0.10000000149011612,0.0,0.10000000149011612,0.0,0.0,0.10000000149011612,0.10000000149011612,0.10000000149011612,0.0,0.0,0.10000000149011612,0.10000000149011612,0.0,0.0,0.10000000149011612,0.0,0.0,0.0,0.10000000149011612,0.10000000149011612,0.005519824799375961
627,-0.0011183609021827579,0.0,0.44709572196006775,0.5008425116539001,0.0,0.10000000149011612,0.0,0.10000000149011612,0.0,0.0,0.10000000149011612,0.10000000149011612,0.10000000149011612,0.0,0.0,0.10000000149011612,0.10000000149011612,0.0,0.0,0.10000000149011612,0.0,0.0,0.0,0.10000000149011612,0.10000000149011612,0.0020114676777951424
628,0.006070294883102179,0.0,0.4558800160884857,0.509925901889801,0.0,0.10000000149011612,0.0,0.10000000149011612,0.0,0.0,0.10000000149011612,0.10000000149011612,0.10000000149011612,0.0,0.0,0.10000000149011612,0.10000000149011612,0.0,0.0,0.10000000149011612,0.0,0.0,0.0,0.10000000149011612,0.10000000149011612,0.006052194127877719
629,-0.0003086525248363614,0.0,0.45543065667152405,0.5107629299163818,0.0,0.10000000149011612,0.0,0.10000000149011612,0.0,0.0,0.10000000149011612,0.10000000149011612,0.10000000149011612,0.0,0.0,0.10000000149011612,0.10000000149011612,0.0,0.0,0.10000000149011612,0.0,0.0,0.0,0.10000000149011612,0.10000000149011612,0.0005543503992699872
630,-0.003401614725589752,0.0,0.4504798650741577,0.5096608996391296,0.0,0.10000000149011612,0.0,0.10000000149011612,0.0,0.0,0.10000000149011612,0.10000000149011612,0.10000000149011612,0.0,0.0,0.10000000149011612,0.10000000149011612,0.0,0.0,0.10000000149011612,0.0,0.0,0.0,0.10000000149011612,0.10000000149011612,-0.0007294528184598192
631,0.0010073395678773522,0.0,0.45194098353385925,0.5163777470588684,0.0,0.10000000149011612,0.0,0.10000000149011612,0.0,0.0,0.10000000149011612,0.10000000149011612,0.10000000149011612,0.0,0.0,0.10000000149011612,0.10000000149011612,0.0,0.0,0.10000000149011612,0.0,0.0,0.0,0.10000000149011612,0.10000000149011612,0.004449242489716898
632,0.0048759374767541885,0.0,0.45902055501937866,0.5200834274291992,0.0,0.10000000149011612,0.0,0.10000000149011612,0.0,0.0,0.10000000149011612,0.10000000149011612,0.10000000149011612,0.0,0.0,0.10000000149011612,0.10000000149011612,0.0,0.0,0.10000000149011612,0.0,0.0,0.0,0.10000000149011612,0.10000000149011612,0.0024437712684179935
633,0.007410177029669285,0.0,0.4698321521282196,0.5303469896316528,0.0,0.10000000149011612,0.0,0.10000000149011612,0.0,0.0,0.10000000149011612,0.10000000149011612,0.10000000149011612,0.0,0.0,0.10000000149011612,0.10000000149011612,0.0,0.0,0.10000000149011612,0.0,0.0,0.0,0.10000000149011612,0.10000000149011612,0.006751972962307562
634,-0.0008042380795814097,0.0,0.46865007281303406,0.5269370675086975,0.0,0.10000000149011612,0.0,0.10000000149011612,0.0,0.0,0.10000000149011612,0.10000000149011612,0.10000000149011612,0.0,0.0,0.10000000149011612,0.10000000149011612,0.0,0.0,0.10000000149011612,0.0,0.0,0.0,0.10000000149011612,0.10000000149011612,-0.0022282019346319126
635,0.01035638153553009,0.0,0.48385995626449585,0.5307211875915527,0.0,0.10000000149011612,0.0,0.10000000149011612,0.0,0.0,0.10000000149011612,0.10000000149011612,0.10000000149011612,0.0,0.0,0.10000000149011612,0.10000000149011612,0.0,0.0,0.10000000149011612,0.0,0.0,0.0,0.10000000149011612,0.10000000149011612,0.0024782423345248716
636,-0.002361132763326168,0.0,0.480356365442276,0.5308681726455688,0.0,0.10000000149011612,0.0,0.10000000149011612,0.0,0.0,0.10000000149011612,0.10000000149011612,0.10000000149011612,0.0,0.0,0.10000000149011612,0.10000000149011612,0.0,0.0,0.10000000149011612,0.0,0.0,0.0,0.10000000149011612,0.10000000149011612,9.602340073922022e-05
637,0.0006490727537311614,0.0,0.4813172221183777,0.528550386428833,0.0,0.10000000149011612,0.0,0.10000000149011612,0.0,0.0,0.10000000149011612,0.10000000149011612,0.10000000149011612,0.0,0.0,0.10000000149011612,0.10000000149011612,0.0,0.0,0.10000000149011612,0.0,0.0,0.0,0.10000000149011612,0.10000000149011612,-0.0015140338391974595
638,-0.00038155255606397986,0.0,0.48075202107429504,0.5264977812767029,0.0,0.10000000149011612,0.0,0.10000000149011612,0.0,0.0,0.10000000149011612,0.10000000149011612,0.10000000149011612,0.0,0.0,0.10000000149011612,0.10000000149011612,0.0,0.0,0.10000000149011612,0.0,0.0,0.0,0.10000000149011612,0.10000000149011612,-0.001342844285902589
639,-0.0025393767282366753,0.0,0.47699183225631714,0.5250566601753235,0.0,0.10000000149011612,0.0,0.10000000149011612,0.0,0.0,0.10000000149011612,0.10000000149011612,0.10000000149011612,0.0,0.0,0.10000000149011612,0.10000000149011612,0.0,0.0,0.10000000149011612,0.0,0.0,0.0,0.10000000149011612,0.10000000149011612,-0.0009440702233933784
640,0.005842922255396843,0.0,0.48562178015708923,0.5221125483512878,0.0,0.10000000149011612,0.0,0.10000000149011612,0.0,0.0,0.10000000149011612,0.10000000149011612,0.10000000149011612,0.0,0.0,0.10000000149011612,0.10000000149011612,0.0,0.0,0.10000000149011612,0.0,0.0,0.0,0.10000000149011612,0.10000000149011612,-0.0019304934045514255
641,-0.012731778435409069,0.0,0.46670717000961304,0.5246588587760925,0.0,0.10000000149011612,0.0,0.10000000149011612,0.0,0.0,0.10000000149011612,0.10000000149011612,0.10000000149011612,0.0,0.0,0.10000000149011612,0.10000000149011612,0.0,0.0,0.10000000149011612,0.0,0.0,0.0,0.10000000149011612,0.10000000149011612,0.0016728792017139948
642,-9.223810047842562e-05,0.0,0.4665718972682953,0.5265404582023621,0.0,0.10000000149011612,0.0,0.10000000149011612,0.0,0.0,0.10000000149011612,0.10000000149011612,0.10000000149011612,0.0,0.0,0.10000000149011612,0.10000000149011612,0.0,0.0,0.10000000149011612,0.0,0.0,0.0,0.10000000149011612,0.10000000149011612,0.0012341117591248008
643,-0.0004774070403072983,0.0,0.46587175130844116,0.525873064994812,0.0,0.10000000149011612,0.0,0.10000000149011612,0.0,0.0,0.10000000149011612,0.10000000149011612,0.10000000149011612,0.0,0.0,0.10000000149011612,0.10000000149011612,0.0,0.0,0.10000000149011612,0.0,0.0,0.0,0.10000000149011612,0.10000000149011612,-0.00043719326531044267
644,-0.002617485588416457,0.0,0.46203485131263733,0.5316406488418579,0.0,0.10000000149011612,0.0,0.10000000149011612,0.0,0.0,0.10000000149011612,0.10000000149011612,0.10000000149011612,0.0,0.0,0.10000000149011612,0.10000000149011612,0.0,0.0,0.10000000149011612,0.0,0.0,0.0,0.10000000149011612,0.10000000149011612,0.0037798582197696717
645,-0.0016854135319590569,0.0,0.4595707058906555,0.5350385904312134,0.0,0.10000000149011612,0.0,0.10000000149011612,0.0,0.0,0.10000000149011612,0.10000000149011612,0.10000000149011612,0.0,0.0,0.10000000149011612,0.10000000149011612,0.0,0.0,0.10000000149011612,0.0,0.0,0.0,0.10000000149011612,0.10000000149011612,0.0022184979172006347
646,0.005175233818590641,0.0,0.467124342918396,0.5411306619644165,0.0,0.10000000149011612,0.0,0.10000000149011612,0.0,0.0,0.10000000149011612,0.10000000149011612,0.10000000149011612,0.0,0.0,0.10000000149011612,0.10000000149011612,0.0,0.0,0.10000000149011612,0.0,0.0,0.0,0.10000000149011612,0.10000000149011612,0.003968676469229271
647,0.008882403373718262,0.0,0.48015591502189636,0.5561949610710144,0.0,0.10000000149011612,0.0,0.10000000149011612,0.0,0.0,0.10000000149011612,0.10000000149011612,0.10000000149011612,0.0,0.0,0.10000000149011612,0.10000000149011612,0.0,0.0,0.10000000149011612,0.0,0.0,0.0,0.10000000149011612,0.10000000149011612,0.009774835760775868
648,0.0010883992072194815,0.0,0.4817669093608856,0.5603988170623779,0.0,0.10000000149011612,0.0,0.10000000149011612,0.0,0.0,0.10000000149011612,0.10000000149011612,0.10000000149011612,0.0,0.0,0.10000000149011612,0.10000000149011612,0.0,0.0,0.10000000149011612,0.0,0.0,0.0,0.10000000149011612,0.10000000149011612,0.0027013684638010904
649,-0.0014040967216715217,0.0,0.4796863794326782,0.5619937777519226,0.0,0.10000000149011612,0.0,0.10000000149011612,0.0,0.0,0.10000000149011612,0.10000000149011612,0.10000000149011612,0.0,0.0,0.10000000149011612,0.10000000149011612,0.0,0.0,0.10000000149011612,0.0,0.0,0.0,0.10000000149011612,0.10000000149011612,0.001022149383929527
650,-0.004918958526104689,0.0,0.47240787744522095,0.5525034666061401,0.0,0.10000000149011612,0.0,0.10000000149011612,0.0,0.0,0.10000000149011612,0.10000000149011612,0.10000000149011612,0.0,0.0,0.10000000149011612,0.10000000149011612,0.0,0.0,0.10000000149011612,0.0,0.0,0.0,0.10000000149011612,0.10000000149011612,-0.006075767574081681
651,0.005706599913537502,0.0,0.4808103144168854,0.5558287501335144,0.0,0.10000000149011612,0.0,0.10000000149011612,0.0,0.0,0.10000000149011612,0.10000000149011612,0.10000000149011612,0.0,0.0,0.10000000149011612,0.10000000149011612,0.0,0.0,0.10000000149011612,0.0,0.0,0.0,0.10000000149011612,0.10000000149011612,0.002141884767989266
652,0.0007247511530295014,0.0,0.48188352584838867,0.5579716563224792,0.0,0.10000000149011612,0.0,0.10000000149011612,0.0,0.0,0.10000000149011612,0.10000000149011612,0.10000000149011612,0.0,0.0,0.10000000149011612,0.10000000149011612,0.0,0.0,0.10000000149011612,0.0,0.0,0.0,0.10000000149011612,0.10000000149011612,0.001377340654478143
653,0.0004487961996346712,0.0,0.4825485944747925,0.5570551753044128,0.0,0.10000000149011612,0.0,0.10000000149011612,0.0,0.0,0.10000000149011612,0.10000000149011612,0.10000000149011612,0.0,0.0,0.10000000149011612,0.10000000149011612,0.0,0.0,0.10000000149011612,0.0,0.0,0.0,0.10000000149011612,0.10000000149011612,-0.0005882526901866969
654,-0.0009769669268280268,0.0,0.4811001718044281,0.5581484436988831,0.0,0.10000000149011612,0.0,0.10000000149011612,0.0,0.0,0.10000000149011612,0.10000000149011612,0.10000000149011612,0.0,0.0,0.10000000149011612,0.10000000149011612,0.0,0.0,0.10000000149011612,0.0,0.0,0.0,0.10000000149011612,0.10000000149011612,0.000702138505950245
655,-0.0023696287535130978,0.0,0.47759053111076355,0.5590629577636719,0.0,0.10000000149011612,0.0,0.10000000149011612,0.0,0.0,0.10000000149011612,0.10000000149011612,0.10000000149011612,0.0,0.0,0.10000000149011612,0.10000000149011612,0.0,0.0,0.10000000149011612,0.0,0.0,0.0,0.10000000149011612,0.10000000149011612,0.0005869235813102947
656,-0.009390831924974918,0.0,0.46371471881866455,0.5493028163909912,0.0,0.10000000149011612,0.0,0.10000000149011612,0.0,0.0,0.10000000149011612,0.10000000149011612,0.10000000149011612,0.0,0.0,0.10000000149011612,0.10000000149011612,0.0,0.0,0.10000000149011612,0.0,0.0,0.0,0.10000000149011612,0.10000000149011612,-0.006260261219136809
657,0.0006375226657837629,0.0,0.46464788913726807,0.5463546514511108,0.0,0.10000000149011612,0.0,0.10000000149011612,0.0,0.0,0.10000000149011612,0.10000000149011612,0.10000000149011612,0.0,0.0,0.10000000149011612,0.10000000149011612,0.0,0.0,0.10000000149011612,0.0,0.0,0.0,0.10000000149011612,0.10000000149011612,-0.001902897812286919
658,0.006605195812880993,0.0,0.4743221700191498,0.5574240684509277,0.0,0.10000000149011612,0.0,0.10000000149011612,0.0,0.0,0.10000000149011612,0.10000000149011612,0.10000000149011612,0.0,0.0,0.10000000149011612,0.10000000149011612,0.0,0.0,0.10000000149011612,0.0,0.0,0.0,0.10000000149011612,0.10000000149011612,0.007158394737862617
659,-0.0030943092424422503,0.0,0.46976014971733093,0.5539469718933105,0.0,0.10000000149011612,0.0,0.10000000149011612,0.0,0.0,0.10000000149011612,0.10000000149011612,0.10000000149011612,0.0,0.0,0.10000000149011612,0.10000000149011612,0.0,0.0,0.10000000149011612,0.0,0.0,0.0,0.10000000149011612,0.10000000149011612,-0.002232594595173887
660,0.0026606847532093525,0.0,0.47367072105407715,0.5591510534286499,0.0,0.10000000149011612,0.0,0.10000000149011612,0.0,0.0,0.10000000149011612,0.10000000149011612,0.10000000149011612,0.0,0.0,0.10000000149011612,0.10000000149011612,0.0,0.0,0.10000000149011612,0.0,0.0,0.0,0.10000000149011612,0.10000000149011612,0.0033489440949190374
661,0.00851112324744463,0.0,0.4862133264541626,0.5703402757644653,0.0,0.10000000149011612,0.0,0.10000000149011612,0.0,0.0,0.10000000149011612,0.10000000149011612,0.10000000149011612,0.0,0.0,0.10000000149011612,0.10000000149011612,0.0,0.0,0.10000000149011612,0.0,0.0,0.0,0.10000000149011612,0.10000000149011612,0.0071764838379255735
662,0.0020514866337180138,0.0,0.48926225304603577,0.570304274559021,0.0,0.10000000149011612,0.0,0.10000000149011612,0.0,0.0,0.10000000149011612,0.10000000149011612,0.10000000149011612,0.0,0.0,0.10000000149011612,0.10000000149011612,0.0,0.0,0.10000000149011612,0.0,0.0,0.0,0.10000000149011612,0.10000000149011612,-2.29257352689638e-05
663,0.004689777735620737,0.0,0.4962465763092041,0.5710133910179138,0.0,0.10000000149011612,0.0,0.10000000149011612,0.0,0.0,0.10000000149011612,0.10000000149011612,0.10000000149011612,0.0,0.0,0.10000000149011612,0.10000000149011612,0.0,0.0,0.10000000149011612,0.0,0.0,0.0,0.10000000149011612,0.10000000149011612,0.00045157901585146654
664,-0.0007831935654394329,0.0,0.49507471919059753,0.5734953880310059,0.0,0.10000000149011612,0.0,0.10000000149011612,0.0,0.0,0.10000000149011612,0.10000000149011612,0.10000000149011612,0.0,0.0,0.10000000149011612,0.10000000149011612,0.0,0.0,0.10000000149011612,0.0,0.0,0.0,0.10000000149011612,0.10000000149011612,0.0015798700553939504
665,-0.005925107281655073,0.0,0.4862162470817566,0.5655850172042847,0.0,0.10000000149011612,0.0,0.10000000149011612,0.0,0.0,0.10000000149011612,0.10000000149011612,0.10000000149011612,0.0,0.0,0.10000000149011612,0.10000000149011612,0.0,0.0,0.10000000149011612,0.0,0.0,0.0,0.10000000149011612,0.10000000149011612,-0.005027260255665467
666,-0.004322398919612169,0.0,0.4797922372817993,0.559413492679596,0.0,0.10000000149011612,0.0,0.10000000149011612,0.0,0.0,0.10000000149011612,0.10000000149011612,0.10000000149011612,0.0,0.0,0.10000000149011612,0.10000000149011612,0.0,0.0,0.10000000149011612,0.0,0.0,0.0,0.10000000149011612,0.10000000149011612,-0.003941992582242149
667,-0.01832468807697296,0.0,0.4526754915714264,0.5480146408081055,0.0,0.10000000149011612,0.0,0.10000000149011612,0.0,0.0,0.10000000149011612,0.10000000149011612,0.10000000149011612,0.0,0.0,0.10000000149011612,0.10000000149011612,0.0,0.0,0.10000000149011612,0.0,0.0,0.0,0.10000000149011612,0.10000000149011612,-0.007309704529940508
668,0.005844935774803162,0.0,0.46116629242897034,0.5363446474075317,0.0,0.10000000149011612,0.0,0.10000000149011612,0.0,0.0,0.10000000149011612,0.10000000149011612,0.10000000149011612,0.0,0.0,0.10000000149011612,0.10000000149011612,0.0,0.0,0.10000000149011612,0.0,0.0,0.0,0.10000000149011612,0.10000000149011612,-0.007538684126709327
669,-0.00476765725761652,0.0,0.4541999399662018,0.5266834497451782,0.0,0.10000000149011612,0.0,0.10000000149011612,0.0,0.0,0.10000000149011612,0.10000000149011612,0.10000000149011612,0.0,0.0,0.10000000149011612,0.10000000149011612,0.0,0.0,0.10000000149011612,0.0,0.0,0.0,0.10000000149011612,0.10000000149011612,-0.006288431231010638
670,0.0010162136750295758,0.0,0.45567771792411804,0.5312356352806091,0.0,0.10000000149011612,0.0,0.10000000149011612,0.0,0.0,0.10000000149011612,0.10000000149011612,0.10000000149011612,0.0,0.0,0.10000000149011612,0.10000000149011612,0.0,0.0,0.10000000149011612,0.0,0.0,0.0,0.10000000149011612,0.10000000149011612,0.0029817481392038214
671,0.003397089196369052,0.0,0.46062278747558594,0.5369188785552979,0.0,0.10000000149011612,0.0,0.10000000149011612,0.0,0.0,0.10000000149011612,0.10000000149011612,0.10000000149011612,0.0,0.0,0.10000000149011612,0.10000000149011612,0.0,0.0,0.10000000149011612,0.0,0.0,0.0,0.10000000149011612,0.10000000149011612,0.0037115406301573284
672,-0.006446373648941517,0.0,0.45120707154273987,0.5406268239021301,0.0,0.10000000149011612,0.0,0.10000000149011612,0.0,0.0,0.10000000149011612,0.10000000149011612,0.10000000149011612,0.0,0.0,0.10000000149011612,0.10000000149011612,0.0,0.0,0.10000000149011612,0.0,0.0,0.0,0.10000000149011612,0.10000000149011612,0.0024125836428776637
673,-0.005121209193021059,0.0,0.44377514719963074,0.5343868732452393,0.0,0.10000000149011612,0.0,0.10000000149011612,0.0,0.0,0.10000000149011612,0.10000000149011612,0.10000000149011612,0.0,0.0,0.10000000149011612,0.10000000149011612,0.0,0.0,0.10000000149011612,0.0,0.0,0.0,0.10000000149011612,0.10000000149011612,-0.004050267436656818
674,-0.0038366676308214664,0.0,0.4382358491420746,0.5382474660873413,0.0,0.10000000149011612,0.0,0.10000000149011612,0.0,0.0,0.10000000149011612,0.10000000149011612,0.10000000149011612,0.0,0.0,0.10000000149011612,0.10000000149011612,0.0,0.0,0.10000000149011612,0.0,0.0,0.0,0.10000000149011612,0.10000000149011612,0.0025160491851294875
675,0.0009636475588195026,0.0,0.43962180614471436,0.5383513569831848,0.0,0.10000000149011612,0.0,0.10000000149011612,0.0,0.0,0.10000000149011612,0.10000000149011612,0.10000000149011612,0.0,0.0,0.10000000149011612,0.10000000149011612,0.0,0.0,0.10000000149011612,0.0,0.0,0.0,0.10000000149011612,0.10000000149011612,6.753848007812202e-05
676,0.0015926447231322527,0.0,0.4419146180152893,0.5459587574005127,0.0,0.10000000149011612,0.0,0.10000000149011612,0.0,0.0,0.10000000149011612,0.10000000149011612,0.10000000149011612,0.0,0.0,0.10000000149011612,0.10000000149011612,0.0,0.0,0.10000000149011612,0.0,0.0,0.0,0.10000000149011612,0.10000000149011612,0.004945164433856286
677,0.0030589450616389513,0.0,0.4463253617286682,0.5508878827095032,0.0,0.10000000149011612,0.0,0.10000000149011612,0.0,0.0,0.10000000149011612,0.10000000149011612,0.10000000149011612,0.0,0.0,0.10000000149011612,0.10000000149011612,0.0,0.0,0.10000000149011612,0.0,0.0,0.0,0.10000000149011612,0.10000000149011612,0.003188393794721023
678,0.005998172797262669,0.0,0.4550006687641144,0.5694969296455383,0.0,0.10000000149011612,0.0,0.10000000149011612,0.0,0.0,0.10000000149011612,0.10000000149011612,0.10000000149011612,0.0,0.0,0.10000000149011612,0.10000000149011612,0.0,0.0,0.10000000149011612,0.0,0.0,0.0,0.10000000149011612,0.10000000149011612,0.011998963396066875
679,-0.0001582922850502655,0.0,0.4547703266143799,0.5700722336769104,0.0,0.10000000149011612,0.0,0.10000000149011612,0.0,0.0,0.10000000149011612,0.10000000149011612,0.10000000149011612,0.0,0.0,0.10000000149011612,0.10000000149011612,0.0,0.0,0.10000000149011612,0.0,0.0,0.0,0.10000000149011612,0.10000000149011612,0.00036655314228739577
680,0.0013380029704421759,0.0,0.4567168354988098,0.5708761215209961,0.0,0.10000000149011612,0.0,0.10000000149011612,0.0,0.0,0.10000000149011612,0.10000000149011612,0.10000000149011612,0.0,0.0,0.10000000149011612,0.10000000149011612,0.0,0.0,0.10000000149011612,0.0,0.0,0.0,0.10000000149011612,0.10000000149011612,0.0005120069171613562
681,0.007620846852660179,0.0,0.4678182303905487,0.5747160911560059,0.0,0.10000000149011612,0.0,0.10000000149011612,0.0,0.0,0.10000000149011612,0.10000000149011612,0.10000000149011612,0.0,0.0,0.10000000149011612,0.10000000149011612,0.0,0.0,0.10000000149011612,0.0,0.0,0.0,0.10000000149011612,0.10000000149011612,0.0024444764182243173
682,-0.0006212759180925786,0.0,0.4669063091278076,0.5711961984634399,0.0,0.10000000149011612,0.0,0.10000000149011612,0.0,0.0,0.10000000149011612,0.10000000149011612,0.10000000149011612,0.0,0.0,0.10000000149011612,0.10000000149011612,0.0,0.0,0.10000000149011612,0.0,0.0,0.0,0.10000000149011612,0.10000000149011612,-0.0022352554294291505
683,0.00639876164495945,0.0,0.4762926995754242,0.5786263942718506,0.0,0.10000000149011612,0.0,0.10000000149011612,0.0,0.0,0.10000000149011612,0.10000000149011612,0.10000000149011612,0.0,0.0,0.10000000149011612,0.10000000149011612,0.0,0.0,0.10000000149011612,0.0,0.0,0.0,0.10000000149011612,0.10000000149011612,0.004729005719131152
684,0.0014246718492358923,0.0,0.478395938873291,0.5859279632568359,0.0,0.10000000149011612,0.0,0.10000000149011612,0.0,0.0,0.10000000149011612,0.10000000149011612,0.10000000149011612,0.0,0.0,0.10000000149011612,0.10000000149011612,0.0,0.0,0.10000000149011612,0.0,0.0,0.0,0.10000000149011612,0.10000000149011612,0.004625267264933397
685,-0.004327308852225542,0.0,0.4719984531402588,0.577172577381134,0.0,0.10000000149011612,0.0,0.10000000149011612,0.0,0.0,0.10000000149011612,0.10000000149011612,0.10000000149011612,0.0,0.0,0.10000000149011612,0.10000000149011612,0.0,0.0,0.10000000149011612,0.0,0.0,0.0,0.10000000149011612,0.10000000149011612,-0.005520670596993571
686,0.004058266524225473,0.0,0.47797223925590515,0.5796266198158264,0.0,0.10000000149011612,0.0,0.10000000149011612,0.0,0.0,0.10000000149011612,0.10000000149011612,0.10000000149011612,0.0,0.0,0.10000000149011612,0.10000000149011612,0.0,0.0,0.10000000149011612,0.0,0.0,0.0,0.10000000149011612,0.10000000149011612,0.0015559758455649941
687,0.0034618275240063667,0.0,0.4830887019634247,0.5871748924255371,0.0,0.10000000149011612,0.0,0.10000000149011612,0.0,0.0,0.10000000149011612,0.10000000149011612,0.10000000149011612,0.0,0.0,0.10000000149011612,0.10000000149011612,0.0,0.0,0.10000000149011612,0.0,0.0,0.0,0.10000000149011612,0.10000000149011612,0.00477851697041598
688,0.0018156185979023576,0.0,0.4857814311981201,0.5878782868385315,0.0,0.10000000149011612,0.0,0.10000000149011612,0.0,0.0,0.10000000149011612,0.10000000149011612,0.10000000149011612,0.0,0.0,0.10000000149011612,0.10000000149011612,0.0,0.0,0.10000000149011612,0.0,0.0,0.0,0.10000000149011612,0.10000000149011612,0.00044317385333592085
689,0.004479873925447464,0.0,0.49243754148483276,0.5840215086936951,0.0,0.10000000149011612,0.0,0.10000000149011612,0.0,0.0,0.10000000149011612,0.10000000149011612,0.10000000149011612,0.0,0.0,0.10000000149011612,0.10000000149011612,0.0,0.0,0.10000000149011612,0.0,0.0,0.0,0.10000000149011612,0.10000000149011612,-0.0024288877660234576
690,0.000856049417052418,0.0,0.4937151372432709,0.5950766205787659,0.0,0.10000000149011612,0.0,0.10000000149011612,0.0,0.0,0.10000000149011612,0.10000000149011612,0.10000000149011612,0.0,0.0,0.10000000149011612,0.10000000149011612,0.0,0.0,0.10000000149011612,0.0,0.0,0.0,0.10000000149011612,0.10000000149011612,0.006979142533353411
691,-0.0021615074947476387,0.0,0.4904864728450775,0.5979158282279968,0.0,0.10000000149011612,0.0,0.10000000149011612,0.0,0.0,0.10000000149011612,0.10000000149011612,0.10000000149011612,0.0,0.0,0.10000000149011612,0.10000000149011612,0.0,0.0,0.10000000149011612,0.0,0.0,0.0,0.10000000149011612,0.10000000149011612,0.0017799819849411147
692,0.0013717779656872153,0.0,0.49253109097480774,0.6047962307929993,0.0,0.10000000149011612,0.0,0.10000000149011612,0.0,0.0,0.10000000149011612,0.10000000149011612,0.10000000149011612,0.0,0.0,0.10000000149011612,0.10000000149011612,0.0,0.0,0.10000000149011612,0.0,0.0,0.0,0.10000000149011612,0.10000000149011612,0.004305860448627241
693,-0.0061655063182115555,0.0,0.4833288788795471,0.5966418385505676,0.0,0.10000000149011612,0.0,0.10000000149011612,0.0,0.0,0.10000000149011612,0.10000000149011612,0.10000000149011612,0.0,0.0,0.10000000149011612,0.10000000149011612,0.0,0.0,0.10000000149011612,0.0,0.0,0.0,0.10000000149011612,0.10000000149011612,-0.005081263331732866
694,0.0032482556998729706,0.0,0.488147109746933,0.5998305678367615,0.0,0.10000000149011612,0.0,0.10000000149011612,0.0,0.0,0.10000000149011612,0.10000000149011612,0.10000000149011612,0.0,0.0,0.10000000149011612,0.10000000149011612,0.0,0.0,0.10000000149011612,0.0,0.0,0.0,0.10000000149011612,0.10000000149011612,0.001997147518750131
695,0.0014383182860910892,0.0,0.49028754234313965,0.6053041219711304,0.0,0.10000000149011612,0.0,0.10000000149011612,0.0,0.0,0.10000000149011612,0.10000000149011612,0.10000000149011612,0.0,0.0,0.10000000149011612,0.10000000149011612,0.0,0.0,0.10000000149011612,0.0,0.0,0.0,0.10000000149011612,0.10000000149011612,0.003421333636455026
696,-0.0008915361831896007,0.0,0.4889588952064514,0.6024407744407654,0.0,0.10000000149011612,0.0,0.10000000149011612,0.0,0.0,0.10000000149011612,0.10000000149011612,0.10000000149011612,0.0,0.0,0.10000000149011612,0.10000000149011612,0.0,0.0,0.10000000149011612,0.0,0.0,0.0,0.10000000149011612,0.10000000149011612,-0.0017836791740427627
697,0.01057130191475153,0.0,0.5046991109848022,0.6162816286087036,0.0,0.10000000149011612,0.0,0.10000000149011612,0.0,0.0,0.10000000149011612,0.10000000149011612,0.10000000149011612,0.0,0.0,0.10000000149011612,0.10000000149011612,0.0,0.0,0.10000000149011612,0.0,0.0,0.0,0.10000000149011612,0.10000000149011612,0.00863735770376195
698,-0.0006037370767444372,0.0,0.5037906765937805,0.6223421096801758,0.0,0.10000000149011612,0.0,0.10000000149011612,0.0,0.0,0.10000000149011612,0.10000000149011612,0.10000000149011612,0.0,0.0,0.10000000149011612,0.10000000149011612,0.0,0.0,0.10000000149011612,0.0,0.0,0.0,0.10000000149011612,0.10000000149011612,0.0037496442230113836
699,-0.0016454781871289015,0.0,0.501316249370575,0.6245608329772949,0.0,0.10000000149011612,0.0,0.10000000149011612,0.0,0.0,0.10000000149011612,0.10000000149011612,0.10000000149011612,0.0,0.0,0.10000000149011612,0.10000000149011612,0.0,0.0,0.10000000149011612,0.0,0.0,0.0,0.10000000149011612,0.10000000149011612,0.0013676050716309174
700,0.005423572845757008,0.0,0.5094587206840515,0.6264475584030151,0.0,0.10000000149011612,0.0,0.10000000149011612,0.0,0.0,0.10000000149011612,0.10000000149011612,0.10000000149011612,0.0,0.0,0.10000000149011612,0.10000000149011612,0.0,0.0,0.10000000149011612,0.0,0.0,0.0,0.10000000149011612,0.10000000149011612,0.0011613756699171418
701,0.0004769505758304149,0.0,0.5101786851882935,0.6312183737754822,0.0,0.10000000149011612,0.0,0.10000000149011612,0.0,0.0,0.10000000149011612,0.10000000149011612,0.10000000149011612,0.0,0.0,0.10000000149011612,0.10000000149011612,0.0,0.0,0.10000000149011612,0.0,0.0,0.0,0.10000000149011612,0.10000000149011612,0.0029332734079365874
702,-0.0030773456674069166,0.0,0.5055313110351562,0.6331356167793274,0.0,0.10000000149011612,0.0,0.10000000149011612,0.0,0.0,0.10000000149011612,0.10000000149011612,0.10000000149011612,0.0,0.0,0.10000000149011612,0.10000000149011612,0.0,0.0,0.10000000149011612,0.0,0.0,0.0,0.10000000149011612,0.10000000149011612,0.0011753441689157373
703,-0.0067727030254900455,0.0,0.49533480405807495,0.627986490726471,0.0,0.10000000149011612,0.0,0.10000000149011612,0.0,0.0,0.10000000149011612,0.10000000149011612,0.10000000149011612,0.0,0.0,0.10000000149011612,0.10000000149011612,0.0,0.0,0.10000000149011612,0.0,0.0,0.0,0.10000000149011612,0.10000000149011612,-0.0031529078173011538
704,0.002460310235619545,0.0,0.4990137815475464,0.6372243762016296,0.0,0.10000000149011612,0.0,0.10000000149011612,0.0,0.0,0.10000000149011612,0.10000000149011612,0.10000000149011612,0.0,0.0,0.10000000149011612,0.10000000149011612,0.0,0.0,0.10000000149011612,0.0,0.0,0.0,0.10000000149011612,0.10000000149011612,0.005674423914314275
705,0.002521651331335306,0.0,0.5027937889099121,0.6395061612129211,0.0,0.10000000149011612,0.0,0.10000000149011612,0.0,0.0,0.10000000149011612,0.10000000149011612,0.10000000149011612,0.0,0.0,0.10000000149011612,0.10000000149011612,0.0,0.0,0.10000000149011612,0.0,0.0,0.0,0.10000000149011612,0.10000000149011612,0.0013936910813563408
706,0.0001299716968787834,0.0,0.5029891133308411,0.6364984512329102,0.0,0.10000000149011612,0.0,0.10000000149011612,0.0,0.0,0.10000000149011612,0.10000000149011612,0.10000000149011612,0.0,0.0,0.10000000149011612,0.10000000149011612,0.0,0.0,0.10000000149011612,0.0,0.0,0.0,0.10000000149011612,0.10000000149011612,-0.0018345219134680013
707,-0.0001541232195449993,0.0,0.5027574896812439,0.6361916065216064,0.0,0.10000000149011612,0.0,0.10000000149011612,0.0,0.0,0.10000000149011612,0.10000000149011612,0.10000000149011612,0.0,0.0,0.10000000149011612,0.10000000149011612,0.0,0.0,0.10000000149011612,0.0,0.0,0.0,0.10000000149011612,0.10000000149011612,-0.00018750076486329093
708,0.0020767825189977884,0.0,0.5058783888816833,0.6402679085731506,0.0,0.10000000149011612,0.0,0.10000000149011612,0.0,0.0,0.10000000149011612,0.10000000149011612,0.10000000149011612,0.0,0.0,0.10000000149011612,0.10000000149011612,0.0,0.0,0.10000000149011612,0.0,0.0,0.0,0.10000000149011612,0.10000000149011612,0.0024913353884084
709,-0.005784317851066589,0.0,0.4971678853034973,0.6372743844985962,0.0,0.10000000149011612,0.0,0.10000000149011612,0.0,0.0,0.10000000149011612,0.10000000149011612,0.10000000149011612,0.0,0.0,0.10000000149011612,0.10000000149011612,0.0,0.0,0.10000000149011612,0.0,0.0,0.0,0.10000000149011612,0.10000000149011612,-0.0018250214241882778
710,0.005182802211493254,0.0,0.504927396774292,0.6394303441047668,0.0,0.10000000149011612,0.0,0.10000000149011612,0.0,0.0,0.10000000149011612,0.10000000149011612,0.10000000149011612,0.0,0.0,0.10000000149011612,0.10000000149011612,0.0,0.0,0.10000000149011612,0.0,0.0,0.0,0.10000000149011612,0.10000000149011612,0.0013167979824169063
711,0.0011907668085768819,0.0,0.5067194104194641,0.648591935634613,0.0,0.10000000149011612,0.0,0.10000000149011612,0.0,0.0,0.10000000149011612,0.10000000149011612,0.10000000149011612,0.0,0.0,0.10000000149011612,0.10000000149011612,0.0,0.0,0.10000000149011612,0.0,0.0,0.0,0.10000000149011612,0.10000000149011612,0.0055882773932971475
712,0.0006194156012497842,0.0,0.5076526999473572,0.651901125907898,0.0,0.10000000149011612,0.0,0.10000000149011612,0.0,0.0,0.10000000149011612,0.10000000149011612,0.10000000149011612,0.0,0.0,0.10000000149011612,0.10000000149011612,0.0,0.0,0.10000000149011612,0.0,0.0,0.0,0.10000000149011612,0.10000000149011612,0.002007282822241274
713,0.005289006046950817,0.0,0.5156266689300537,0.662720263004303,0.0,0.10000000149011612,0.0,0.10000000149011612,0.0,0.0,0.10000000149011612,0.10000000149011612,0.10000000149011612,0.0,0.0,0.10000000149011612,0.10000000149011612,0.0,0.0,0.10000000149011612,0.0,0.0,0.0,0.10000000149011612,0.10000000149011612,0.006549506460599375
714,0.0013375980779528618,0.0,0.5176540017127991,0.6675359010696411,0.0,0.10000000149011612,0.0,0.10000000149011612,0.0,0.0,0.10000000149011612,0.10000000149011612,0.10000000149011612,0.0,0.0,0.10000000149011612,0.10000000149011612,0.0,0.0,0.10000000149011612,0.0,0.0,0.0,0.10000000149011612,0.10000000149011612,0.0028962406800991936
715,0.00654209777712822,0.0,0.5275826454162598,0.6711958646774292,0.0,0.10000000149011612,0.0,0.10000000149011612,0.0,0.0,0.10000000149011612,0.10000000149011612,0.10000000149011612,0.0,0.0,0.10000000149011612,0.10000000149011612,0.0,0.0,0.10000000149011612,0.0,0.0,0.0,0.10000000149011612,0.10000000149011612,0.002194833469816304
716,-0.0016307366313412786,0.0,0.5250915288925171,0.6758564114570618,0.0,0.10000000149011612,0.0,0.10000000149011612,0.0,0.0,0.10000000149011612,0.10000000149011612,0.10000000149011612,0.0,0.0,0.10000000149011612,0.10000000149011612,0.0,0.0,0.10000000149011612,0.0,0.0,0.0,0.10000000149011612,0.10000000149011612,0.0027887495883267555
717,-0.010324778966605663,0.0,0.509345293045044,0.6647136807441711,0.0,0.10000000149011612,0.0,0.10000000149011612,0.0,0.0,0.10000000149011612,0.10000000149011612,0.10000000149011612,0.0,0.0,0.10000000149011612,0.10000000149011612,0.0,0.0,0.10000000149011612,0.0,0.0,0.0,0.10000000149011612,0.10000000149011612,-0.0066489769867590365
718,-0.007289115805178881,0.0,0.4983435273170471,0.6451499462127686,0.0,0.10000000149011612,0.0,0.10000000149011612,0.0,0.0,0.10000000149011612,0.10000000149011612,0.10000000149011612,0.0,0.0,0.10000000149011612,0.10000000149011612,0.0,0.0,0.10000000149011612,0.0,0.0,0.0,0.10000000149011612,0.10000000149011612,-0.011752011626802394
719,-0.0016800855519250035,0.0,0.49582618474960327,0.641690194606781,0.0,0.10000000149011612,0.0,0.10000000149011612,0.0,0.0,0.10000000149011612,0.10000000149011612,0.10000000149011612,0.0,0.0,0.10000000149011612,0.10000000149011612,0.0,0.0,0.10000000149011612,0.0,0.0,0.0,0.10000000149011612,0.10000000149011612,-0.002103000771420338
720,0.012471361085772514,0.0,0.5144811868667603,0.6660101413726807,0.0,0.10000000149011612,0.0,0.10000000149011612,0.0,0.0,0.10000000149011612,0.10000000149011612,0.10000000149011612,0.0,0.0,0.10000000149011612,0.10000000149011612,0.0,0.0,0.10000000149011612,0.0,0.0,0.0,0.10000000149011612,0.10000000149011612,0.014813968461159455
721,0.00435619568452239,0.0,0.5210785269737244,0.6714015603065491,0.0,0.10000000149011612,0.0,0.10000000149011612,0.0,0.0,0.10000000149011612,0.10000000149011612,0.10000000149011612,0.0,0.0,0.10000000149011612,0.10000000149011612,0.0,0.0,0.10000000149011612,0.0,0.0,0.0,0.10000000149011612,0.10000000149011612,0.0032361261195121838
722,-0.005596121773123741,0.0,0.5125663876533508,0.6565155386924744,0.0,0.10000000149011612,0.0,0.10000000149011612,0.0,0.0,0.10000000149011612,0.10000000149011612,0.10000000149011612,0.0,0.0,0.10000000149011612,0.10000000149011612,0.0,0.0,0.10000000149011612,0.0,0.0,0.0,0.10000000149011612,0.10000000149011612,-0.008906310708088894
723,0.006985471583902836,0.0,0.5231323838233948,0.6687840819358826,0.0,0.10000000149011612,0.0,0.10000000149011612,0.0,0.0,0.10000000149011612,0.10000000149011612,0.10000000149011612,0.0,0.0,0.10000000149011612,0.10000000149011612,0.0,0.0,0.10000000149011612,0.0,0.0,0.0,0.10000000149011612,0.10000000149011612,0.007406234929188793
724,-0.001148155308328569,0.0,0.5213835835456848,0.6734750270843506,0.0,0.10000000149011612,0.0,0.10000000149011612,0.0,0.0,0.10000000149011612,0.10000000149011612,0.10000000149011612,0.0,0.0,0.10000000149011612,0.10000000149011612,0.0,0.0,0.10000000149011612,0.0,0.0,0.0,0.10000000149011612,0.10000000149011612,0.002810995861745269
725,-0.005407045595347881,0.0,0.5131574273109436,0.6698173880577087,0.0,0.10000000149011612,0.0,0.10000000149011612,0.0,0.0,0.10000000149011612,0.10000000149011612,0.10000000149011612,0.0,0.0,0.10000000149011612,0.10000000149011612,0.0,0.0,0.10000000149011612,0.0,0.0,0.0,0.10000000149011612,0.10000000149011612,-0.0021856549798741076
726,0.011700640432536602,5.999999848427251e-05,0.5308623313903809,0.673318088054657,0.0,0.10000000149011612,0.0,0.10000000149011612,0.0,0.0,0.10000000149011612,0.10000000149011612,0.10000000149011612,0.0,0.0,0.0,0.10000000149011612,0.0,0.10000000149011612,0.10000000149011612,0.0,0.0,0.0,0.10000000149011612,0.10000000149011612,0.002096456787421541
727,0.002399902092292905,0.0,0.5345362424850464,0.6788047552108765,0.0,0.10000000149011612,0.0,0.10000000149011612,0.0,0.0,0.10000000149011612,0.10000000149011612,0.10000000149011612,0.0,0.0,0.0,0.10000000149011612,0.0,0.10000000149011612,0.10000000149011612,0.0,0.0,0.0,0.10000000149011612,0.10000000149011612,0.003278914628000118
728,-0.006113235838711262,0.0,0.525155246257782,0.6819062829017639,0.0,0.10000000149011612,0.0,0.10000000149011612,0.0,0.0,0.10000000149011612,0.10000000149011612,0.10000000149011612,0.0,0.0,0.0,0.10000000149011612,0.0,0.10000000149011612,0.10000000149011612,0.0,0.0,0.0,0.10000000149011612,0.10000000149011612,0.0018474618214301408
729,-0.0059281024150550365,0.0,0.5161139965057373,0.686423122882843,0.0,0.10000000149011612,0.0,0.10000000149011612,0.0,0.0,0.10000000149011612,0.10000000149011612,0.10000000149011612,0.0,0.0,0.0,0.10000000149011612,0.0,0.10000000149011612,0.10000000149011612,0.0,0.0,0.0,0.10000000149011612,0.10000000149011612,0.0026855479565046636
730,-0.008007056079804897,0.0,0.5039743781089783,0.6780733466148376,0.0,0.10000000149011612,0.0,0.10000000149011612,0.0,0.0,0.10000000149011612,0.10000000149011612,0.10000000149011612,0.0,0.0,0.0,0.10000000149011612,0.0,0.10000000149011612,0.10000000149011612,0.0,0.0,0.0,0.10000000149011612,0.10000000149011612,-0.004951175155693988
731,-0.003294509369879961,0.0,0.4990195035934448,0.676361083984375,0.0,0.10000000149011612,0.0,0.10000000149011612,0.0,0.0,0.10000000149011612,0.10000000149011612,0.10000000149011612,0.0,0.0,0.0,0.10000000149011612,0.0,0.10000000149011612,0.10000000149011612,0.0,0.0,0.0,0.10000000149011612,0.10000000149011612,-0.0010203741296033186
732,-0.0021290723234415054,0.0,0.4958280026912689,0.6820544004440308,0.0,0.10000000149011612,0.0,0.10000000149011612,0.0,0.0,0.10000000149011612,0.10000000149011612,0.10000000149011612,0.0,0.0,0.0,0.10000000149011612,0.0,0.10000000149011612,0.10000000149011612,0.0,0.0,0.0,0.10000000149011612,0.10000000149011612,0.0033962351632046417
733,0.0058836075477302074,0.0,0.5046288371086121,0.6830548048019409,0.0,0.10000000149011612,0.0,0.10000000149011612,0.0,0.0,0.10000000149011612,0.10000000149011612,0.10000000149011612,0.0,0.0,0.0,0.10000000149011612,0.0,0.10000000149011612,0.10000000149011612,0.0,0.0,0.0,0.10000000149011612,0.10000000149011612,0.0005947514882076455
734,-0.0021130312234163284,0.0,0.5014495253562927,0.670200765132904,0.0,0.10000000149011612,0.0,0.10000000149011612,0.0,0.0,0.10000000149011612,0.10000000149011612,0.10000000149011612,0.0,0.0,0.0,0.10000000149011612,0.0,0.10000000149011612,0.10000000149011612,0.0,0.0,0.0,0.10000000149011612,0.10000000149011612,-0.0076373268608739275
735,0.0055038887076079845,0.0,0.509713351726532,0.6756060123443604,0.0,0.10000000149011612,0.0,0.10000000149011612,0.0,0.0,0.10000000149011612,0.10000000149011612,0.10000000149011612,0.0,0.0,0.0,0.10000000149011612,0.0,0.10000000149011612,0.10000000149011612,0.0,0.0,0.0,0.10000000149011612,0.10000000149011612,0.0032362859150205647
736,0.0004891319549642503,0.0,0.5104517936706543,0.6778199672698975,0.0,0.10000000149011612,0.0,0.10000000149011612,0.0,0.0,0.10000000149011612,0.10000000149011612,0.10000000149011612,0.0,0.0,0.0,0.10000000149011612,0.0,0.10000000149011612,0.10000000149011612,0.0,0.0,0.0,0.10000000149011612,0.10000000149011612,0.0013212860954345818
737,0.004301414359360933,0.0,0.5169488787651062,0.6756292581558228,0.0,0.10000000149011612,0.0,0.10000000149011612,0.0,0.0,0.10000000149011612,0.10000000149011612,0.10000000149011612,0.0,0.0,0.0,0.10000000149011612,0.0,0.10000000149011612,0.10000000149011612,0.0,0.0,0.0,0.10000000149011612,0.10000000149011612,-0.0013056878311201725
738,0.008748553693294525,0.0,0.5302199721336365,0.687229573726654,0.0,0.10000000149011612,0.0,0.10000000149011612,0.0,0.0,0.10000000149011612,0.10000000149011612,0.10000000149011612,0.0,0.0,0.0,0.10000000149011612,0.0,0.10000000149011612,0.10000000149011612,0.0,0.0,0.0,0.10000000149011612,0.10000000149011612,0.006922960741088113
739,0.01064628828316927,0.0,0.5465111136436462,0.7006941437721252,0.0,0.10000000149011612,0.0,0.10000000149011612,0.0,0.0,0.10000000149011612,0.10000000149011612,0.10000000149011612,0.0,0.0,0.0,0.10000000149011612,0.0,0.10000000149011612,0.10000000149011612,0.0,0.0,0.0,0.10000000149011612,0.10000000149011612,0.007980283332594373
740,0.006431063637137413,0.0,0.5564568638801575,0.7123799324035645,0.0,0.10000000149011612,0.0,0.10000000149011612,0.0,0.0,0.10000000149011612,0.10000000149011612,0.10000000149011612,0.0,0.0,0.0,0.10000000149011612,0.0,0.10000000149011612,0.10000000149011612,0.0,0.0,0.0,0.10000000149011612,0.10000000149011612,0.006871187670182799
741,0.0035261036828160286,0.0,0.5619450807571411,0.7130503058433533,0.0,0.10000000149011612,0.0,0.10000000149011612,0.0,0.0,0.10000000149011612,0.10000000149011612,0.10000000149011612,0.0,0.0,0.0,0.10000000149011612,0.0,0.10000000149011612,0.10000000149011612,0.0,0.0,0.0,0.10000000149011612,0.10000000149011612,0.0003914863910183808
742,-0.005554900038987398,0.0,0.5532686114311218,0.6908954381942749,0.0,0.10000000149011612,0.0,0.10000000149011612,0.0,0.0,0.10000000149011612,0.10000000149011612,0.10000000149011612,0.0,0.0,0.0,0.10000000149011612,0.0,0.10000000149011612,0.10000000149011612,0.0,0.0,0.0,0.10000000149011612,0.10000000149011612,-0.012932993020407069
743,0.002556660445407033,0.0,0.557239830493927,0.6931804418563843,0.0,0.10000000149011612,0.0,0.10000000149011612,0.0,0.0,0.10000000149011612,0.10000000149011612,0.10000000149011612,0.0,0.0,0.0,0.10000000149011612,0.0,0.10000000149011612,0.10000000149011612,0.0,0.0,0.0,0.10000000149011612,0.10000000149011612,0.0013513571628944732
744,-0.0034571101423352957,0.0,0.551856279373169,0.6806226372718811,0.0,0.10000000149011612,0.0,0.10000000149011612,0.0,0.0,0.10000000149011612,0.10000000149011612,0.10000000149011612,0.0,0.0,0.0,0.10000000149011612,0.0,0.10000000149011612,0.10000000149011612,0.0,0.0,0.0,0.10000000149011612,0.10000000149011612,-0.00741669598470851
745,-0.00020549258624669164,0.0,0.5515373945236206,0.6736127734184265,0.0,0.10000000149011612,0.0,0.10000000149011612,0.0,0.0,0.10000000149011612,0.10000000149011612,0.10000000149011612,0.0,0.0,0.0,0.10000000149011612,0.0,0.10000000149011612,0.10000000149011612,0.0,0.0,0.0,0.10000000149011612,0.10000000149011612,-0.004170992165637766
746,0.003611920867115259,0.0,0.5571414232254028,0.6884100437164307,0.0,0.10000000149011612,0.0,0.10000000149011612,0.0,0.0,0.10000000149011612,0.10000000149011612,0.10000000149011612,0.0,0.0,0.0,0.10000000149011612,0.0,0.10000000149011612,0.10000000149011612,0.0,0.0,0.0,0.10000000149011612,0.10000000149011612,0.00884151371991515
747,0.0003174711891915649,0.0,0.5576357245445251,0.6744118928909302,0.0,0.10000000149011612,0.0,0.10000000149011612,0.0,0.0,0.10000000149011612,0.10000000149011612,0.10000000149011612,0.0,0.0,0.0,0.10000000149011612,0.0,0.10000000149011612,0.10000000149011612,0.0,0.0,0.0,0.10000000149011612,0.10000000149011612,-0.00829072942179887
748,-0.0012234480818733573,0.0,0.5557300448417664,0.687200665473938,0.0,0.10000000149011612,0.0,0.10000000149011612,0.0,0.0,0.10000000149011612,0.10000000149011612,0.10000000149011612,0.0,0.0,0.0,0.10000000149011612,0.0,0.10000000149011612,0.10000000149011612,0.0,0.0,0.0,0.10000000149011612,0.10000000149011612,0.007637769796849492
749,0.001287120277993381,0.0,0.5577324628829956,0.6950808763504028,0.0,0.10000000149011612,0.0,0.10000000149011612,0.0,0.0,0.10000000149011612,0.10000000149011612,0.10000000149011612,0.0,0.0,0.0,0.10000000149011612,0.0,0.10000000149011612,0.10000000149011612,0.0,0.0,0.0,0.10000000149011612,0.10000000149011612,0.004670583077473589
750,0.0054803634993731976,0.0,0.5662693977355957,0.7077291011810303,0.0,0.10000000149011612,0.0,0.10000000149011612,0.0,0.0,0.10000000149011612,0.10000000149011612,0.10000000149011612,0.0,0.0,0.0,0.10000000149011612,0.0,0.10000000149011612,0.10000000149011612,0.0,0.0,0.0,0.10000000149011612,0.10000000149011612,0.0074617235124849746
751,0.006568510551005602,0.0,0.576557457447052,0.7189096808433533,0.0,0.10000000149011612,0.0,0.10000000149011612,0.0,0.0,0.10000000149011612,0.10000000149011612,0.10000000149011612,0.0,0.0,0.0,0.10000000149011612,0.0,0.10000000149011612,0.10000000149011612,0.0,0.0,0.0,0.10000000149011612,0.10000000149011612,0.006547045227835557
752,0.003206942230463028,0.0,0.5816134214401245,0.7217641472816467,0.0,0.10000000149011612,0.0,0.10000000149011612,0.0,0.0,0.10000000149011612,0.10000000149011612,0.10000000149011612,0.0,0.0,0.0,0.10000000149011612,0.0,0.10000000149011612,0.10000000149011612,0.0,0.0,0.0,0.10000000149011612,0.10000000149011612,0.0016606261923506338
753,-0.005987452808767557,0.0,0.5721435546875,0.7157621383666992,0.0,0.10000000149011612,0.0,0.10000000149011612,0.0,0.0,0.10000000149011612,0.10000000149011612,0.10000000149011612,0.0,0.0,0.0,0.10000000149011612,0.0,0.10000000149011612,0.10000000149011612,0.0,0.0,0.0,0.10000000149011612,0.10000000149011612,-0.003485964627863547
754,-0.0009435774409212172,0.0,0.5706601142883301,0.7161932587623596,0.0,0.10000000149011612,0.0,0.10000000149011612,0.0,0.0,0.10000000149011612,0.10000000149011612,0.10000000149011612,0.0,0.0,0.0,0.10000000149011612,0.0,0.10000000149011612,0.10000000149011612,0.0,0.0,0.0,0.10000000149011612,0.10000000149011612,0.0002512704914159336
755,0.00042999113793484867,0.0,0.57133549451828,0.7244287133216858,0.0,0.10000000149011612,0.0,0.10000000149011612,0.0,0.0,0.10000000149011612,0.10000000149011612,0.10000000149011612,0.0,0.0,0.0,0.10000000149011612,0.0,0.10000000149011612,0.10000000149011612,0.0,0.0,0.0,0.10000000149011612,0.10000000149011612,0.0047986755088789135
756,0.0005228203954175115,0.0,0.5721570253372192,0.7219159007072449,0.0,0.10000000149011612,0.0,0.10000000149011612,0.0,0.0,0.10000000149011612,0.10000000149011612,0.10000000149011612,0.0,0.0,0.0,0.10000000149011612,0.0,0.10000000149011612,0.10000000149011612,0.0,0.0,0.0,0.10000000149011612,0.10000000149011612,-0.001457185556601348
757,-0.007612775079905987,0.0,0.5601885318756104,0.7133903503417969,0.0,0.10000000149011612,0.0,0.10000000149011612,0.0,0.0,0.10000000149011612,0.10000000149011612,0.10000000149011612,0.0,0.0,0.0,0.10000000149011612,0.0,0.10000000149011612,0.10000000149011612,0.0,0.0,0.0,0.10000000149011612,0.10000000149011612,-0.004951200207830242
758,-0.005196702666580677,0.0,0.5520806908607483,0.7007318139076233,0.0,0.10000000149011612,0.0,0.10000000149011612,0.0,0.0,0.10000000149011612,0.10000000149011612,0.10000000149011612,0.0,0.0,0.0,0.10000000149011612,0.0,0.10000000149011612,0.10000000149011612,0.0,0.0,0.0,0.10000000149011612,0.10000000149011612,-0.007388004976010554
759,-0.002837861655279994,0.0,0.5476760864257812,0.6952600479125977,0.0,0.10000000149011612,0.0,0.10000000149011612,0.0,0.0,0.10000000149011612,0.10000000149011612,0.10000000149011612,0.0,0.0,0.0,0.10000000149011612,0.0,0.10000000149011612,0.10000000149011612,0.0,0.0,0.0,0.10000000149011612,0.10000000149011612,-0.0032173008996954078
760,0.006217599380761385,0.0,0.5572989583015442,0.7090649008750916,0.0,0.10000000149011612,0.0,0.10000000149011612,0.0,0.0,0.10000000149011612,0.10000000149011612,0.10000000149011612,0.0,0.0,0.0,0.10000000149011612,0.0,0.10000000149011612,0.10000000149011612,0.0,0.0,0.0,0.10000000149011612,0.10000000149011612,0.008143206689435134
761,0.007977559231221676,0.0,0.5697224140167236,0.7279641032218933,0.0,0.10000000149011612,0.0,0.10000000149011612,0.0,0.0,0.10000000149011612,0.10000000149011612,0.10000000149011612,0.0,0.0,0.0,0.10000000149011612,0.0,0.10000000149011612,0.10000000149011612,0.0,0.0,0.0,0.10000000149011612,0.10000000149011612,0.01105821220547254
762,0.0035202784929424524,0.0,0.5752482414245605,0.7315275073051453,0.0,0.10000000149011612,0.0,0.10000000149011612,0.0,0.0,0.10000000149011612,0.10000000149011612,0.10000000149011612,0.0,0.0,0.0,0.10000000149011612,0.0,0.10000000149011612,0.10000000149011612,0.0,0.0,0.0,0.10000000149011612,0.10000000149011612,0.0020621979800434787
763,0.0009807109599933028,0.0,0.5767931342124939,0.7213699817657471,0.0,0.10000000149011612,0.0,0.10000000149011612,0.0,0.0,0.10000000149011612,0.10000000149011612,0.10000000149011612,0.0,0.0,0.0,0.10000000149011612,0.0,0.10000000149011612,0.10000000149011612,0.0,0.0,0.0,0.10000000149011612,0.10000000149011612,-0.005866222451878178
764,-0.005450921133160591,0.0,0.5681981444358826,0.7163448333740234,0.0,0.10000000149011612,0.0,0.10000000149011612,0.0,0.0,0.10000000149011612,0.10000000149011612,0.10000000149011612,0.0,0.0,0.0,0.10000000149011612,0.0,0.10000000149011612,0.10000000149011612,0.0,0.0,0.0,0.10000000149011612,0.10000000149011612,-0.002919272698463704
765,0.00019941538630519062,0.0,0.568510890007019,0.7110158205032349,0.0,0.10000000149011612,0.0,0.10000000149011612,0.0,0.0,0.10000000149011612,0.10000000149011612,0.10000000149011612,0.0,0.0,0.0,0.10000000149011612,0.0,0.10000000149011612,0.10000000149011612,0.0,0.0,0.0,0.10000000149011612,0.10000000149011612,-0.003104861428290473
766,-0.0020565956365317106,0.0,0.5652850866317749,0.7090775370597839,0.0,0.10000000149011612,0.0,0.10000000149011612,0.0,0.0,0.10000000149011612,0.10000000149011612,0.10000000149011612,0.0,0.0,0.0,0.10000000149011612,0.0,0.10000000149011612,0.10000000149011612,0.0,0.0,0.0,0.10000000149011612,0.10000000149011612,-0.0011328261376805093
767,-0.00033292980515398085,0.0,0.5647639632225037,0.7144553065299988,0.0,0.10000000149011612,0.0,0.10000000149011612,0.0,0.0,0.10000000149011612,0.10000000149011612,0.10000000149011612,0.0,0.0,0.0,0.10000000149011612,0.0,0.10000000149011612,0.10000000149011612,0.0,0.0,0.0,0.10000000149011612,0.10000000149011612,0.0031465918623367894
768,0.0020850147120654583,0.0,0.5680264830589294,0.7171604037284851,0.0,0.10000000149011612,0.0,0.10000000149011612,0.0,0.0,0.10000000149011612,0.10000000149011612,0.10000000149011612,0.0,0.0,0.0,0.10000000149011612,0.0,0.10000000149011612,0.10000000149011612,0.0,0.0,0.0,0.10000000149011612,0.10000000149011612,0.0015778172741995888
769,0.003757839323952794,0.0,0.573918879032135,0.7256203889846802,0.0,0.10000000149011612,0.0,0.10000000149011612,0.0,0.0,0.10000000149011612,0.10000000149011612,0.10000000149011612,0.0,0.0,0.0,0.10000000149011612,0.0,0.10000000149011612,0.10000000149011612,0.0,0.0,0.0,0.10000000149011612,0.10000000149011612,0.0049267297556045975
770,0.0031079675536602736,0.0,0.5788105726242065,0.7321121692657471,0.0,0.10000000149011612,0.0,0.10000000149011612,0.0,0.0,0.10000000149011612,0.10000000149011612,0.10000000149011612,0.0,0.0,0.0,0.10000000149011612,0.0,0.10000000149011612,0.10000000149011612,0.0,0.0,0.0,0.10000000149011612,0.10000000149011612,0.003761997900874725
771,-0.000842707697302103,0.0,0.5774800777435303,0.7293888926506042,0.0,0.10000000149011612,0.0,0.10000000149011612,0.0,0.0,0.10000000149011612,0.10000000149011612,0.10000000149011612,0.0,0.0,0.0,0.10000000149011612,0.0,0.10000000149011612,0.10000000149011612,0.0,0.0,0.0,0.10000000149011612,0.10000000149011612,-0.0015722287871791085
772,0.002118464093655348,0.0,0.5808219313621521,0.7293943762779236,0.0,0.10000000149011612,0.0,0.10000000149011612,0.0,0.0,0.10000000149011612,0.10000000149011612,0.10000000149011612,0.0,0.0,0.0,0.10000000149011612,0.0,0.10000000149011612,0.10000000149011612,0.0,0.0,0.0,0.10000000149011612,0.10000000149011612,3.1708468479774155e-06
773,-0.0003952831029891968,0.0,0.5801970362663269,0.7304881811141968,0.0,0.10000000149011612,0.0,0.10000000149011612,0.0,0.0,0.10000000149011612,0.10000000149011612,0.10000000149011612,0.0,0.0,0.0,0.10000000149011612,0.0,0.10000000149011612,0.10000000149011612,0.0,0.0,0.0,0.10000000149011612,0.10000000149011612,0.0006324785435161129
774,-0.0033212502021342516,0.0,0.5749488472938538,0.7247017025947571,0.0,0.10000000149011612,0.0,0.10000000149011612,0.0,0.0,0.10000000149011612,0.10000000149011612,0.10000000149011612,0.0,0.0,0.0,0.10000000149011612,0.0,0.10000000149011612,0.10000000149011612,0.0,0.0,0.0,0.10000000149011612,0.10000000149011612,-0.00334384168732893
775,0.013734376057982445,0.0,0.5965797901153564,0.7378425598144531,0.0,0.10000000149011612,0.0,0.10000000149011612,0.0,0.0,0.10000000149011612,0.10000000149011612,0.10000000149011612,0.0,0.0,0.0,0.10000000149011612,0.0,0.10000000149011612,0.10000000149011612,0.0,0.0,0.0,0.10000000149011612,0.10000000149011612,0.007619205802328555
776,-8.54224999784492e-05,0.0,0.5964434146881104,0.7493394017219543,0.0,0.10000000149011612,0.0,0.10000000149011612,0.0,0.0,0.10000000149011612,0.10000000149011612,0.10000000149011612,0.0,0.0,0.0,0.10000000149011612,0.0,0.10000000149011612,0.10000000149011612,0.0,0.0,0.0,0.10000000149011612,0.10000000149011612,0.006615583122057123
777,-0.005695465486496687,0.0,0.5873509049415588,0.7509158253669739,0.0,0.10000000149011612,0.0,0.10000000149011612,0.0,0.0,0.10000000149011612,0.10000000149011612,0.10000000149011612,0.0,0.0,0.0,0.10000000149011612,0.0,0.10000000149011612,0.10000000149011612,0.0,0.0,0.0,0.10000000149011612,0.10000000149011612,0.0009011536831948774
778,-0.0113562336191535,0.0,0.5693245530128479,0.7345332503318787,0.0,0.10000000149011612,0.0,0.10000000149011612,0.0,0.0,0.10000000149011612,0.10000000149011612,0.10000000149011612,0.0,0.0,0.0,0.10000000149011612,0.0,0.10000000149011612,0.10000000149011612,0.0,0.0,0.0,0.10000000149011612,0.10000000149011612,-0.009356574883696456
779,0.014725775457918644,0.0,0.5924341082572937,0.7540999054908752,0.0,0.10000000149011612,0.0,0.10000000149011612,0.0,0.0,0.10000000149011612,0.10000000149011612,0.10000000149011612,0.0,0.0,0.0,0.10000000149011612,0.0,0.10000000149011612,0.10000000149011612,0.0,0.0,0.0,0.10000000149011612,0.10000000149011612,0.011280645761764907
780,0.006387089844793081,0.0,0.6026051044464111,0.7551352977752686,0.0,0.10000000149011612,0.0,0.10000000149011612,0.0,0.0,0.10000000149011612,0.10000000149011612,0.10000000149011612,0.0,0.0,0.0,0.10000000149011612,0.0,0.10000000149011612,0.10000000149011612,0.0,0.0,0.0,0.10000000149011612,0.10000000149011612,0.0005902698478874591
781,0.009662252850830555,0.0,0.6180899143218994,0.7701253890991211,0.0,0.10000000149011612,0.0,0.10000000149011612,0.0,0.0,0.10000000149011612,0.10000000149011612,0.10000000149011612,0.0,0.0,0.0,0.10000000149011612,0.0,0.10000000149011612,0.10000000149011612,0.0,0.0,0.0,0.10000000149011612,0.10000000149011612,0.00854070415132857
782,0.00668710470199585,0.0,0.6289102435112,0.7635318040847778,0.0,0.10000000149011612,0.0,0.10000000149011612,0.0,0.0,0.10000000149011612,0.10000000149011612,0.10000000149011612,0.0,0.0,0.0,0.10000000149011612,0.0,0.10000000149011612,0.10000000149011612,0.0,0.0,0.0,0.10000000149011612,0.10000000149011612,-0.003724925395086842
783,0.0015369446482509375,0.0,0.6314137578010559,0.7681507468223572,0.0,0.10000000149011612,0.0,0.10000000149011612,0.0,0.0,0.10000000149011612,0.10000000149011612,0.10000000149011612,0.0,0.0,0.0,0.10000000149011612,0.0,0.10000000149011612,0.10000000149011612,0.0,0.0,0.0,0.10000000149011612,0.10000000149011612,0.002619143429611448
784,-0.0033985257614403963,0.0,0.6258693933486938,0.7641465067863464,0.0,0.10000000149011612,0.0,0.10000000149011612,0.0,0.0,0.10000000149011612,0.10000000149011612,0.10000000149011612,0.0,0.0,0.0,0.10000000149011612,0.0,0.10000000149011612,0.10000000149011612,0.0,0.0,0.0,0.10000000149011612,0.10000000149011612,-0.0022646485562427543
785,0.011058359406888485,0.0,0.6438488364219666,0.756708025932312,0.0,0.10000000149011612,0.0,0.10000000149011612,0.0,0.0,0.10000000149011612,0.10000000149011612,0.10000000149011612,0.0,0.0,0.0,0.10000000149011612,0.0,0.10000000149011612,0.10000000149011612,0.0,0.0,0.0,0.10000000149011612,0.10000000149011612,-0.004216475686922849
786,0.0026786355301737785,0.0,0.6482520699501038,0.7587075233459473,0.0,0.10000000149011612,0.0,0.10000000149011612,0.0,0.0,0.10000000149011612,0.10000000149011612,0.10000000149011612,0.0,0.0,0.0,0.10000000149011612,0.0,0.10000000149011612,0.10000000149011612,0.0,0.0,0.0,0.10000000149011612,0.10000000149011612,0.001138207023659632
787,0.004069325514137745,0.0,0.6549593806266785,0.7753026485443115,0.0,0.10000000149011612,0.0,0.10000000149011612,0.0,0.0,0.10000000149011612,0.10000000149011612,0.10000000149011612,0.0,0.0,0.0,0.10000000149011612,0.0,0.10000000149011612,0.10000000149011612,0.0,0.0,0.0,0.10000000149011612,0.10000000149011612,0.009435977829214126
788,0.008458085358142853,0.0,0.6689571738243103,0.7836664319038391,0.0,0.10000000149011612,0.0,0.10000000149011612,0.0,0.0,0.10000000149011612,0.10000000149011612,0.10000000149011612,0.0,0.0,0.0,0.10000000149011612,0.0,0.10000000149011612,0.10000000149011612,0.0,0.0,0.0,0.10000000149011612,0.10000000149011612,0.00471118733833098
789,0.004045977257192135,0.0,0.6757097244262695,0.791261613368988,0.0,0.10000000149011612,0.0,0.10000000149011612,0.0,0.0,0.10000000149011612,0.10000000149011612,0.10000000149011612,0.0,0.0,0.0,0.10000000149011612,0.0,0.10000000149011612,0.10000000149011612,0.0,0.0,0.0,0.10000000149011612,0.10000000149011612,0.0042581848989791116
790,-0.00430495198816061,0.0,0.6684958338737488,0.7834790945053101,0.0,0.10000000149011612,0.0,0.10000000149011612,0.0,0.0,0.10000000149011612,0.10000000149011612,0.10000000149011612,0.0,0.0,0.0,0.10000000149011612,0.0,0.10000000149011612,0.10000000149011612,0.0,0.0,0.0,0.10000000149011612,0.10000000149011612,-0.004344713695416447
791,0.007566676940768957,0.0,0.6811208128929138,0.7874223589897156,0.0,0.10000000149011612,0.0,0.10000000149011612,0.0,0.0,0.10000000149011612,0.10000000149011612,0.10000000149011612,0.0,0.0,0.0,0.10000000149011612,0.0,0.10000000149011612,0.10000000149011612,0.0,0.0,0.0,0.10000000149011612,0.10000000149011612,0.0022109956301445965
792,0.01123365294188261,0.0,0.7000059485435486,0.7944769263267517,0.0,0.10000000149011612,0.0,0.10000000149011612,0.0,0.0,0.10000000149011612,0.10000000149011612,0.10000000149011612,0.0,0.0,0.0,0.10000000149011612,0.0,0.10000000149011612,0.10000000149011612,0.0,0.0,0.0,0.10000000149011612,0.10000000149011612,0.003946782528234438
793,-0.00790154654532671,0.0,0.6865732669830322,0.7851298451423645,0.0,0.10000000149011612,0.0,0.10000000149011612,0.0,0.0,0.10000000149011612,0.10000000149011612,0.10000000149011612,0.0,0.0,0.0,0.10000000149011612,0.0,0.10000000149011612,0.10000000149011612,0.0,0.0,0.0,0.10000000149011612,0.10000000149011612,-0.005208805444782416
794,-0.006168694235384464,0.0,0.6761693358421326,0.7781431674957275,0.0,0.10000000149011612,0.0,0.10000000149011612,0.0,0.0,0.10000000149011612,0.10000000149011612,0.10000000149011612,0.0,0.0,0.0,0.10000000149011612,0.0,0.10000000149011612,0.10000000149011612,0.0,0.0,0.0,0.10000000149011612,0.10000000149011612,-0.003913820423566916
795,0.004469255916774273,0.0,0.6836605668067932,0.797557532787323,0.0,0.10000000149011612,0.0,0.10000000149011612,0.0,0.0,0.10000000149011612,0.10000000149011612,0.10000000149011612,0.0,0.0,0.0,0.10000000149011612,0.0,0.10000000149011612,0.10000000149011612,0.0,0.0,0.0,0.10000000149011612,0.10000000149011612,0.010918336412099938
796,0.02572098933160305,0.0,0.7269659638404846,0.8218481540679932,0.0,0.10000000149011612,0.0,0.10000000149011612,0.0,0.0,0.10000000149011612,0.10000000149011612,0.10000000149011612,0.0,0.0,0.0,0.10000000149011612,0.0,0.10000000149011612,0.10000000149011612,0.0,0.0,0.0,0.10000000149011612,0.10000000149011612,0.013513125915366242
797,-0.00048064172733575106,0.0,0.7261359095573425,0.8108762502670288,0.0,0.10000000149011612,0.0,0.10000000149011612,0.0,0.0,0.10000000149011612,0.10000000149011612,0.10000000149011612,0.0,0.0,0.0,0.10000000149011612,0.0,0.10000000149011612,0.10000000149011612,0.0,0.0,0.0,0.10000000149011612,0.10000000149011612,-0.0060224030067848044
798,-0.0001552117901155725,0.0,0.7258679866790771,0.7997926473617554,0.0,0.10000000149011612,0.0,0.10000000149011612,0.0,0.0,0.10000000149011612,0.10000000149011612,0.10000000149011612,0.0,0.0,0.0,0.10000000149011612,0.0,0.10000000149011612,0.10000000149011612,0.0,0.0,0.0,0.10000000149011612,0.10000000149011612,-0.0061205744476681145
799,0.009029737673699856,0.0,0.741452157497406,0.817523717880249,0.0,0.10000000149011612,0.0,0.10000000149011612,0.0,0.0,0.10000000149011612,0.10000000149011612,0.10000000149011612,0.0,0.0,0.0,0.10000000149011612,0.0,0.10000000149011612,0.10000000149011612,0.0,0.0,0.0,0.10000000149011612,0.10000000149011612,0.009851729611455529
800,-0.00022316613467410207,0.0,0.7410635352134705,0.8233552575111389,0.0,0.10000000149011612,0.0,0.10000000149011612,0.0,0.0,0.10000000149011612,0.10000000149011612,0.10000000149011612,0.0,0.0,0.0,0.10000000149011612,0.0,0.10000000149011612,0.10000000149011612,0.0,0.0,0.0,0.10000000149011612,0.10000000149011612,0.0032085081330828213
801,0.0038153640925884247,0.0,0.7477062940597534,0.8274535536766052,0.0,0.10000000149011612,0.0,0.10000000149011612,0.0,0.0,0.10000000149011612,0.10000000149011612,0.10000000149011612,0.0,0.0,0.0,0.10000000149011612,0.0,0.10000000149011612,0.10000000149011612,0.0,0.0,0.0,0.10000000149011612,0.10000000149011612,0.0022476673970055483
802,0.0067903101444244385,0.0,0.759573757648468,0.8326377868652344,0.0,0.10000000149011612,0.0,0.10000000149011612,0.0,0.0,0.10000000149011612,0.10000000149011612,0.10000000149011612,0.0,0.0,0.0,0.10000000149011612,0.0,0.10000000149011612,0.10000000149011612,0.0,0.0,0.0,0.10000000149011612,0.10000000149011612,0.0028368618059808615
803,0.0018161472398787737,0.0,0.7627694010734558,0.823752224445343,0.0,0.10000000149011612,0.0,0.10000000149011612,0.0,0.0,0.10000000149011612,0.10000000149011612,0.10000000149011612,0.0,0.0,0.0,0.10000000149011612,0.0,0.10000000149011612,0.10000000149011612,0.0,0.0,0.0,0.10000000149011612,0.10000000149011612,-0.004848509882081076
804,0.002432882087305188,0.0,0.7670580148696899,0.8251781463623047,0.0,0.10000000149011612,0.0,0.10000000149011612,0.0,0.0,0.10000000149011612,0.10000000149011612,0.10000000149011612,0.0,0.0,0.0,0.10000000149011612,0.0,0.10000000149011612,0.10000000149011612,0.0,0.0,0.0,0.10000000149011612,0.10000000149011612,0.0007818616464718708
805,-0.004435837268829346,0.0,0.7592196464538574,0.8267499208450317,0.0,0.10000000149011612,0.0,0.10000000149011612,0.0,0.0,0.10000000149011612,0.10000000149011612,0.10000000149011612,0.0,0.0,0.0,0.10000000149011612,0.0,0.10000000149011612,0.10000000149011612,0.0,0.0,0.0,0.10000000149011612,0.10000000149011612,0.0008611622300320754
806,-0.003926876001060009,0.0,0.7523114085197449,0.8226137161254883,0.0,0.10000000149011612,0.0,0.10000000149011612,0.0,0.0,0.10000000149011612,0.10000000149011612,0.10000000149011612,0.0,0.0,0.0,0.10000000149011612,0.0,0.10000000149011612,0.10000000149011612,0.0,0.0,0.0,0.10000000149011612,0.10000000149011612,-0.0022642424517692605
807,-0.0003888494393322617,0.0,0.7516300082206726,0.8203741312026978,0.0,0.10000000149011612,0.0,0.10000000149011612,0.0,0.0,0.10000000149011612,0.10000000149011612,0.10000000149011612,0.0,0.0,0.0,0.10000000149011612,0.0,0.10000000149011612,0.10000000149011612,0.0,0.0,0.0,0.10000000149011612,0.10000000149011612,-0.0012287765108842663
808,0.006979147903621197,5.999999848427251e-05,0.7638549208641052,0.8360260128974915,0.0,0.10000000149011612,0.0,0.10000000149011612,0.0,0.10000000149011612,0.0,0.10000000149011612,0.10000000149011612,0.0,0.0,0.0,0.10000000149011612,0.0,0.10000000149011612,0.10000000149011612,0.0,0.0,0.0,0.10000000149011612,0.10000000149011612,0.008598167501123966
809,0.0065421112813055515,0.0,0.7753942608833313,0.8281555771827698,0.0,0.10000000149011612,0.0,0.10000000149011612,0.0,0.10000000149011612,0.0,0.10000000149011612,0.10000000149011612,0.0,0.0,0.0,0.10000000149011612,0.0,0.10000000149011612,0.10000000149011612,0.0,0.0,0.0,0.10000000149011612,0.10000000149011612,-0.0042866689575389305
810,0.005669204518198967,0.0,0.7854593396186829,0.8430882692337036,0.0,0.10000000149011612,0.0,0.10000000149011612,0.0,0.10000000149011612,0.0,0.10000000149011612,0.10000000149011612,0.0,0.0,0.0,0.10000000149011612,0.0,0.10000000149011612,0.10000000149011612,0.0,0.0,0.0,0.10000000149011612,0.10000000149011612,0.008168173560997083
811,-0.009951655752956867,0.0,0.7676910161972046,0.8431480526924133,0.0,0.10000000149011612,0.0,0.10000000149011612,0.0,0.10000000149011612,0.0,0.10000000149011612,0.10000000149011612,0.0,0.0,0.0,0.10000000149011612,0.0,0.10000000149011612,0.10000000149011612,0.0,0.0,0.0,0.10000000149011612,0.10000000149011612,3.2436568398575005e-05
